run_id,config_hash,source_fingerprint,torch_version,torchvision_version,sklearn_version,numpy_version,amp,num_workers,timestamp_utc,status,error,dataset,task_type,variant,variant_label,base_neuron,uses_field,relu_position,field_on_output,is_alpha_trainable,use_delta_or_bias,lambda_init,psi_init,seed,split_seed,lr_initial,weight_decay,label_smoothing,epochs_requested,epochs_ran,best_epoch,patience,min_delta,batch_size,hidden_1,hidden_2,hidden_3,total_parameters,trainable_parameters,train_seconds,device,checkpoint_path,best_val_loss,best_val_accuracy_pct,best_val_top5_accuracy_pct,best_val_mse,best_val_rmse,best_val_rmse_usd,best_val_mae,best_val_mae_usd,best_val_r2,test_loss,test_accuracy_pct,test_top5_accuracy_pct,test_mse,test_rmse,test_rmse_usd,test_mae,test_mae_usd,test_r2,field1_lambda,field1_psi,field2_lambda,field2_psi,field3_lambda,field3_psi,output_lambda,output_psi
mnist__traditional__seed0__lr0p0003__cfg6629765b4ca2,6629765b4ca2,96b354dd2d4cd04c,2.12.1+cu130,0.27.1+cu130,1.9.0,2.5.2,0,4,2026-08-18T19:59:10.079699+00:00,ok,,mnist,classification,traditional,Traditional neuron,traditional,0,none,0,1,1,0.5,0.5,0,2026,0.0003,0.0001,0.0,50,15,10,5,0.0001,128,256,128,64,242762,242762,62.15716060693376,cuda,./results/lambda_psi_comparison/checkpoints/mnist/traditional/mnist__traditional__seed0__lr0p0003__cfg6629765b4ca2.pt,0.4919408702850342,86.92,98.96000000000001,,,,,,,0.45829234776496885,87.53999999999999,99.2,,,,,,,,,,,,,,
mnist__traditional__seed1__lr0p0003__cfg6629765b4ca2,6629765b4ca2,96b354dd2d4cd04c,2.12.1+cu130,0.27.1+cu130,1.9.0,2.5.2,0,4,2026-08-18T19:59:53.149974+00:00,ok,,mnist,classification,traditional,Traditional neuron,traditional,0,none,0,1,1,0.5,0.5,1,2026,0.0003,0.0001,0.0,50,10,5,5,0.0001,128,256,128,64,242762,242762,41.672485013026744,cuda,./results/lambda_psi_comparison/checkpoints/mnist/traditional/mnist__traditional__seed1__lr0p0003__cfg6629765b4ca2.pt,0.4926498375892639,86.28,99.0,,,,,,,0.45592259011268615,87.31,99.24,,,,,,,,,,,,,,
mnist__traditional__seed2__lr0p0003__cfg6629765b4ca2,6629765b4ca2,96b354dd2d4cd04c,2.12.1+cu130,0.27.1+cu130,1.9.0,2.5.2,0,4,2026-08-18T20:00:23.032341+00:00,ok,,mnist,classification,traditional,Traditional neuron,traditional,0,none,0,1,1,0.5,0.5,2,2026,0.0003,0.0001,0.0,50,7,2,5,0.0001,128,256,128,64,242762,242762,28.445450686849654,cuda,./results/lambda_psi_comparison/checkpoints/mnist/traditional/mnist__traditional__seed2__lr0p0003__cfg6629765b4ca2.pt,0.49258043212890623,86.7,98.96000000000001,,,,,,,0.4567752895593643,87.63,99.35000000000001,,,,,,,,,,,,,,
mnist__traditional__seed3__lr0p0003__cfg6629765b4ca2,6629765b4ca2,96b354dd2d4cd04c,2.12.1+cu130,0.27.1+cu130,1.9.0,2.5.2,0,4,2026-08-18T20:00:49.248028+00:00,ok,,mnist,classification,traditional,Traditional neuron,traditional,0,none,0,1,1,0.5,0.5,3,2026,0.0003,0.0001,0.0,50,6,1,5,0.0001,128,256,128,64,242762,242762,24.826385739957914,cuda,./results/lambda_psi_comparison/checkpoints/mnist/traditional/mnist__traditional__seed3__lr0p0003__cfg6629765b4ca2.pt,0.4981850093841553,86.38,99.02,,,,,,,0.46310849809646604,87.25,99.13,,,,,,,,,,,,,,
mnist__traditional__seed4__lr0p0003__cfg6629765b4ca2,6629765b4ca2,96b354dd2d4cd04c,2.12.1+cu130,0.27.1+cu130,1.9.0,2.5.2,0,4,2026-08-18T20:01:15.703976+00:00,ok,,mnist,classification,traditional,Traditional neuron,traditional,0,none,0,1,1,0.5,0.5,4,2026,0.0003,0.0001,0.0,50,6,1,5,0.0001,128,256,128,64,242762,242762,25.013870441820472,cuda,./results/lambda_psi_comparison/checkpoints/mnist/traditional/mnist__traditional__seed4__lr0p0003__cfg6629765b4ca2.pt,0.4921366168022156,86.64,99.06,,,,,,,0.4523563623428345,87.69,99.32,,,,,,,,,,,,,,
mnist__traditional__seed0__lr0p0005__cfg6629765b4ca2,6629765b4ca2,96b354dd2d4cd04c,2.12.1+cu130,0.27.1+cu130,1.9.0,2.5.2,0,4,2026-08-18T20:01:50.352126+00:00,ok,,mnist,classification,traditional,Traditional neuron,traditional,0,none,0,1,1,0.5,0.5,0,2026,0.0005,0.0001,0.0,50,8,3,5,0.0001,128,256,128,64,242762,242762,33.297403315780684,cuda,./results/lambda_psi_comparison/checkpoints/mnist/traditional/mnist__traditional__seed0__lr0p0005__cfg6629765b4ca2.pt,0.5102444417953491,86.28,98.96000000000001,,,,,,,0.47956698718070984,87.21,99.15,,,,,,,,,,,,,,
mnist__traditional__seed1__lr0p0005__cfg6629765b4ca2,6629765b4ca2,96b354dd2d4cd04c,2.12.1+cu130,0.27.1+cu130,1.9.0,2.5.2,0,4,2026-08-18T20:02:32.908632+00:00,ok,,mnist,classification,traditional,Traditional neuron,traditional,0,none,0,1,1,0.5,0.5,1,2026,0.0005,0.0001,0.0,50,10,5,5,0.0001,128,256,128,64,242762,242762,41.14423694391735,cuda,./results/lambda_psi_comparison/checkpoints/mnist/traditional/mnist__traditional__seed1__lr0p0005__cfg6629765b4ca2.pt,0.4975854342460632,85.96000000000001,98.98,,,,,,,0.46002255585193635,87.18,99.24,,,,,,,,,,,,,,
mnist__traditional__seed2__lr0p0005__cfg6629765b4ca2,6629765b4ca2,96b354dd2d4cd04c,2.12.1+cu130,0.27.1+cu130,1.9.0,2.5.2,0,4,2026-08-18T20:03:32.186574+00:00,ok,,mnist,classification,traditional,Traditional neuron,traditional,0,none,0,1,1,0.5,0.5,2,2026,0.0005,0.0001,0.0,50,14,9,5,0.0001,128,256,128,64,242762,242762,57.9197040181607,cuda,./results/lambda_psi_comparison/checkpoints/mnist/traditional/mnist__traditional__seed2__lr0p0005__cfg6629765b4ca2.pt,0.5040815130233764,86.26,98.92,,,,,,,0.4696169415473938,87.32,99.22,,,,,,,,,,,,,,
mnist__traditional__seed3__lr0p0005__cfg6629765b4ca2,6629765b4ca2,96b354dd2d4cd04c,2.12.1+cu130,0.27.1+cu130,1.9.0,2.5.2,0,4,2026-08-18T20:04:19.283185+00:00,ok,,mnist,classification,traditional,Traditional neuron,traditional,0,none,0,1,1,0.5,0.5,3,2026,0.0005,0.0001,0.0,50,11,6,5,0.0001,128,256,128,64,242762,242762,45.68159348494373,cuda,./results/lambda_psi_comparison/checkpoints/mnist/traditional/mnist__traditional__seed3__lr0p0005__cfg6629765b4ca2.pt,0.4961341535568237,86.14,98.92,,,,,,,0.4600385786533356,87.06,99.32,,,,,,,,,,,,,,
mnist__traditional__seed4__lr0p0005__cfg6629765b4ca2,6629765b4ca2,96b354dd2d4cd04c,2.12.1+cu130,0.27.1+cu130,1.9.0,2.5.2,0,4,2026-08-18T20:05:11.103293+00:00,ok,,mnist,classification,traditional,Traditional neuron,traditional,0,none,0,1,1,0.5,0.5,4,2026,0.0005,0.0001,0.0,50,12,7,5,0.0001,128,256,128,64,242762,242762,50.30322535894811,cuda,./results/lambda_psi_comparison/checkpoints/mnist/traditional/mnist__traditional__seed4__lr0p0005__cfg6629765b4ca2.pt,0.49238077363967897,86.96000000000001,99.02,,,,,,,0.4535566601037979,87.87,99.3,,,,,,,,,,,,,,
mnist__traditional__seed0__lr0p001__cfg6629765b4ca2,6629765b4ca2,96b354dd2d4cd04c,2.12.1+cu130,0.27.1+cu130,1.9.0,2.5.2,0,4,2026-08-18T20:05:45.841355+00:00,ok,,mnist,classification,traditional,Traditional neuron,traditional,0,none,0,1,1,0.5,0.5,0,2026,0.001,0.0001,0.0,50,8,3,5,0.0001,128,256,128,64,242762,242762,33.31851088418625,cuda,./results/lambda_psi_comparison/checkpoints/mnist/traditional/mnist__traditional__seed0__lr0p001__cfg6629765b4ca2.pt,0.5101287572860718,86.86,98.94,,,,,,,0.48125083985328676,87.52,99.14,,,,,,,,,,,,,,
mnist__traditional__seed1__lr0p001__cfg6629765b4ca2,6629765b4ca2,96b354dd2d4cd04c,2.12.1+cu130,0.27.1+cu130,1.9.0,2.5.2,0,4,2026-08-18T20:06:11.916890+00:00,ok,,mnist,classification,traditional,Traditional neuron,traditional,0,none,0,1,1,0.5,0.5,1,2026,0.001,0.0001,0.0,50,6,1,5,0.0001,128,256,128,64,242762,242762,24.65861409995705,cuda,./results/lambda_psi_comparison/checkpoints/mnist/traditional/mnist__traditional__seed1__lr0p001__cfg6629765b4ca2.pt,0.5295759414672851,86.26,98.86,,,,,,,0.501080470085144,86.79,99.14,,,,,,,,,,,,,,
mnist__traditional__seed2__lr0p001__cfg6629765b4ca2,6629765b4ca2,96b354dd2d4cd04c,2.12.1+cu130,0.27.1+cu130,1.9.0,2.5.2,0,4,2026-08-18T20:06:42.139523+00:00,ok,,mnist,classification,traditional,Traditional neuron,traditional,0,none,0,1,1,0.5,0.5,2,2026,0.001,0.0001,0.0,50,7,2,5,0.0001,128,256,128,64,242762,242762,28.84526709304191,cuda,./results/lambda_psi_comparison/checkpoints/mnist/traditional/mnist__traditional__seed2__lr0p001__cfg6629765b4ca2.pt,0.5085804416656494,85.7,98.98,,,,,,,0.4721335667848587,86.32,99.22999999999999,,,,,,,,,,,,,,
mnist__traditional__seed3__lr0p001__cfg6629765b4ca2,6629765b4ca2,96b354dd2d4cd04c,2.12.1+cu130,0.27.1+cu130,1.9.0,2.5.2,0,4,2026-08-18T20:07:29.079008+00:00,ok,,mnist,classification,traditional,Traditional neuron,traditional,0,none,0,1,1,0.5,0.5,3,2026,0.001,0.0001,0.0,50,11,6,5,0.0001,128,256,128,64,242762,242762,45.55352460988797,cuda,./results/lambda_psi_comparison/checkpoints/mnist/traditional/mnist__traditional__seed3__lr0p001__cfg6629765b4ca2.pt,0.5047125849723816,86.22,98.92,,,,,,,0.4702740897655487,86.81,99.31,,,,,,,,,,,,,,
mnist__traditional__seed4__lr0p001__cfg6629765b4ca2,6629765b4ca2,96b354dd2d4cd04c,2.12.1+cu130,0.27.1+cu130,1.9.0,2.5.2,0,4,2026-08-18T20:08:20.448411+00:00,ok,,mnist,classification,traditional,Traditional neuron,traditional,0,none,0,1,1,0.5,0.5,4,2026,0.001,0.0001,0.0,50,12,7,5,0.0001,128,256,128,64,242762,242762,49.92619319004007,cuda,./results/lambda_psi_comparison/checkpoints/mnist/traditional/mnist__traditional__seed4__lr0p001__cfg6629765b4ca2.pt,0.5033004225730896,86.6,99.03999999999999,,,,,,,0.4645835270881653,87.47,99.22,,,,,,,,,,,,,,
mnist__traditional__seed0__lr0p002__cfg6629765b4ca2,6629765b4ca2,96b354dd2d4cd04c,2.12.1+cu130,0.27.1+cu130,1.9.0,2.5.2,0,4,2026-08-18T20:08:54.841599+00:00,ok,,mnist,classification,traditional,Traditional neuron,traditional,0,none,0,1,1,0.5,0.5,0,2026,0.002,0.0001,0.0,50,8,3,5,0.0001,128,256,128,64,242762,242762,33.01167945610359,cuda,./results/lambda_psi_comparison/checkpoints/mnist/traditional/mnist__traditional__seed0__lr0p002__cfg6629765b4ca2.pt,0.5263601935386658,86.24000000000001,98.88,,,,,,,0.4951698778629303,87.13,99.14,,,,,,,,,,,,,,
mnist__traditional__seed1__lr0p002__cfg6629765b4ca2,6629765b4ca2,96b354dd2d4cd04c,2.12.1+cu130,0.27.1+cu130,1.9.0,2.5.2,0,4,2026-08-18T20:09:42.015158+00:00,ok,,mnist,classification,traditional,Traditional neuron,traditional,0,none,0,1,1,0.5,0.5,1,2026,0.002,0.0001,0.0,50,11,6,5,0.0001,128,256,128,64,242762,242762,45.8360478382092,cuda,./results/lambda_psi_comparison/checkpoints/mnist/traditional/mnist__traditional__seed1__lr0p002__cfg6629765b4ca2.pt,0.518972999382019,85.84,99.02,,,,,,,0.4810409993648529,87.09,99.13,,,,,,,,,,,,,,
mnist__traditional__seed2__lr0p002__cfg6629765b4ca2,6629765b4ca2,96b354dd2d4cd04c,2.12.1+cu130,0.27.1+cu130,1.9.0,2.5.2,0,4,2026-08-18T20:10:41.085393+00:00,ok,,mnist,classification,traditional,Traditional neuron,traditional,0,none,0,1,1,0.5,0.5,2,2026,0.002,0.0001,0.0,50,14,9,5,0.0001,128,256,128,64,242762,242762,57.64952362515032,cuda,./results/lambda_psi_comparison/checkpoints/mnist/traditional/mnist__traditional__seed2__lr0p002__cfg6629765b4ca2.pt,0.5179779117584229,85.48,98.88,,,,,,,0.4850285937309265,86.92999999999999,99.18,,,,,,,,,,,,,,
mnist__traditional__seed3__lr0p002__cfg6629765b4ca2,6629765b4ca2,96b354dd2d4cd04c,2.12.1+cu130,0.27.1+cu130,1.9.0,2.5.2,0,4,2026-08-18T20:11:28.030889+00:00,ok,,mnist,classification,traditional,Traditional neuron,traditional,0,none,0,1,1,0.5,0.5,3,2026,0.002,0.0001,0.0,50,11,6,5,0.0001,128,256,128,64,242762,242762,45.5662016319111,cuda,./results/lambda_psi_comparison/checkpoints/mnist/traditional/mnist__traditional__seed3__lr0p002__cfg6629765b4ca2.pt,0.51138063621521,86.3,98.96000000000001,,,,,,,0.4780271596908569,86.8,99.33,,,,,,,,,,,,,,
mnist__traditional__seed4__lr0p002__cfg6629765b4ca2,6629765b4ca2,96b354dd2d4cd04c,2.12.1+cu130,0.27.1+cu130,1.9.0,2.5.2,0,4,2026-08-18T20:12:19.327152+00:00,ok,,mnist,classification,traditional,Traditional neuron,traditional,0,none,0,1,1,0.5,0.5,4,2026,0.002,0.0001,0.0,50,12,7,5,0.0001,128,256,128,64,242762,242762,49.87478650081903,cuda,./results/lambda_psi_comparison/checkpoints/mnist/traditional/mnist__traditional__seed4__lr0p002__cfg6629765b4ca2.pt,0.5113683734893799,86.33999999999999,99.08,,,,,,,0.47123063142299654,87.3,99.27,,,,,,,,,,,,,,
mnist__traditional__seed0__lr0p003__cfg6629765b4ca2,6629765b4ca2,96b354dd2d4cd04c,2.12.1+cu130,0.27.1+cu130,1.9.0,2.5.2,0,4,2026-08-18T20:12:53.791788+00:00,ok,,mnist,classification,traditional,Traditional neuron,traditional,0,none,0,1,1,0.5,0.5,0,2026,0.003,0.0001,0.0,50,8,3,5,0.0001,128,256,128,64,242762,242762,33.06011788407341,cuda,./results/lambda_psi_comparison/checkpoints/mnist/traditional/mnist__traditional__seed0__lr0p003__cfg6629765b4ca2.pt,0.5417304177284241,85.2,99.0,,,,,,,0.5104658926486969,86.15,99.11999999999999,,,,,,,,,,,,,,
mnist__traditional__seed1__lr0p003__cfg6629765b4ca2,6629765b4ca2,96b354dd2d4cd04c,2.12.1+cu130,0.27.1+cu130,1.9.0,2.5.2,0,4,2026-08-18T20:13:40.710702+00:00,ok,,mnist,classification,traditional,Traditional neuron,traditional,0,none,0,1,1,0.5,0.5,1,2026,0.003,0.0001,0.0,50,11,6,5,0.0001,128,256,128,64,242762,242762,45.49404415907338,cuda,./results/lambda_psi_comparison/checkpoints/mnist/traditional/mnist__traditional__seed1__lr0p003__cfg6629765b4ca2.pt,0.5189314199447632,85.92,99.03999999999999,,,,,,,0.47559892230033873,87.14,99.22,,,,,,,,,,,,,,
mnist__traditional__seed2__lr0p003__cfg6629765b4ca2,6629765b4ca2,96b354dd2d4cd04c,2.12.1+cu130,0.27.1+cu130,1.9.0,2.5.2,0,4,2026-08-18T20:14:39.870892+00:00,ok,,mnist,classification,traditional,Traditional neuron,traditional,0,none,0,1,1,0.5,0.5,2,2026,0.003,0.0001,0.0,50,14,9,5,0.0001,128,256,128,64,242762,242762,57.75221886113286,cuda,./results/lambda_psi_comparison/checkpoints/mnist/traditional/mnist__traditional__seed2__lr0p003__cfg6629765b4ca2.pt,0.5218771488189697,85.61999999999999,98.88,,,,,,,0.4924735477924347,86.79,99.13,,,,,,,,,,,,,,
mnist__traditional__seed3__lr0p003__cfg6629765b4ca2,6629765b4ca2,96b354dd2d4cd04c,2.12.1+cu130,0.27.1+cu130,1.9.0,2.5.2,0,4,2026-08-18T20:15:26.475949+00:00,ok,,mnist,classification,traditional,Traditional neuron,traditional,0,none,0,1,1,0.5,0.5,3,2026,0.003,0.0001,0.0,50,11,6,5,0.0001,128,256,128,64,242762,242762,45.23706370405853,cuda,./results/lambda_psi_comparison/checkpoints/mnist/traditional/mnist__traditional__seed3__lr0p003__cfg6629765b4ca2.pt,0.5116125769138337,86.14,99.0,,,,,,,0.47632036709785464,86.91,99.29,,,,,,,,,,,,,,
mnist__traditional__seed4__lr0p003__cfg6629765b4ca2,6629765b4ca2,96b354dd2d4cd04c,2.12.1+cu130,0.27.1+cu130,1.9.0,2.5.2,0,4,2026-08-18T20:16:25.850124+00:00,ok,,mnist,classification,traditional,Traditional neuron,traditional,0,none,0,1,1,0.5,0.5,4,2026,0.003,0.0001,0.0,50,14,9,5,0.0001,128,256,128,64,242762,242762,57.95192453195341,cuda,./results/lambda_psi_comparison/checkpoints/mnist/traditional/mnist__traditional__seed4__lr0p003__cfg6629765b4ca2.pt,0.4993111225128174,85.96000000000001,98.83999999999999,,,,,,,0.46961772899627685,87.13,99.15,,,,,,,,,,,,,,
mnist__traditional_relu__seed0__lr0p0003__cfga301c99ce757,a301c99ce757,96b354dd2d4cd04c,2.12.1+cu130,0.27.1+cu130,1.9.0,2.5.2,0,4,2026-08-18T20:18:40.287186+00:00,ok,,mnist,classification,traditional_relu,Traditional neuron + ReLU,traditional,0,after_neuron,0,1,1,0.5,0.5,0,2026,0.0003,0.0001,0.0,50,32,27,5,0.0001,128,256,128,64,242762,242762,133.0288158818148,cuda,./results/lambda_psi_comparison/checkpoints/mnist/traditional_relu/mnist__traditional_relu__seed0__lr0p0003__cfga301c99ce757.pt,0.047712475502491,98.6,100.0,,,,,,,0.04278625590000302,98.61999999999999,100.0,,,,,,,,,,,,,,
mnist__traditional_relu__seed1__lr0p0003__cfga301c99ce757,a301c99ce757,96b354dd2d4cd04c,2.12.1+cu130,0.27.1+cu130,1.9.0,2.5.2,0,4,2026-08-18T20:20:42.446058+00:00,ok,,mnist,classification,traditional_relu,Traditional neuron + ReLU,traditional,0,after_neuron,0,1,1,0.5,0.5,1,2026,0.0003,0.0001,0.0,50,29,24,5,0.0001,128,256,128,64,242762,242762,120.75348705984652,cuda,./results/lambda_psi_comparison/checkpoints/mnist/traditional_relu/mnist__traditional_relu__seed1__lr0p0003__cfga301c99ce757.pt,0.055812470573186876,98.42,99.98,,,,,,,0.04970705917854793,98.4,99.99,,,,,,,,,,,,,,
mnist__traditional_relu__seed2__lr0p0003__cfga301c99ce757,a301c99ce757,96b354dd2d4cd04c,2.12.1+cu130,0.27.1+cu130,1.9.0,2.5.2,0,4,2026-08-18T20:23:46.337895+00:00,ok,,mnist,classification,traditional_relu,Traditional neuron + ReLU,traditional,0,after_neuron,0,1,1,0.5,0.5,2,2026,0.0003,0.0001,0.0,50,44,39,5,0.0001,128,256,128,64,242762,242762,182.47232858091593,cuda,./results/lambda_psi_comparison/checkpoints/mnist/traditional_relu/mnist__traditional_relu__seed2__lr0p0003__cfga301c99ce757.pt,0.04341277223825455,98.7,100.0,,,,,,,0.03781087290458381,98.81,99.98,,,,,,,,,,,,,,
mnist__traditional_relu__seed3__lr0p0003__cfga301c99ce757,a301c99ce757,96b354dd2d4cd04c,2.12.1+cu130,0.27.1+cu130,1.9.0,2.5.2,0,4,2026-08-18T20:26:22.032372+00:00,ok,,mnist,classification,traditional_relu,Traditional neuron + ReLU,traditional,0,after_neuron,0,1,1,0.5,0.5,3,2026,0.0003,0.0001,0.0,50,37,32,5,0.0001,128,256,128,64,242762,242762,154.3100879509002,cuda,./results/lambda_psi_comparison/checkpoints/mnist/traditional_relu/mnist__traditional_relu__seed3__lr0p0003__cfga301c99ce757.pt,0.04501770057678223,98.66,100.0,,,,,,,0.03777277124561369,98.72999999999999,99.99,,,,,,,,,,,,,,
mnist__traditional_relu__seed4__lr0p0003__cfga301c99ce757,a301c99ce757,96b354dd2d4cd04c,2.12.1+cu130,0.27.1+cu130,1.9.0,2.5.2,0,4,2026-08-18T20:28:07.143261+00:00,ok,,mnist,classification,traditional_relu,Traditional neuron + ReLU,traditional,0,after_neuron,0,1,1,0.5,0.5,4,2026,0.0003,0.0001,0.0,50,25,20,5,0.0001,128,256,128,64,242762,242762,103.67056226893328,cuda,./results/lambda_psi_comparison/checkpoints/mnist/traditional_relu/mnist__traditional_relu__seed4__lr0p0003__cfga301c99ce757.pt,0.056781238958239555,98.4,100.0,,,,,,,0.04283653175495565,98.55000000000001,99.99,,,,,,,,,,,,,,
mnist__traditional_relu__seed0__lr0p0005__cfga301c99ce757,a301c99ce757,96b354dd2d4cd04c,2.12.1+cu130,0.27.1+cu130,1.9.0,2.5.2,0,4,2026-08-18T20:30:29.986554+00:00,ok,,mnist,classification,traditional_relu,Traditional neuron + ReLU,traditional,0,after_neuron,0,1,1,0.5,0.5,0,2026,0.0005,0.0001,0.0,50,34,29,5,0.0001,128,256,128,64,242762,242762,141.42183097987436,cuda,./results/lambda_psi_comparison/checkpoints/mnist/traditional_relu/mnist__traditional_relu__seed0__lr0p0005__cfga301c99ce757.pt,0.03932200784087181,98.88,100.0,,,,,,,0.03857810059320182,98.66,99.99,,,,,,,,,,,,,,
mnist__traditional_relu__seed1__lr0p0005__cfga301c99ce757,a301c99ce757,96b354dd2d4cd04c,2.12.1+cu130,0.27.1+cu130,1.9.0,2.5.2,0,4,2026-08-18T20:32:31.889161+00:00,ok,,mnist,classification,traditional_relu,Traditional neuron + ReLU,traditional,0,after_neuron,0,1,1,0.5,0.5,1,2026,0.0005,0.0001,0.0,50,29,24,5,0.0001,128,256,128,64,242762,242762,120.50364012410864,cuda,./results/lambda_psi_comparison/checkpoints/mnist/traditional_relu/mnist__traditional_relu__seed1__lr0p0005__cfga301c99ce757.pt,0.05201054595112801,98.58,100.0,,,,,,,0.04523514562251512,98.6,99.98,,,,,,,,,,,,,,
mnist__traditional_relu__seed2__lr0p0005__cfga301c99ce757,a301c99ce757,96b354dd2d4cd04c,2.12.1+cu130,0.27.1+cu130,1.9.0,2.5.2,0,4,2026-08-18T20:35:03.216324+00:00,ok,,mnist,classification,traditional_relu,Traditional neuron + ReLU,traditional,0,after_neuron,0,1,1,0.5,0.5,2,2026,0.0005,0.0001,0.0,50,36,31,5,0.0001,128,256,128,64,242762,242762,149.93670025188476,cuda,./results/lambda_psi_comparison/checkpoints/mnist/traditional_relu/mnist__traditional_relu__seed2__lr0p0005__cfga301c99ce757.pt,0.035464474710822105,98.92,100.0,,,,,,,0.03501072899668943,98.92999999999999,99.99,,,,,,,,,,,,,,
mnist__traditional_relu__seed3__lr0p0005__cfga301c99ce757,a301c99ce757,96b354dd2d4cd04c,2.12.1+cu130,0.27.1+cu130,1.9.0,2.5.2,0,4,2026-08-18T20:37:25.599378+00:00,ok,,mnist,classification,traditional_relu,Traditional neuron + ReLU,traditional,0,after_neuron,0,1,1,0.5,0.5,3,2026,0.0005,0.0001,0.0,50,34,29,5,0.0001,128,256,128,64,242762,242762,140.98156319418922,cuda,./results/lambda_psi_comparison/checkpoints/mnist/traditional_relu/mnist__traditional_relu__seed3__lr0p0005__cfga301c99ce757.pt,0.037867028960585594,98.88,100.0,,,,,,,0.03924431454762817,98.77,99.98,,,,,,,,,,,,,,
mnist__traditional_relu__seed4__lr0p0005__cfga301c99ce757,a301c99ce757,96b354dd2d4cd04c,2.12.1+cu130,0.27.1+cu130,1.9.0,2.5.2,0,4,2026-08-18T20:38:58.564050+00:00,ok,,mnist,classification,traditional_relu,Traditional neuron + ReLU,traditional,0,after_neuron,0,1,1,0.5,0.5,4,2026,0.0005,0.0001,0.0,50,22,17,5,0.0001,128,256,128,64,242762,242762,91.55755143612623,cuda,./results/lambda_psi_comparison/checkpoints/mnist/traditional_relu/mnist__traditional_relu__seed4__lr0p0005__cfga301c99ce757.pt,0.04868087500333786,98.54,99.98,,,,,,,0.04353740696683526,98.59,99.99,,,,,,,,,,,,,,
mnist__traditional_relu__seed0__lr0p001__cfga301c99ce757,a301c99ce757,96b354dd2d4cd04c,2.12.1+cu130,0.27.1+cu130,1.9.0,2.5.2,0,4,2026-08-18T20:41:25.774084+00:00,ok,,mnist,classification,traditional_relu,Traditional neuron + ReLU,traditional,0,after_neuron,0,1,1,0.5,0.5,0,2026,0.001,0.0001,0.0,50,35,30,5,0.0001,128,256,128,64,242762,242762,145.81194969406351,cuda,./results/lambda_psi_comparison/checkpoints/mnist/traditional_relu/mnist__traditional_relu__seed0__lr0p001__cfga301c99ce757.pt,0.03972011173665523,98.92,100.0,,,,,,,0.04157623327062465,98.65,99.99,,,,,,,,,,,,,,
mnist__traditional_relu__seed1__lr0p001__cfga301c99ce757,a301c99ce757,96b354dd2d4cd04c,2.12.1+cu130,0.27.1+cu130,1.9.0,2.5.2,0,4,2026-08-18T20:43:23.492062+00:00,ok,,mnist,classification,traditional_relu,Traditional neuron + ReLU,traditional,0,after_neuron,0,1,1,0.5,0.5,1,2026,0.001,0.0001,0.0,50,28,23,5,0.0001,128,256,128,64,242762,242762,116.36435140809044,cuda,./results/lambda_psi_comparison/checkpoints/mnist/traditional_relu/mnist__traditional_relu__seed1__lr0p001__cfga301c99ce757.pt,0.05012705696225166,98.68,100.0,,,,,,,0.05149660257096402,98.45,99.99,,,,,,,,,,,,,,
mnist__traditional_relu__seed2__lr0p001__cfga301c99ce757,a301c99ce757,96b354dd2d4cd04c,2.12.1+cu130,0.27.1+cu130,1.9.0,2.5.2,0,4,2026-08-18T20:45:42.241897+00:00,ok,,mnist,classification,traditional_relu,Traditional neuron + ReLU,traditional,0,after_neuron,0,1,1,0.5,0.5,2,2026,0.001,0.0001,0.0,50,33,28,5,0.0001,128,256,128,64,242762,242762,137.3793410770595,cuda,./results/lambda_psi_comparison/checkpoints/mnist/traditional_relu/mnist__traditional_relu__seed2__lr0p001__cfga301c99ce757.pt,0.0474352127969265,98.86,99.98,,,,,,,0.03781627523410134,98.72999999999999,100.0,,,,,,,,,,,,,,
mnist__traditional_relu__seed3__lr0p001__cfga301c99ce757,a301c99ce757,96b354dd2d4cd04c,2.12.1+cu130,0.27.1+cu130,1.9.0,2.5.2,0,4,2026-08-18T20:48:01.203543+00:00,ok,,mnist,classification,traditional_relu,Traditional neuron + ReLU,traditional,0,after_neuron,0,1,1,0.5,0.5,3,2026,0.001,0.0001,0.0,50,33,28,5,0.0001,128,256,128,64,242762,242762,137.56178583297879,cuda,./results/lambda_psi_comparison/checkpoints/mnist/traditional_relu/mnist__traditional_relu__seed3__lr0p001__cfga301c99ce757.pt,0.03769699415564537,98.94,100.0,,,,,,,0.04303446808939334,98.81,100.0,,,,,,,,,,,,,,
mnist__traditional_relu__seed4__lr0p001__cfga301c99ce757,a301c99ce757,96b354dd2d4cd04c,2.12.1+cu130,0.27.1+cu130,1.9.0,2.5.2,0,4,2026-08-18T20:51:01.638253+00:00,ok,,mnist,classification,traditional_relu,Traditional neuron + ReLU,traditional,0,after_neuron,0,1,1,0.5,0.5,4,2026,0.001,0.0001,0.0,50,43,38,5,0.0001,128,256,128,64,242762,242762,179.03603074909188,cuda,./results/lambda_psi_comparison/checkpoints/mnist/traditional_relu/mnist__traditional_relu__seed4__lr0p001__cfga301c99ce757.pt,0.04597017702832818,98.94,99.98,,,,,,,0.03387405080600001,98.85000000000001,99.99,,,,,,,,,,,,,,
mnist__traditional_relu__seed0__lr0p002__cfga301c99ce757,a301c99ce757,96b354dd2d4cd04c,2.12.1+cu130,0.27.1+cu130,1.9.0,2.5.2,0,4,2026-08-18T20:52:22.557010+00:00,ok,,mnist,classification,traditional_relu,Traditional neuron + ReLU,traditional,0,after_neuron,0,1,1,0.5,0.5,0,2026,0.002,0.0001,0.0,50,19,14,5,0.0001,128,256,128,64,242762,242762,79.29957576002926,cuda,./results/lambda_psi_comparison/checkpoints/mnist/traditional_relu/mnist__traditional_relu__seed0__lr0p002__cfga301c99ce757.pt,0.05425376196429133,98.46000000000001,99.98,,,,,,,0.05496246285997331,98.28,99.97,,,,,,,,,,,,,,
mnist__traditional_relu__seed1__lr0p002__cfga301c99ce757,a301c99ce757,96b354dd2d4cd04c,2.12.1+cu130,0.27.1+cu130,1.9.0,2.5.2,0,4,2026-08-18T20:53:48.201477+00:00,ok,,mnist,classification,traditional_relu,Traditional neuron + ReLU,traditional,0,after_neuron,0,1,1,0.5,0.5,1,2026,0.002,0.0001,0.0,50,20,15,5,0.0001,128,256,128,64,242762,242762,84.2151053249836,cuda,./results/lambda_psi_comparison/checkpoints/mnist/traditional_relu/mnist__traditional_relu__seed1__lr0p002__cfga301c99ce757.pt,0.05938546470105648,98.5,100.0,,,,,,,0.05237439682856202,98.34,99.97,,,,,,,,,,,,,,
mnist__traditional_relu__seed2__lr0p002__cfga301c99ce757,a301c99ce757,96b354dd2d4cd04c,2.12.1+cu130,0.27.1+cu130,1.9.0,2.5.2,0,4,2026-08-18T20:56:48.888441+00:00,ok,,mnist,classification,traditional_relu,Traditional neuron + ReLU,traditional,0,after_neuron,0,1,1,0.5,0.5,2,2026,0.002,0.0001,0.0,50,43,38,5,0.0001,128,256,128,64,242762,242762,179.0423488020897,cuda,./results/lambda_psi_comparison/checkpoints/mnist/traditional_relu/mnist__traditional_relu__seed2__lr0p002__cfga301c99ce757.pt,0.04380233403742313,98.92,99.98,,,,,,,0.04273363237791927,98.85000000000001,99.97,,,,,,,,,,,,,,
mnist__traditional_relu__seed3__lr0p002__cfga301c99ce757,a301c99ce757,96b354dd2d4cd04c,2.12.1+cu130,0.27.1+cu130,1.9.0,2.5.2,0,4,2026-08-18T20:58:17.753914+00:00,ok,,mnist,classification,traditional_relu,Traditional neuron + ReLU,traditional,0,after_neuron,0,1,1,0.5,0.5,3,2026,0.002,0.0001,0.0,50,19,14,5,0.0001,128,256,128,64,242762,242762,86.92867305409163,cuda,./results/lambda_psi_comparison/checkpoints/mnist/traditional_relu/mnist__traditional_relu__seed3__lr0p002__cfga301c99ce757.pt,0.056944993460178374,98.4,99.98,,,,,,,0.05800395900812,98.46000000000001,99.97,,,,,,,,,,,,,,
mnist__traditional_relu__seed4__lr0p002__cfga301c99ce757,a301c99ce757,96b354dd2d4cd04c,2.12.1+cu130,0.27.1+cu130,1.9.0,2.5.2,0,4,2026-08-18T21:00:28.662834+00:00,ok,,mnist,classification,traditional_relu,Traditional neuron + ReLU,traditional,0,after_neuron,0,1,1,0.5,0.5,4,2026,0.002,0.0001,0.0,50,31,26,5,0.0001,128,256,128,64,242762,242762,129.48353295004927,cuda,./results/lambda_psi_comparison/checkpoints/mnist/traditional_relu/mnist__traditional_relu__seed4__lr0p002__cfga301c99ce757.pt,0.05271349231600762,98.72,99.98,,,,,,,0.04697479393109679,98.8,99.98,,,,,,,,,,,,,,
mnist__traditional_relu__seed0__lr0p003__cfga301c99ce757,a301c99ce757,96b354dd2d4cd04c,2.12.1+cu130,0.27.1+cu130,1.9.0,2.5.2,0,4,2026-08-18T21:02:51.543282+00:00,ok,,mnist,classification,traditional_relu,Traditional neuron + ReLU,traditional,0,after_neuron,0,1,1,0.5,0.5,0,2026,0.003,0.0001,0.0,50,34,29,5,0.0001,128,256,128,64,242762,242762,141.50063836504705,cuda,./results/lambda_psi_comparison/checkpoints/mnist/traditional_relu/mnist__traditional_relu__seed0__lr0p003__cfga301c99ce757.pt,0.04250648859143257,98.88,99.96000000000001,,,,,,,0.04282250985414721,98.74000000000001,99.95,,,,,,,,,,,,,,
mnist__traditional_relu__seed1__lr0p003__cfga301c99ce757,a301c99ce757,96b354dd2d4cd04c,2.12.1+cu130,0.27.1+cu130,1.9.0,2.5.2,0,4,2026-08-18T21:04:37.192977+00:00,ok,,mnist,classification,traditional_relu,Traditional neuron + ReLU,traditional,0,after_neuron,0,1,1,0.5,0.5,1,2026,0.003,0.0001,0.0,50,25,20,5,0.0001,128,256,128,64,242762,242762,104.23432799195871,cuda,./results/lambda_psi_comparison/checkpoints/mnist/traditional_relu/mnist__traditional_relu__seed1__lr0p003__cfga301c99ce757.pt,0.059361727412045005,98.58,99.96000000000001,,,,,,,0.05843332058833912,98.34,99.97,,,,,,,,,,,,,,
mnist__traditional_relu__seed2__lr0p003__cfga301c99ce757,a301c99ce757,96b354dd2d4cd04c,2.12.1+cu130,0.27.1+cu130,1.9.0,2.5.2,0,4,2026-08-18T21:07:04.662087+00:00,ok,,mnist,classification,traditional_relu,Traditional neuron + ReLU,traditional,0,after_neuron,0,1,1,0.5,0.5,2,2026,0.003,0.0001,0.0,50,35,30,5,0.0001,128,256,128,64,242762,242762,146.03566861711442,cuda,./results/lambda_psi_comparison/checkpoints/mnist/traditional_relu/mnist__traditional_relu__seed2__lr0p003__cfga301c99ce757.pt,0.04036057769656182,98.9,99.96000000000001,,,,,,,0.0455503738055937,98.72999999999999,99.96000000000001,,,,,,,,,,,,,,
mnist__traditional_relu__seed3__lr0p003__cfga301c99ce757,a301c99ce757,96b354dd2d4cd04c,2.12.1+cu130,0.27.1+cu130,1.9.0,2.5.2,0,4,2026-08-18T21:09:36.136938+00:00,ok,,mnist,classification,traditional_relu,Traditional neuron + ReLU,traditional,0,after_neuron,0,1,1,0.5,0.5,3,2026,0.003,0.0001,0.0,50,36,31,5,0.0001,128,256,128,64,242762,242762,150.0115804001689,cuda,./results/lambda_psi_comparison/checkpoints/mnist/traditional_relu/mnist__traditional_relu__seed3__lr0p003__cfga301c99ce757.pt,0.042737610483169555,98.9,99.98,,,,,,,0.04139283705563285,98.74000000000001,100.0,,,,,,,,,,,,,,
mnist__traditional_relu__seed4__lr0p003__cfga301c99ce757,a301c99ce757,96b354dd2d4cd04c,2.12.1+cu130,0.27.1+cu130,1.9.0,2.5.2,0,4,2026-08-18T21:12:53.265700+00:00,ok,,mnist,classification,traditional_relu,Traditional neuron + ReLU,traditional,0,after_neuron,0,1,1,0.5,0.5,4,2026,0.003,0.0001,0.0,50,47,42,5,0.0001,128,256,128,64,242762,242762,195.6883473310154,cuda,./results/lambda_psi_comparison/checkpoints/mnist/traditional_relu/mnist__traditional_relu__seed4__lr0p003__cfga301c99ce757.pt,0.050772846759855744,98.98,99.96000000000001,,,,,,,0.03963810541098792,98.89,99.98,,,,,,,,,,,,,,
mnist__traditional_field__seed0__lr0p0003__cfge49840a0c644,e49840a0c644,96b354dd2d4cd04c,2.12.1+cu130,0.27.1+cu130,1.9.0,2.5.2,0,4,2026-08-18T21:17:19.128415+00:00,ok,,mnist,classification,traditional_field,Traditional neuron + Lambda-Psi,traditional,1,none,1,1,1,0.5,0.5,0,2026,0.0003,0.0001,0.0,50,50,49,5,0.0001,128,256,128,64,242770,242770,264.4271652090829,cuda,./results/lambda_psi_comparison/checkpoints/mnist/traditional_field/mnist__traditional_field__seed0__lr0p0003__cfge49840a0c644.pt,0.23145285263061524,93.67999999999999,99.68,,,,,,,0.2038491564273834,94.88,99.74,,,,,,,0.7855028510093689,0.3103258013725281,0.3890913128852844,0.30189162492752075,0.3279980421066284,0.28393369913101196,0.314297616481781,0.32907313108444214
mnist__traditional_field__seed1__lr0p0003__cfge49840a0c644,e49840a0c644,96b354dd2d4cd04c,2.12.1+cu130,0.27.1+cu130,1.9.0,2.5.2,0,4,2026-08-18T21:21:43.678611+00:00,ok,,mnist,classification,traditional_field,Traditional neuron + Lambda-Psi,traditional,1,none,1,1,1,0.5,0.5,1,2026,0.0003,0.0001,0.0,50,50,48,5,0.0001,128,256,128,64,242770,242770,263.08899156795815,cuda,./results/lambda_psi_comparison/checkpoints/mnist/traditional_field/mnist__traditional_field__seed1__lr0p0003__cfge49840a0c644.pt,0.2370894672870636,93.76,99.53999999999999,,,,,,,0.2121430317401886,94.5,99.71,,,,,,,0.7670411467552185,0.3015080392360687,0.388477623462677,0.3103468120098114,0.32413098216056824,0.29741954803466797,0.31375664472579956,0.3307816982269287
mnist__traditional_field__seed2__lr0p0003__cfge49840a0c644,e49840a0c644,96b354dd2d4cd04c,2.12.1+cu130,0.27.1+cu130,1.9.0,2.5.2,0,4,2026-08-18T21:26:05.577645+00:00,ok,,mnist,classification,traditional_field,Traditional neuron + Lambda-Psi,traditional,1,none,1,1,1,0.5,0.5,2,2026,0.0003,0.0001,0.0,50,49,44,5,0.0001,128,256,128,64,242770,242770,260.4182289328892,cuda,./results/lambda_psi_comparison/checkpoints/mnist/traditional_field/mnist__traditional_field__seed2__lr0p0003__cfge49840a0c644.pt,0.22401563034057617,93.88,99.64,,,,,,,0.20216667176485062,94.96,99.72,,,,,,,0.7873077392578125,0.2863735556602478,0.3924315869808197,0.29454395174980164,0.3197519779205322,0.2791084051132202,0.30638301372528076,0.3252009153366089
mnist__traditional_field__seed3__lr0p0003__cfge49840a0c644,e49840a0c644,96b354dd2d4cd04c,2.12.1+cu130,0.27.1+cu130,1.9.0,2.5.2,0,4,2026-08-18T21:27:38.212541+00:00,ok,,mnist,classification,traditional_field,Traditional neuron + Lambda-Psi,traditional,1,none,1,1,1,0.5,0.5,3,2026,0.0003,0.0001,0.0,50,17,12,5,0.0001,128,256,128,64,242770,242770,91.21441822918132,cuda,./results/lambda_psi_comparison/checkpoints/mnist/traditional_field/mnist__traditional_field__seed3__lr0p0003__cfge49840a0c644.pt,0.45448254890441897,87.76,99.03999999999999,,,,,,,0.4195236419677734,88.85,99.32,,,,,,,0.5129878520965576,0.42142754793167114,0.43814578652381897,0.4158262610435486,0.4270382225513458,0.4114391803741455,0.42983031272888184,0.43952256441116333
mnist__traditional_field__seed4__lr0p0003__cfge49840a0c644,e49840a0c644,96b354dd2d4cd04c,2.12.1+cu130,0.27.1+cu130,1.9.0,2.5.2,0,4,2026-08-18T21:28:53.698919+00:00,ok,,mnist,classification,traditional_field,Traditional neuron + Lambda-Psi,traditional,1,none,1,1,1,0.5,0.5,4,2026,0.0003,0.0001,0.0,50,14,9,5,0.0001,128,256,128,64,242770,242770,74.02833813405596,cuda,./results/lambda_psi_comparison/checkpoints/mnist/traditional_field/mnist__traditional_field__seed4__lr0p0003__cfge49840a0c644.pt,0.4564194274902344,87.53999999999999,98.96000000000001,,,,,,,0.42168720746040345,88.14999999999999,99.32,,,,,,,0.48529088497161865,0.4245069921016693,0.4387573003768921,0.42209821939468384,0.43110018968582153,0.42029881477355957,0.43518969416618347,0.4432269334793091
mnist__traditional_field__seed0__lr0p0005__cfge49840a0c644,e49840a0c644,96b354dd2d4cd04c,2.12.1+cu130,0.27.1+cu130,1.9.0,2.5.2,0,4,2026-08-18T21:33:09.617547+00:00,ok,,mnist,classification,traditional_field,Traditional neuron + Lambda-Psi,traditional,1,none,1,1,1,0.5,0.5,0,2026,0.0005,0.0001,0.0,50,48,43,5,0.0001,128,256,128,64,242770,242770,254.42972795898095,cuda,./results/lambda_psi_comparison/checkpoints/mnist/traditional_field/mnist__traditional_field__seed0__lr0p0005__cfge49840a0c644.pt,0.07784572095870972,97.38,99.94,,,,,,,0.06568996875137091,97.85000000000001,99.98,,,,,,,0.9132370352745056,0.2314770519733429,0.34171319007873535,0.2263338714838028,0.257750004529953,0.2103145569562912,0.23614372313022614,0.25246670842170715
mnist__traditional_field__seed1__lr0p0005__cfge49840a0c644,e49840a0c644,96b354dd2d4cd04c,2.12.1+cu130,0.27.1+cu130,1.9.0,2.5.2,0,4,2026-08-18T21:37:37.057782+00:00,ok,,mnist,classification,traditional_field,Traditional neuron + Lambda-Psi,traditional,1,none,1,1,1,0.5,0.5,1,2026,0.0005,0.0001,0.0,50,50,49,5,0.0001,128,256,128,64,242770,242770,265.9459557598457,cuda,./results/lambda_psi_comparison/checkpoints/mnist/traditional_field/mnist__traditional_field__seed1__lr0p0005__cfge49840a0c644.pt,0.0820603949546814,97.52,99.96000000000001,,,,,,,0.06725057071298361,97.74000000000001,99.96000000000001,,,,,,,0.9135234355926514,0.2168322652578354,0.34445658326148987,0.23800180852413177,0.24752292037010193,0.21512477099895477,0.22822900116443634,0.24646084010601044
mnist__traditional_field__seed2__lr0p0005__cfge49840a0c644,e49840a0c644,96b354dd2d4cd04c,2.12.1+cu130,0.27.1+cu130,1.9.0,2.5.2,0,4,2026-08-18T21:41:38.874927+00:00,ok,,mnist,classification,traditional_field,Traditional neuron + Lambda-Psi,traditional,1,none,1,1,1,0.5,0.5,2,2026,0.0005,0.0001,0.0,50,45,40,5,0.0001,128,256,128,64,242770,242770,240.35562246688642,cuda,./results/lambda_psi_comparison/checkpoints/mnist/traditional_field/mnist__traditional_field__seed2__lr0p0005__cfge49840a0c644.pt,0.07902365927696228,97.61999999999999,99.96000000000001,,,,,,,0.06745347626060247,97.89999999999999,99.97,,,,,,,0.9094060659408569,0.21522031724452972,0.3458664119243622,0.22482992708683014,0.2504875063896179,0.20598387718200684,0.22928524017333984,0.24897940456867218
mnist__traditional_field__seed3__lr0p0005__cfge49840a0c644,e49840a0c644,96b354dd2d4cd04c,2.12.1+cu130,0.27.1+cu130,1.9.0,2.5.2,0,4,2026-08-18T21:45:51.579612+00:00,ok,,mnist,classification,traditional_field,Traditional neuron + Lambda-Psi,traditional,1,none,1,1,1,0.5,0.5,3,2026,0.0005,0.0001,0.0,50,47,42,5,0.0001,128,256,128,64,242770,242770,251.25903264200315,cuda,./results/lambda_psi_comparison/checkpoints/mnist/traditional_field/mnist__traditional_field__seed3__lr0p0005__cfge49840a0c644.pt,0.08767742195129395,97.18,99.92,,,,,,,0.07020839728787541,97.72,99.99,,,,,,,0.9020534157752991,0.23292788863182068,0.35387682914733887,0.23628699779510498,0.25241604447364807,0.20693983137607574,0.23375988006591797,0.2492373138666153
mnist__traditional_field__seed4__lr0p0005__cfge49840a0c644,e49840a0c644,96b354dd2d4cd04c,2.12.1+cu130,0.27.1+cu130,1.9.0,2.5.2,0,4,2026-08-18T21:50:04.162880+00:00,ok,,mnist,classification,traditional_field,Traditional neuron + Lambda-Psi,traditional,1,none,1,1,1,0.5,0.5,4,2026,0.0005,0.0001,0.0,50,47,42,5,0.0001,128,256,128,64,242770,242770,251.12272249907255,cuda,./results/lambda_psi_comparison/checkpoints/mnist/traditional_field/mnist__traditional_field__seed4__lr0p0005__cfge49840a0c644.pt,0.08562108693122863,97.36,99.94,,,,,,,0.06928157237321138,97.77,99.95,,,,,,,0.914932906627655,0.22215814888477325,0.3549658954143524,0.2404121309518814,0.24852778017520905,0.2031383067369461,0.23321639001369476,0.2496614307165146
mnist__traditional_field__seed0__lr0p001__cfge49840a0c644,e49840a0c644,96b354dd2d4cd04c,2.12.1+cu130,0.27.1+cu130,1.9.0,2.5.2,0,4,2026-08-18T21:54:31.027092+00:00,ok,,mnist,classification,traditional_field,Traditional neuron + Lambda-Psi,traditional,1,none,1,1,1,0.5,0.5,0,2026,0.001,0.0001,0.0,50,50,46,5,0.0001,128,256,128,64,242770,242770,265.39098307909444,cuda,./results/lambda_psi_comparison/checkpoints/mnist/traditional_field/mnist__traditional_field__seed0__lr0p001__cfge49840a0c644.pt,0.05162693840265274,98.42,100.0,,,,,,,0.042001813707686964,98.61,100.0,,,,,,,0.9834023714065552,0.21816177666187286,0.3689019978046417,0.22366228699684143,0.26396581530570984,0.20312276482582092,0.23515744507312775,0.2586570978164673
mnist__traditional_field__seed1__lr0p001__cfge49840a0c644,e49840a0c644,96b354dd2d4cd04c,2.12.1+cu130,0.27.1+cu130,1.9.0,2.5.2,0,4,2026-08-18T21:57:43.142605+00:00,ok,,mnist,classification,traditional_field,Traditional neuron + Lambda-Psi,traditional,1,none,1,1,1,0.5,0.5,1,2026,0.001,0.0001,0.0,50,36,31,5,0.0001,128,256,128,64,242770,242770,190.64193983888254,cuda,./results/lambda_psi_comparison/checkpoints/mnist/traditional_field/mnist__traditional_field__seed1__lr0p001__cfge49840a0c644.pt,0.055050403428077696,98.32,100.0,,,,,,,0.04891976721063256,98.3,99.97,,,,,,,0.9811558723449707,0.2235383838415146,0.3697839677333832,0.25451216101646423,0.2703351676464081,0.21812088787555695,0.24967260658740997,0.27408331632614136
mnist__traditional_field__seed2__lr0p001__cfge49840a0c644,e49840a0c644,96b354dd2d4cd04c,2.12.1+cu130,0.27.1+cu130,1.9.0,2.5.2,0,4,2026-08-18T22:00:44.233792+00:00,ok,,mnist,classification,traditional_field,Traditional neuron + Lambda-Psi,traditional,1,none,1,1,1,0.5,0.5,2,2026,0.001,0.0001,0.0,50,34,29,5,0.0001,128,256,128,64,242770,242770,179.6204211129807,cuda,./results/lambda_psi_comparison/checkpoints/mnist/traditional_field/mnist__traditional_field__seed2__lr0p001__cfge49840a0c644.pt,0.05965082488059997,98.3,99.98,,,,,,,0.049042128568515184,98.49,99.97,,,,,,,0.9809139370918274,0.2280786782503128,0.3653567135334015,0.23914462327957153,0.2728964686393738,0.2208484560251236,0.2512417733669281,0.27759167551994324
mnist__traditional_field__seed3__lr0p001__cfge49840a0c644,e49840a0c644,96b354dd2d4cd04c,2.12.1+cu130,0.27.1+cu130,1.9.0,2.5.2,0,4,2026-08-18T22:04:18.854266+00:00,ok,,mnist,classification,traditional_field,Traditional neuron + Lambda-Psi,traditional,1,none,1,1,1,0.5,0.5,3,2026,0.001,0.0001,0.0,50,40,35,5,0.0001,128,256,128,64,242770,242770,213.1504861318972,cuda,./results/lambda_psi_comparison/checkpoints/mnist/traditional_field/mnist__traditional_field__seed3__lr0p001__cfge49840a0c644.pt,0.060193576729297635,98.38,99.98,,,,,,,0.049278334112092856,98.39,99.99,,,,,,,0.9799131155014038,0.226192906498909,0.37932103872299194,0.23054622113704681,0.2666207551956177,0.21144989132881165,0.24476255476474762,0.26638758182525635
mnist__traditional_field__seed4__lr0p001__cfge49840a0c644,e49840a0c644,96b354dd2d4cd04c,2.12.1+cu130,0.27.1+cu130,1.9.0,2.5.2,0,4,2026-08-18T22:08:26.168892+00:00,ok,,mnist,classification,traditional_field,Traditional neuron + Lambda-Psi,traditional,1,none,1,1,1,0.5,0.5,4,2026,0.001,0.0001,0.0,50,46,41,5,0.0001,128,256,128,64,242770,242770,245.97235575690866,cuda,./results/lambda_psi_comparison/checkpoints/mnist/traditional_field/mnist__traditional_field__seed4__lr0p001__cfge49840a0c644.pt,0.05385307406187057,98.46000000000001,100.0,,,,,,,0.04206419102549553,98.69,100.0,,,,,,,0.986335039138794,0.2293931394815445,0.37017932534217834,0.2242216169834137,0.25111350417137146,0.2000504434108734,0.23479698598384857,0.2570772171020508
mnist__traditional_field__seed0__lr0p002__cfge49840a0c644,e49840a0c644,96b354dd2d4cd04c,2.12.1+cu130,0.27.1+cu130,1.9.0,2.5.2,0,4,2026-08-18T22:12:53.357840+00:00,ok,,mnist,classification,traditional_field,Traditional neuron + Lambda-Psi,traditional,1,none,1,1,1,0.5,0.5,0,2026,0.002,0.0001,0.0,50,50,46,5,0.0001,128,256,128,64,242770,242770,265.7415871161502,cuda,./results/lambda_psi_comparison/checkpoints/mnist/traditional_field/mnist__traditional_field__seed0__lr0p002__cfge49840a0c644.pt,0.04727607989013195,98.68,99.96000000000001,,,,,,,0.04243174667432904,98.69,99.99,,,,,,,0.9971092343330383,0.2662965953350067,0.4622620642185211,0.27761322259902954,0.35014835000038147,0.253770112991333,0.3105171024799347,0.3491205871105194
mnist__traditional_field__seed1__lr0p002__cfge49840a0c644,e49840a0c644,96b354dd2d4cd04c,2.12.1+cu130,0.27.1+cu130,1.9.0,2.5.2,0,4,2026-08-18T22:14:46.462348+00:00,ok,,mnist,classification,traditional_field,Traditional neuron + Lambda-Psi,traditional,1,none,1,1,1,0.5,0.5,1,2026,0.002,0.0001,0.0,50,21,16,5,0.0001,128,256,128,64,242770,242770,111.62360976007767,cuda,./results/lambda_psi_comparison/checkpoints/mnist/traditional_field/mnist__traditional_field__seed1__lr0p002__cfge49840a0c644.pt,0.07512572628259659,97.92,99.98,,,,,,,0.060140129931271075,97.89,99.99,,,,,,,0.993129312992096,0.2794376611709595,0.44432297348976135,0.3033011555671692,0.3415004014968872,0.27033117413520813,0.32179969549179077,0.3538779616355896
mnist__traditional_field__seed2__lr0p002__cfge49840a0c644,e49840a0c644,96b354dd2d4cd04c,2.12.1+cu130,0.27.1+cu130,1.9.0,2.5.2,0,4,2026-08-18T22:17:32.118625+00:00,ok,,mnist,classification,traditional_field,Traditional neuron + Lambda-Psi,traditional,1,none,1,1,1,0.5,0.5,2,2026,0.002,0.0001,0.0,50,31,26,5,0.0001,128,256,128,64,242770,242770,164.18407166399993,cuda,./results/lambda_psi_comparison/checkpoints/mnist/traditional_field/mnist__traditional_field__seed2__lr0p002__cfge49840a0c644.pt,0.06534329743385314,98.16,100.0,,,,,,,0.05165986952520907,98.26,99.99,,,,,,,0.9966656565666199,0.29093340039253235,0.44676414132118225,0.29080983996391296,0.35297825932502747,0.27304860949516296,0.3239611089229584,0.36322692036628723
mnist__traditional_field__seed3__lr0p002__cfge49840a0c644,e49840a0c644,96b354dd2d4cd04c,2.12.1+cu130,0.27.1+cu130,1.9.0,2.5.2,0,4,2026-08-18T22:20:56.759358+00:00,ok,,mnist,classification,traditional_field,Traditional neuron + Lambda-Psi,traditional,1,none,1,1,1,0.5,0.5,3,2026,0.002,0.0001,0.0,50,38,33,5,0.0001,128,256,128,64,242770,242770,203.18746736599132,cuda,./results/lambda_psi_comparison/checkpoints/mnist/traditional_field/mnist__traditional_field__seed3__lr0p002__cfge49840a0c644.pt,0.04851910823583603,98.6,100.0,,,,,,,0.04873649843549356,98.4,99.98,,,,,,,0.9963790774345398,0.28538352251052856,0.4652831256389618,0.2760148346424103,0.35613536834716797,0.2674991488456726,0.32031485438346863,0.35510462522506714
mnist__traditional_field__seed4__lr0p002__cfge49840a0c644,e49840a0c644,96b354dd2d4cd04c,2.12.1+cu130,0.27.1+cu130,1.9.0,2.5.2,0,4,2026-08-18T22:25:23.024949+00:00,ok,,mnist,classification,traditional_field,Traditional neuron + Lambda-Psi,traditional,1,none,1,1,1,0.5,0.5,4,2026,0.002,0.0001,0.0,50,50,45,5,0.0001,128,256,128,64,242770,242770,264.8353768340312,cuda,./results/lambda_psi_comparison/checkpoints/mnist/traditional_field/mnist__traditional_field__seed4__lr0p002__cfge49840a0c644.pt,0.05022900137901306,98.56,99.98,,,,,,,0.04433949223067611,98.69,100.0,,,,,,,0.9978089928627014,0.3049989342689514,0.4463255703449249,0.26365935802459717,0.336870014667511,0.25107839703559875,0.314260870218277,0.34985414147377014
mnist__traditional_field__seed0__lr0p003__cfge49840a0c644,e49840a0c644,96b354dd2d4cd04c,2.12.1+cu130,0.27.1+cu130,1.9.0,2.5.2,0,4,2026-08-18T22:29:40.379948+00:00,ok,,mnist,classification,traditional_field,Traditional neuron + Lambda-Psi,traditional,1,none,1,1,1,0.5,0.5,0,2026,0.003,0.0001,0.0,50,48,43,5,0.0001,128,256,128,64,242770,242770,255.89093321398832,cuda,./results/lambda_psi_comparison/checkpoints/mnist/traditional_field/mnist__traditional_field__seed0__lr0p003__cfge49840a0c644.pt,0.05084432804584503,98.54,99.98,,,,,,,0.047637412510998546,98.44000000000001,99.99,,,,,,,0.9988706707954407,0.3250081539154053,0.5754826664924622,0.3213925063610077,0.4500230550765991,0.2948601245880127,0.36968472599983215,0.42502835392951965
mnist__traditional_field__seed1__lr0p003__cfge49840a0c644,e49840a0c644,96b354dd2d4cd04c,2.12.1+cu130,0.27.1+cu130,1.9.0,2.5.2,0,4,2026-08-18T22:34:02.192333+00:00,ok,,mnist,classification,traditional_field,Traditional neuron + Lambda-Psi,traditional,1,none,1,1,1,0.5,0.5,1,2026,0.003,0.0001,0.0,50,49,44,5,0.0001,128,256,128,64,242770,242770,260.3452117368579,cuda,./results/lambda_psi_comparison/checkpoints/mnist/traditional_field/mnist__traditional_field__seed1__lr0p003__cfge49840a0c644.pt,0.04316148079186678,98.72,100.0,,,,,,,0.04666042435467243,98.46000000000001,99.99,,,,,,,0.998837411403656,0.3491227924823761,0.5691839456558228,0.33180496096611023,0.4281988739967346,0.30101412534713745,0.3758655786514282,0.42953482270240784
mnist__traditional_field__seed2__lr0p003__cfge49840a0c644,e49840a0c644,96b354dd2d4cd04c,2.12.1+cu130,0.27.1+cu130,1.9.0,2.5.2,0,4,2026-08-18T22:38:30.746008+00:00,ok,,mnist,classification,traditional_field,Traditional neuron + Lambda-Psi,traditional,1,none,1,1,1,0.5,0.5,2,2026,0.003,0.0001,0.0,50,50,46,5,0.0001,128,256,128,64,242770,242770,267.0870250989683,cuda,./results/lambda_psi_comparison/checkpoints/mnist/traditional_field/mnist__traditional_field__seed2__lr0p003__cfge49840a0c644.pt,0.05238051751255989,98.5,100.0,,,,,,,0.04506165094189346,98.63,99.99,,,,,,,0.9989997744560242,0.3164580762386322,0.5647802948951721,0.3245527148246765,0.44363123178482056,0.30587834119796753,0.3742663860321045,0.43080979585647583
mnist__traditional_field__seed3__lr0p003__cfge49840a0c644,e49840a0c644,96b354dd2d4cd04c,2.12.1+cu130,0.27.1+cu130,1.9.0,2.5.2,0,4,2026-08-18T22:43:00.408863+00:00,ok,,mnist,classification,traditional_field,Traditional neuron + Lambda-Psi,traditional,1,none,1,1,1,0.5,0.5,3,2026,0.003,0.0001,0.0,50,50,48,5,0.0001,128,256,128,64,242770,242770,268.1755125098862,cuda,./results/lambda_psi_comparison/checkpoints/mnist/traditional_field/mnist__traditional_field__seed3__lr0p003__cfge49840a0c644.pt,0.048559182190895084,98.5,100.0,,,,,,,0.04591364741958678,98.49,99.99,,,,,,,0.9987425208091736,0.3006265163421631,0.5861367583274841,0.30618607997894287,0.4406948387622833,0.302518367767334,0.3763628304004669,0.42691195011138916
mnist__traditional_field__seed4__lr0p003__cfge49840a0c644,e49840a0c644,96b354dd2d4cd04c,2.12.1+cu130,0.27.1+cu130,1.9.0,2.5.2,0,4,2026-08-18T22:44:44.632418+00:00,ok,,mnist,classification,traditional_field,Traditional neuron + Lambda-Psi,traditional,1,none,1,1,1,0.5,0.5,4,2026,0.003,0.0001,0.0,50,19,14,5,0.0001,128,256,128,64,242770,242770,102.79188757110387,cuda,./results/lambda_psi_comparison/checkpoints/mnist/traditional_field/mnist__traditional_field__seed4__lr0p003__cfge49840a0c644.pt,0.08290639572143554,97.44,100.0,,,,,,,0.07021093258112669,97.82,99.96000000000001,,,,,,,0.9972223043441772,0.3293817341327667,0.509549081325531,0.3063879907131195,0.3960786759853363,0.29819411039352417,0.37752673029899597,0.4156496524810791
mnist__traditional_field_relu__seed0__lr0p0003__cfg73516d529c1e,73516d529c1e,96b354dd2d4cd04c,2.12.1+cu130,0.27.1+cu130,1.9.0,2.5.2,0,4,2026-08-18T22:48:52.536173+00:00,ok,,mnist,classification,traditional_field_relu,Traditional neuron + Lambda-Psi + ReLU,traditional,1,after_field,1,1,1,0.5,0.5,0,2026,0.0003,0.0001,0.0,50,46,41,5,0.0001,128,256,128,64,242770,242770,246.3834567309823,cuda,./results/lambda_psi_comparison/checkpoints/mnist/traditional_field_relu/mnist__traditional_field_relu__seed0__lr0p0003__cfg73516d529c1e.pt,0.07353821446895599,97.72,99.96000000000001,,,,,,,0.06518978047072888,97.91,99.99,,,,,,,0.2988201081752777,0.28778183460235596,0.29780739545822144,0.33948397636413574,0.29148203134536743,0.33610671758651733,0.29242435097694397,0.290924072265625
mnist__traditional_field_relu__seed1__lr0p0003__cfg73516d529c1e,73516d529c1e,96b354dd2d4cd04c,2.12.1+cu130,0.27.1+cu130,1.9.0,2.5.2,0,4,2026-08-18T22:52:09.698931+00:00,ok,,mnist,classification,traditional_field_relu,Traditional neuron + Lambda-Psi + ReLU,traditional,1,after_field,1,1,1,0.5,0.5,1,2026,0.0003,0.0001,0.0,50,36,31,5,0.0001,128,256,128,64,242770,242770,195.68146003293805,cuda,./results/lambda_psi_comparison/checkpoints/mnist/traditional_field_relu/mnist__traditional_field_relu__seed1__lr0p0003__cfg73516d529c1e.pt,0.08904375495910645,97.46000000000001,99.92,,,,,,,0.07671601967811585,97.55,99.96000000000001,,,,,,,0.3092072904109955,0.29600074887275696,0.3067208230495453,0.3515447676181793,0.2996872365474701,0.34655216336250305,0.2987425625324249,0.30050989985466003
mnist__traditional_field_relu__seed2__lr0p0003__cfg73516d529c1e,73516d529c1e,96b354dd2d4cd04c,2.12.1+cu130,0.27.1+cu130,1.9.0,2.5.2,0,4,2026-08-18T22:56:18.732979+00:00,ok,,mnist,classification,traditional_field_relu,Traditional neuron + Lambda-Psi + ReLU,traditional,1,after_field,1,1,1,0.5,0.5,2,2026,0.0003,0.0001,0.0,50,46,41,5,0.0001,128,256,128,64,242770,242770,247.59924605698325,cuda,./results/lambda_psi_comparison/checkpoints/mnist/traditional_field_relu/mnist__traditional_field_relu__seed2__lr0p0003__cfg73516d529c1e.pt,0.0756948451280594,97.7,99.98,,,,,,,0.06278794561251998,97.94,99.97,,,,,,,0.29992491006851196,0.2899917662143707,0.3033176362514496,0.33173272013664246,0.29441824555397034,0.3280964493751526,0.29643768072128296,0.2953571081161499
mnist__traditional_field_relu__seed3__lr0p0003__cfg73516d529c1e,73516d529c1e,96b354dd2d4cd04c,2.12.1+cu130,0.27.1+cu130,1.9.0,2.5.2,0,4,2026-08-18T23:00:28.897188+00:00,ok,,mnist,classification,traditional_field_relu,Traditional neuron + Lambda-Psi + ReLU,traditional,1,after_field,1,1,1,0.5,0.5,3,2026,0.0003,0.0001,0.0,50,46,41,5,0.0001,128,256,128,64,242770,242770,248.7558271230664,cuda,./results/lambda_psi_comparison/checkpoints/mnist/traditional_field_relu/mnist__traditional_field_relu__seed3__lr0p0003__cfg73516d529c1e.pt,0.0817109014749527,97.5,99.96000000000001,,,,,,,0.06786745166964829,97.7,99.98,,,,,,,0.3030594289302826,0.2986724376678467,0.2993249297142029,0.3563522696495056,0.2906839847564697,0.3186804950237274,0.2950901389122009,0.2935630977153778
mnist__traditional_field_relu__seed4__lr0p0003__cfg73516d529c1e,73516d529c1e,96b354dd2d4cd04c,2.12.1+cu130,0.27.1+cu130,1.9.0,2.5.2,0,4,2026-08-18T23:04:21.317847+00:00,ok,,mnist,classification,traditional_field_relu,Traditional neuron + Lambda-Psi + ReLU,traditional,1,after_field,1,1,1,0.5,0.5,4,2026,0.0003,0.0001,0.0,50,43,38,5,0.0001,128,256,128,64,242770,242770,230.9299946441315,cuda,./results/lambda_psi_comparison/checkpoints/mnist/traditional_field_relu/mnist__traditional_field_relu__seed4__lr0p0003__cfg73516d529c1e.pt,0.07685584304332733,97.7,99.96000000000001,,,,,,,0.06517488090880215,97.83,99.99,,,,,,,0.3031143546104431,0.2900247573852539,0.2962440848350525,0.3417031168937683,0.289509117603302,0.3113415241241455,0.2901739478111267,0.29075565934181213
mnist__traditional_field_relu__seed0__lr0p0005__cfg73516d529c1e,73516d529c1e,96b354dd2d4cd04c,2.12.1+cu130,0.27.1+cu130,1.9.0,2.5.2,0,4,2026-08-18T23:07:14.173685+00:00,ok,,mnist,classification,traditional_field_relu,Traditional neuron + Lambda-Psi + ReLU,traditional,1,after_field,1,1,1,0.5,0.5,0,2026,0.0005,0.0001,0.0,50,32,27,5,0.0001,128,256,128,64,242770,242770,171.428643806139,cuda,./results/lambda_psi_comparison/checkpoints/mnist/traditional_field_relu/mnist__traditional_field_relu__seed0__lr0p0005__cfg73516d529c1e.pt,0.06636226145029069,97.96000000000001,99.98,,,,,,,0.05537670869957656,98.27,99.98,,,,,,,0.29325056076049805,0.28731048107147217,0.3012617528438568,0.33132684230804443,0.29173076152801514,0.32650160789489746,0.28584128618240356,0.2904583215713501
mnist__traditional_field_relu__seed1__lr0p0005__cfg73516d529c1e,73516d529c1e,96b354dd2d4cd04c,2.12.1+cu130,0.27.1+cu130,1.9.0,2.5.2,0,4,2026-08-18T23:11:07.624721+00:00,ok,,mnist,classification,traditional_field_relu,Traditional neuron + Lambda-Psi + ReLU,traditional,1,after_field,1,1,1,0.5,0.5,1,2026,0.0005,0.0001,0.0,50,43,38,5,0.0001,128,256,128,64,242770,242770,231.92416401812807,cuda,./results/lambda_psi_comparison/checkpoints/mnist/traditional_field_relu/mnist__traditional_field_relu__seed1__lr0p0005__cfg73516d529c1e.pt,0.05733245027065277,98.11999999999999,100.0,,,,,,,0.048117835852503774,98.42,99.98,,,,,,,0.28231722116470337,0.27130618691444397,0.2931942343711853,0.3261494040489197,0.2818008363246918,0.327109694480896,0.27450501918792725,0.28233158588409424
mnist__traditional_field_relu__seed2__lr0p0005__cfg73516d529c1e,73516d529c1e,96b354dd2d4cd04c,2.12.1+cu130,0.27.1+cu130,1.9.0,2.5.2,0,4,2026-08-18T23:14:06.469932+00:00,ok,,mnist,classification,traditional_field_relu,Traditional neuron + Lambda-Psi + ReLU,traditional,1,after_field,1,1,1,0.5,0.5,2,2026,0.0005,0.0001,0.0,50,33,28,5,0.0001,128,256,128,64,242770,242770,177.3770051370375,cuda,./results/lambda_psi_comparison/checkpoints/mnist/traditional_field_relu/mnist__traditional_field_relu__seed2__lr0p0005__cfg73516d529c1e.pt,0.06682220826148987,98.02,99.98,,,,,,,0.05303919987007975,98.34,99.98,,,,,,,0.29434865713119507,0.2947816550731659,0.3102545142173767,0.3251357972621918,0.2979898154735565,0.32261690497398376,0.29279351234436035,0.29913008213043213
mnist__traditional_field_relu__seed3__lr0p0005__cfg73516d529c1e,73516d529c1e,96b354dd2d4cd04c,2.12.1+cu130,0.27.1+cu130,1.9.0,2.5.2,0,4,2026-08-18T23:18:36.349504+00:00,ok,,mnist,classification,traditional_field_relu,Traditional neuron + Lambda-Psi + ReLU,traditional,1,after_field,1,1,1,0.5,0.5,3,2026,0.0005,0.0001,0.0,50,50,45,5,0.0001,128,256,128,64,242770,242770,268.39347550994717,cuda,./results/lambda_psi_comparison/checkpoints/mnist/traditional_field_relu/mnist__traditional_field_relu__seed3__lr0p0005__cfg73516d529c1e.pt,0.057632733941078186,98.16,100.0,,,,,,,0.0487988596457988,98.42999999999999,99.98,,,,,,,0.281823992729187,0.278089314699173,0.29414400458335876,0.33830592036247253,0.2810371518135071,0.30600887537002563,0.2782377004623413,0.2843891382217407
mnist__traditional_field_relu__seed4__lr0p0005__cfg73516d529c1e,73516d529c1e,96b354dd2d4cd04c,2.12.1+cu130,0.27.1+cu130,1.9.0,2.5.2,0,4,2026-08-18T23:21:07.683025+00:00,ok,,mnist,classification,traditional_field_relu,Traditional neuron + Lambda-Psi + ReLU,traditional,1,after_field,1,1,1,0.5,0.5,4,2026,0.0005,0.0001,0.0,50,28,23,5,0.0001,128,256,128,64,242770,242770,149.87740405788645,cuda,./results/lambda_psi_comparison/checkpoints/mnist/traditional_field_relu/mnist__traditional_field_relu__seed4__lr0p0005__cfg73516d529c1e.pt,0.06905880093574523,97.98,99.96000000000001,,,,,,,0.05653411441445351,98.06,99.99,,,,,,,0.30292052030563354,0.29322901368141174,0.3041732609272003,0.33555054664611816,0.2961401641368866,0.31546273827552795,0.2916545271873474,0.2980005741119385
mnist__traditional_field_relu__seed0__lr0p001__cfg73516d529c1e,73516d529c1e,96b354dd2d4cd04c,2.12.1+cu130,0.27.1+cu130,1.9.0,2.5.2,0,4,2026-08-18T23:24:12.358323+00:00,ok,,mnist,classification,traditional_field_relu,Traditional neuron + Lambda-Psi + ReLU,traditional,1,after_field,1,1,1,0.5,0.5,0,2026,0.001,0.0001,0.0,50,34,29,5,0.0001,128,256,128,64,242770,242770,183.19831995479763,cuda,./results/lambda_psi_comparison/checkpoints/mnist/traditional_field_relu/mnist__traditional_field_relu__seed0__lr0p001__cfg73516d529c1e.pt,0.047875247275829313,98.56,100.0,,,,,,,0.04408765914384276,98.58,99.99,,,,,,,0.2723604738712311,0.3029695451259613,0.3002067804336548,0.3105448782444,0.28975921869277954,0.30524933338165283,0.2695052921772003,0.28813257813453674
mnist__traditional_field_relu__seed1__lr0p001__cfg73516d529c1e,73516d529c1e,96b354dd2d4cd04c,2.12.1+cu130,0.27.1+cu130,1.9.0,2.5.2,0,4,2026-08-18T23:26:05.657378+00:00,ok,,mnist,classification,traditional_field_relu,Traditional neuron + Lambda-Psi + ReLU,traditional,1,after_field,1,1,1,0.5,0.5,1,2026,0.001,0.0001,0.0,50,21,16,5,0.0001,128,256,128,64,242770,242770,111.8492077270057,cuda,./results/lambda_psi_comparison/checkpoints/mnist/traditional_field_relu/mnist__traditional_field_relu__seed1__lr0p001__cfg73516d529c1e.pt,0.06549253502190112,98.08,100.0,,,,,,,0.05355017718411982,98.09,99.99,,,,,,,0.2881505787372589,0.30694469809532166,0.3124558627605438,0.32465848326683044,0.3044567108154297,0.33550283312797546,0.2913341522216797,0.30562105774879456
mnist__traditional_field_relu__seed2__lr0p001__cfg73516d529c1e,73516d529c1e,96b354dd2d4cd04c,2.12.1+cu130,0.27.1+cu130,1.9.0,2.5.2,0,4,2026-08-18T23:29:26.730921+00:00,ok,,mnist,classification,traditional_field_relu,Traditional neuron + Lambda-Psi + ReLU,traditional,1,after_field,1,1,1,0.5,0.5,2,2026,0.001,0.0001,0.0,50,37,32,5,0.0001,128,256,128,64,242770,242770,199.59192266501486,cuda,./results/lambda_psi_comparison/checkpoints/mnist/traditional_field_relu/mnist__traditional_field_relu__seed2__lr0p001__cfg73516d529c1e.pt,0.04651969065070152,98.68,99.98,,,,,,,0.043504509621672335,98.64,100.0,,,,,,,0.2653678357601166,0.30769971013069153,0.29938051104545593,0.3004646599292755,0.2882623076438904,0.294799268245697,0.26698732376098633,0.2898867428302765
mnist__traditional_field_relu__seed3__lr0p001__cfg73516d529c1e,73516d529c1e,96b354dd2d4cd04c,2.12.1+cu130,0.27.1+cu130,1.9.0,2.5.2,0,4,2026-08-18T23:31:27.277534+00:00,ok,,mnist,classification,traditional_field_relu,Traditional neuron + Lambda-Psi + ReLU,traditional,1,after_field,1,1,1,0.5,0.5,3,2026,0.001,0.0001,0.0,50,22,17,5,0.0001,128,256,128,64,242770,242770,119.08968301909044,cuda,./results/lambda_psi_comparison/checkpoints/mnist/traditional_field_relu/mnist__traditional_field_relu__seed3__lr0p001__cfg73516d529c1e.pt,0.0649524500131607,98.24000000000001,99.98,,,,,,,0.054127450576424596,98.26,99.99,,,,,,,0.2923946976661682,0.315658837556839,0.3169831335544586,0.3330825865268707,0.3069699704647064,0.3223320245742798,0.2960864305496216,0.31372496485710144
mnist__traditional_field_relu__seed4__lr0p001__cfg73516d529c1e,73516d529c1e,96b354dd2d4cd04c,2.12.1+cu130,0.27.1+cu130,1.9.0,2.5.2,0,4,2026-08-18T23:34:20.818650+00:00,ok,,mnist,classification,traditional_field_relu,Traditional neuron + Lambda-Psi + ReLU,traditional,1,after_field,1,1,1,0.5,0.5,4,2026,0.001,0.0001,0.0,50,32,27,5,0.0001,128,256,128,64,242770,242770,172.1002969481051,cuda,./results/lambda_psi_comparison/checkpoints/mnist/traditional_field_relu/mnist__traditional_field_relu__seed4__lr0p001__cfg73516d529c1e.pt,0.04717633717060089,98.64,100.0,,,,,,,0.04065548610463739,98.68,99.99,,,,,,,0.2774548828601837,0.3091009855270386,0.30603620409965515,0.31466788053512573,0.29516616463661194,0.30863621830940247,0.2804222106933594,0.297089546918869
mnist__traditional_field_relu__seed0__lr0p002__cfg73516d529c1e,73516d529c1e,96b354dd2d4cd04c,2.12.1+cu130,0.27.1+cu130,1.9.0,2.5.2,0,4,2026-08-18T23:36:32.303970+00:00,ok,,mnist,classification,traditional_field_relu,Traditional neuron + Lambda-Psi + ReLU,traditional,1,after_field,1,1,1,0.5,0.5,0,2026,0.002,0.0001,0.0,50,24,19,5,0.0001,128,256,128,64,242770,242770,129.9804699679371,cuda,./results/lambda_psi_comparison/checkpoints/mnist/traditional_field_relu/mnist__traditional_field_relu__seed0__lr0p002__cfg73516d529c1e.pt,0.05314029208086431,98.68,99.98,,,,,,,0.04723531343347859,98.45,99.99,,,,,,,0.324864000082016,0.36947301030158997,0.3629089295864105,0.36436954140663147,0.35237956047058105,0.34253886342048645,0.3256711959838867,0.33659812808036804
mnist__traditional_field_relu__seed1__lr0p002__cfg73516d529c1e,73516d529c1e,96b354dd2d4cd04c,2.12.1+cu130,0.27.1+cu130,1.9.0,2.5.2,0,4,2026-08-18T23:40:42.645145+00:00,ok,,mnist,classification,traditional_field_relu,Traditional neuron + Lambda-Psi + ReLU,traditional,1,after_field,1,1,1,0.5,0.5,1,2026,0.002,0.0001,0.0,50,46,41,5,0.0001,128,256,128,64,242770,242770,248.88566952897236,cuda,./results/lambda_psi_comparison/checkpoints/mnist/traditional_field_relu/mnist__traditional_field_relu__seed1__lr0p002__cfg73516d529c1e.pt,0.04549205079935491,99.06,100.0,,,,,,,0.040550823212991235,98.83,99.99,,,,,,,0.3007200360298157,0.35952478647232056,0.3489862382411957,0.3335283696651459,0.33262601494789124,0.32386860251426697,0.31016576290130615,0.323423832654953
mnist__traditional_field_relu__seed2__lr0p002__cfg73516d529c1e,73516d529c1e,96b354dd2d4cd04c,2.12.1+cu130,0.27.1+cu130,1.9.0,2.5.2,0,4,2026-08-18T23:43:03.567712+00:00,ok,,mnist,classification,traditional_field_relu,Traditional neuron + Lambda-Psi + ReLU,traditional,1,after_field,1,1,1,0.5,0.5,2,2026,0.002,0.0001,0.0,50,26,21,5,0.0001,128,256,128,64,242770,242770,139.41133996797726,cuda,./results/lambda_psi_comparison/checkpoints/mnist/traditional_field_relu/mnist__traditional_field_relu__seed2__lr0p002__cfg73516d529c1e.pt,0.05117833522558212,98.58,99.98,,,,,,,0.04143692512115231,98.7,99.99,,,,,,,0.32942312955856323,0.3715257942676544,0.37133875489234924,0.36066514253616333,0.3543846011161804,0.34251323342323303,0.3278191387653351,0.3482625186443329
mnist__traditional_field_relu__seed3__lr0p002__cfg73516d529c1e,73516d529c1e,96b354dd2d4cd04c,2.12.1+cu130,0.27.1+cu130,1.9.0,2.5.2,0,4,2026-08-18T23:45:36.352607+00:00,ok,,mnist,classification,traditional_field_relu,Traditional neuron + Lambda-Psi + ReLU,traditional,1,after_field,1,1,1,0.5,0.5,3,2026,0.002,0.0001,0.0,50,28,23,5,0.0001,128,256,128,64,242770,242770,151.31339046917856,cuda,./results/lambda_psi_comparison/checkpoints/mnist/traditional_field_relu/mnist__traditional_field_relu__seed3__lr0p002__cfg73516d529c1e.pt,0.04245424464941025,98.8,100.0,,,,,,,0.03510144748126622,98.76,99.99,,,,,,,0.3296394348144531,0.3633880317211151,0.36647751927375793,0.3593730330467224,0.35587078332901,0.3433402478694916,0.33415552973747253,0.34741467237472534
mnist__traditional_field_relu__seed4__lr0p002__cfg73516d529c1e,73516d529c1e,96b354dd2d4cd04c,2.12.1+cu130,0.27.1+cu130,1.9.0,2.5.2,0,4,2026-08-18T23:48:52.602723+00:00,ok,,mnist,classification,traditional_field_relu,Traditional neuron + Lambda-Psi + ReLU,traditional,1,after_field,1,1,1,0.5,0.5,4,2026,0.002,0.0001,0.0,50,36,31,5,0.0001,128,256,128,64,242770,242770,194.85211042803712,cuda,./results/lambda_psi_comparison/checkpoints/mnist/traditional_field_relu/mnist__traditional_field_relu__seed4__lr0p002__cfg73516d529c1e.pt,0.04274308300577104,98.8,100.0,,,,,,,0.0368490321051795,98.85000000000001,100.0,,,,,,,0.3228031396865845,0.36335548758506775,0.3732454180717468,0.3499235212802887,0.35345956683158875,0.33945682644844055,0.3319154679775238,0.33845144510269165
mnist__traditional_field_relu__seed0__lr0p003__cfg73516d529c1e,73516d529c1e,96b354dd2d4cd04c,2.12.1+cu130,0.27.1+cu130,1.9.0,2.5.2,0,4,2026-08-18T23:51:03.121133+00:00,ok,,mnist,classification,traditional_field_relu,Traditional neuron + Lambda-Psi + ReLU,traditional,1,after_field,1,1,1,0.5,0.5,0,2026,0.003,0.0001,0.0,50,24,19,5,0.0001,128,256,128,64,242770,242770,128.9881105190143,cuda,./results/lambda_psi_comparison/checkpoints/mnist/traditional_field_relu/mnist__traditional_field_relu__seed0__lr0p003__cfg73516d529c1e.pt,0.05066257833093405,98.64,99.96000000000001,,,,,,,0.050070035252720115,98.50999999999999,99.97,,,,,,,0.3982193171977997,0.4082460105419159,0.4469310939311981,0.4005752503871918,0.43012404441833496,0.38359853625297546,0.38129332661628723,0.36865055561065674
mnist__traditional_field_relu__seed1__lr0p003__cfg73516d529c1e,73516d529c1e,96b354dd2d4cd04c,2.12.1+cu130,0.27.1+cu130,1.9.0,2.5.2,0,4,2026-08-18T23:52:57.261270+00:00,ok,,mnist,classification,traditional_field_relu,Traditional neuron + Lambda-Psi + ReLU,traditional,1,after_field,1,1,1,0.5,0.5,1,2026,0.003,0.0001,0.0,50,21,16,5,0.0001,128,256,128,64,242770,242770,112.67443338478915,cuda,./results/lambda_psi_comparison/checkpoints/mnist/traditional_field_relu/mnist__traditional_field_relu__seed1__lr0p003__cfg73516d529c1e.pt,0.05593915861845016,98.46000000000001,99.98,,,,,,,0.04646269059195183,98.45,100.0,,,,,,,0.3863253593444824,0.40398555994033813,0.434135377407074,0.37619659304618835,0.40657222270965576,0.37520861625671387,0.374801903963089,0.3770350217819214
mnist__traditional_field_relu__seed2__lr0p003__cfg73516d529c1e,73516d529c1e,96b354dd2d4cd04c,2.12.1+cu130,0.27.1+cu130,1.9.0,2.5.2,0,4,2026-08-18T23:54:14.748962+00:00,ok,,mnist,classification,traditional_field_relu,Traditional neuron + Lambda-Psi + ReLU,traditional,1,after_field,1,1,1,0.5,0.5,2,2026,0.003,0.0001,0.0,50,14,9,5,0.0001,128,256,128,64,242770,242770,75.99247669382021,cuda,./results/lambda_psi_comparison/checkpoints/mnist/traditional_field_relu/mnist__traditional_field_relu__seed2__lr0p003__cfg73516d529c1e.pt,0.06450322735309601,98.24000000000001,100.0,,,,,,,0.058592186832614246,98.06,99.97,,,,,,,0.3717168867588043,0.39078736305236816,0.40672823786735535,0.38223996758461,0.39033243060112,0.3702423572540283,0.36372801661491394,0.3795945942401886
mnist__traditional_field_relu__seed3__lr0p003__cfg73516d529c1e,73516d529c1e,96b354dd2d4cd04c,2.12.1+cu130,0.27.1+cu130,1.9.0,2.5.2,0,4,2026-08-18T23:57:20.040493+00:00,ok,,mnist,classification,traditional_field_relu,Traditional neuron + Lambda-Psi + ReLU,traditional,1,after_field,1,1,1,0.5,0.5,3,2026,0.003,0.0001,0.0,50,34,29,5,0.0001,128,256,128,64,242770,242770,183.86370189697482,cuda,./results/lambda_psi_comparison/checkpoints/mnist/traditional_field_relu/mnist__traditional_field_relu__seed3__lr0p003__cfg73516d529c1e.pt,0.04218954773545265,98.92,99.98,,,,,,,0.03783503610594198,98.9,99.98,,,,,,,0.41021114587783813,0.4080447256565094,0.451761394739151,0.3985268175601959,0.43225693702697754,0.3803611099720001,0.3901667892932892,0.37781065702438354
mnist__traditional_field_relu__seed4__lr0p003__cfg73516d529c1e,73516d529c1e,96b354dd2d4cd04c,2.12.1+cu130,0.27.1+cu130,1.9.0,2.5.2,0,4,2026-08-19T00:00:29.498838+00:00,ok,,mnist,classification,traditional_field_relu,Traditional neuron + Lambda-Psi + ReLU,traditional,1,after_field,1,1,1,0.5,0.5,4,2026,0.003,0.0001,0.0,50,35,30,5,0.0001,128,256,128,64,242770,242770,187.92920233518817,cuda,./results/lambda_psi_comparison/checkpoints/mnist/traditional_field_relu/mnist__traditional_field_relu__seed4__lr0p003__cfg73516d529c1e.pt,0.04582942752242088,98.83999999999999,99.96000000000001,,,,,,,0.04056508517563343,98.81,99.99,,,,,,,0.40474602580070496,0.4148126542568207,0.46322038769721985,0.4003031849861145,0.43706199526786804,0.3850349187850952,0.3973435163497925,0.37912631034851074
mnist__traditional_relu_field__seed0__lr0p0003__cfg4aeca21cea2c,4aeca21cea2c,96b354dd2d4cd04c,2.12.1+cu130,0.27.1+cu130,1.9.0,2.5.2,0,4,2026-08-19T00:04:16.766395+00:00,ok,,mnist,classification,traditional_relu_field,Traditional neuron + ReLU + Lambda-Psi,traditional,1,before_field,1,1,1,0.5,0.5,0,2026,0.0003,0.0001,0.0,50,42,37,5,0.0001,128,256,128,64,242770,242770,225.8071569800377,cuda,./results/lambda_psi_comparison/checkpoints/mnist/traditional_relu_field/mnist__traditional_relu_field__seed0__lr0p0003__cfg4aeca21cea2c.pt,0.10061525540351868,97.0,99.94,,,,,,,0.0913152948692441,97.11,99.99,,,,,,,0.2785966694355011,0.3708288371562958,0.26901939511299133,0.32702648639678955,0.2697984278202057,0.2933022975921631,0.2795613408088684,0.2793880105018616
mnist__traditional_relu_field__seed1__lr0p0003__cfg4aeca21cea2c,4aeca21cea2c,96b354dd2d4cd04c,2.12.1+cu130,0.27.1+cu130,1.9.0,2.5.2,0,4,2026-08-19T00:08:28.920137+00:00,ok,,mnist,classification,traditional_relu_field,Traditional neuron + ReLU + Lambda-Psi,traditional,1,before_field,1,1,1,0.5,0.5,1,2026,0.0003,0.0001,0.0,50,46,41,5,0.0001,128,256,128,64,242770,242770,250.69307882804424,cuda,./results/lambda_psi_comparison/checkpoints/mnist/traditional_relu_field/mnist__traditional_relu_field__seed1__lr0p0003__cfg4aeca21cea2c.pt,0.09594945306777954,96.98,99.96000000000001,,,,,,,0.08500124428868294,97.36,99.96000000000001,,,,,,,0.27313217520713806,0.3735283613204956,0.2614310681819916,0.3217372000217438,0.2623671889305115,0.28289419412612915,0.2718528211116791,0.2726832330226898
mnist__traditional_relu_field__seed2__lr0p0003__cfg4aeca21cea2c,4aeca21cea2c,96b354dd2d4cd04c,2.12.1+cu130,0.27.1+cu130,1.9.0,2.5.2,0,4,2026-08-19T00:12:34.334988+00:00,ok,,mnist,classification,traditional_relu_field,Traditional neuron + ReLU + Lambda-Psi,traditional,1,before_field,1,1,1,0.5,0.5,2,2026,0.0003,0.0001,0.0,50,45,40,5,0.0001,128,256,128,64,242770,242770,243.9200173090212,cuda,./results/lambda_psi_comparison/checkpoints/mnist/traditional_relu_field/mnist__traditional_relu_field__seed2__lr0p0003__cfg4aeca21cea2c.pt,0.09611560301780701,97.26,99.92,,,,,,,0.0842845546875149,97.19,99.97,,,,,,,0.26861661672592163,0.3469797670841217,0.2653140723705292,0.30770814418792725,0.26515424251556396,0.3175937831401825,0.2809293270111084,0.27413883805274963
mnist__traditional_relu_field__seed3__lr0p0003__cfg4aeca21cea2c,4aeca21cea2c,96b354dd2d4cd04c,2.12.1+cu130,0.27.1+cu130,1.9.0,2.5.2,0,4,2026-08-19T00:16:55.623027+00:00,ok,,mnist,classification,traditional_relu_field,Traditional neuron + ReLU + Lambda-Psi,traditional,1,before_field,1,1,1,0.5,0.5,3,2026,0.0003,0.0001,0.0,50,48,43,5,0.0001,128,256,128,64,242770,242770,259.8166411628481,cuda,./results/lambda_psi_comparison/checkpoints/mnist/traditional_relu_field/mnist__traditional_relu_field__seed3__lr0p0003__cfg4aeca21cea2c.pt,0.08841368763446808,97.28,99.9,,,,,,,0.07533390162624419,97.50999999999999,99.97,,,,,,,0.26601168513298035,0.3395010232925415,0.2620571255683899,0.30933529138565063,0.2620899975299835,0.2918689548969269,0.2729799151420593,0.2739054262638092
mnist__traditional_relu_field__seed4__lr0p0003__cfg4aeca21cea2c,4aeca21cea2c,96b354dd2d4cd04c,2.12.1+cu130,0.27.1+cu130,1.9.0,2.5.2,0,4,2026-08-19T00:21:25.555104+00:00,ok,,mnist,classification,traditional_relu_field,Traditional neuron + ReLU + Lambda-Psi,traditional,1,before_field,1,1,1,0.5,0.5,4,2026,0.0003,0.0001,0.0,50,50,46,5,0.0001,128,256,128,64,242770,242770,268.4487393521704,cuda,./results/lambda_psi_comparison/checkpoints/mnist/traditional_relu_field/mnist__traditional_relu_field__seed4__lr0p0003__cfg4aeca21cea2c.pt,0.08426796579360962,97.34,99.92,,,,,,,0.07774855604469776,97.5,99.96000000000001,,,,,,,0.27308058738708496,0.3363838791847229,0.26771336793899536,0.3003062605857849,0.2669740617275238,0.2906448543071747,0.2765481770038605,0.27881932258605957
mnist__traditional_relu_field__seed0__lr0p0005__cfg4aeca21cea2c,4aeca21cea2c,96b354dd2d4cd04c,2.12.1+cu130,0.27.1+cu130,1.9.0,2.5.2,0,4,2026-08-19T00:25:19.044962+00:00,ok,,mnist,classification,traditional_relu_field,Traditional neuron + ReLU + Lambda-Psi,traditional,1,before_field,1,1,1,0.5,0.5,0,2026,0.0005,0.0001,0.0,50,43,38,5,0.0001,128,256,128,64,242770,242770,231.95974361803383,cuda,./results/lambda_psi_comparison/checkpoints/mnist/traditional_relu_field/mnist__traditional_relu_field__seed0__lr0p0005__cfg4aeca21cea2c.pt,0.06708642888069152,98.1,100.0,,,,,,,0.061818528156355024,97.95,99.98,,,,,,,0.25682222843170166,0.3482125401496887,0.2503928542137146,0.29385578632354736,0.24967777729034424,0.25835248827934265,0.2566477954387665,0.2591593563556671
mnist__traditional_relu_field__seed1__lr0p0005__cfg4aeca21cea2c,4aeca21cea2c,96b354dd2d4cd04c,2.12.1+cu130,0.27.1+cu130,1.9.0,2.5.2,0,4,2026-08-19T00:29:39.429637+00:00,ok,,mnist,classification,traditional_relu_field,Traditional neuron + ReLU + Lambda-Psi,traditional,1,before_field,1,1,1,0.5,0.5,1,2026,0.0005,0.0001,0.0,50,48,43,5,0.0001,128,256,128,64,242770,242770,258.9157373160124,cuda,./results/lambda_psi_comparison/checkpoints/mnist/traditional_relu_field/mnist__traditional_relu_field__seed1__lr0p0005__cfg4aeca21cea2c.pt,0.07027434237003326,97.88,99.98,,,,,,,0.061533375575393436,97.91,99.98,,,,,,,0.2556382715702057,0.35053277015686035,0.24679669737815857,0.2850553095340729,0.24673660099506378,0.24417605996131897,0.2596276104450226,0.25993889570236206
mnist__traditional_relu_field__seed2__lr0p0005__cfg4aeca21cea2c,4aeca21cea2c,96b354dd2d4cd04c,2.12.1+cu130,0.27.1+cu130,1.9.0,2.5.2,0,4,2026-08-19T00:33:17.464081+00:00,ok,,mnist,classification,traditional_relu_field,Traditional neuron + ReLU + Lambda-Psi,traditional,1,before_field,1,1,1,0.5,0.5,2,2026,0.0005,0.0001,0.0,50,40,35,5,0.0001,128,256,128,64,242770,242770,216.54978573392145,cuda,./results/lambda_psi_comparison/checkpoints/mnist/traditional_relu_field/mnist__traditional_relu_field__seed2__lr0p0005__cfg4aeca21cea2c.pt,0.07102531545162201,97.94,99.96000000000001,,,,,,,0.0567061993740499,98.11999999999999,99.97,,,,,,,0.25729596614837646,0.337901771068573,0.2554023861885071,0.27022483944892883,0.2544791102409363,0.2956831455230713,0.26993364095687866,0.26546239852905273
mnist__traditional_relu_field__seed3__lr0p0005__cfg4aeca21cea2c,4aeca21cea2c,96b354dd2d4cd04c,2.12.1+cu130,0.27.1+cu130,1.9.0,2.5.2,0,4,2026-08-19T00:36:58.025122+00:00,ok,,mnist,classification,traditional_relu_field,Traditional neuron + ReLU + Lambda-Psi,traditional,1,before_field,1,1,1,0.5,0.5,3,2026,0.0005,0.0001,0.0,50,41,36,5,0.0001,128,256,128,64,242770,242770,219.08929341705516,cuda,./results/lambda_psi_comparison/checkpoints/mnist/traditional_relu_field/mnist__traditional_relu_field__seed3__lr0p0005__cfg4aeca21cea2c.pt,0.06661460480690003,98.1,99.98,,,,,,,0.057137524783611296,98.22,99.99,,,,,,,0.255870521068573,0.31499096751213074,0.2567388415336609,0.26534703373908997,0.25606220960617065,0.26963672041893005,0.2595962882041931,0.2703053951263428
mnist__traditional_relu_field__seed4__lr0p0005__cfg4aeca21cea2c,4aeca21cea2c,96b354dd2d4cd04c,2.12.1+cu130,0.27.1+cu130,1.9.0,2.5.2,0,4,2026-08-19T00:40:18.117694+00:00,ok,,mnist,classification,traditional_relu_field,Traditional neuron + ReLU + Lambda-Psi,traditional,1,before_field,1,1,1,0.5,0.5,4,2026,0.0005,0.0001,0.0,50,37,32,5,0.0001,128,256,128,64,242770,242770,198.65232654218562,cuda,./results/lambda_psi_comparison/checkpoints/mnist/traditional_relu_field/mnist__traditional_relu_field__seed4__lr0p0005__cfg4aeca21cea2c.pt,0.06516299905776977,97.96000000000001,99.96000000000001,,,,,,,0.06358897252622991,98.04,99.99,,,,,,,0.2636704444885254,0.30648037791252136,0.26450157165527344,0.28054535388946533,0.2627071738243103,0.2672656774520874,0.26654666662216187,0.27611932158470154
mnist__traditional_relu_field__seed0__lr0p001__cfg4aeca21cea2c,4aeca21cea2c,96b354dd2d4cd04c,2.12.1+cu130,0.27.1+cu130,1.9.0,2.5.2,0,4,2026-08-19T00:44:51.313141+00:00,ok,,mnist,classification,traditional_relu_field,Traditional neuron + ReLU + Lambda-Psi,traditional,1,before_field,1,1,1,0.5,0.5,0,2026,0.001,0.0001,0.0,50,50,50,5,0.0001,128,256,128,64,242770,242770,271.77532368688844,cuda,./results/lambda_psi_comparison/checkpoints/mnist/traditional_relu_field/mnist__traditional_relu_field__seed0__lr0p001__cfg4aeca21cea2c.pt,0.044127343206107617,98.7,99.98,,,,,,,0.038835219576768575,98.77,99.98,,,,,,,0.22294706106185913,0.2980603575706482,0.2525290250778198,0.22128763794898987,0.2545900046825409,0.2001177966594696,0.2567119002342224,0.2667555809020996
mnist__traditional_relu_field__seed1__lr0p001__cfg4aeca21cea2c,4aeca21cea2c,96b354dd2d4cd04c,2.12.1+cu130,0.27.1+cu130,1.9.0,2.5.2,0,4,2026-08-19T00:46:56.210228+00:00,ok,,mnist,classification,traditional_relu_field,Traditional neuron + ReLU + Lambda-Psi,traditional,1,before_field,1,1,1,0.5,0.5,1,2026,0.001,0.0001,0.0,50,23,18,5,0.0001,128,256,128,64,242770,242770,123.42509737913497,cuda,./results/lambda_psi_comparison/checkpoints/mnist/traditional_relu_field/mnist__traditional_relu_field__seed1__lr0p001__cfg4aeca21cea2c.pt,0.0726836760044098,98.18,99.96000000000001,,,,,,,0.06421944544315338,97.94,99.94,,,,,,,0.2589421272277832,0.3224170207977295,0.2776545584201813,0.2533830404281616,0.2788001000881195,0.2391495406627655,0.2835964858531952,0.2940630316734314
mnist__traditional_relu_field__seed2__lr0p001__cfg4aeca21cea2c,4aeca21cea2c,96b354dd2d4cd04c,2.12.1+cu130,0.27.1+cu130,1.9.0,2.5.2,0,4,2026-08-19T00:50:00.181623+00:00,ok,,mnist,classification,traditional_relu_field,Traditional neuron + ReLU + Lambda-Psi,traditional,1,before_field,1,1,1,0.5,0.5,2,2026,0.001,0.0001,0.0,50,34,29,5,0.0001,128,256,128,64,242770,242770,182.49534536991268,cuda,./results/lambda_psi_comparison/checkpoints/mnist/traditional_relu_field/mnist__traditional_relu_field__seed2__lr0p001__cfg4aeca21cea2c.pt,0.05070273082256317,98.5,100.0,,,,,,,0.0449001909006387,98.45,99.98,,,,,,,0.24058610200881958,0.30795082449913025,0.27188587188720703,0.222158282995224,0.2712816298007965,0.23604615032672882,0.27197733521461487,0.29473504424095154
mnist__traditional_relu_field__seed3__lr0p001__cfg4aeca21cea2c,4aeca21cea2c,96b354dd2d4cd04c,2.12.1+cu130,0.27.1+cu130,1.9.0,2.5.2,0,4,2026-08-19T00:52:59.472071+00:00,ok,,mnist,classification,traditional_relu_field,Traditional neuron + ReLU + Lambda-Psi,traditional,1,before_field,1,1,1,0.5,0.5,3,2026,0.001,0.0001,0.0,50,33,28,5,0.0001,128,256,128,64,242770,242770,177.77387460088357,cuda,./results/lambda_psi_comparison/checkpoints/mnist/traditional_relu_field/mnist__traditional_relu_field__seed3__lr0p001__cfg4aeca21cea2c.pt,0.05322054067850113,98.48,99.96000000000001,,,,,,,0.04948419363647699,98.48,99.96000000000001,,,,,,,0.24092666804790497,0.3035780191421509,0.26755407452583313,0.23267970979213715,0.26593729853630066,0.2322460412979126,0.26996955275535583,0.2902328372001648
mnist__traditional_relu_field__seed4__lr0p001__cfg4aeca21cea2c,4aeca21cea2c,96b354dd2d4cd04c,2.12.1+cu130,0.27.1+cu130,1.9.0,2.5.2,0,4,2026-08-19T00:56:29.907884+00:00,ok,,mnist,classification,traditional_relu_field,Traditional neuron + ReLU + Lambda-Psi,traditional,1,before_field,1,1,1,0.5,0.5,4,2026,0.001,0.0001,0.0,50,39,34,5,0.0001,128,256,128,64,242770,242770,208.92641767603345,cuda,./results/lambda_psi_comparison/checkpoints/mnist/traditional_relu_field/mnist__traditional_relu_field__seed4__lr0p001__cfg4aeca21cea2c.pt,0.048394020426273346,98.6,99.98,,,,,,,0.04290065591670573,98.61,100.0,,,,,,,0.25038090348243713,0.28192204236984253,0.27546989917755127,0.21295477449893951,0.2760782241821289,0.23982183635234833,0.2747192680835724,0.29927000403404236
mnist__traditional_relu_field__seed0__lr0p002__cfg4aeca21cea2c,4aeca21cea2c,96b354dd2d4cd04c,2.12.1+cu130,0.27.1+cu130,1.9.0,2.5.2,0,4,2026-08-19T01:00:09.261707+00:00,ok,,mnist,classification,traditional_relu_field,Traditional neuron + ReLU + Lambda-Psi,traditional,1,before_field,1,1,1,0.5,0.5,0,2026,0.002,0.0001,0.0,50,39,34,5,0.0001,128,256,128,64,242770,242770,217.86055665789172,cuda,./results/lambda_psi_comparison/checkpoints/mnist/traditional_relu_field/mnist__traditional_relu_field__seed0__lr0p002__cfg4aeca21cea2c.pt,0.046258840882778166,98.82,99.98,,,,,,,0.038749614189239216,98.74000000000001,99.99,,,,,,,0.20492146909236908,0.21707555651664734,0.34700506925582886,0.15805833041667938,0.3641446530818939,0.1806895136833191,0.37162280082702637,0.38971051573753357
mnist__traditional_relu_field__seed1__lr0p002__cfg4aeca21cea2c,4aeca21cea2c,96b354dd2d4cd04c,2.12.1+cu130,0.27.1+cu130,1.9.0,2.5.2,0,4,2026-08-19T01:04:41.358991+00:00,ok,,mnist,classification,traditional_relu_field,Traditional neuron + ReLU + Lambda-Psi,traditional,1,before_field,1,1,1,0.5,0.5,1,2026,0.002,0.0001,0.0,50,50,46,5,0.0001,128,256,128,64,242770,242770,270.6150867899414,cuda,./results/lambda_psi_comparison/checkpoints/mnist/traditional_relu_field/mnist__traditional_relu_field__seed1__lr0p002__cfg4aeca21cea2c.pt,0.04597091510295868,98.88,100.0,,,,,,,0.03894497400181135,98.88,99.99,,,,,,,0.1873086392879486,0.2442290335893631,0.3162083029747009,0.16300944983959198,0.32026949524879456,0.16951268911361694,0.34837019443511963,0.3593239188194275
mnist__traditional_relu_field__seed2__lr0p002__cfg4aeca21cea2c,4aeca21cea2c,96b354dd2d4cd04c,2.12.1+cu130,0.27.1+cu130,1.9.0,2.5.2,0,4,2026-08-19T01:06:57.239542+00:00,ok,,mnist,classification,traditional_relu_field,Traditional neuron + ReLU + Lambda-Psi,traditional,1,before_field,1,1,1,0.5,0.5,2,2026,0.002,0.0001,0.0,50,25,20,5,0.0001,128,256,128,64,242770,242770,134.3669633329846,cuda,./results/lambda_psi_comparison/checkpoints/mnist/traditional_relu_field/mnist__traditional_relu_field__seed2__lr0p002__cfg4aeca21cea2c.pt,0.06055707883834839,98.16,99.98,,,,,,,0.048730195773765445,98.35000000000001,99.99,,,,,,,0.22817109525203705,0.26134392619132996,0.32648953795433044,0.18586689233779907,0.33253827691078186,0.21812596917152405,0.34869131445884705,0.3766383230686188
mnist__traditional_relu_field__seed3__lr0p002__cfg4aeca21cea2c,4aeca21cea2c,96b354dd2d4cd04c,2.12.1+cu130,0.27.1+cu130,1.9.0,2.5.2,0,4,2026-08-19T01:10:13.846608+00:00,ok,,mnist,classification,traditional_relu_field,Traditional neuron + ReLU + Lambda-Psi,traditional,1,before_field,1,1,1,0.5,0.5,3,2026,0.002,0.0001,0.0,50,36,31,5,0.0001,128,256,128,64,242770,242770,195.15579850715585,cuda,./results/lambda_psi_comparison/checkpoints/mnist/traditional_relu_field/mnist__traditional_relu_field__seed3__lr0p002__cfg4aeca21cea2c.pt,0.04415418798923493,98.82,100.0,,,,,,,0.04114450826784596,98.61,99.98,,,,,,,0.20101191103458405,0.2084367573261261,0.34910163283348083,0.1622125208377838,0.35426515340805054,0.1804801970720291,0.3750494420528412,0.39247116446495056
mnist__traditional_relu_field__seed4__lr0p002__cfg4aeca21cea2c,4aeca21cea2c,96b354dd2d4cd04c,2.12.1+cu130,0.27.1+cu130,1.9.0,2.5.2,0,4,2026-08-19T01:13:28.155443+00:00,ok,,mnist,classification,traditional_relu_field,Traditional neuron + ReLU + Lambda-Psi,traditional,1,before_field,1,1,1,0.5,0.5,4,2026,0.002,0.0001,0.0,50,36,31,5,0.0001,128,256,128,64,242770,242770,192.83005453506485,cuda,./results/lambda_psi_comparison/checkpoints/mnist/traditional_relu_field/mnist__traditional_relu_field__seed4__lr0p002__cfg4aeca21cea2c.pt,0.046897446751594546,98.74000000000001,99.96000000000001,,,,,,,0.03979007738912478,98.79,99.99,,,,,,,0.21703015267848969,0.2023439258337021,0.3563961684703827,0.15117134153842926,0.3741365969181061,0.18912085890769958,0.3892020285129547,0.41229498386383057
mnist__traditional_relu_field__seed0__lr0p003__cfg4aeca21cea2c,4aeca21cea2c,96b354dd2d4cd04c,2.12.1+cu130,0.27.1+cu130,1.9.0,2.5.2,0,4,2026-08-19T01:16:38.150702+00:00,ok,,mnist,classification,traditional_relu_field,Traditional neuron + ReLU + Lambda-Psi,traditional,1,before_field,1,1,1,0.5,0.5,0,2026,0.003,0.0001,0.0,50,35,30,5,0.0001,128,256,128,64,242770,242770,188.554693588987,cuda,./results/lambda_psi_comparison/checkpoints/mnist/traditional_relu_field/mnist__traditional_relu_field__seed0__lr0p003__cfg4aeca21cea2c.pt,0.042093938195705415,98.8,99.98,,,,,,,0.042748081691050904,98.72999999999999,99.96000000000001,,,,,,,0.19741547107696533,0.14578557014465332,0.4431297183036804,0.120985247194767,0.4842164218425751,0.16194044053554535,0.5096724033355713,0.5006332993507385
mnist__traditional_relu_field__seed1__lr0p003__cfg4aeca21cea2c,4aeca21cea2c,96b354dd2d4cd04c,2.12.1+cu130,0.27.1+cu130,1.9.0,2.5.2,0,4,2026-08-19T01:19:53.948940+00:00,ok,,mnist,classification,traditional_relu_field,Traditional neuron + ReLU + Lambda-Psi,traditional,1,before_field,1,1,1,0.5,0.5,1,2026,0.003,0.0001,0.0,50,36,31,5,0.0001,128,256,128,64,242770,242770,194.28919228399172,cuda,./results/lambda_psi_comparison/checkpoints/mnist/traditional_relu_field/mnist__traditional_relu_field__seed1__lr0p003__cfg4aeca21cea2c.pt,0.04960676114559174,98.64,100.0,,,,,,,0.03933638893421739,98.72,99.98,,,,,,,0.1791435331106186,0.182914599776268,0.43659985065460205,0.13935431838035583,0.44956403970718384,0.14760923385620117,0.5041201114654541,0.4947836697101593
mnist__traditional_relu_field__seed2__lr0p003__cfg4aeca21cea2c,4aeca21cea2c,96b354dd2d4cd04c,2.12.1+cu130,0.27.1+cu130,1.9.0,2.5.2,0,4,2026-08-19T01:22:54.386474+00:00,ok,,mnist,classification,traditional_relu_field,Traditional neuron + ReLU + Lambda-Psi,traditional,1,before_field,1,1,1,0.5,0.5,2,2026,0.003,0.0001,0.0,50,33,28,5,0.0001,128,256,128,64,242770,242770,178.96748275891878,cuda,./results/lambda_psi_comparison/checkpoints/mnist/traditional_relu_field/mnist__traditional_relu_field__seed2__lr0p003__cfg4aeca21cea2c.pt,0.04571740190982818,98.76,99.98,,,,,,,0.041455741011910144,98.67,99.98,,,,,,,0.200933575630188,0.18214236199855804,0.4555303156375885,0.128922700881958,0.4712831377983093,0.16392657160758972,0.49528491497039795,0.5191349983215332
mnist__traditional_relu_field__seed3__lr0p003__cfg4aeca21cea2c,4aeca21cea2c,96b354dd2d4cd04c,2.12.1+cu130,0.27.1+cu130,1.9.0,2.5.2,0,4,2026-08-19T01:26:10.002633+00:00,ok,,mnist,classification,traditional_relu_field,Traditional neuron + ReLU + Lambda-Psi,traditional,1,before_field,1,1,1,0.5,0.5,3,2026,0.003,0.0001,0.0,50,36,31,5,0.0001,128,256,128,64,242770,242770,194.09164851694368,cuda,./results/lambda_psi_comparison/checkpoints/mnist/traditional_relu_field/mnist__traditional_relu_field__seed3__lr0p003__cfg4aeca21cea2c.pt,0.045326635724306105,98.7,100.0,,,,,,,0.04003592683319002,98.65,100.0,,,,,,,0.18426962196826935,0.15004286170005798,0.4535612463951111,0.12820468842983246,0.47401946783065796,0.15813446044921875,0.5039209723472595,0.5095165371894836
mnist__traditional_relu_field__seed4__lr0p003__cfg4aeca21cea2c,4aeca21cea2c,96b354dd2d4cd04c,2.12.1+cu130,0.27.1+cu130,1.9.0,2.5.2,0,4,2026-08-19T01:30:39.484718+00:00,ok,,mnist,classification,traditional_relu_field,Traditional neuron + ReLU + Lambda-Psi,traditional,1,before_field,1,1,1,0.5,0.5,4,2026,0.003,0.0001,0.0,50,50,46,5,0.0001,128,256,128,64,242770,242770,267.9642550740391,cuda,./results/lambda_psi_comparison/checkpoints/mnist/traditional_relu_field/mnist__traditional_relu_field__seed4__lr0p003__cfg4aeca21cea2c.pt,0.043520585406571624,98.88,99.98,,,,,,,0.03547779269714374,98.89,100.0,,,,,,,0.18029442429542542,0.13279949128627777,0.4326431453227997,0.11097290366888046,0.46508607268333435,0.1750963181257248,0.4928613007068634,0.49079927802085876
mnist__aptx__seed0__lr0p0003__cfgb2f744f365af,b2f744f365af,96b354dd2d4cd04c,2.12.1+cu130,0.27.1+cu130,1.9.0,2.5.2,0,4,2026-08-19T01:32:36.241947+00:00,ok,,mnist,classification,aptx,APTx Neuron,aptx,0,none,0,1,1,0.5,0.5,0,2026,0.0003,0.0001,0.0,50,27,22,5,0.0001,128,256,128,64,727370,727370,115.27653000503778,cuda,./results/lambda_psi_comparison/checkpoints/mnist/aptx/mnist__aptx__seed0__lr0p0003__cfgb2f744f365af.pt,1490.2231328125,92.44,99.76,,,,,,,1182.5753346618653,92.86999999999999,99.75,,,,,,,,,,,,,,
mnist__aptx__seed1__lr0p0003__cfgb2f744f365af,b2f744f365af,96b354dd2d4cd04c,2.12.1+cu130,0.27.1+cu130,1.9.0,2.5.2,0,4,2026-08-19T01:35:57.907910+00:00,ok,,mnist,classification,aptx,APTx Neuron,aptx,0,none,0,1,1,0.5,0.5,1,2026,0.0003,0.0001,0.0,50,47,42,5,0.0001,128,256,128,64,727370,727370,200.23311885399744,cuda,./results/lambda_psi_comparison/checkpoints/mnist/aptx/mnist__aptx__seed1__lr0p0003__cfgb2f744f365af.pt,959.328162890625,93.62,99.8,,,,,,,839.607283203125,93.88,99.79,,,,,,,,,,,,,,
mnist__aptx__seed2__lr0p0003__cfgb2f744f365af,b2f744f365af,96b354dd2d4cd04c,2.12.1+cu130,0.27.1+cu130,1.9.0,2.5.2,0,4,2026-08-19T01:39:02.770830+00:00,ok,,mnist,classification,aptx,APTx Neuron,aptx,0,none,0,1,1,0.5,0.5,2,2026,0.0003,0.0001,0.0,50,43,38,5,0.0001,128,256,128,64,727370,727370,183.45859450218268,cuda,./results/lambda_psi_comparison/checkpoints/mnist/aptx/mnist__aptx__seed2__lr0p0003__cfgb2f744f365af.pt,1119.2860390625,93.02,99.72,,,,,,,903.9492658203125,93.69,99.78,,,,,,,,,,,,,,
mnist__aptx__seed3__lr0p0003__cfgb2f744f365af,b2f744f365af,96b354dd2d4cd04c,2.12.1+cu130,0.27.1+cu130,1.9.0,2.5.2,0,4,2026-08-19T01:41:29.781399+00:00,ok,,mnist,classification,aptx,APTx Neuron,aptx,0,none,0,1,1,0.5,0.5,3,2026,0.0003,0.0001,0.0,50,34,29,5,0.0001,128,256,128,64,727370,727370,145.50387155497447,cuda,./results/lambda_psi_comparison/checkpoints/mnist/aptx/mnist__aptx__seed3__lr0p0003__cfgb2f744f365af.pt,1307.456987109375,92.96,99.68,,,,,,,1154.72854765625,93.4,99.85000000000001,,,,,,,,,,,,,,
mnist__aptx__seed4__lr0p0003__cfgb2f744f365af,b2f744f365af,96b354dd2d4cd04c,2.12.1+cu130,0.27.1+cu130,1.9.0,2.5.2,0,4,2026-08-19T01:44:43.131568+00:00,ok,,mnist,classification,aptx,APTx Neuron,aptx,0,none,0,1,1,0.5,0.5,4,2026,0.0003,0.0001,0.0,50,45,40,5,0.0001,128,256,128,64,727370,727370,191.86053344304673,cuda,./results/lambda_psi_comparison/checkpoints/mnist/aptx/mnist__aptx__seed4__lr0p0003__cfgb2f744f365af.pt,1102.2153359375,93.42,99.82,,,,,,,896.67879921875,94.15,99.75,,,,,,,,,,,,,,
mnist__aptx__seed0__lr0p0005__cfgb2f744f365af,b2f744f365af,96b354dd2d4cd04c,2.12.1+cu130,0.27.1+cu130,1.9.0,2.5.2,0,4,2026-08-19T01:48:17.405286+00:00,ok,,mnist,classification,aptx,APTx Neuron,aptx,0,none,0,1,1,0.5,0.5,0,2026,0.0005,0.0001,0.0,50,50,46,5,0.0001,128,256,128,64,727370,727370,212.76511616795324,cuda,./results/lambda_psi_comparison/checkpoints/mnist/aptx/mnist__aptx__seed0__lr0p0005__cfgb2f744f365af.pt,668.3441515625,95.16,99.9,,,,,,,554.7936044433594,95.15,99.86,,,,,,,,,,,,,,
mnist__aptx__seed1__lr0p0005__cfgb2f744f365af,b2f744f365af,96b354dd2d4cd04c,2.12.1+cu130,0.27.1+cu130,1.9.0,2.5.2,0,4,2026-08-19T01:50:34.917887+00:00,ok,,mnist,classification,aptx,APTx Neuron,aptx,0,none,0,1,1,0.5,0.5,1,2026,0.0005,0.0001,0.0,50,32,27,5,0.0001,128,256,128,64,727370,727370,135.99642073712312,cuda,./results/lambda_psi_comparison/checkpoints/mnist/aptx/mnist__aptx__seed1__lr0p0005__cfgb2f744f365af.pt,720.264067578125,94.8,99.83999999999999,,,,,,,614.099876953125,94.82000000000001,99.87,,,,,,,,,,,,,,
mnist__aptx__seed2__lr0p0005__cfgb2f744f365af,b2f744f365af,96b354dd2d4cd04c,2.12.1+cu130,0.27.1+cu130,1.9.0,2.5.2,0,4,2026-08-19T01:54:05.719033+00:00,ok,,mnist,classification,aptx,APTx Neuron,aptx,0,none,0,1,1,0.5,0.5,2,2026,0.0005,0.0001,0.0,50,49,44,5,0.0001,128,256,128,64,727370,727370,209.30324049293995,cuda,./results/lambda_psi_comparison/checkpoints/mnist/aptx/mnist__aptx__seed2__lr0p0005__cfgb2f744f365af.pt,648.8191359375,94.8,99.83999999999999,,,,,,,540.4096458984375,95.09,99.9,,,,,,,,,,,,,,
mnist__aptx__seed3__lr0p0005__cfgb2f744f365af,b2f744f365af,96b354dd2d4cd04c,2.12.1+cu130,0.27.1+cu130,1.9.0,2.5.2,0,4,2026-08-19T01:56:57.361041+00:00,ok,,mnist,classification,aptx,APTx Neuron,aptx,0,none,0,1,1,0.5,0.5,3,2026,0.0005,0.0001,0.0,50,40,35,5,0.0001,128,256,128,64,727370,727370,170.19312943215482,cuda,./results/lambda_psi_comparison/checkpoints/mnist/aptx/mnist__aptx__seed3__lr0p0005__cfgb2f744f365af.pt,766.45144140625,94.8,99.82,,,,,,,569.595044140625,95.41,99.91,,,,,,,,,,,,,,
mnist__aptx__seed4__lr0p0005__cfgb2f744f365af,b2f744f365af,96b354dd2d4cd04c,2.12.1+cu130,0.27.1+cu130,1.9.0,2.5.2,0,4,2026-08-19T01:59:36.141021+00:00,ok,,mnist,classification,aptx,APTx Neuron,aptx,0,none,0,1,1,0.5,0.5,4,2026,0.0005,0.0001,0.0,50,37,32,5,0.0001,128,256,128,64,727370,727370,157.27966676093638,cuda,./results/lambda_psi_comparison/checkpoints/mnist/aptx/mnist__aptx__seed4__lr0p0005__cfgb2f744f365af.pt,715.78993828125,94.8,99.86,,,,,,,644.293700390625,95.32000000000001,99.86,,,,,,,,,,,,,,
mnist__aptx__seed0__lr0p001__cfgb2f744f365af,b2f744f365af,96b354dd2d4cd04c,2.12.1+cu130,0.27.1+cu130,1.9.0,2.5.2,0,4,2026-08-19T02:01:54.149223+00:00,ok,,mnist,classification,aptx,APTx Neuron,aptx,0,none,0,1,1,0.5,0.5,0,2026,0.001,0.0001,0.0,50,32,27,5,0.0001,128,256,128,64,727370,727370,136.5639723550994,cuda,./results/lambda_psi_comparison/checkpoints/mnist/aptx/mnist__aptx__seed0__lr0p001__cfgb2f744f365af.pt,464.8032998046875,96.02000000000001,99.83999999999999,,,,,,,433.50948989257813,96.12,99.86,,,,,,,,,,,,,,
mnist__aptx__seed1__lr0p001__cfgb2f744f365af,b2f744f365af,96b354dd2d4cd04c,2.12.1+cu130,0.27.1+cu130,1.9.0,2.5.2,0,4,2026-08-19T02:04:32.470418+00:00,ok,,mnist,classification,aptx,APTx Neuron,aptx,0,none,0,1,1,0.5,0.5,1,2026,0.001,0.0001,0.0,50,37,32,5,0.0001,128,256,128,64,727370,727370,156.87789916619658,cuda,./results/lambda_psi_comparison/checkpoints/mnist/aptx/mnist__aptx__seed1__lr0p001__cfgb2f744f365af.pt,319.863589453125,96.3,99.96000000000001,,,,,,,280.7014603515625,96.44,99.96000000000001,,,,,,,,,,,,,,
mnist__aptx__seed2__lr0p001__cfgb2f744f365af,b2f744f365af,96b354dd2d4cd04c,2.12.1+cu130,0.27.1+cu130,1.9.0,2.5.2,0,4,2026-08-19T02:06:58.658849+00:00,ok,,mnist,classification,aptx,APTx Neuron,aptx,0,none,0,1,1,0.5,0.5,2,2026,0.001,0.0001,0.0,50,34,29,5,0.0001,128,256,128,64,727370,727370,144.66742174210958,cuda,./results/lambda_psi_comparison/checkpoints/mnist/aptx/mnist__aptx__seed2__lr0p001__cfgb2f744f365af.pt,387.72987890625,95.96000000000001,99.96000000000001,,,,,,,345.00069912109376,96.28,99.9,,,,,,,,,,,,,,
mnist__aptx__seed3__lr0p001__cfgb2f744f365af,b2f744f365af,96b354dd2d4cd04c,2.12.1+cu130,0.27.1+cu130,1.9.0,2.5.2,0,4,2026-08-19T02:08:59.428462+00:00,ok,,mnist,classification,aptx,APTx Neuron,aptx,0,none,0,1,1,0.5,0.5,3,2026,0.001,0.0001,0.0,50,28,23,5,0.0001,128,256,128,64,727370,727370,119.23466957686469,cuda,./results/lambda_psi_comparison/checkpoints/mnist/aptx/mnist__aptx__seed3__lr0p001__cfgb2f744f365af.pt,536.280433984375,95.58,99.9,,,,,,,455.66749345703124,95.67,99.89,,,,,,,,,,,,,,
mnist__aptx__seed4__lr0p001__cfgb2f744f365af,b2f744f365af,96b354dd2d4cd04c,2.12.1+cu130,0.27.1+cu130,1.9.0,2.5.2,0,4,2026-08-19T02:10:51.560944+00:00,ok,,mnist,classification,aptx,APTx Neuron,aptx,0,none,0,1,1,0.5,0.5,4,2026,0.001,0.0001,0.0,50,26,21,5,0.0001,128,256,128,64,727370,727370,110.61837859801017,cuda,./results/lambda_psi_comparison/checkpoints/mnist/aptx/mnist__aptx__seed4__lr0p001__cfgb2f744f365af.pt,550.43567734375,95.56,99.96000000000001,,,,,,,434.4503724609375,96.2,99.88,,,,,,,,,,,,,,
mnist__aptx__seed0__lr0p002__cfgb2f744f365af,b2f744f365af,96b354dd2d4cd04c,2.12.1+cu130,0.27.1+cu130,1.9.0,2.5.2,0,4,2026-08-19T02:12:26.742852+00:00,ok,,mnist,classification,aptx,APTx Neuron,aptx,0,none,0,1,1,0.5,0.5,0,2026,0.002,0.0001,0.0,50,22,17,5,0.0001,128,256,128,64,727370,727370,93.65772987296805,cuda,./results/lambda_psi_comparison/checkpoints/mnist/aptx/mnist__aptx__seed0__lr0p002__cfgb2f744f365af.pt,422.688293359375,96.06,99.98,,,,,,,346.72958544921875,96.57,99.83,,,,,,,,,,,,,,
mnist__aptx__seed1__lr0p002__cfgb2f744f365af,b2f744f365af,96b354dd2d4cd04c,2.12.1+cu130,0.27.1+cu130,1.9.0,2.5.2,0,4,2026-08-19T02:13:45.194165+00:00,ok,,mnist,classification,aptx,APTx Neuron,aptx,0,none,0,1,1,0.5,0.5,1,2026,0.002,0.0001,0.0,50,18,13,5,0.0001,128,256,128,64,727370,727370,76.92694292287342,cuda,./results/lambda_psi_comparison/checkpoints/mnist/aptx/mnist__aptx__seed1__lr0p002__cfgb2f744f365af.pt,569.2471265625,95.28,99.9,,,,,,,460.7538953125,95.65,99.92999999999999,,,,,,,,,,,,,,
mnist__aptx__seed2__lr0p002__cfgb2f744f365af,b2f744f365af,96b354dd2d4cd04c,2.12.1+cu130,0.27.1+cu130,1.9.0,2.5.2,0,4,2026-08-19T02:15:03.589984+00:00,ok,,mnist,classification,aptx,APTx Neuron,aptx,0,none,0,1,1,0.5,0.5,2,2026,0.002,0.0001,0.0,50,18,13,5,0.0001,128,256,128,64,727370,727370,76.9274226508569,cuda,./results/lambda_psi_comparison/checkpoints/mnist/aptx/mnist__aptx__seed2__lr0p002__cfgb2f744f365af.pt,547.27850703125,94.86,99.83999999999999,,,,,,,447.08001953125,95.17,99.9,,,,,,,,,,,,,,
mnist__aptx__seed3__lr0p002__cfgb2f744f365af,b2f744f365af,96b354dd2d4cd04c,2.12.1+cu130,0.27.1+cu130,1.9.0,2.5.2,0,4,2026-08-19T02:18:34.174380+00:00,ok,,mnist,classification,aptx,APTx Neuron,aptx,0,none,0,1,1,0.5,0.5,3,2026,0.002,0.0001,0.0,50,49,44,5,0.0001,128,256,128,64,727370,727370,209.10578636196442,cuda,./results/lambda_psi_comparison/checkpoints/mnist/aptx/mnist__aptx__seed3__lr0p002__cfgb2f744f365af.pt,136.7487365234375,97.5,99.96000000000001,,,,,,,114.3863181640625,97.78,99.94,,,,,,,,,,,,,,
mnist__aptx__seed4__lr0p002__cfgb2f744f365af,b2f744f365af,96b354dd2d4cd04c,2.12.1+cu130,0.27.1+cu130,1.9.0,2.5.2,0,4,2026-08-19T02:20:38.356590+00:00,ok,,mnist,classification,aptx,APTx Neuron,aptx,0,none,0,1,1,0.5,0.5,4,2026,0.002,0.0001,0.0,50,29,24,5,0.0001,128,256,128,64,727370,727370,122.6743269120343,cuda,./results/lambda_psi_comparison/checkpoints/mnist/aptx/mnist__aptx__seed4__lr0p002__cfgb2f744f365af.pt,250.94732446289063,96.92,99.92,,,,,,,202.45588203125,97.16,99.92,,,,,,,,,,,,,,
mnist__aptx__seed0__lr0p003__cfgb2f744f365af,b2f744f365af,96b354dd2d4cd04c,2.12.1+cu130,0.27.1+cu130,1.9.0,2.5.2,0,4,2026-08-19T02:23:38.962545+00:00,ok,,mnist,classification,aptx,APTx Neuron,aptx,0,none,0,1,1,0.5,0.5,0,2026,0.003,0.0001,0.0,50,42,37,5,0.0001,128,256,128,64,727370,727370,179.07471381896175,cuda,./results/lambda_psi_comparison/checkpoints/mnist/aptx/mnist__aptx__seed0__lr0p003__cfgb2f744f365af.pt,74.71192314453126,97.7,99.98,,,,,,,72.98230163574219,97.75,99.91,,,,,,,,,,,,,,
mnist__aptx__seed1__lr0p003__cfgb2f744f365af,b2f744f365af,96b354dd2d4cd04c,2.12.1+cu130,0.27.1+cu130,1.9.0,2.5.2,0,4,2026-08-19T02:24:57.327962+00:00,ok,,mnist,classification,aptx,APTx Neuron,aptx,0,none,0,1,1,0.5,0.5,1,2026,0.003,0.0001,0.0,50,18,13,5,0.0001,128,256,128,64,727370,727370,76.8300318249967,cuda,./results/lambda_psi_comparison/checkpoints/mnist/aptx/mnist__aptx__seed1__lr0p003__cfgb2f744f365af.pt,414.165932421875,96.06,99.94,,,,,,,341.735678515625,96.19,99.91,,,,,,,,,,,,,,
mnist__aptx__seed2__lr0p003__cfgb2f744f365af,b2f744f365af,96b354dd2d4cd04c,2.12.1+cu130,0.27.1+cu130,1.9.0,2.5.2,0,4,2026-08-19T02:26:19.887173+00:00,ok,,mnist,classification,aptx,APTx Neuron,aptx,0,none,0,1,1,0.5,0.5,2,2026,0.003,0.0001,0.0,50,19,14,5,0.0001,128,256,128,64,727370,727370,81.14043804001994,cuda,./results/lambda_psi_comparison/checkpoints/mnist/aptx/mnist__aptx__seed2__lr0p003__cfgb2f744f365af.pt,321.9625625,96.12,99.88,,,,,,,287.317471484375,96.25,99.96000000000001,,,,,,,,,,,,,,
mnist__aptx__seed3__lr0p003__cfgb2f744f365af,b2f744f365af,96b354dd2d4cd04c,2.12.1+cu130,0.27.1+cu130,1.9.0,2.5.2,0,4,2026-08-19T02:27:54.858103+00:00,ok,,mnist,classification,aptx,APTx Neuron,aptx,0,none,0,1,1,0.5,0.5,3,2026,0.003,0.0001,0.0,50,22,17,5,0.0001,128,256,128,64,727370,727370,93.51675668288954,cuda,./results/lambda_psi_comparison/checkpoints/mnist/aptx/mnist__aptx__seed3__lr0p003__cfgb2f744f365af.pt,288.62284765625,96.24000000000001,99.94,,,,,,,233.86124658203124,96.67999999999999,99.92,,,,,,,,,,,,,,
mnist__aptx__seed4__lr0p003__cfgb2f744f365af,b2f744f365af,96b354dd2d4cd04c,2.12.1+cu130,0.27.1+cu130,1.9.0,2.5.2,0,4,2026-08-19T02:29:42.981299+00:00,ok,,mnist,classification,aptx,APTx Neuron,aptx,0,none,0,1,1,0.5,0.5,4,2026,0.003,0.0001,0.0,50,25,20,5,0.0001,128,256,128,64,727370,727370,106.67184660583735,cuda,./results/lambda_psi_comparison/checkpoints/mnist/aptx/mnist__aptx__seed4__lr0p003__cfgb2f744f365af.pt,208.808887890625,96.5,99.98,,,,,,,161.110205078125,96.88,99.92,,,,,,,,,,,,,,
mnist__aptx_relu__seed0__lr0p0003__cfg13f7bb178a9e,13f7bb178a9e,96b354dd2d4cd04c,2.12.1+cu130,0.27.1+cu130,1.9.0,2.5.2,0,4,2026-08-19T02:31:48.624601+00:00,ok,,mnist,classification,aptx_relu,APTx Neuron + ReLU,aptx,0,after_neuron,0,1,1,0.5,0.5,0,2026,0.0003,0.0001,0.0,50,29,24,5,0.0001,128,256,128,64,727370,727370,124.17938915011473,cuda,./results/lambda_psi_comparison/checkpoints/mnist/aptx_relu/mnist__aptx_relu__seed0__lr0p0003__cfg13f7bb178a9e.pt,2.263361161804199,20.34,59.96,,,,,,,2.2331535709381103,20.52,60.980000000000004,,,,,,,,,,,,,,
mnist__aptx_relu__seed1__lr0p0003__cfg13f7bb178a9e,13f7bb178a9e,96b354dd2d4cd04c,2.12.1+cu130,0.27.1+cu130,1.9.0,2.5.2,0,4,2026-08-19T02:34:41.941963+00:00,ok,,mnist,classification,aptx_relu,APTx Neuron + ReLU,aptx,0,after_neuron,0,1,1,0.5,0.5,1,2026,0.0003,0.0001,0.0,50,40,35,5,0.0001,128,256,128,64,727370,727370,171.83279130607843,cuda,./results/lambda_psi_comparison/checkpoints/mnist/aptx_relu/mnist__aptx_relu__seed1__lr0p0003__cfg13f7bb178a9e.pt,9.696624639892578,87.08,99.1,,,,,,,9.000861054229736,87.82,99.36,,,,,,,,,,,,,,
mnist__aptx_relu__seed2__lr0p0003__cfg13f7bb178a9e,13f7bb178a9e,96b354dd2d4cd04c,2.12.1+cu130,0.27.1+cu130,1.9.0,2.5.2,0,4,2026-08-19T02:35:09.120000+00:00,ok,,mnist,classification,aptx_relu,APTx Neuron + ReLU,aptx,0,after_neuron,0,1,1,0.5,0.5,2,2026,0.0003,0.0001,0.0,50,6,1,5,0.0001,128,256,128,64,727370,727370,25.6775042808149,cuda,./results/lambda_psi_comparison/checkpoints/mnist/aptx_relu/mnist__aptx_relu__seed2__lr0p0003__cfg13f7bb178a9e.pt,370.9740048828125,26.979999999999997,70.5,,,,,,,355.10614291992187,28.310000000000002,70.09,,,,,,,,,,,,,,
mnist__aptx_relu__seed3__lr0p0003__cfg13f7bb178a9e,13f7bb178a9e,96b354dd2d4cd04c,2.12.1+cu130,0.27.1+cu130,1.9.0,2.5.2,0,4,2026-08-19T02:35:36.098619+00:00,ok,,mnist,classification,aptx_relu,APTx Neuron + ReLU,aptx,0,after_neuron,0,1,1,0.5,0.5,3,2026,0.0003,0.0001,0.0,50,6,1,5,0.0001,128,256,128,64,727370,727370,25.53533487394452,cuda,./results/lambda_psi_comparison/checkpoints/mnist/aptx_relu/mnist__aptx_relu__seed3__lr0p0003__cfg13f7bb178a9e.pt,2617.2925171875,46.14,88.1,,,,,,,2519.8630853515624,47.349999999999994,88.78,,,,,,,,,,,,,,
mnist__aptx_relu__seed4__lr0p0003__cfg13f7bb178a9e,13f7bb178a9e,96b354dd2d4cd04c,2.12.1+cu130,0.27.1+cu130,1.9.0,2.5.2,0,4,2026-08-19T02:39:07.305550+00:00,ok,,mnist,classification,aptx_relu,APTx Neuron + ReLU,aptx,0,after_neuron,0,1,1,0.5,0.5,4,2026,0.0003,0.0001,0.0,50,49,44,5,0.0001,128,256,128,64,727370,727370,209.74539984599687,cuda,./results/lambda_psi_comparison/checkpoints/mnist/aptx_relu/mnist__aptx_relu__seed4__lr0p0003__cfg13f7bb178a9e.pt,3.6057861099243165,80.16,97.0,,,,,,,3.053201611495018,80.96,97.57000000000001,,,,,,,,,,,,,,
mnist__aptx_relu__seed0__lr0p0005__cfg13f7bb178a9e,13f7bb178a9e,96b354dd2d4cd04c,2.12.1+cu130,0.27.1+cu130,1.9.0,2.5.2,0,4,2026-08-19T02:40:34.161998+00:00,ok,,mnist,classification,aptx_relu,APTx Neuron + ReLU,aptx,0,after_neuron,0,1,1,0.5,0.5,0,2026,0.0005,0.0001,0.0,50,20,15,5,0.0001,128,256,128,64,727370,727370,85.44161516311578,cuda,./results/lambda_psi_comparison/checkpoints/mnist/aptx_relu/mnist__aptx_relu__seed0__lr0p0005__cfg13f7bb178a9e.pt,2.1413369369506836,20.200000000000003,60.74,,,,,,,2.4921899536132814,20.57,61.760000000000005,,,,,,,,,,,,,,
mnist__aptx_relu__seed1__lr0p0005__cfg13f7bb178a9e,13f7bb178a9e,96b354dd2d4cd04c,2.12.1+cu130,0.27.1+cu130,1.9.0,2.5.2,0,4,2026-08-19T02:42:36.074033+00:00,ok,,mnist,classification,aptx_relu,APTx Neuron + ReLU,aptx,0,after_neuron,0,1,1,0.5,0.5,1,2026,0.0005,0.0001,0.0,50,28,23,5,0.0001,128,256,128,64,727370,727370,120.45180476689711,cuda,./results/lambda_psi_comparison/checkpoints/mnist/aptx_relu/mnist__aptx_relu__seed1__lr0p0005__cfg13f7bb178a9e.pt,5.349705072021484,86.53999999999999,98.94,,,,,,,4.828779944038391,87.25,99.17,,,,,,,,,,,,,,
mnist__aptx_relu__seed2__lr0p0005__cfg13f7bb178a9e,13f7bb178a9e,96b354dd2d4cd04c,2.12.1+cu130,0.27.1+cu130,1.9.0,2.5.2,0,4,2026-08-19T02:45:54.573208+00:00,ok,,mnist,classification,aptx_relu,APTx Neuron + ReLU,aptx,0,after_neuron,0,1,1,0.5,0.5,2,2026,0.0005,0.0001,0.0,50,46,41,5,0.0001,128,256,128,64,727370,727370,197.05205199099146,cuda,./results/lambda_psi_comparison/checkpoints/mnist/aptx_relu/mnist__aptx_relu__seed2__lr0p0005__cfg13f7bb178a9e.pt,2.025279175567627,24.5,67.94,,,,,,,1.9819064990997315,24.48,69.3,,,,,,,,,,,,,,
mnist__aptx_relu__seed3__lr0p0005__cfg13f7bb178a9e,13f7bb178a9e,96b354dd2d4cd04c,2.12.1+cu130,0.27.1+cu130,1.9.0,2.5.2,0,4,2026-08-19T02:46:21.549568+00:00,ok,,mnist,classification,aptx_relu,APTx Neuron + ReLU,aptx,0,after_neuron,0,1,1,0.5,0.5,3,2026,0.0005,0.0001,0.0,50,6,1,5,0.0001,128,256,128,64,727370,727370,25.507527634035796,cuda,./results/lambda_psi_comparison/checkpoints/mnist/aptx_relu/mnist__aptx_relu__seed3__lr0p0005__cfg13f7bb178a9e.pt,876.9837213867188,35.3,78.75999999999999,,,,,,,898.9558479492188,35.55,79.23,,,,,,,,,,,,,,
mnist__aptx_relu__seed4__lr0p0005__cfg13f7bb178a9e,13f7bb178a9e,96b354dd2d4cd04c,2.12.1+cu130,0.27.1+cu130,1.9.0,2.5.2,0,4,2026-08-19T02:49:57.347120+00:00,ok,,mnist,classification,aptx_relu,APTx Neuron + ReLU,aptx,0,after_neuron,0,1,1,0.5,0.5,4,2026,0.0005,0.0001,0.0,50,50,49,5,0.0001,128,256,128,64,727370,727370,214.35584623087198,cuda,./results/lambda_psi_comparison/checkpoints/mnist/aptx_relu/mnist__aptx_relu__seed4__lr0p0005__cfg13f7bb178a9e.pt,0.8774433484077454,83.42,97.5,,,,,,,0.7654660233139992,84.61999999999999,97.92,,,,,,,,,,,,,,
mnist__aptx_relu__seed0__lr0p001__cfg13f7bb178a9e,13f7bb178a9e,96b354dd2d4cd04c,2.12.1+cu130,0.27.1+cu130,1.9.0,2.5.2,0,4,2026-08-19T02:50:24.430042+00:00,ok,,mnist,classification,aptx_relu,APTx Neuron + ReLU,aptx,0,after_neuron,0,1,1,0.5,0.5,0,2026,0.001,0.0001,0.0,50,6,1,5,0.0001,128,256,128,64,727370,727370,25.635639626998454,cuda,./results/lambda_psi_comparison/checkpoints/mnist/aptx_relu/mnist__aptx_relu__seed0__lr0p001__cfg13f7bb178a9e.pt,2.2988882320404054,11.600000000000001,51.54,,,,,,,2.318522322845459,11.360000000000001,51.59,,,,,,,,,,,,,,
mnist__aptx_relu__seed1__lr0p001__cfg13f7bb178a9e,13f7bb178a9e,96b354dd2d4cd04c,2.12.1+cu130,0.27.1+cu130,1.9.0,2.5.2,0,4,2026-08-19T02:51:51.538758+00:00,ok,,mnist,classification,aptx_relu,APTx Neuron + ReLU,aptx,0,after_neuron,0,1,1,0.5,0.5,1,2026,0.001,0.0001,0.0,50,20,15,5,0.0001,128,256,128,64,727370,727370,85.60334582207724,cuda,./results/lambda_psi_comparison/checkpoints/mnist/aptx_relu/mnist__aptx_relu__seed1__lr0p001__cfg13f7bb178a9e.pt,3.5169977737426756,84.39999999999999,98.96000000000001,,,,,,,3.2876292509131133,84.99,99.29,,,,,,,,,,,,,,
mnist__aptx_relu__seed2__lr0p001__cfg13f7bb178a9e,13f7bb178a9e,96b354dd2d4cd04c,2.12.1+cu130,0.27.1+cu130,1.9.0,2.5.2,0,4,2026-08-19T02:52:18.495471+00:00,ok,,mnist,classification,aptx_relu,APTx Neuron + ReLU,aptx,0,after_neuron,0,1,1,0.5,0.5,2,2026,0.001,0.0001,0.0,50,6,1,5,0.0001,128,256,128,64,727370,727370,25.482522577047348,cuda,./results/lambda_psi_comparison/checkpoints/mnist/aptx_relu/mnist__aptx_relu__seed2__lr0p001__cfg13f7bb178a9e.pt,2.3015454540252684,11.5,51.68000000000001,,,,,,,2.4039467350006105,11.37,52.129999999999995,,,,,,,,,,,,,,
mnist__aptx_relu__seed3__lr0p001__cfg13f7bb178a9e,13f7bb178a9e,96b354dd2d4cd04c,2.12.1+cu130,0.27.1+cu130,1.9.0,2.5.2,0,4,2026-08-19T02:54:28.790953+00:00,ok,,mnist,classification,aptx_relu,APTx Neuron + ReLU,aptx,0,after_neuron,0,1,1,0.5,0.5,3,2026,0.001,0.0001,0.0,50,30,25,5,0.0001,128,256,128,64,727370,727370,128.76194217801094,cuda,./results/lambda_psi_comparison/checkpoints/mnist/aptx_relu/mnist__aptx_relu__seed3__lr0p001__cfg13f7bb178a9e.pt,2.0143675022125245,24.44,66.08000000000001,,,,,,,1.9873695751190186,24.97,68.26,,,,,,,,,,,,,,
mnist__aptx_relu__seed4__lr0p001__cfg13f7bb178a9e,13f7bb178a9e,96b354dd2d4cd04c,2.12.1+cu130,0.27.1+cu130,1.9.0,2.5.2,0,4,2026-08-19T02:54:55.831270+00:00,ok,,mnist,classification,aptx_relu,APTx Neuron + ReLU,aptx,0,after_neuron,0,1,1,0.5,0.5,4,2026,0.001,0.0001,0.0,50,6,1,5,0.0001,128,256,128,64,727370,727370,25.53833094285801,cuda,./results/lambda_psi_comparison/checkpoints/mnist/aptx_relu/mnist__aptx_relu__seed4__lr0p001__cfg13f7bb178a9e.pt,306.7995843261719,54.86,89.78,,,,,,,287.574589453125,55.44,91.10000000000001,,,,,,,,,,,,,,
mnist__aptx_relu__seed0__lr0p002__cfg13f7bb178a9e,13f7bb178a9e,96b354dd2d4cd04c,2.12.1+cu130,0.27.1+cu130,1.9.0,2.5.2,0,4,2026-08-19T02:55:23.076413+00:00,ok,,mnist,classification,aptx_relu,APTx Neuron + ReLU,aptx,0,after_neuron,0,1,1,0.5,0.5,0,2026,0.002,0.0001,0.0,50,6,1,5,0.0001,128,256,128,64,727370,727370,25.737664993153885,cuda,./results/lambda_psi_comparison/checkpoints/mnist/aptx_relu/mnist__aptx_relu__seed0__lr0p002__cfg13f7bb178a9e.pt,2.299486744689941,11.58,50.72,,,,,,,2.3068022407531736,11.37,51.61,,,,,,,,,,,,,,
mnist__aptx_relu__seed1__lr0p002__cfg13f7bb178a9e,13f7bb178a9e,96b354dd2d4cd04c,2.12.1+cu130,0.27.1+cu130,1.9.0,2.5.2,0,4,2026-08-19T02:56:03.149027+00:00,ok,,mnist,classification,aptx_relu,APTx Neuron + ReLU,aptx,0,after_neuron,0,1,1,0.5,0.5,1,2026,0.002,0.0001,0.0,50,9,4,5,0.0001,128,256,128,64,727370,727370,38.61717732180841,cuda,./results/lambda_psi_comparison/checkpoints/mnist/aptx_relu/mnist__aptx_relu__seed1__lr0p002__cfg13f7bb178a9e.pt,12.06580044555664,79.47999999999999,98.18,,,,,,,10.60346983909607,81.22,98.67,,,,,,,,,,,,,,
mnist__aptx_relu__seed2__lr0p002__cfg13f7bb178a9e,13f7bb178a9e,96b354dd2d4cd04c,2.12.1+cu130,0.27.1+cu130,1.9.0,2.5.2,0,4,2026-08-19T02:56:30.195170+00:00,ok,,mnist,classification,aptx_relu,APTx Neuron + ReLU,aptx,0,after_neuron,0,1,1,0.5,0.5,2,2026,0.002,0.0001,0.0,50,6,1,5,0.0001,128,256,128,64,727370,727370,25.535699038999155,cuda,./results/lambda_psi_comparison/checkpoints/mnist/aptx_relu/mnist__aptx_relu__seed2__lr0p002__cfg13f7bb178a9e.pt,2.3012132919311523,11.5,51.68000000000001,,,,,,,2.3137800830841067,11.35,52.129999999999995,,,,,,,,,,,,,,
mnist__aptx_relu__seed3__lr0p002__cfg13f7bb178a9e,13f7bb178a9e,96b354dd2d4cd04c,2.12.1+cu130,0.27.1+cu130,1.9.0,2.5.2,0,4,2026-08-19T02:56:57.559468+00:00,ok,,mnist,classification,aptx_relu,APTx Neuron + ReLU,aptx,0,after_neuron,0,1,1,0.5,0.5,3,2026,0.002,0.0001,0.0,50,6,1,5,0.0001,128,256,128,64,727370,727370,25.82046092301607,cuda,./results/lambda_psi_comparison/checkpoints/mnist/aptx_relu/mnist__aptx_relu__seed3__lr0p002__cfg13f7bb178a9e.pt,2.300729712677002,11.52,52.22,,,,,,,2.3011240440368654,11.35,51.629999999999995,,,,,,,,,,,,,,
mnist__aptx_relu__seed4__lr0p002__cfg13f7bb178a9e,13f7bb178a9e,96b354dd2d4cd04c,2.12.1+cu130,0.27.1+cu130,1.9.0,2.5.2,0,4,2026-08-19T02:57:46.411517+00:00,ok,,mnist,classification,aptx_relu,APTx Neuron + ReLU,aptx,0,after_neuron,0,1,1,0.5,0.5,4,2026,0.002,0.0001,0.0,50,11,6,5,0.0001,128,256,128,64,727370,727370,47.416095753898844,cuda,./results/lambda_psi_comparison/checkpoints/mnist/aptx_relu/mnist__aptx_relu__seed4__lr0p002__cfg13f7bb178a9e.pt,2.2994430255889893,11.58,51.76,,,,,,,2.300894401550293,11.35,52.15,,,,,,,,,,,,,,
mnist__aptx_relu__seed0__lr0p003__cfg13f7bb178a9e,13f7bb178a9e,96b354dd2d4cd04c,2.12.1+cu130,0.27.1+cu130,1.9.0,2.5.2,0,4,2026-08-19T02:58:13.436705+00:00,ok,,mnist,classification,aptx_relu,APTx Neuron + ReLU,aptx,0,after_neuron,0,1,1,0.5,0.5,0,2026,0.003,0.0001,0.0,50,6,1,5,0.0001,128,256,128,64,727370,727370,25.526254921918735,cuda,./results/lambda_psi_comparison/checkpoints/mnist/aptx_relu/mnist__aptx_relu__seed0__lr0p003__cfg13f7bb178a9e.pt,2.301314782333374,11.5,50.72,,,,,,,2.301126261138916,11.35,51.62,,,,,,,,,,,,,,
mnist__aptx_relu__seed1__lr0p003__cfg13f7bb178a9e,13f7bb178a9e,96b354dd2d4cd04c,2.12.1+cu130,0.27.1+cu130,1.9.0,2.5.2,0,4,2026-08-19T02:58:49.397001+00:00,ok,,mnist,classification,aptx_relu,APTx Neuron + ReLU,aptx,0,after_neuron,0,1,1,0.5,0.5,1,2026,0.003,0.0001,0.0,50,8,3,5,0.0001,128,256,128,64,727370,727370,34.4660200511571,cuda,./results/lambda_psi_comparison/checkpoints/mnist/aptx_relu/mnist__aptx_relu__seed1__lr0p003__cfg13f7bb178a9e.pt,12.902701403808594,82.08,98.76,,,,,,,11.019811198806762,83.46000000000001,99.11,,,,,,,,,,,,,,
mnist__aptx_relu__seed2__lr0p003__cfg13f7bb178a9e,13f7bb178a9e,96b354dd2d4cd04c,2.12.1+cu130,0.27.1+cu130,1.9.0,2.5.2,0,4,2026-08-19T02:59:16.970936+00:00,ok,,mnist,classification,aptx_relu,APTx Neuron + ReLU,aptx,0,after_neuron,0,1,1,0.5,0.5,2,2026,0.003,0.0001,0.0,50,6,1,5,0.0001,128,256,128,64,727370,727370,26.097090407973155,cuda,./results/lambda_psi_comparison/checkpoints/mnist/aptx_relu/mnist__aptx_relu__seed2__lr0p003__cfg13f7bb178a9e.pt,2.301495778656006,11.5,50.72,,,,,,,2.30107248916626,11.35,51.62,,,,,,,,,,,,,,
mnist__aptx_relu__seed3__lr0p003__cfg13f7bb178a9e,13f7bb178a9e,96b354dd2d4cd04c,2.12.1+cu130,0.27.1+cu130,1.9.0,2.5.2,0,4,2026-08-19T02:59:43.924458+00:00,ok,,mnist,classification,aptx_relu,APTx Neuron + ReLU,aptx,0,after_neuron,0,1,1,0.5,0.5,3,2026,0.003,0.0001,0.0,50,6,1,5,0.0001,128,256,128,64,727370,727370,25.439284231048077,cuda,./results/lambda_psi_comparison/checkpoints/mnist/aptx_relu/mnist__aptx_relu__seed3__lr0p003__cfg13f7bb178a9e.pt,2.3012077690124513,11.5,51.85999999999999,,,,,,,2.3011096561431885,11.35,51.849999999999994,,,,,,,,,,,,,,
mnist__aptx_relu__seed4__lr0p003__cfg13f7bb178a9e,13f7bb178a9e,96b354dd2d4cd04c,2.12.1+cu130,0.27.1+cu130,1.9.0,2.5.2,0,4,2026-08-19T03:00:10.748902+00:00,ok,,mnist,classification,aptx_relu,APTx Neuron + ReLU,aptx,0,after_neuron,0,1,1,0.5,0.5,4,2026,0.003,0.0001,0.0,50,6,1,5,0.0001,128,256,128,64,727370,727370,25.350834182929248,cuda,./results/lambda_psi_comparison/checkpoints/mnist/aptx_relu/mnist__aptx_relu__seed4__lr0p003__cfg13f7bb178a9e.pt,2.3007780204772947,11.5,51.68000000000001,,,,,,,2.8219229526519776,11.35,52.14,,,,,,,,,,,,,,
mnist__aptx_field__seed0__lr0p0003__cfgd987f61c63bf,d987f61c63bf,96b354dd2d4cd04c,2.12.1+cu130,0.27.1+cu130,1.9.0,2.5.2,0,4,2026-08-19T03:04:37.864379+00:00,ok,,mnist,classification,aptx_field,APTx Neuron + Lambda-Psi,aptx,1,none,1,1,1,0.5,0.5,0,2026,0.0003,0.0001,0.0,50,44,39,5,0.0001,128,256,128,64,727378,727378,265.59739912999794,cuda,./results/lambda_psi_comparison/checkpoints/mnist/aptx_field/mnist__aptx_field__seed0__lr0p0003__cfgd987f61c63bf.pt,0.13805096943378448,95.86,99.92,,,,,,,0.11531168608665467,96.43,99.91,,,,,,,0.7012360692024231,0.6886211037635803,0.7247034311294556,0.7038701176643372,0.7360920906066895,0.7064393162727356,0.7331370115280151,0.7344856262207031
mnist__aptx_field__seed1__lr0p0003__cfgd987f61c63bf,d987f61c63bf,96b354dd2d4cd04c,2.12.1+cu130,0.27.1+cu130,1.9.0,2.5.2,0,4,2026-08-19T03:08:42.296608+00:00,ok,,mnist,classification,aptx_field,APTx Neuron + Lambda-Psi,aptx,1,none,1,1,1,0.5,0.5,1,2026,0.0003,0.0001,0.0,50,40,35,5,0.0001,128,256,128,64,727378,727378,242.9741566160228,cuda,./results/lambda_psi_comparison/checkpoints/mnist/aptx_field/mnist__aptx_field__seed1__lr0p0003__cfgd987f61c63bf.pt,0.13651384177207948,96.12,99.92,,,,,,,0.11804341798126698,96.44,99.91,,,,,,,0.6965765953063965,0.6849920749664307,0.7214639186859131,0.7007708549499512,0.7336275577545166,0.7099447846412659,0.7331557273864746,0.7353073954582214
mnist__aptx_field__seed2__lr0p0003__cfgd987f61c63bf,d987f61c63bf,96b354dd2d4cd04c,2.12.1+cu130,0.27.1+cu130,1.9.0,2.5.2,0,4,2026-08-19T03:12:43.322328+00:00,ok,,mnist,classification,aptx_field,APTx Neuron + Lambda-Psi,aptx,1,none,1,1,1,0.5,0.5,2,2026,0.0003,0.0001,0.0,50,40,35,5,0.0001,128,256,128,64,727378,727378,239.52810198697262,cuda,./results/lambda_psi_comparison/checkpoints/mnist/aptx_field/mnist__aptx_field__seed2__lr0p0003__cfgd987f61c63bf.pt,0.1382611452102661,96.02000000000001,99.88,,,,,,,0.11721316840648652,96.35000000000001,99.92999999999999,,,,,,,0.7014926671981812,0.6866046786308289,0.7220383882522583,0.7047616839408875,0.7355942726135254,0.7148042321205139,0.7305351495742798,0.7314034700393677
mnist__aptx_field__seed3__lr0p0003__cfgd987f61c63bf,d987f61c63bf,96b354dd2d4cd04c,2.12.1+cu130,0.27.1+cu130,1.9.0,2.5.2,0,4,2026-08-19T03:17:31.350613+00:00,ok,,mnist,classification,aptx_field,APTx Neuron + Lambda-Psi,aptx,1,none,1,1,1,0.5,0.5,3,2026,0.0003,0.0001,0.0,50,48,43,5,0.0001,128,256,128,64,727378,727378,286.5701595020946,cuda,./results/lambda_psi_comparison/checkpoints/mnist/aptx_field/mnist__aptx_field__seed3__lr0p0003__cfgd987f61c63bf.pt,0.1478737929582596,95.52000000000001,99.83999999999999,,,,,,,0.11814907424300909,96.41,99.95,,,,,,,0.702072262763977,0.6855659484863281,0.722345232963562,0.7043226361274719,0.7338430285453796,0.7069690227508545,0.7327815890312195,0.7348361611366272
mnist__aptx_field__seed4__lr0p0003__cfgd987f61c63bf,d987f61c63bf,96b354dd2d4cd04c,2.12.1+cu130,0.27.1+cu130,1.9.0,2.5.2,0,4,2026-08-19T03:21:24.167425+00:00,ok,,mnist,classification,aptx_field,APTx Neuron + Lambda-Psi,aptx,1,none,1,1,1,0.5,0.5,4,2026,0.0003,0.0001,0.0,50,38,33,5,0.0001,128,256,128,64,727378,727378,231.29538594698533,cuda,./results/lambda_psi_comparison/checkpoints/mnist/aptx_field/mnist__aptx_field__seed4__lr0p0003__cfgd987f61c63bf.pt,0.14163819513320922,95.76,99.83999999999999,,,,,,,0.11926658359467983,96.35000000000001,99.87,,,,,,,0.7084966897964478,0.697965145111084,0.72552090883255,0.7009598016738892,0.7354373931884766,0.7094351053237915,0.7315415740013123,0.7325968742370605
mnist__aptx_field__seed0__lr0p0005__cfgd987f61c63bf,d987f61c63bf,96b354dd2d4cd04c,2.12.1+cu130,0.27.1+cu130,1.9.0,2.5.2,0,4,2026-08-19T03:24:43.885958+00:00,ok,,mnist,classification,aptx_field,APTx Neuron + Lambda-Psi,aptx,1,none,1,1,1,0.5,0.5,0,2026,0.0005,0.0001,0.0,50,33,28,5,0.0001,128,256,128,64,727378,727378,198.19005948887207,cuda,./results/lambda_psi_comparison/checkpoints/mnist/aptx_field/mnist__aptx_field__seed0__lr0p0005__cfgd987f61c63bf.pt,0.11080954995155334,96.84,99.94,,,,,,,0.09420557021647692,97.04,99.96000000000001,,,,,,,0.7087798118591309,0.6908132433891296,0.7349953055381775,0.7054921984672546,0.7408148646354675,0.7032469511032104,0.7329437136650085,0.7349318861961365
mnist__aptx_field__seed1__lr0p0005__cfgd987f61c63bf,d987f61c63bf,96b354dd2d4cd04c,2.12.1+cu130,0.27.1+cu130,1.9.0,2.5.2,0,4,2026-08-19T03:28:15.144366+00:00,ok,,mnist,classification,aptx_field,APTx Neuron + Lambda-Psi,aptx,1,none,1,1,1,0.5,0.5,1,2026,0.0005,0.0001,0.0,50,35,30,5,0.0001,128,256,128,64,727378,727378,209.80695195612498,cuda,./results/lambda_psi_comparison/checkpoints/mnist/aptx_field/mnist__aptx_field__seed1__lr0p0005__cfgd987f61c63bf.pt,0.10722414743900299,97.1,99.96000000000001,,,,,,,0.09340885567814111,97.14,99.95,,,,,,,0.7081785202026367,0.6919620037078857,0.7293514609336853,0.6977267265319824,0.7366695404052734,0.7067978978157043,0.7326918840408325,0.735618531703949
mnist__aptx_field__seed2__lr0p0005__cfgd987f61c63bf,d987f61c63bf,96b354dd2d4cd04c,2.12.1+cu130,0.27.1+cu130,1.9.0,2.5.2,0,4,2026-08-19T03:32:07.202871+00:00,ok,,mnist,classification,aptx_field,APTx Neuron + Lambda-Psi,aptx,1,none,1,1,1,0.5,0.5,2,2026,0.0005,0.0001,0.0,50,38,33,5,0.0001,128,256,128,64,727378,727378,230.5177132987883,cuda,./results/lambda_psi_comparison/checkpoints/mnist/aptx_field/mnist__aptx_field__seed2__lr0p0005__cfgd987f61c63bf.pt,0.10751381349563599,96.86,99.9,,,,,,,0.08788691054284573,97.34,99.95,,,,,,,0.7106144428253174,0.687552809715271,0.731755793094635,0.70515376329422,0.7391224503517151,0.7107611894607544,0.7266661524772644,0.7280870079994202
mnist__aptx_field__seed3__lr0p0005__cfgd987f61c63bf,d987f61c63bf,96b354dd2d4cd04c,2.12.1+cu130,0.27.1+cu130,1.9.0,2.5.2,0,4,2026-08-19T03:36:21.195687+00:00,ok,,mnist,classification,aptx_field,APTx Neuron + Lambda-Psi,aptx,1,none,1,1,1,0.5,0.5,3,2026,0.0005,0.0001,0.0,50,44,39,5,0.0001,128,256,128,64,727378,727378,252.4965970290359,cuda,./results/lambda_psi_comparison/checkpoints/mnist/aptx_field/mnist__aptx_field__seed3__lr0p0005__cfgd987f61c63bf.pt,0.11173333656787872,96.74000000000001,99.94,,,,,,,0.08835937815178185,97.19,99.97,,,,,,,0.7095187902450562,0.6881872415542603,0.7282989025115967,0.7062089443206787,0.7364535331726074,0.7031188607215881,0.7314668893814087,0.7336987257003784
mnist__aptx_field__seed4__lr0p0005__cfgd987f61c63bf,d987f61c63bf,96b354dd2d4cd04c,2.12.1+cu130,0.27.1+cu130,1.9.0,2.5.2,0,4,2026-08-19T03:40:27.478966+00:00,ok,,mnist,classification,aptx_field,APTx Neuron + Lambda-Psi,aptx,1,none,1,1,1,0.5,0.5,4,2026,0.0005,0.0001,0.0,50,42,37,5,0.0001,128,256,128,64,727378,727378,244.79448050097562,cuda,./results/lambda_psi_comparison/checkpoints/mnist/aptx_field/mnist__aptx_field__seed4__lr0p0005__cfgd987f61c63bf.pt,0.10912270777225494,96.86,99.96000000000001,,,,,,,0.08979176934212446,97.33000000000001,99.94,,,,,,,0.71514892578125,0.6969756484031677,0.7331125140190125,0.6985648274421692,0.7381569743156433,0.7077098488807678,0.7259284257888794,0.7273979783058167
mnist__aptx_field__seed0__lr0p001__cfgd987f61c63bf,d987f61c63bf,96b354dd2d4cd04c,2.12.1+cu130,0.27.1+cu130,1.9.0,2.5.2,0,4,2026-08-19T03:45:14.702285+00:00,ok,,mnist,classification,aptx_field,APTx Neuron + Lambda-Psi,aptx,1,none,1,1,1,0.5,0.5,0,2026,0.001,0.0001,0.0,50,49,44,5,0.0001,128,256,128,64,727378,727378,285.764992558863,cuda,./results/lambda_psi_comparison/checkpoints/mnist/aptx_field/mnist__aptx_field__seed0__lr0p001__cfgd987f61c63bf.pt,0.07769463341236114,97.84,99.96000000000001,,,,,,,0.06170472439788282,98.14,99.97,,,,,,,0.7324005365371704,0.6934942007064819,0.7605007886886597,0.703855037689209,0.7550150156021118,0.6900293231010437,0.7212230563163757,0.7295039296150208
mnist__aptx_field__seed1__lr0p001__cfgd987f61c63bf,d987f61c63bf,96b354dd2d4cd04c,2.12.1+cu130,0.27.1+cu130,1.9.0,2.5.2,0,4,2026-08-19T03:48:51.721501+00:00,ok,,mnist,classification,aptx_field,APTx Neuron + Lambda-Psi,aptx,1,none,1,1,1,0.5,0.5,1,2026,0.001,0.0001,0.0,50,37,32,5,0.0001,128,256,128,64,727378,727378,215.51359526091255,cuda,./results/lambda_psi_comparison/checkpoints/mnist/aptx_field/mnist__aptx_field__seed1__lr0p001__cfgd987f61c63bf.pt,0.07566618639528751,97.94,99.96000000000001,,,,,,,0.06803725758232176,97.82,99.96000000000001,,,,,,,0.7260701656341553,0.6948046684265137,0.7527839541435242,0.7035468816757202,0.7538546323776245,0.6995530724525452,0.7259666919708252,0.7305067181587219
mnist__aptx_field__seed2__lr0p001__cfgd987f61c63bf,d987f61c63bf,96b354dd2d4cd04c,2.12.1+cu130,0.27.1+cu130,1.9.0,2.5.2,0,4,2026-08-19T03:53:36.880260+00:00,ok,,mnist,classification,aptx_field,APTx Neuron + Lambda-Psi,aptx,1,none,1,1,1,0.5,0.5,2,2026,0.001,0.0001,0.0,50,49,44,5,0.0001,128,256,128,64,727378,727378,283.66123553714715,cuda,./results/lambda_psi_comparison/checkpoints/mnist/aptx_field/mnist__aptx_field__seed2__lr0p001__cfgd987f61c63bf.pt,0.0759012402534485,97.86,99.96000000000001,,,,,,,0.06462343437969685,98.0,99.96000000000001,,,,,,,0.7247335314750671,0.6886215806007385,0.7542228102684021,0.7034702301025391,0.7501754760742188,0.7072606682777405,0.7228953838348389,0.7241073250770569
mnist__aptx_field__seed3__lr0p001__cfgd987f61c63bf,d987f61c63bf,96b354dd2d4cd04c,2.12.1+cu130,0.27.1+cu130,1.9.0,2.5.2,0,4,2026-08-19T03:57:07.250138+00:00,ok,,mnist,classification,aptx_field,APTx Neuron + Lambda-Psi,aptx,1,none,1,1,1,0.5,0.5,3,2026,0.001,0.0001,0.0,50,36,31,5,0.0001,128,256,128,64,727378,727378,208.90485798800364,cuda,./results/lambda_psi_comparison/checkpoints/mnist/aptx_field/mnist__aptx_field__seed3__lr0p001__cfgd987f61c63bf.pt,0.08400862783193588,97.66,99.96000000000001,,,,,,,0.07038991981521249,97.61,99.98,,,,,,,0.7324185371398926,0.6996190547943115,0.7473134398460388,0.7034720778465271,0.7510693669319153,0.684869110584259,0.7314882874488831,0.7341154217720032
mnist__aptx_field__seed4__lr0p001__cfgd987f61c63bf,d987f61c63bf,96b354dd2d4cd04c,2.12.1+cu130,0.27.1+cu130,1.9.0,2.5.2,0,4,2026-08-19T04:00:56.339843+00:00,ok,,mnist,classification,aptx_field,APTx Neuron + Lambda-Psi,aptx,1,none,1,1,1,0.5,0.5,4,2026,0.001,0.0001,0.0,50,39,34,5,0.0001,128,256,128,64,727378,727378,227.55623305495828,cuda,./results/lambda_psi_comparison/checkpoints/mnist/aptx_field/mnist__aptx_field__seed4__lr0p001__cfgd987f61c63bf.pt,0.08129409255981446,97.78,99.94,,,,,,,0.06569838643446564,98.0,99.97,,,,,,,0.7370002865791321,0.7027062177658081,0.7563304901123047,0.6973127722740173,0.7495715618133545,0.700103223323822,0.7250363230705261,0.7279589772224426
mnist__aptx_field__seed0__lr0p002__cfgd987f61c63bf,d987f61c63bf,96b354dd2d4cd04c,2.12.1+cu130,0.27.1+cu130,1.9.0,2.5.2,0,4,2026-08-19T04:03:18.362805+00:00,ok,,mnist,classification,aptx_field,APTx Neuron + Lambda-Psi,aptx,1,none,1,1,1,0.5,0.5,0,2026,0.002,0.0001,0.0,50,24,19,5,0.0001,128,256,128,64,727378,727378,140.53581162798218,cuda,./results/lambda_psi_comparison/checkpoints/mnist/aptx_field/mnist__aptx_field__seed0__lr0p002__cfgd987f61c63bf.pt,0.0789362698674202,97.82,99.98,,,,,,,0.07033100855052471,97.83,99.98,,,,,,,0.7524285316467285,0.6909130811691284,0.7890832424163818,0.6989086270332336,0.7881611585617065,0.6927673816680908,0.7469927072525024,0.7559767365455627
mnist__aptx_field__seed1__lr0p002__cfgd987f61c63bf,d987f61c63bf,96b354dd2d4cd04c,2.12.1+cu130,0.27.1+cu130,1.9.0,2.5.2,0,4,2026-08-19T04:06:56.293032+00:00,ok,,mnist,classification,aptx_field,APTx Neuron + Lambda-Psi,aptx,1,none,1,1,1,0.5,0.5,1,2026,0.002,0.0001,0.0,50,37,32,5,0.0001,128,256,128,64,727378,727378,216.510302079143,cuda,./results/lambda_psi_comparison/checkpoints/mnist/aptx_field/mnist__aptx_field__seed1__lr0p002__cfgd987f61c63bf.pt,0.06295338813513518,98.24000000000001,99.98,,,,,,,0.05134851034185849,98.29,99.99,,,,,,,0.7667326927185059,0.7021883726119995,0.7944204211235046,0.6928854584693909,0.7865808010101318,0.6825326681137085,0.7277761101722717,0.7324015498161316
mnist__aptx_field__seed2__lr0p002__cfgd987f61c63bf,d987f61c63bf,96b354dd2d4cd04c,2.12.1+cu130,0.27.1+cu130,1.9.0,2.5.2,0,4,2026-08-19T04:10:38.817233+00:00,ok,,mnist,classification,aptx_field,APTx Neuron + Lambda-Psi,aptx,1,none,1,1,1,0.5,0.5,2,2026,0.002,0.0001,0.0,50,38,33,5,0.0001,128,256,128,64,727378,727378,220.86810464900918,cuda,./results/lambda_psi_comparison/checkpoints/mnist/aptx_field/mnist__aptx_field__seed2__lr0p002__cfgd987f61c63bf.pt,0.06417764957249164,98.14,99.98,,,,,,,0.04921070089545101,98.50999999999999,100.0,,,,,,,0.7623023986816406,0.6892216801643372,0.7905642986297607,0.697947084903717,0.7879706025123596,0.697078287601471,0.7326659560203552,0.7345708012580872
mnist__aptx_field__seed3__lr0p002__cfgd987f61c63bf,d987f61c63bf,96b354dd2d4cd04c,2.12.1+cu130,0.27.1+cu130,1.9.0,2.5.2,0,4,2026-08-19T04:15:12.383941+00:00,ok,,mnist,classification,aptx_field,APTx Neuron + Lambda-Psi,aptx,1,none,1,1,1,0.5,0.5,3,2026,0.002,0.0001,0.0,50,47,42,5,0.0001,128,256,128,64,727378,727378,272.08566530398093,cuda,./results/lambda_psi_comparison/checkpoints/mnist/aptx_field/mnist__aptx_field__seed3__lr0p002__cfgd987f61c63bf.pt,0.058839281928539273,98.42,99.96000000000001,,,,,,,0.0458563875535503,98.55000000000001,99.99,,,,,,,0.7664316296577454,0.7024063467979431,0.7905564308166504,0.696467936038971,0.7810282111167908,0.6850072145462036,0.7233363389968872,0.7237613201141357
mnist__aptx_field__seed4__lr0p002__cfgd987f61c63bf,d987f61c63bf,96b354dd2d4cd04c,2.12.1+cu130,0.27.1+cu130,1.9.0,2.5.2,0,4,2026-08-19T04:17:21.974489+00:00,ok,,mnist,classification,aptx_field,APTx Neuron + Lambda-Psi,aptx,1,none,1,1,1,0.5,0.5,4,2026,0.002,0.0001,0.0,50,22,17,5,0.0001,128,256,128,64,727378,727378,127.97223306889646,cuda,./results/lambda_psi_comparison/checkpoints/mnist/aptx_field/mnist__aptx_field__seed4__lr0p002__cfgd987f61c63bf.pt,0.08021868907213212,97.58,99.94,,,,,,,0.0721415981426835,97.78999999999999,99.99,,,,,,,0.7591027617454529,0.7069517970085144,0.7844765782356262,0.7006744742393494,0.776168704032898,0.6934346556663513,0.7458193302154541,0.7482401132583618
mnist__aptx_field__seed0__lr0p003__cfgd987f61c63bf,d987f61c63bf,96b354dd2d4cd04c,2.12.1+cu130,0.27.1+cu130,1.9.0,2.5.2,0,4,2026-08-19T04:20:45.337416+00:00,ok,,mnist,classification,aptx_field,APTx Neuron + Lambda-Psi,aptx,1,none,1,1,1,0.5,0.5,0,2026,0.003,0.0001,0.0,50,35,30,5,0.0001,128,256,128,64,727378,727378,201.8790555659216,cuda,./results/lambda_psi_comparison/checkpoints/mnist/aptx_field/mnist__aptx_field__seed0__lr0p003__cfgd987f61c63bf.pt,0.060941732650995256,98.32,99.98,,,,,,,0.04840088361056987,98.37,99.99,,,,,,,0.797831654548645,0.6811560988426208,0.8281688690185547,0.6810209155082703,0.8225210905075073,0.6662237644195557,0.7423893809318542,0.7493566274642944
mnist__aptx_field__seed1__lr0p003__cfgd987f61c63bf,d987f61c63bf,96b354dd2d4cd04c,2.12.1+cu130,0.27.1+cu130,1.9.0,2.5.2,0,4,2026-08-19T04:23:35.278420+00:00,ok,,mnist,classification,aptx_field,APTx Neuron + Lambda-Psi,aptx,1,none,1,1,1,0.5,0.5,1,2026,0.003,0.0001,0.0,50,29,24,5,0.0001,128,256,128,64,727378,727378,168.44282357906923,cuda,./results/lambda_psi_comparison/checkpoints/mnist/aptx_field/mnist__aptx_field__seed1__lr0p003__cfgd987f61c63bf.pt,0.05873883821591735,98.3,99.98,,,,,,,0.051295834308490156,98.46000000000001,99.98,,,,,,,0.7896956205368042,0.7050089836120605,0.8218748569488525,0.6698179841041565,0.8179227709770203,0.6769487261772156,0.7520282864570618,0.7582059502601624
mnist__aptx_field__seed2__lr0p003__cfgd987f61c63bf,d987f61c63bf,96b354dd2d4cd04c,2.12.1+cu130,0.27.1+cu130,1.9.0,2.5.2,0,4,2026-08-19T04:28:22.638518+00:00,ok,,mnist,classification,aptx_field,APTx Neuron + Lambda-Psi,aptx,1,none,1,1,1,0.5,0.5,2,2026,0.003,0.0001,0.0,50,49,44,5,0.0001,128,256,128,64,727378,727378,285.8546709790826,cuda,./results/lambda_psi_comparison/checkpoints/mnist/aptx_field/mnist__aptx_field__seed2__lr0p003__cfgd987f61c63bf.pt,0.05172122567296028,98.66,99.98,,,,,,,0.04298782054129988,98.66,99.99,,,,,,,0.7954906225204468,0.6877530813217163,0.8312624096870422,0.6888110041618347,0.8188406229019165,0.6652262806892395,0.7193690538406372,0.7165364027023315
mnist__aptx_field__seed3__lr0p003__cfgd987f61c63bf,d987f61c63bf,96b354dd2d4cd04c,2.12.1+cu130,0.27.1+cu130,1.9.0,2.5.2,0,4,2026-08-19T04:32:15.082792+00:00,ok,,mnist,classification,aptx_field,APTx Neuron + Lambda-Psi,aptx,1,none,1,1,1,0.5,0.5,3,2026,0.003,0.0001,0.0,50,40,35,5,0.0001,128,256,128,64,727378,727378,231.01093399710953,cuda,./results/lambda_psi_comparison/checkpoints/mnist/aptx_field/mnist__aptx_field__seed3__lr0p003__cfgd987f61c63bf.pt,0.052653259718418124,98.56,100.0,,,,,,,0.043577923842985186,98.59,99.99,,,,,,,0.7959385514259338,0.7094110250473022,0.821256160736084,0.6825911402702332,0.815929114818573,0.6647054553031921,0.735575795173645,0.7391795516014099
mnist__aptx_field__seed4__lr0p003__cfgd987f61c63bf,d987f61c63bf,96b354dd2d4cd04c,2.12.1+cu130,0.27.1+cu130,1.9.0,2.5.2,0,4,2026-08-19T04:36:05.341348+00:00,ok,,mnist,classification,aptx_field,APTx Neuron + Lambda-Psi,aptx,1,none,1,1,1,0.5,0.5,4,2026,0.003,0.0001,0.0,50,39,34,5,0.0001,128,256,128,64,727378,727378,228.81209920113906,cuda,./results/lambda_psi_comparison/checkpoints/mnist/aptx_field/mnist__aptx_field__seed4__lr0p003__cfgd987f61c63bf.pt,0.05853338130712509,98.32,100.0,,,,,,,0.04494987286203541,98.6,99.98,,,,,,,0.7983247637748718,0.6985252499580383,0.8199526071548462,0.6983162760734558,0.8142530918121338,0.6659553647041321,0.7278726100921631,0.7340514063835144
mnist__aptx_field_relu__seed0__lr0p0003__cfg0a9cf23f716f,0a9cf23f716f,96b354dd2d4cd04c,2.12.1+cu130,0.27.1+cu130,1.9.0,2.5.2,0,4,2026-08-19T04:41:04.437944+00:00,ok,,mnist,classification,aptx_field_relu,APTx Neuron + Lambda-Psi + ReLU,aptx,1,after_field,1,1,1,0.5,0.5,0,2026,0.0003,0.0001,0.0,50,50,46,5,0.0001,128,256,128,64,727378,727378,297.5690822240431,cuda,./results/lambda_psi_comparison/checkpoints/mnist/aptx_field_relu/mnist__aptx_field_relu__seed0__lr0p0003__cfg0a9cf23f716f.pt,0.54230915350914,85.88,98.61999999999999,,,,,,,0.4839256242275238,87.83999999999999,99.13,,,,,,,0.6218688488006592,0.5919796824455261,0.6281161308288574,0.6086933612823486,0.6292183995246887,0.5292396545410156,0.2673371136188507,0.21889500319957733
mnist__aptx_field_relu__seed1__lr0p0003__cfg0a9cf23f716f,0a9cf23f716f,96b354dd2d4cd04c,2.12.1+cu130,0.27.1+cu130,1.9.0,2.5.2,0,4,2026-08-19T04:45:24.525457+00:00,ok,,mnist,classification,aptx_field_relu,APTx Neuron + Lambda-Psi + ReLU,aptx,1,after_field,1,1,1,0.5,0.5,1,2026,0.0003,0.0001,0.0,50,44,39,5,0.0001,128,256,128,64,727378,727378,258.61832238710485,cuda,./results/lambda_psi_comparison/checkpoints/mnist/aptx_field_relu/mnist__aptx_field_relu__seed1__lr0p0003__cfg0a9cf23f716f.pt,0.15862362034320832,95.12,99.78,,,,,,,0.14172202393710615,95.54,99.83999999999999,,,,,,,0.6376873850822449,0.6011609435081482,0.6380393505096436,0.568823516368866,0.6399363279342651,0.5290552973747253,0.6275762915611267,0.636111855506897
mnist__aptx_field_relu__seed2__lr0p0003__cfg0a9cf23f716f,0a9cf23f716f,96b354dd2d4cd04c,2.12.1+cu130,0.27.1+cu130,1.9.0,2.5.2,0,4,2026-08-19T04:50:20.403773+00:00,ok,,mnist,classification,aptx_field_relu,APTx Neuron + Lambda-Psi + ReLU,aptx,1,after_field,1,1,1,0.5,0.5,2,2026,0.0003,0.0001,0.0,50,50,49,5,0.0001,128,256,128,64,727378,727378,294.40819791983813,cuda,./results/lambda_psi_comparison/checkpoints/mnist/aptx_field_relu/mnist__aptx_field_relu__seed2__lr0p0003__cfg0a9cf23f716f.pt,0.24057110862731934,93.36,99.38,,,,,,,0.1998438181400299,94.25,99.61,,,,,,,0.6334711313247681,0.6132560968399048,0.6409691572189331,0.6056843400001526,0.6440332531929016,0.5234911441802979,0.5667247772216797,0.5368958115577698
mnist__aptx_field_relu__seed3__lr0p0003__cfg0a9cf23f716f,0a9cf23f716f,96b354dd2d4cd04c,2.12.1+cu130,0.27.1+cu130,1.9.0,2.5.2,0,4,2026-08-19T04:55:17.020518+00:00,ok,,mnist,classification,aptx_field_relu,APTx Neuron + Lambda-Psi + ReLU,aptx,1,after_field,1,1,1,0.5,0.5,3,2026,0.0003,0.0001,0.0,50,50,46,5,0.0001,128,256,128,64,727378,727378,295.1160662570037,cuda,./results/lambda_psi_comparison/checkpoints/mnist/aptx_field_relu/mnist__aptx_field_relu__seed3__lr0p0003__cfg0a9cf23f716f.pt,0.232904142332077,93.30000000000001,99.72,,,,,,,0.21796653170585634,93.52000000000001,99.72999999999999,,,,,,,0.6474453806877136,0.623519778251648,0.671028733253479,0.617301344871521,0.6704062223434448,0.5239105224609375,0.5342372059822083,0.4870142340660095
mnist__aptx_field_relu__seed4__lr0p0003__cfg0a9cf23f716f,0a9cf23f716f,96b354dd2d4cd04c,2.12.1+cu130,0.27.1+cu130,1.9.0,2.5.2,0,4,2026-08-19T05:00:14.371581+00:00,ok,,mnist,classification,aptx_field_relu,APTx Neuron + Lambda-Psi + ReLU,aptx,1,after_field,1,1,1,0.5,0.5,4,2026,0.0003,0.0001,0.0,50,50,46,5,0.0001,128,256,128,64,727378,727378,295.87193451379426,cuda,./results/lambda_psi_comparison/checkpoints/mnist/aptx_field_relu/mnist__aptx_field_relu__seed4__lr0p0003__cfg0a9cf23f716f.pt,0.18486448829174043,94.52000000000001,99.78,,,,,,,0.15507821552082895,95.33,99.88,,,,,,,0.6233949661254883,0.6019691228866577,0.6324957013130188,0.5632694363594055,0.6386638283729553,0.5261046886444092,0.6250646114349365,0.6249141693115234
mnist__aptx_field_relu__seed0__lr0p0005__cfg0a9cf23f716f,0a9cf23f716f,96b354dd2d4cd04c,2.12.1+cu130,0.27.1+cu130,1.9.0,2.5.2,0,4,2026-08-19T05:05:08.131883+00:00,ok,,mnist,classification,aptx_field_relu,APTx Neuron + Lambda-Psi + ReLU,aptx,1,after_field,1,1,1,0.5,0.5,0,2026,0.0005,0.0001,0.0,50,50,46,5,0.0001,128,256,128,64,727378,727378,292.30374334100634,cuda,./results/lambda_psi_comparison/checkpoints/mnist/aptx_field_relu/mnist__aptx_field_relu__seed0__lr0p0005__cfg0a9cf23f716f.pt,0.5039530620574951,83.58,99.18,,,,,,,0.48380233058929445,83.07,99.41,,,,,,,0.6203981637954712,0.5851751565933228,0.6200143098831177,0.6241545677185059,0.6197206974029541,0.5361714363098145,0.12610262632369995,0.09694567322731018
mnist__aptx_field_relu__seed1__lr0p0005__cfg0a9cf23f716f,0a9cf23f716f,96b354dd2d4cd04c,2.12.1+cu130,0.27.1+cu130,1.9.0,2.5.2,0,4,2026-08-19T05:10:00.549410+00:00,ok,,mnist,classification,aptx_field_relu,APTx Neuron + Lambda-Psi + ReLU,aptx,1,after_field,1,1,1,0.5,0.5,1,2026,0.0005,0.0001,0.0,50,49,44,5,0.0001,128,256,128,64,727378,727378,290.91947315004654,cuda,./results/lambda_psi_comparison/checkpoints/mnist/aptx_field_relu/mnist__aptx_field_relu__seed1__lr0p0005__cfg0a9cf23f716f.pt,0.11744898226261138,96.58,99.94,,,,,,,0.10850652852356434,96.91,99.89,,,,,,,0.636601448059082,0.5933831930160522,0.6376657485961914,0.5726645588874817,0.6374737024307251,0.5305375456809998,0.6112110018730164,0.6224998831748962
mnist__aptx_field_relu__seed2__lr0p0005__cfg0a9cf23f716f,0a9cf23f716f,96b354dd2d4cd04c,2.12.1+cu130,0.27.1+cu130,1.9.0,2.5.2,0,4,2026-08-19T05:14:57.623553+00:00,ok,,mnist,classification,aptx_field_relu,APTx Neuron + Lambda-Psi + ReLU,aptx,1,after_field,1,1,1,0.5,0.5,2,2026,0.0005,0.0001,0.0,50,50,50,5,0.0001,128,256,128,64,727378,727378,295.4897052280139,cuda,./results/lambda_psi_comparison/checkpoints/mnist/aptx_field_relu/mnist__aptx_field_relu__seed2__lr0p0005__cfg0a9cf23f716f.pt,0.15209752864837647,95.89999999999999,99.88,,,,,,,0.14076045480370522,95.74000000000001,99.89,,,,,,,0.6342678666114807,0.6066396832466125,0.6454758644104004,0.6162684559822083,0.6431884169578552,0.526557445526123,0.5328945517539978,0.49503886699676514
mnist__aptx_field_relu__seed3__lr0p0005__cfg0a9cf23f716f,0a9cf23f716f,96b354dd2d4cd04c,2.12.1+cu130,0.27.1+cu130,1.9.0,2.5.2,0,4,2026-08-19T05:18:33.682755+00:00,ok,,mnist,classification,aptx_field_relu,APTx Neuron + Lambda-Psi + ReLU,aptx,1,after_field,1,1,1,0.5,0.5,3,2026,0.0005,0.0001,0.0,50,37,32,5,0.0001,128,256,128,64,727378,727378,214.60556579497643,cuda,./results/lambda_psi_comparison/checkpoints/mnist/aptx_field_relu/mnist__aptx_field_relu__seed3__lr0p0005__cfg0a9cf23f716f.pt,0.15431085848808287,95.62,99.94,,,,,,,0.14553344739675522,95.49,99.86,,,,,,,0.6412644982337952,0.6181570887565613,0.6602044701576233,0.6156808137893677,0.6579872965812683,0.5246387124061584,0.5684501528739929,0.5403397083282471
mnist__aptx_field_relu__seed4__lr0p0005__cfg0a9cf23f716f,0a9cf23f716f,96b354dd2d4cd04c,2.12.1+cu130,0.27.1+cu130,1.9.0,2.5.2,0,4,2026-08-19T05:22:46.392917+00:00,ok,,mnist,classification,aptx_field_relu,APTx Neuron + Lambda-Psi + ReLU,aptx,1,after_field,1,1,1,0.5,0.5,4,2026,0.0005,0.0001,0.0,50,43,38,5,0.0001,128,256,128,64,727378,727378,251.25201802304946,cuda,./results/lambda_psi_comparison/checkpoints/mnist/aptx_field_relu/mnist__aptx_field_relu__seed4__lr0p0005__cfg0a9cf23f716f.pt,0.12709617156982422,96.14,99.94,,,,,,,0.11234152562990785,96.64,99.89,,,,,,,0.6314072012901306,0.6093956828117371,0.6422579288482666,0.5735375881195068,0.6482535004615784,0.526418149471283,0.6192744970321655,0.6243032813072205
mnist__aptx_field_relu__seed0__lr0p001__cfg0a9cf23f716f,0a9cf23f716f,96b354dd2d4cd04c,2.12.1+cu130,0.27.1+cu130,1.9.0,2.5.2,0,4,2026-08-19T05:27:04.833569+00:00,ok,,mnist,classification,aptx_field_relu,APTx Neuron + Lambda-Psi + ReLU,aptx,1,after_field,1,1,1,0.5,0.5,0,2026,0.001,0.0001,0.0,50,44,39,5,0.0001,128,256,128,64,727378,727378,256.9682872979902,cuda,./results/lambda_psi_comparison/checkpoints/mnist/aptx_field_relu/mnist__aptx_field_relu__seed0__lr0p001__cfg0a9cf23f716f.pt,0.12112268619537353,96.7,99.76,,,,,,,0.0983855481684208,97.27,99.82,,,,,,,0.6960819959640503,0.6225863099098206,0.7000611424446106,0.6478074789047241,0.6909878253936768,0.5455213785171509,0.06583535671234131,0.04977649450302124
mnist__aptx_field_relu__seed1__lr0p001__cfg0a9cf23f716f,0a9cf23f716f,96b354dd2d4cd04c,2.12.1+cu130,0.27.1+cu130,1.9.0,2.5.2,0,4,2026-08-19T05:30:27.880841+00:00,ok,,mnist,classification,aptx_field_relu,APTx Neuron + Lambda-Psi + ReLU,aptx,1,after_field,1,1,1,0.5,0.5,1,2026,0.001,0.0001,0.0,50,35,30,5,0.0001,128,256,128,64,727378,727378,201.49099513608962,cuda,./results/lambda_psi_comparison/checkpoints/mnist/aptx_field_relu/mnist__aptx_field_relu__seed1__lr0p001__cfg0a9cf23f716f.pt,0.08255105488300324,97.61999999999999,99.96000000000001,,,,,,,0.07101532983332873,97.75,99.96000000000001,,,,,,,0.6688390970230103,0.6116014719009399,0.6645073294639587,0.5726388096809387,0.6568621397018433,0.5338942408561707,0.5959666967391968,0.6059019565582275
mnist__aptx_field_relu__seed2__lr0p001__cfg0a9cf23f716f,0a9cf23f716f,96b354dd2d4cd04c,2.12.1+cu130,0.27.1+cu130,1.9.0,2.5.2,0,4,2026-08-19T05:33:29.853984+00:00,ok,,mnist,classification,aptx_field_relu,APTx Neuron + Lambda-Psi + ReLU,aptx,1,after_field,1,1,1,0.5,0.5,2,2026,0.001,0.0001,0.0,50,31,26,5,0.0001,128,256,128,64,727378,727378,180.47729865694419,cuda,./results/lambda_psi_comparison/checkpoints/mnist/aptx_field_relu/mnist__aptx_field_relu__seed2__lr0p001__cfg0a9cf23f716f.pt,0.10623779067993164,96.89999999999999,99.86,,,,,,,0.0951074541002512,97.1,99.92999999999999,,,,,,,0.7011919617652893,0.6460350751876831,0.7037175893783569,0.6473001837730408,0.7031547427177429,0.5305132269859314,0.3874545991420746,0.32203835248947144
mnist__aptx_field_relu__seed3__lr0p001__cfg0a9cf23f716f,0a9cf23f716f,96b354dd2d4cd04c,2.12.1+cu130,0.27.1+cu130,1.9.0,2.5.2,0,4,2026-08-19T05:37:15.926750+00:00,ok,,mnist,classification,aptx_field_relu,APTx Neuron + Lambda-Psi + ReLU,aptx,1,after_field,1,1,1,0.5,0.5,3,2026,0.001,0.0001,0.0,50,39,34,5,0.0001,128,256,128,64,727378,727378,224.54526562592946,cuda,./results/lambda_psi_comparison/checkpoints/mnist/aptx_field_relu/mnist__aptx_field_relu__seed3__lr0p001__cfg0a9cf23f716f.pt,0.10411577644348144,96.74000000000001,99.96000000000001,,,,,,,0.08988165889754891,97.32,99.98,,,,,,,0.6626754999160767,0.621367335319519,0.6741740107536316,0.6168374419212341,0.6694440841674805,0.5283845067024231,0.5507804751396179,0.538116991519928
mnist__aptx_field_relu__seed4__lr0p001__cfg0a9cf23f716f,0a9cf23f716f,96b354dd2d4cd04c,2.12.1+cu130,0.27.1+cu130,1.9.0,2.5.2,0,4,2026-08-19T05:40:24.055777+00:00,ok,,mnist,classification,aptx_field_relu,APTx Neuron + Lambda-Psi + ReLU,aptx,1,after_field,1,1,1,0.5,0.5,4,2026,0.001,0.0001,0.0,50,32,27,5,0.0001,128,256,128,64,727378,727378,186.64620610699058,cuda,./results/lambda_psi_comparison/checkpoints/mnist/aptx_field_relu/mnist__aptx_field_relu__seed4__lr0p001__cfg0a9cf23f716f.pt,0.0842502797484398,97.54,99.96000000000001,,,,,,,0.08146945048235357,97.42,99.94,,,,,,,0.6782472133636475,0.6147078275680542,0.6733466982841492,0.5824623703956604,0.6668584942817688,0.5256186723709106,0.6086735725402832,0.6043675541877747
mnist__aptx_field_relu__seed0__lr0p002__cfg0a9cf23f716f,0a9cf23f716f,96b354dd2d4cd04c,2.12.1+cu130,0.27.1+cu130,1.9.0,2.5.2,0,4,2026-08-19T05:43:49.738603+00:00,ok,,mnist,classification,aptx_field_relu,APTx Neuron + Lambda-Psi + ReLU,aptx,1,after_field,1,1,1,0.5,0.5,0,2026,0.002,0.0001,0.0,50,35,30,5,0.0001,128,256,128,64,727378,727378,204.22307629697025,cuda,./results/lambda_psi_comparison/checkpoints/mnist/aptx_field_relu/mnist__aptx_field_relu__seed0__lr0p002__cfg0a9cf23f716f.pt,0.07110789716243744,98.08,99.96000000000001,,,,,,,0.06129704950675368,97.89999999999999,99.96000000000001,,,,,,,0.7284597754478455,0.6054774522781372,0.7040198445320129,0.6141738891601562,0.694302499294281,0.5458034873008728,0.2602013647556305,0.23458343744277954
mnist__aptx_field_relu__seed1__lr0p002__cfg0a9cf23f716f,0a9cf23f716f,96b354dd2d4cd04c,2.12.1+cu130,0.27.1+cu130,1.9.0,2.5.2,0,4,2026-08-19T05:46:11.786932+00:00,ok,,mnist,classification,aptx_field_relu,APTx Neuron + Lambda-Psi + ReLU,aptx,1,after_field,1,1,1,0.5,0.5,1,2026,0.002,0.0001,0.0,50,24,19,5,0.0001,128,256,128,64,727378,727378,140.53637884091586,cuda,./results/lambda_psi_comparison/checkpoints/mnist/aptx_field_relu/mnist__aptx_field_relu__seed1__lr0p002__cfg0a9cf23f716f.pt,0.07528526186943055,97.84,99.94,,,,,,,0.07093856909349561,97.84,99.97,,,,,,,0.7083466649055481,0.6096612811088562,0.7036478519439697,0.5722903609275818,0.6954470872879028,0.538695752620697,0.5933982133865356,0.6096917390823364
mnist__aptx_field_relu__seed2__lr0p002__cfg0a9cf23f716f,0a9cf23f716f,96b354dd2d4cd04c,2.12.1+cu130,0.27.1+cu130,1.9.0,2.5.2,0,4,2026-08-19T05:50:01.413482+00:00,ok,,mnist,classification,aptx_field_relu,APTx Neuron + Lambda-Psi + ReLU,aptx,1,after_field,1,1,1,0.5,0.5,2,2026,0.002,0.0001,0.0,50,39,34,5,0.0001,128,256,128,64,727378,727378,228.07729976205155,cuda,./results/lambda_psi_comparison/checkpoints/mnist/aptx_field_relu/mnist__aptx_field_relu__seed2__lr0p002__cfg0a9cf23f716f.pt,0.06352893216609955,98.22,99.96000000000001,,,,,,,0.048485124052688476,98.53,99.96000000000001,,,,,,,0.743081271648407,0.6237024664878845,0.7412413358688354,0.627732515335083,0.712634265422821,0.5042813420295715,0.5201299786567688,0.5159376859664917
mnist__aptx_field_relu__seed3__lr0p002__cfg0a9cf23f716f,0a9cf23f716f,96b354dd2d4cd04c,2.12.1+cu130,0.27.1+cu130,1.9.0,2.5.2,0,4,2026-08-19T05:54:51.302109+00:00,ok,,mnist,classification,aptx_field_relu,APTx Neuron + Lambda-Psi + ReLU,aptx,1,after_field,1,1,1,0.5,0.5,3,2026,0.002,0.0001,0.0,50,49,44,5,0.0001,128,256,128,64,727378,727378,288.4383299648762,cuda,./results/lambda_psi_comparison/checkpoints/mnist/aptx_field_relu/mnist__aptx_field_relu__seed3__lr0p002__cfg0a9cf23f716f.pt,0.06844268245697022,98.08,99.96000000000001,,,,,,,0.05289626905070618,98.35000000000001,99.96000000000001,,,,,,,0.7283039689064026,0.6246488690376282,0.713786780834198,0.605144739151001,0.7043472528457642,0.5175657868385315,0.48070016503334045,0.4639989733695984
mnist__aptx_field_relu__seed4__lr0p002__cfg0a9cf23f716f,0a9cf23f716f,96b354dd2d4cd04c,2.12.1+cu130,0.27.1+cu130,1.9.0,2.5.2,0,4,2026-08-19T05:58:42.362484+00:00,ok,,mnist,classification,aptx_field_relu,APTx Neuron + Lambda-Psi + ReLU,aptx,1,after_field,1,1,1,0.5,0.5,4,2026,0.002,0.0001,0.0,50,39,34,5,0.0001,128,256,128,64,727378,727378,229.53792876400985,cuda,./results/lambda_psi_comparison/checkpoints/mnist/aptx_field_relu/mnist__aptx_field_relu__seed4__lr0p002__cfg0a9cf23f716f.pt,0.06710034770965576,97.82,99.96000000000001,,,,,,,0.0546842798423022,98.24000000000001,99.95,,,,,,,0.6827189922332764,0.5939299464225769,0.6810131669044495,0.5837072730064392,0.6720535755157471,0.5230972170829773,0.5339975357055664,0.565158486366272
mnist__aptx_field_relu__seed0__lr0p003__cfg0a9cf23f716f,0a9cf23f716f,96b354dd2d4cd04c,2.12.1+cu130,0.27.1+cu130,1.9.0,2.5.2,0,4,2026-08-19T06:02:45.630815+00:00,ok,,mnist,classification,aptx_field_relu,APTx Neuron + Lambda-Psi + ReLU,aptx,1,after_field,1,1,1,0.5,0.5,0,2026,0.003,0.0001,0.0,50,41,36,5,0.0001,128,256,128,64,727378,727378,241.77109858603217,cuda,./results/lambda_psi_comparison/checkpoints/mnist/aptx_field_relu/mnist__aptx_field_relu__seed0__lr0p003__cfg0a9cf23f716f.pt,0.0529903017282486,98.46000000000001,99.96000000000001,,,,,,,0.047314797998964785,98.48,99.96000000000001,,,,,,,0.827369213104248,0.5999640226364136,0.7779532074928284,0.6159566640853882,0.7743521332740784,0.5172955393791199,0.15743395686149597,0.15283003449440002
mnist__aptx_field_relu__seed1__lr0p003__cfg0a9cf23f716f,0a9cf23f716f,96b354dd2d4cd04c,2.12.1+cu130,0.27.1+cu130,1.9.0,2.5.2,0,4,2026-08-19T06:06:35.949777+00:00,ok,,mnist,classification,aptx_field_relu,APTx Neuron + Lambda-Psi + ReLU,aptx,1,after_field,1,1,1,0.5,0.5,1,2026,0.003,0.0001,0.0,50,38,33,5,0.0001,128,256,128,64,727378,727378,228.84158827085048,cuda,./results/lambda_psi_comparison/checkpoints/mnist/aptx_field_relu/mnist__aptx_field_relu__seed1__lr0p003__cfg0a9cf23f716f.pt,0.055022099542617796,98.36,100.0,,,,,,,0.04870043243467808,98.5,99.98,,,,,,,0.7769607901573181,0.5847947597503662,0.7437293529510498,0.5589455962181091,0.7135201096534729,0.5201494693756104,0.5772982835769653,0.5961661338806152
mnist__aptx_field_relu__seed2__lr0p003__cfg0a9cf23f716f,0a9cf23f716f,96b354dd2d4cd04c,2.12.1+cu130,0.27.1+cu130,1.9.0,2.5.2,0,4,2026-08-19T06:10:28.138616+00:00,ok,,mnist,classification,aptx_field_relu,APTx Neuron + Lambda-Psi + ReLU,aptx,1,after_field,1,1,1,0.5,0.5,2,2026,0.003,0.0001,0.0,50,38,33,5,0.0001,128,256,128,64,727378,727378,230.69886620901525,cuda,./results/lambda_psi_comparison/checkpoints/mnist/aptx_field_relu/mnist__aptx_field_relu__seed2__lr0p003__cfg0a9cf23f716f.pt,0.06952149171829224,98.28,99.96000000000001,,,,,,,0.04454613298624754,98.53,99.99,,,,,,,0.7694448232650757,0.579859733581543,0.741145133972168,0.5819296836853027,0.7268301248550415,0.5023746490478516,0.3919812738895416,0.42019638419151306
mnist__aptx_field_relu__seed3__lr0p003__cfg0a9cf23f716f,0a9cf23f716f,96b354dd2d4cd04c,2.12.1+cu130,0.27.1+cu130,1.9.0,2.5.2,0,4,2026-08-19T06:14:08.420794+00:00,ok,,mnist,classification,aptx_field_relu,APTx Neuron + Lambda-Psi + ReLU,aptx,1,after_field,1,1,1,0.5,0.5,3,2026,0.003,0.0001,0.0,50,37,32,5,0.0001,128,256,128,64,727378,727378,218.79622392891906,cuda,./results/lambda_psi_comparison/checkpoints/mnist/aptx_field_relu/mnist__aptx_field_relu__seed3__lr0p003__cfg0a9cf23f716f.pt,0.05731633945703506,98.34,99.98,,,,,,,0.04453096406953409,98.54,99.98,,,,,,,0.7748662829399109,0.6015814542770386,0.7442505955696106,0.6073315739631653,0.7275953888893127,0.49684247374534607,0.5334322452545166,0.5388039946556091
mnist__aptx_field_relu__seed4__lr0p003__cfg0a9cf23f716f,0a9cf23f716f,96b354dd2d4cd04c,2.12.1+cu130,0.27.1+cu130,1.9.0,2.5.2,0,4,2026-08-19T06:17:14.754342+00:00,ok,,mnist,classification,aptx_field_relu,APTx Neuron + Lambda-Psi + ReLU,aptx,1,after_field,1,1,1,0.5,0.5,4,2026,0.003,0.0001,0.0,50,31,26,5,0.0001,128,256,128,64,727378,727378,184.81796197686344,cuda,./results/lambda_psi_comparison/checkpoints/mnist/aptx_field_relu/mnist__aptx_field_relu__seed4__lr0p003__cfg0a9cf23f716f.pt,0.06385357439517975,98.16,99.98,,,,,,,0.054429143862240015,98.32,99.98,,,,,,,0.7636675238609314,0.5961781144142151,0.7567411661148071,0.5670129656791687,0.735867440700531,0.5187020301818848,0.4268515706062317,0.4112059473991394
mnist__aptx_relu_field__seed0__lr0p0003__cfgb15594cd4abc,b15594cd4abc,96b354dd2d4cd04c,2.12.1+cu130,0.27.1+cu130,1.9.0,2.5.2,0,4,2026-08-19T06:21:22.364782+00:00,ok,,mnist,classification,aptx_relu_field,APTx Neuron + ReLU + Lambda-Psi,aptx,1,before_field,1,1,1,0.5,0.5,0,2026,0.0003,0.0001,0.0,50,41,36,5,0.0001,128,256,128,64,727378,727378,246.09559896797873,cuda,./results/lambda_psi_comparison/checkpoints/mnist/aptx_relu_field/mnist__aptx_relu_field__seed0__lr0p0003__cfgb15594cd4abc.pt,0.21691346282958984,93.89999999999999,99.64,,,,,,,0.18317905986309052,94.45,99.83999999999999,,,,,,,0.5958492159843445,0.5875535011291504,0.6070588827133179,0.5733848810195923,0.6133793592453003,0.610113263130188,0.5359171628952026,0.5322405099868774
mnist__aptx_relu_field__seed1__lr0p0003__cfgb15594cd4abc,b15594cd4abc,96b354dd2d4cd04c,2.12.1+cu130,0.27.1+cu130,1.9.0,2.5.2,0,4,2026-08-19T06:26:27.531451+00:00,ok,,mnist,classification,aptx_relu_field,APTx Neuron + ReLU + Lambda-Psi,aptx,1,before_field,1,1,1,0.5,0.5,1,2026,0.0003,0.0001,0.0,50,50,47,5,0.0001,128,256,128,64,727378,727378,303.63742824899964,cuda,./results/lambda_psi_comparison/checkpoints/mnist/aptx_relu_field/mnist__aptx_relu_field__seed1__lr0p0003__cfgb15594cd4abc.pt,0.153425150680542,95.48,99.88,,,,,,,0.12160707187652588,96.24000000000001,99.9,,,,,,,0.6449821591377258,0.6334885954856873,0.6531969904899597,0.6109675765037537,0.657754123210907,0.5879046320915222,0.6490338444709778,0.6491884589195251
mnist__aptx_relu_field__seed2__lr0p0003__cfgb15594cd4abc,b15594cd4abc,96b354dd2d4cd04c,2.12.1+cu130,0.27.1+cu130,1.9.0,2.5.2,0,4,2026-08-19T06:31:00.816467+00:00,ok,,mnist,classification,aptx_relu_field,APTx Neuron + ReLU + Lambda-Psi,aptx,1,before_field,1,1,1,0.5,0.5,2,2026,0.0003,0.0001,0.0,50,45,40,5,0.0001,128,256,128,64,727378,727378,271.7432744500693,cuda,./results/lambda_psi_comparison/checkpoints/mnist/aptx_relu_field/mnist__aptx_relu_field__seed2__lr0p0003__cfgb15594cd4abc.pt,0.16923249788284303,95.3,99.68,,,,,,,0.14320087134242057,95.55,99.87,,,,,,,0.605298638343811,0.6090704202651978,0.6162179112434387,0.6022686958312988,0.6110491156578064,0.5974996089935303,0.6058782339096069,0.6069846153259277
mnist__aptx_relu_field__seed3__lr0p0003__cfgb15594cd4abc,b15594cd4abc,96b354dd2d4cd04c,2.12.1+cu130,0.27.1+cu130,1.9.0,2.5.2,0,4,2026-08-19T06:35:29.879249+00:00,ok,,mnist,classification,aptx_relu_field,APTx Neuron + ReLU + Lambda-Psi,aptx,1,before_field,1,1,1,0.5,0.5,3,2026,0.0003,0.0001,0.0,50,45,40,5,0.0001,128,256,128,64,727378,727378,267.6044590100646,cuda,./results/lambda_psi_comparison/checkpoints/mnist/aptx_relu_field/mnist__aptx_relu_field__seed3__lr0p0003__cfgb15594cd4abc.pt,0.16353239345550538,95.22,99.9,,,,,,,0.13162966650724411,95.84,99.9,,,,,,,0.6334525346755981,0.6179905533790588,0.6441828012466431,0.6093238592147827,0.6438308358192444,0.5958758592605591,0.6324676871299744,0.6324854493141174
mnist__aptx_relu_field__seed4__lr0p0003__cfgb15594cd4abc,b15594cd4abc,96b354dd2d4cd04c,2.12.1+cu130,0.27.1+cu130,1.9.0,2.5.2,0,4,2026-08-19T06:40:34.754882+00:00,ok,,mnist,classification,aptx_relu_field,APTx Neuron + ReLU + Lambda-Psi,aptx,1,before_field,1,1,1,0.5,0.5,4,2026,0.0003,0.0001,0.0,50,50,45,5,0.0001,128,256,128,64,727378,727378,303.3879218599759,cuda,./results/lambda_psi_comparison/checkpoints/mnist/aptx_relu_field/mnist__aptx_relu_field__seed4__lr0p0003__cfgb15594cd4abc.pt,0.20977775373458862,93.89999999999999,99.66000000000001,,,,,,,0.17446509567201138,94.49,99.83,,,,,,,0.5775120854377747,0.5896761417388916,0.5845905542373657,0.5831553936004639,0.5807925462722778,0.5785641670227051,0.575213611125946,0.5765780210494995
mnist__aptx_relu_field__seed0__lr0p0005__cfgb15594cd4abc,b15594cd4abc,96b354dd2d4cd04c,2.12.1+cu130,0.27.1+cu130,1.9.0,2.5.2,0,4,2026-08-19T06:45:24.604490+00:00,ok,,mnist,classification,aptx_relu_field,APTx Neuron + ReLU + Lambda-Psi,aptx,1,before_field,1,1,1,0.5,0.5,0,2026,0.0005,0.0001,0.0,50,48,43,5,0.0001,128,256,128,64,727378,727378,288.3696351288818,cuda,./results/lambda_psi_comparison/checkpoints/mnist/aptx_relu_field/mnist__aptx_relu_field__seed0__lr0p0005__cfgb15594cd4abc.pt,0.1475050883769989,95.56,99.94,,,,,,,0.11909458252489567,96.22,99.94,,,,,,,0.5879603028297424,0.5561566948890686,0.5993167757987976,0.5725830793380737,0.6275451183319092,0.572437584400177,0.5150850415229797,0.5066888332366943
mnist__aptx_relu_field__seed1__lr0p0005__cfgb15594cd4abc,b15594cd4abc,96b354dd2d4cd04c,2.12.1+cu130,0.27.1+cu130,1.9.0,2.5.2,0,4,2026-08-19T06:49:15.520914+00:00,ok,,mnist,classification,aptx_relu_field,APTx Neuron + ReLU + Lambda-Psi,aptx,1,before_field,1,1,1,0.5,0.5,1,2026,0.0005,0.0001,0.0,50,38,33,5,0.0001,128,256,128,64,727378,727378,229.4359779341612,cuda,./results/lambda_psi_comparison/checkpoints/mnist/aptx_relu_field/mnist__aptx_relu_field__seed1__lr0p0005__cfgb15594cd4abc.pt,0.11562693257331848,96.67999999999999,99.92,,,,,,,0.09778339919149875,96.86,99.97,,,,,,,0.6521638631820679,0.6113260984420776,0.6624869108200073,0.600172221660614,0.6677896976470947,0.5861181020736694,0.6580964922904968,0.6584227085113525
mnist__aptx_relu_field__seed2__lr0p0005__cfgb15594cd4abc,b15594cd4abc,96b354dd2d4cd04c,2.12.1+cu130,0.27.1+cu130,1.9.0,2.5.2,0,4,2026-08-19T06:53:49.472915+00:00,ok,,mnist,classification,aptx_relu_field,APTx Neuron + ReLU + Lambda-Psi,aptx,1,before_field,1,1,1,0.5,0.5,2,2026,0.0005,0.0001,0.0,50,45,40,5,0.0001,128,256,128,64,727378,727378,272.3970510219224,cuda,./results/lambda_psi_comparison/checkpoints/mnist/aptx_relu_field/mnist__aptx_relu_field__seed2__lr0p0005__cfgb15594cd4abc.pt,0.11069944820404053,96.89999999999999,99.9,,,,,,,0.10145123723000288,96.95,99.92,,,,,,,0.6093664765357971,0.5872911810874939,0.6210870742797852,0.587149441242218,0.6148125529289246,0.5884552001953125,0.6103116273880005,0.6193816661834717
mnist__aptx_relu_field__seed3__lr0p0005__cfgb15594cd4abc,b15594cd4abc,96b354dd2d4cd04c,2.12.1+cu130,0.27.1+cu130,1.9.0,2.5.2,0,4,2026-08-19T06:56:42.136045+00:00,ok,,mnist,classification,aptx_relu_field,APTx Neuron + ReLU + Lambda-Psi,aptx,1,before_field,1,1,1,0.5,0.5,3,2026,0.0005,0.0001,0.0,50,28,23,5,0.0001,128,256,128,64,727378,727378,171.11538469581865,cuda,./results/lambda_psi_comparison/checkpoints/mnist/aptx_relu_field/mnist__aptx_relu_field__seed3__lr0p0005__cfgb15594cd4abc.pt,0.14484716081619262,95.62,99.88,,,,,,,0.11553479191958904,96.31,99.92999999999999,,,,,,,0.6430866718292236,0.6023206114768982,0.6549474596977234,0.6024813652038574,0.6567839980125427,0.5933807492256165,0.6420532464981079,0.6421870589256287
mnist__aptx_relu_field__seed4__lr0p0005__cfgb15594cd4abc,b15594cd4abc,96b354dd2d4cd04c,2.12.1+cu130,0.27.1+cu130,1.9.0,2.5.2,0,4,2026-08-19T07:00:29.568335+00:00,ok,,mnist,classification,aptx_relu_field,APTx Neuron + ReLU + Lambda-Psi,aptx,1,before_field,1,1,1,0.5,0.5,4,2026,0.0005,0.0001,0.0,50,37,32,5,0.0001,128,256,128,64,727378,727378,225.89064167020842,cuda,./results/lambda_psi_comparison/checkpoints/mnist/aptx_relu_field/mnist__aptx_relu_field__seed4__lr0p0005__cfgb15594cd4abc.pt,0.17271472973823548,95.19999999999999,99.76,,,,,,,0.13996866302192212,95.63000000000001,99.89,,,,,,,0.5748660564422607,0.5656482577323914,0.5809219479560852,0.5680933594703674,0.5718445777893066,0.5688600540161133,0.5705723762512207,0.573207437992096
mnist__aptx_relu_field__seed0__lr0p001__cfgb15594cd4abc,b15594cd4abc,96b354dd2d4cd04c,2.12.1+cu130,0.27.1+cu130,1.9.0,2.5.2,0,4,2026-08-19T07:05:31.933554+00:00,ok,,mnist,classification,aptx_relu_field,APTx Neuron + ReLU + Lambda-Psi,aptx,1,before_field,1,1,1,0.5,0.5,0,2026,0.001,0.0001,0.0,50,49,44,5,0.0001,128,256,128,64,727378,727378,300.87679916108027,cuda,./results/lambda_psi_comparison/checkpoints/mnist/aptx_relu_field/mnist__aptx_relu_field__seed0__lr0p001__cfgb15594cd4abc.pt,0.0963071545124054,97.22,99.98,,,,,,,0.0845620467390865,97.31,99.94,,,,,,,0.5981637835502625,0.49026867747306824,0.6111587285995483,0.5735042691230774,0.6734356880187988,0.5217101573944092,0.48313313722610474,0.4724823236465454
mnist__aptx_relu_field__seed1__lr0p001__cfgb15594cd4abc,b15594cd4abc,96b354dd2d4cd04c,2.12.1+cu130,0.27.1+cu130,1.9.0,2.5.2,0,4,2026-08-19T07:09:16.516974+00:00,ok,,mnist,classification,aptx_relu_field,APTx Neuron + ReLU + Lambda-Psi,aptx,1,before_field,1,1,1,0.5,0.5,1,2026,0.001,0.0001,0.0,50,37,32,5,0.0001,128,256,128,64,727378,727378,223.0822288778145,cuda,./results/lambda_psi_comparison/checkpoints/mnist/aptx_relu_field/mnist__aptx_relu_field__seed1__lr0p001__cfgb15594cd4abc.pt,0.07416952805519104,97.89999999999999,99.98,,,,,,,0.06572388708293438,97.92999999999999,99.98,,,,,,,0.6831351518630981,0.5274518132209778,0.7003892660140991,0.5600920915603638,0.7059453725814819,0.5619528889656067,0.6828598976135254,0.6845578551292419
mnist__aptx_relu_field__seed2__lr0p001__cfgb15594cd4abc,b15594cd4abc,96b354dd2d4cd04c,2.12.1+cu130,0.27.1+cu130,1.9.0,2.5.2,0,4,2026-08-19T07:13:41.278885+00:00,ok,,mnist,classification,aptx_relu_field,APTx Neuron + ReLU + Lambda-Psi,aptx,1,before_field,1,1,1,0.5,0.5,2,2026,0.001,0.0001,0.0,50,45,40,5,0.0001,128,256,128,64,727378,727378,263.2680320250802,cuda,./results/lambda_psi_comparison/checkpoints/mnist/aptx_relu_field/mnist__aptx_relu_field__seed2__lr0p001__cfgb15594cd4abc.pt,0.0733467511177063,97.94,99.98,,,,,,,0.06642792053893208,97.87,99.97,,,,,,,0.6376237273216248,0.5172216296195984,0.6536442637443542,0.5500330328941345,0.6429567337036133,0.561049222946167,0.6212505102157593,0.6357916593551636
mnist__aptx_relu_field__seed3__lr0p001__cfgb15594cd4abc,b15594cd4abc,96b354dd2d4cd04c,2.12.1+cu130,0.27.1+cu130,1.9.0,2.5.2,0,4,2026-08-19T07:16:39.154833+00:00,ok,,mnist,classification,aptx_relu_field,APTx Neuron + ReLU + Lambda-Psi,aptx,1,before_field,1,1,1,0.5,0.5,3,2026,0.001,0.0001,0.0,50,30,25,5,0.0001,128,256,128,64,727378,727378,176.3479910150636,cuda,./results/lambda_psi_comparison/checkpoints/mnist/aptx_relu_field/mnist__aptx_relu_field__seed3__lr0p001__cfgb15594cd4abc.pt,0.10093794465065002,96.92,99.96000000000001,,,,,,,0.07746486148834228,97.50999999999999,99.96000000000001,,,,,,,0.6680339574813843,0.5247358679771423,0.691519021987915,0.5709125399589539,0.6931774616241455,0.5716643929481506,0.6638587117195129,0.6645546555519104
mnist__aptx_relu_field__seed4__lr0p001__cfgb15594cd4abc,b15594cd4abc,96b354dd2d4cd04c,2.12.1+cu130,0.27.1+cu130,1.9.0,2.5.2,0,4,2026-08-19T07:19:14.467163+00:00,ok,,mnist,classification,aptx_relu_field,APTx Neuron + ReLU + Lambda-Psi,aptx,1,before_field,1,1,1,0.5,0.5,4,2026,0.001,0.0001,0.0,50,26,21,5,0.0001,128,256,128,64,727378,727378,153.78090375685133,cuda,./results/lambda_psi_comparison/checkpoints/mnist/aptx_relu_field/mnist__aptx_relu_field__seed4__lr0p001__cfgb15594cd4abc.pt,0.1184814399600029,96.67999999999999,99.96000000000001,,,,,,,0.09399656938165427,96.97,99.95,,,,,,,0.5993014574050903,0.5315203070640564,0.61240553855896,0.5482938885688782,0.607857882976532,0.5485920906066895,0.5892385840415955,0.5928285121917725
mnist__aptx_relu_field__seed0__lr0p002__cfgb15594cd4abc,b15594cd4abc,96b354dd2d4cd04c,2.12.1+cu130,0.27.1+cu130,1.9.0,2.5.2,0,4,2026-08-19T07:22:14.340261+00:00,ok,,mnist,classification,aptx_relu_field,APTx Neuron + ReLU + Lambda-Psi,aptx,1,before_field,1,1,1,0.5,0.5,0,2026,0.002,0.0001,0.0,50,30,25,5,0.0001,128,256,128,64,727378,727378,178.30378645006567,cuda,./results/lambda_psi_comparison/checkpoints/mnist/aptx_relu_field/mnist__aptx_relu_field__seed0__lr0p002__cfgb15594cd4abc.pt,0.09178435136675835,97.39999999999999,99.9,,,,,,,0.08411603892184794,97.37,99.92,,,,,,,0.6258618831634521,0.42972835898399353,0.627770185470581,0.5656792521476746,0.6525813937187195,0.524750292301178,0.5224760174751282,0.5143882036209106
mnist__aptx_relu_field__seed1__lr0p002__cfgb15594cd4abc,b15594cd4abc,96b354dd2d4cd04c,2.12.1+cu130,0.27.1+cu130,1.9.0,2.5.2,0,4,2026-08-19T07:25:54.191638+00:00,ok,,mnist,classification,aptx_relu_field,APTx Neuron + ReLU + Lambda-Psi,aptx,1,before_field,1,1,1,0.5,0.5,1,2026,0.002,0.0001,0.0,50,36,31,5,0.0001,128,256,128,64,727378,727378,218.34672136604786,cuda,./results/lambda_psi_comparison/checkpoints/mnist/aptx_relu_field/mnist__aptx_relu_field__seed1__lr0p002__cfgb15594cd4abc.pt,0.06342250714302063,98.16,100.0,,,,,,,0.049835911605507134,98.34,99.99,,,,,,,0.7243379354476929,0.38852307200431824,0.7670169472694397,0.45611271262168884,0.7689662575721741,0.516477644443512,0.7148659229278564,0.7185814380645752
mnist__aptx_relu_field__seed2__lr0p002__cfgb15594cd4abc,b15594cd4abc,96b354dd2d4cd04c,2.12.1+cu130,0.27.1+cu130,1.9.0,2.5.2,0,4,2026-08-19T07:29:15.033775+00:00,ok,,mnist,classification,aptx_relu_field,APTx Neuron + ReLU + Lambda-Psi,aptx,1,before_field,1,1,1,0.5,0.5,2,2026,0.002,0.0001,0.0,50,33,28,5,0.0001,128,256,128,64,727378,727378,199.38593307510018,cuda,./results/lambda_psi_comparison/checkpoints/mnist/aptx_relu_field/mnist__aptx_relu_field__seed2__lr0p002__cfgb15594cd4abc.pt,0.06478373432159423,98.04,100.0,,,,,,,0.05971141922622919,98.11,99.97,,,,,,,0.6798545718193054,0.408945769071579,0.7211065292358398,0.48404520750045776,0.7201279401779175,0.4978422522544861,0.6764659881591797,0.6885359883308411
mnist__aptx_relu_field__seed3__lr0p002__cfgb15594cd4abc,b15594cd4abc,96b354dd2d4cd04c,2.12.1+cu130,0.27.1+cu130,1.9.0,2.5.2,0,4,2026-08-19T07:32:08.665369+00:00,ok,,mnist,classification,aptx_relu_field,APTx Neuron + ReLU + Lambda-Psi,aptx,1,before_field,1,1,1,0.5,0.5,3,2026,0.002,0.0001,0.0,50,28,23,5,0.0001,128,256,128,64,727378,727378,172.08426090306602,cuda,./results/lambda_psi_comparison/checkpoints/mnist/aptx_relu_field/mnist__aptx_relu_field__seed3__lr0p002__cfgb15594cd4abc.pt,0.07236563311815263,97.84,100.0,,,,,,,0.0629608407266438,98.00999999999999,99.95,,,,,,,0.7005437612533569,0.4129597246646881,0.7327654361724854,0.5105487704277039,0.7466594576835632,0.5073737502098083,0.6959297060966492,0.6969228982925415
mnist__aptx_relu_field__seed4__lr0p002__cfgb15594cd4abc,b15594cd4abc,96b354dd2d4cd04c,2.12.1+cu130,0.27.1+cu130,1.9.0,2.5.2,0,4,2026-08-19T07:37:16.854614+00:00,ok,,mnist,classification,aptx_relu_field,APTx Neuron + ReLU + Lambda-Psi,aptx,1,before_field,1,1,1,0.5,0.5,4,2026,0.002,0.0001,0.0,50,50,45,5,0.0001,128,256,128,64,727378,727378,306.7311965029221,cuda,./results/lambda_psi_comparison/checkpoints/mnist/aptx_relu_field/mnist__aptx_relu_field__seed4__lr0p002__cfgb15594cd4abc.pt,0.06765561743974685,98.06,99.98,,,,,,,0.054600590671785174,98.27,99.99,,,,,,,0.6572511196136475,0.40776383876800537,0.6919491291046143,0.5166904926300049,0.6969342231750488,0.4769785702228546,0.6151500344276428,0.6238269209861755
mnist__aptx_relu_field__seed0__lr0p003__cfgb15594cd4abc,b15594cd4abc,96b354dd2d4cd04c,2.12.1+cu130,0.27.1+cu130,1.9.0,2.5.2,0,4,2026-08-19T07:40:44.840554+00:00,ok,,mnist,classification,aptx_relu_field,APTx Neuron + ReLU + Lambda-Psi,aptx,1,before_field,1,1,1,0.5,0.5,0,2026,0.003,0.0001,0.0,50,34,29,5,0.0001,128,256,128,64,727378,727378,206.50783837214112,cuda,./results/lambda_psi_comparison/checkpoints/mnist/aptx_relu_field/mnist__aptx_relu_field__seed0__lr0p003__cfgb15594cd4abc.pt,0.0750727817773819,97.66,99.98,,,,,,,0.06731128170564771,97.92,99.96000000000001,,,,,,,0.6597194075584412,0.33615025877952576,0.6755815148353577,0.5293703079223633,0.7504423260688782,0.45922526717185974,0.5572527050971985,0.5470093488693237
mnist__aptx_relu_field__seed1__lr0p003__cfgb15594cd4abc,b15594cd4abc,96b354dd2d4cd04c,2.12.1+cu130,0.27.1+cu130,1.9.0,2.5.2,0,4,2026-08-19T07:43:04.446759+00:00,ok,,mnist,classification,aptx_relu_field,APTx Neuron + ReLU + Lambda-Psi,aptx,1,before_field,1,1,1,0.5,0.5,1,2026,0.003,0.0001,0.0,50,23,18,5,0.0001,128,256,128,64,727378,727378,138.12312779505737,cuda,./results/lambda_psi_comparison/checkpoints/mnist/aptx_relu_field/mnist__aptx_relu_field__seed1__lr0p003__cfgb15594cd4abc.pt,0.06921714020371438,98.1,99.94,,,,,,,0.05861349722519517,98.21,99.98,,,,,,,0.7283474206924438,0.37422439455986023,0.7690227627754211,0.4280102849006653,0.7793602347373962,0.4918633699417114,0.7401371598243713,0.743485689163208
mnist__aptx_relu_field__seed2__lr0p003__cfgb15594cd4abc,b15594cd4abc,96b354dd2d4cd04c,2.12.1+cu130,0.27.1+cu130,1.9.0,2.5.2,0,4,2026-08-19T07:46:31.288797+00:00,ok,,mnist,classification,aptx_relu_field,APTx Neuron + ReLU + Lambda-Psi,aptx,1,before_field,1,1,1,0.5,0.5,2,2026,0.003,0.0001,0.0,50,34,29,5,0.0001,128,256,128,64,727378,727378,205.40696654492058,cuda,./results/lambda_psi_comparison/checkpoints/mnist/aptx_relu_field/mnist__aptx_relu_field__seed2__lr0p003__cfgb15594cd4abc.pt,0.06277451440095902,98.18,100.0,,,,,,,0.057024671303667125,98.07000000000001,99.98,,,,,,,0.705386757850647,0.28261080384254456,0.7598718404769897,0.4323849081993103,0.7744253873825073,0.42847585678100586,0.6975488066673279,0.7090909481048584
mnist__aptx_relu_field__seed3__lr0p003__cfgb15594cd4abc,b15594cd4abc,96b354dd2d4cd04c,2.12.1+cu130,0.27.1+cu130,1.9.0,2.5.2,0,4,2026-08-19T07:50:29.877885+00:00,ok,,mnist,classification,aptx_relu_field,APTx Neuron + ReLU + Lambda-Psi,aptx,1,before_field,1,1,1,0.5,0.5,3,2026,0.003,0.0001,0.0,50,39,34,5,0.0001,128,256,128,64,727378,727378,237.0891971241217,cuda,./results/lambda_psi_comparison/checkpoints/mnist/aptx_relu_field/mnist__aptx_relu_field__seed3__lr0p003__cfgb15594cd4abc.pt,0.06089543699026108,98.2,99.96000000000001,,,,,,,0.05062949961386621,98.36,99.97,,,,,,,0.7186874747276306,0.2859472334384918,0.7666375041007996,0.4306762218475342,0.8011758923530579,0.4178922772407532,0.724936306476593,0.7293969988822937
mnist__aptx_relu_field__seed4__lr0p003__cfgb15594cd4abc,b15594cd4abc,96b354dd2d4cd04c,2.12.1+cu130,0.27.1+cu130,1.9.0,2.5.2,0,4,2026-08-19T07:53:21.690135+00:00,ok,,mnist,classification,aptx_relu_field,APTx Neuron + ReLU + Lambda-Psi,aptx,1,before_field,1,1,1,0.5,0.5,4,2026,0.003,0.0001,0.0,50,28,23,5,0.0001,128,256,128,64,727378,727378,170.33714406611398,cuda,./results/lambda_psi_comparison/checkpoints/mnist/aptx_relu_field/mnist__aptx_relu_field__seed4__lr0p003__cfgb15594cd4abc.pt,0.06520156006813049,98.08,99.98,,,,,,,0.058887028862163425,98.19,99.96000000000001,,,,,,,0.6776189208030701,0.35333970189094543,0.6983134746551514,0.4860142469406128,0.7050568461418152,0.5682054758071899,0.656663179397583,0.6647563576698303
fashion_mnist__traditional__seed0__lr0p0003__cfg4545504d216a,4545504d216a,96b354dd2d4cd04c,2.12.1+cu130,0.27.1+cu130,1.9.0,2.5.2,0,4,2026-08-19T07:54:30.838742+00:00,ok,,fashion_mnist,classification,traditional,Traditional neuron,traditional,0,none,0,1,1,0.5,0.5,0,2026,0.0003,0.0001,0.0,100,16,6,10,0.0001,128,256,192,128,276298,276298,67.60176178999245,cuda,./results/lambda_psi_comparison/checkpoints/fashion_mnist/traditional/fashion_mnist__traditional__seed0__lr0p0003__cfg4545504d216a.pt,0.5852046249389649,79.62,99.44,,,,,,,0.6138546422958374,78.27,99.42999999999999,,,,,,,,,,,,,,
fashion_mnist__traditional__seed1__lr0p0003__cfg4545504d216a,4545504d216a,96b354dd2d4cd04c,2.12.1+cu130,0.27.1+cu130,1.9.0,2.5.2,0,4,2026-08-19T07:58:21.916421+00:00,ok,,fashion_mnist,classification,traditional,Traditional neuron,traditional,0,none,0,1,1,0.5,0.5,1,2026,0.0003,0.0001,0.0,100,55,45,10,0.0001,128,256,192,128,276298,276298,229.57916197297163,cuda,./results/lambda_psi_comparison/checkpoints/fashion_mnist/traditional/fashion_mnist__traditional__seed1__lr0p0003__cfg4545504d216a.pt,0.5789975040435791,80.42,99.42,,,,,,,0.5981584930419922,78.9,99.45,,,,,,,,,,,,,,
fashion_mnist__traditional__seed2__lr0p0003__cfg4545504d216a,4545504d216a,96b354dd2d4cd04c,2.12.1+cu130,0.27.1+cu130,1.9.0,2.5.2,0,4,2026-08-19T07:59:43.206620+00:00,ok,,fashion_mnist,classification,traditional,Traditional neuron,traditional,0,none,0,1,1,0.5,0.5,2,2026,0.0003,0.0001,0.0,100,19,9,10,0.0001,128,256,192,128,276298,276298,79.82761842594482,cuda,./results/lambda_psi_comparison/checkpoints/fashion_mnist/traditional/fashion_mnist__traditional__seed2__lr0p0003__cfg4545504d216a.pt,0.5836132985115051,79.46,99.52,,,,,,,0.6056101716041565,78.16,99.45,,,,,,,,,,,,,,
fashion_mnist__traditional__seed3__lr0p0003__cfg4545504d216a,4545504d216a,96b354dd2d4cd04c,2.12.1+cu130,0.27.1+cu130,1.9.0,2.5.2,0,4,2026-08-19T08:00:39.001775+00:00,ok,,fashion_mnist,classification,traditional,Traditional neuron,traditional,0,none,0,1,1,0.5,0.5,3,2026,0.0003,0.0001,0.0,100,13,3,10,0.0001,128,256,192,128,276298,276298,54.28704741084948,cuda,./results/lambda_psi_comparison/checkpoints/fashion_mnist/traditional/fashion_mnist__traditional__seed3__lr0p0003__cfg4545504d216a.pt,0.5947696193695068,79.38,99.36,,,,,,,0.6207179132461548,78.01,99.4,,,,,,,,,,,,,,
fashion_mnist__traditional__seed4__lr0p0003__cfg4545504d216a,4545504d216a,96b354dd2d4cd04c,2.12.1+cu130,0.27.1+cu130,1.9.0,2.5.2,0,4,2026-08-19T08:03:06.839939+00:00,ok,,fashion_mnist,classification,traditional,Traditional neuron,traditional,0,none,0,1,1,0.5,0.5,4,2026,0.0003,0.0001,0.0,100,35,25,10,0.0001,128,256,192,128,276298,276298,146.34477753401734,cuda,./results/lambda_psi_comparison/checkpoints/fashion_mnist/traditional/fashion_mnist__traditional__seed4__lr0p0003__cfg4545504d216a.pt,0.5905451414108276,79.86,99.5,,,,,,,0.6121109012603759,78.19,99.48,,,,,,,,,,,,,,
fashion_mnist__traditional__seed0__lr0p0005__cfg4545504d216a,4545504d216a,96b354dd2d4cd04c,2.12.1+cu130,0.27.1+cu130,1.9.0,2.5.2,0,4,2026-08-19T08:04:15.551874+00:00,ok,,fashion_mnist,classification,traditional,Traditional neuron,traditional,0,none,0,1,1,0.5,0.5,0,2026,0.0005,0.0001,0.0,100,16,6,10,0.0001,128,256,192,128,276298,276298,67.25766572915018,cuda,./results/lambda_psi_comparison/checkpoints/fashion_mnist/traditional/fashion_mnist__traditional__seed0__lr0p0005__cfg4545504d216a.pt,0.5896490325927735,79.32000000000001,99.52,,,,,,,0.6219369216918945,77.75999999999999,99.48,,,,,,,,,,,,,,
fashion_mnist__traditional__seed1__lr0p0005__cfg4545504d216a,4545504d216a,96b354dd2d4cd04c,2.12.1+cu130,0.27.1+cu130,1.9.0,2.5.2,0,4,2026-08-19T08:07:01.064989+00:00,ok,,fashion_mnist,classification,traditional,Traditional neuron,traditional,0,none,0,1,1,0.5,0.5,1,2026,0.0005,0.0001,0.0,100,39,29,10,0.0001,128,256,192,128,276298,276298,164.02133077709004,cuda,./results/lambda_psi_comparison/checkpoints/fashion_mnist/traditional/fashion_mnist__traditional__seed1__lr0p0005__cfg4545504d216a.pt,0.572025404548645,79.97999999999999,99.48,,,,,,,0.5990951239585877,78.5,99.49,,,,,,,,,,,,,,
fashion_mnist__traditional__seed2__lr0p0005__cfg4545504d216a,4545504d216a,96b354dd2d4cd04c,2.12.1+cu130,0.27.1+cu130,1.9.0,2.5.2,0,4,2026-08-19T08:08:13.811242+00:00,ok,,fashion_mnist,classification,traditional,Traditional neuron,traditional,0,none,0,1,1,0.5,0.5,2,2026,0.0005,0.0001,0.0,100,17,7,10,0.0001,128,256,192,128,276298,276298,71.2731892990414,cuda,./results/lambda_psi_comparison/checkpoints/fashion_mnist/traditional/fashion_mnist__traditional__seed2__lr0p0005__cfg4545504d216a.pt,0.6044519128799438,79.42,99.52,,,,,,,0.6299349032402038,77.35,99.51,,,,,,,,,,,,,,
fashion_mnist__traditional__seed3__lr0p0005__cfg4545504d216a,4545504d216a,96b354dd2d4cd04c,2.12.1+cu130,0.27.1+cu130,1.9.0,2.5.2,0,4,2026-08-19T08:10:04.446983+00:00,ok,,fashion_mnist,classification,traditional,Traditional neuron,traditional,0,none,0,1,1,0.5,0.5,3,2026,0.0005,0.0001,0.0,100,26,16,10,0.0001,128,256,192,128,276298,276298,109.10989001695998,cuda,./results/lambda_psi_comparison/checkpoints/fashion_mnist/traditional/fashion_mnist__traditional__seed3__lr0p0005__cfg4545504d216a.pt,0.5900414115905762,79.54,99.44,,,,,,,0.6106453985214233,78.2,99.51,,,,,,,,,,,,,,
fashion_mnist__traditional__seed4__lr0p0005__cfg4545504d216a,4545504d216a,96b354dd2d4cd04c,2.12.1+cu130,0.27.1+cu130,1.9.0,2.5.2,0,4,2026-08-19T08:11:46.671507+00:00,ok,,fashion_mnist,classification,traditional,Traditional neuron,traditional,0,none,0,1,1,0.5,0.5,4,2026,0.0005,0.0001,0.0,100,24,14,10,0.0001,128,256,192,128,276298,276298,100.73478298005648,cuda,./results/lambda_psi_comparison/checkpoints/fashion_mnist/traditional/fashion_mnist__traditional__seed4__lr0p0005__cfg4545504d216a.pt,0.6155170482635498,79.56,99.46000000000001,,,,,,,0.6403234471321106,77.79,99.52,,,,,,,,,,,,,,
fashion_mnist__traditional__seed0__lr0p001__cfg4545504d216a,4545504d216a,96b354dd2d4cd04c,2.12.1+cu130,0.27.1+cu130,1.9.0,2.5.2,0,4,2026-08-19T08:13:37.433955+00:00,ok,,fashion_mnist,classification,traditional,Traditional neuron,traditional,0,none,0,1,1,0.5,0.5,0,2026,0.001,0.0001,0.0,100,26,16,10,0.0001,128,256,192,128,276298,276298,109.22798657184467,cuda,./results/lambda_psi_comparison/checkpoints/fashion_mnist/traditional/fashion_mnist__traditional__seed0__lr0p001__cfg4545504d216a.pt,0.6058929037094116,79.24,99.48,,,,,,,0.623967990398407,78.03999999999999,99.47,,,,,,,,,,,,,,
fashion_mnist__traditional__seed1__lr0p001__cfg4545504d216a,4545504d216a,96b354dd2d4cd04c,2.12.1+cu130,0.27.1+cu130,1.9.0,2.5.2,0,4,2026-08-19T08:15:07.011222+00:00,ok,,fashion_mnist,classification,traditional,Traditional neuron,traditional,0,none,0,1,1,0.5,0.5,1,2026,0.001,0.0001,0.0,100,21,11,10,0.0001,128,256,192,128,276298,276298,88.09414836089127,cuda,./results/lambda_psi_comparison/checkpoints/fashion_mnist/traditional/fashion_mnist__traditional__seed1__lr0p001__cfg4545504d216a.pt,0.5997359357833862,79.32000000000001,99.42,,,,,,,0.62711398935318,78.64,99.42,,,,,,,,,,,,,,
fashion_mnist__traditional__seed2__lr0p001__cfg4545504d216a,4545504d216a,96b354dd2d4cd04c,2.12.1+cu130,0.27.1+cu130,1.9.0,2.5.2,0,4,2026-08-19T08:17:06.589230+00:00,ok,,fashion_mnist,classification,traditional,Traditional neuron,traditional,0,none,0,1,1,0.5,0.5,2,2026,0.001,0.0001,0.0,100,28,18,10,0.0001,128,256,192,128,276298,276298,118.1642502178438,cuda,./results/lambda_psi_comparison/checkpoints/fashion_mnist/traditional/fashion_mnist__traditional__seed2__lr0p001__cfg4545504d216a.pt,0.5900512775421143,79.67999999999999,99.4,,,,,,,0.6080234521865845,78.39,99.47,,,,,,,,,,,,,,
fashion_mnist__traditional__seed3__lr0p001__cfg4545504d216a,4545504d216a,96b354dd2d4cd04c,2.12.1+cu130,0.27.1+cu130,1.9.0,2.5.2,0,4,2026-08-19T08:19:12.502304+00:00,ok,,fashion_mnist,classification,traditional,Traditional neuron,traditional,0,none,0,1,1,0.5,0.5,3,2026,0.001,0.0001,0.0,100,29,19,10,0.0001,128,256,192,128,276298,276298,124.37671475484967,cuda,./results/lambda_psi_comparison/checkpoints/fashion_mnist/traditional/fashion_mnist__traditional__seed3__lr0p001__cfg4545504d216a.pt,0.590696000289917,79.66,99.44,,,,,,,0.6090697017669677,78.75,99.49,,,,,,,,,,,,,,
fashion_mnist__traditional__seed4__lr0p001__cfg4545504d216a,4545504d216a,96b354dd2d4cd04c,2.12.1+cu130,0.27.1+cu130,1.9.0,2.5.2,0,4,2026-08-19T08:20:32.880540+00:00,ok,,fashion_mnist,classification,traditional,Traditional neuron,traditional,0,none,0,1,1,0.5,0.5,4,2026,0.001,0.0001,0.0,100,19,9,10,0.0001,128,256,192,128,276298,276298,78.93159246095456,cuda,./results/lambda_psi_comparison/checkpoints/fashion_mnist/traditional/fashion_mnist__traditional__seed4__lr0p001__cfg4545504d216a.pt,0.6012778621673583,79.60000000000001,99.4,,,,,,,0.6258167530059815,77.91,99.45,,,,,,,,,,,,,,
fashion_mnist__traditional__seed0__lr0p002__cfg4545504d216a,4545504d216a,96b354dd2d4cd04c,2.12.1+cu130,0.27.1+cu130,1.9.0,2.5.2,0,4,2026-08-19T08:23:14.848171+00:00,ok,,fashion_mnist,classification,traditional,Traditional neuron,traditional,0,none,0,1,1,0.5,0.5,0,2026,0.002,0.0001,0.0,100,38,28,10,0.0001,128,256,192,128,276298,276298,160.39736554306,cuda,./results/lambda_psi_comparison/checkpoints/fashion_mnist/traditional/fashion_mnist__traditional__seed0__lr0p002__cfg4545504d216a.pt,0.5874830820083619,79.58,99.46000000000001,,,,,,,0.605593443107605,78.61,99.5,,,,,,,,,,,,,,
fashion_mnist__traditional__seed1__lr0p002__cfg4545504d216a,4545504d216a,96b354dd2d4cd04c,2.12.1+cu130,0.27.1+cu130,1.9.0,2.5.2,0,4,2026-08-19T08:27:12.680910+00:00,ok,,fashion_mnist,classification,traditional,Traditional neuron,traditional,0,none,0,1,1,0.5,0.5,1,2026,0.002,0.0001,0.0,100,55,45,10,0.0001,128,256,192,128,276298,276298,236.2751843498554,cuda,./results/lambda_psi_comparison/checkpoints/fashion_mnist/traditional/fashion_mnist__traditional__seed1__lr0p002__cfg4545504d216a.pt,0.5812428216934205,80.10000000000001,99.4,,,,,,,0.6022154580116272,78.89,99.41,,,,,,,,,,,,,,
fashion_mnist__traditional__seed2__lr0p002__cfg4545504d216a,4545504d216a,96b354dd2d4cd04c,2.12.1+cu130,0.27.1+cu130,1.9.0,2.5.2,0,4,2026-08-19T08:28:31.408313+00:00,ok,,fashion_mnist,classification,traditional,Traditional neuron,traditional,0,none,0,1,1,0.5,0.5,2,2026,0.002,0.0001,0.0,100,18,8,10,0.0001,128,256,192,128,276298,276298,77.25101657398045,cuda,./results/lambda_psi_comparison/checkpoints/fashion_mnist/traditional/fashion_mnist__traditional__seed2__lr0p002__cfg4545504d216a.pt,0.6021999520301818,78.74,99.44,,,,,,,0.633373397064209,77.69,99.53999999999999,,,,,,,,,,,,,,
fashion_mnist__traditional__seed3__lr0p002__cfg4545504d216a,4545504d216a,96b354dd2d4cd04c,2.12.1+cu130,0.27.1+cu130,1.9.0,2.5.2,0,4,2026-08-19T08:29:44.625806+00:00,ok,,fashion_mnist,classification,traditional,Traditional neuron,traditional,0,none,0,1,1,0.5,0.5,3,2026,0.002,0.0001,0.0,100,17,7,10,0.0001,128,256,192,128,276298,276298,71.7226610451471,cuda,./results/lambda_psi_comparison/checkpoints/fashion_mnist/traditional/fashion_mnist__traditional__seed3__lr0p002__cfg4545504d216a.pt,0.6133263504981995,78.97999999999999,99.38,,,,,,,0.6373921236991882,78.03,99.37,,,,,,,,,,,,,,
fashion_mnist__traditional__seed4__lr0p002__cfg4545504d216a,4545504d216a,96b354dd2d4cd04c,2.12.1+cu130,0.27.1+cu130,1.9.0,2.5.2,0,4,2026-08-19T08:31:26.672850+00:00,ok,,fashion_mnist,classification,traditional,Traditional neuron,traditional,0,none,0,1,1,0.5,0.5,4,2026,0.002,0.0001,0.0,100,24,14,10,0.0001,128,256,192,128,276298,276298,100.53562288405374,cuda,./results/lambda_psi_comparison/checkpoints/fashion_mnist/traditional/fashion_mnist__traditional__seed4__lr0p002__cfg4545504d216a.pt,0.6029911548614502,79.25999999999999,99.5,,,,,,,0.6293218175888061,77.49000000000001,99.44,,,,,,,,,,,,,,
fashion_mnist__traditional__seed0__lr0p003__cfg4545504d216a,4545504d216a,96b354dd2d4cd04c,2.12.1+cu130,0.27.1+cu130,1.9.0,2.5.2,0,4,2026-08-19T08:32:35.559343+00:00,ok,,fashion_mnist,classification,traditional,Traditional neuron,traditional,0,none,0,1,1,0.5,0.5,0,2026,0.003,0.0001,0.0,100,16,6,10,0.0001,128,256,192,128,276298,276298,67.40938079194166,cuda,./results/lambda_psi_comparison/checkpoints/fashion_mnist/traditional/fashion_mnist__traditional__seed0__lr0p003__cfg4545504d216a.pt,0.6286825686454773,78.02,99.46000000000001,,,,,,,0.6531564061164856,76.2,99.5,,,,,,,,,,,,,,
fashion_mnist__traditional__seed1__lr0p003__cfg4545504d216a,4545504d216a,96b354dd2d4cd04c,2.12.1+cu130,0.27.1+cu130,1.9.0,2.5.2,0,4,2026-08-19T08:33:36.544082+00:00,ok,,fashion_mnist,classification,traditional,Traditional neuron,traditional,0,none,0,1,1,0.5,0.5,1,2026,0.003,0.0001,0.0,100,14,4,10,0.0001,128,256,192,128,276298,276298,59.50272854696959,cuda,./results/lambda_psi_comparison/checkpoints/fashion_mnist/traditional/fashion_mnist__traditional__seed1__lr0p003__cfg4545504d216a.pt,0.6264349695205689,78.08,99.46000000000001,,,,,,,0.6534992775917053,76.77000000000001,99.36,,,,,,,,,,,,,,
fashion_mnist__traditional__seed2__lr0p003__cfg4545504d216a,4545504d216a,96b354dd2d4cd04c,2.12.1+cu130,0.27.1+cu130,1.9.0,2.5.2,0,4,2026-08-19T08:34:50.062545+00:00,ok,,fashion_mnist,classification,traditional,Traditional neuron,traditional,0,none,0,1,1,0.5,0.5,2,2026,0.003,0.0001,0.0,100,17,7,10,0.0001,128,256,192,128,276298,276298,72.01526527199894,cuda,./results/lambda_psi_comparison/checkpoints/fashion_mnist/traditional/fashion_mnist__traditional__seed2__lr0p003__cfg4545504d216a.pt,0.6161666660308838,79.2,99.52,,,,,,,0.6418928997039794,77.55,99.49,,,,,,,,,,,,,,
fashion_mnist__traditional__seed3__lr0p003__cfg4545504d216a,4545504d216a,96b354dd2d4cd04c,2.12.1+cu130,0.27.1+cu130,1.9.0,2.5.2,0,4,2026-08-19T08:36:40.841778+00:00,ok,,fashion_mnist,classification,traditional,Traditional neuron,traditional,0,none,0,1,1,0.5,0.5,3,2026,0.003,0.0001,0.0,100,26,16,10,0.0001,128,256,192,128,276298,276298,109.23780786897987,cuda,./results/lambda_psi_comparison/checkpoints/fashion_mnist/traditional/fashion_mnist__traditional__seed3__lr0p003__cfg4545504d216a.pt,0.593245090675354,79.28,99.3,,,,,,,0.616015411567688,77.97,99.5,,,,,,,,,,,,,,
fashion_mnist__traditional__seed4__lr0p003__cfg4545504d216a,4545504d216a,96b354dd2d4cd04c,2.12.1+cu130,0.27.1+cu130,1.9.0,2.5.2,0,4,2026-08-19T08:39:21.928449+00:00,ok,,fashion_mnist,classification,traditional,Traditional neuron,traditional,0,none,0,1,1,0.5,0.5,4,2026,0.003,0.0001,0.0,100,38,28,10,0.0001,128,256,192,128,276298,276298,159.6409930489026,cuda,./results/lambda_psi_comparison/checkpoints/fashion_mnist/traditional/fashion_mnist__traditional__seed4__lr0p003__cfg4545504d216a.pt,0.5957509853363037,79.46,99.38,,,,,,,0.6210124292373658,78.31,99.53,,,,,,,,,,,,,,
fashion_mnist__traditional_relu__seed0__lr0p0003__cfg7af8e3100b90,7af8e3100b90,96b354dd2d4cd04c,2.12.1+cu130,0.27.1+cu130,1.9.0,2.5.2,0,4,2026-08-19T08:41:25.955688+00:00,ok,,fashion_mnist,classification,traditional_relu,Traditional neuron + ReLU,traditional,0,after_neuron,0,1,1,0.5,0.5,0,2026,0.0003,0.0001,0.0,100,29,19,10,0.0001,128,256,192,128,276298,276298,122.51383105805144,cuda,./results/lambda_psi_comparison/checkpoints/fashion_mnist/traditional_relu/fashion_mnist__traditional_relu__seed0__lr0p0003__cfg7af8e3100b90.pt,0.32715658917427065,88.58,99.86,,,,,,,0.34232938811779023,87.53,99.82,,,,,,,,,,,,,,
fashion_mnist__traditional_relu__seed1__lr0p0003__cfg7af8e3100b90,7af8e3100b90,96b354dd2d4cd04c,2.12.1+cu130,0.27.1+cu130,1.9.0,2.5.2,0,4,2026-08-19T08:44:03.598828+00:00,ok,,fashion_mnist,classification,traditional_relu,Traditional neuron + ReLU,traditional,0,after_neuron,0,1,1,0.5,0.5,1,2026,0.0003,0.0001,0.0,100,37,27,10,0.0001,128,256,192,128,276298,276298,156.1296653400641,cuda,./results/lambda_psi_comparison/checkpoints/fashion_mnist/traditional_relu/fashion_mnist__traditional_relu__seed1__lr0p0003__cfg7af8e3100b90.pt,0.3092916007041931,89.18,99.83999999999999,,,,,,,0.31987331057786944,88.4,99.82,,,,,,,,,,,,,,
fashion_mnist__traditional_relu__seed2__lr0p0003__cfg7af8e3100b90,7af8e3100b90,96b354dd2d4cd04c,2.12.1+cu130,0.27.1+cu130,1.9.0,2.5.2,0,4,2026-08-19T08:47:21.401695+00:00,ok,,fashion_mnist,classification,traditional_relu,Traditional neuron + ReLU,traditional,0,after_neuron,0,1,1,0.5,0.5,2,2026,0.0003,0.0001,0.0,100,47,37,10,0.0001,128,256,192,128,276298,276298,196.31168259610422,cuda,./results/lambda_psi_comparison/checkpoints/fashion_mnist/traditional_relu/fashion_mnist__traditional_relu__seed2__lr0p0003__cfg7af8e3100b90.pt,0.30127877702713013,89.2,99.92,,,,,,,0.3049378230571747,88.86,99.86,,,,,,,,,,,,,,
fashion_mnist__traditional_relu__seed3__lr0p0003__cfg7af8e3100b90,7af8e3100b90,96b354dd2d4cd04c,2.12.1+cu130,0.27.1+cu130,1.9.0,2.5.2,0,4,2026-08-19T08:50:36.722450+00:00,ok,,fashion_mnist,classification,traditional_relu,Traditional neuron + ReLU,traditional,0,after_neuron,0,1,1,0.5,0.5,3,2026,0.0003,0.0001,0.0,100,46,36,10,0.0001,128,256,192,128,276298,276298,193.77970966906287,cuda,./results/lambda_psi_comparison/checkpoints/fashion_mnist/traditional_relu/fashion_mnist__traditional_relu__seed3__lr0p0003__cfg7af8e3100b90.pt,0.2984216642856598,89.36,99.83999999999999,,,,,,,0.30951495232582094,88.71,99.88,,,,,,,,,,,,,,
fashion_mnist__traditional_relu__seed4__lr0p0003__cfg7af8e3100b90,7af8e3100b90,96b354dd2d4cd04c,2.12.1+cu130,0.27.1+cu130,1.9.0,2.5.2,0,4,2026-08-19T08:55:40.471208+00:00,ok,,fashion_mnist,classification,traditional_relu,Traditional neuron + ReLU,traditional,0,after_neuron,0,1,1,0.5,0.5,4,2026,0.0003,0.0001,0.0,100,72,62,10,0.0001,128,256,192,128,276298,276298,302.2735051801428,cuda,./results/lambda_psi_comparison/checkpoints/fashion_mnist/traditional_relu/fashion_mnist__traditional_relu__seed4__lr0p0003__cfg7af8e3100b90.pt,0.28487728843688964,90.02,99.9,,,,,,,0.2970826968669891,89.48,99.87,,,,,,,,,,,,,,
fashion_mnist__traditional_relu__seed0__lr0p0005__cfg7af8e3100b90,7af8e3100b90,96b354dd2d4cd04c,2.12.1+cu130,0.27.1+cu130,1.9.0,2.5.2,0,4,2026-08-19T08:57:44.090374+00:00,ok,,fashion_mnist,classification,traditional_relu,Traditional neuron + ReLU,traditional,0,after_neuron,0,1,1,0.5,0.5,0,2026,0.0005,0.0001,0.0,100,29,19,10,0.0001,128,256,192,128,276298,276298,122.13605822296813,cuda,./results/lambda_psi_comparison/checkpoints/fashion_mnist/traditional_relu/fashion_mnist__traditional_relu__seed0__lr0p0005__cfg7af8e3100b90.pt,0.3185142879486084,88.84,99.9,,,,,,,0.33137544416189196,88.09,99.81,,,,,,,,,,,,,,
fashion_mnist__traditional_relu__seed1__lr0p0005__cfg7af8e3100b90,7af8e3100b90,96b354dd2d4cd04c,2.12.1+cu130,0.27.1+cu130,1.9.0,2.5.2,0,4,2026-08-19T09:01:27.240166+00:00,ok,,fashion_mnist,classification,traditional_relu,Traditional neuron + ReLU,traditional,0,after_neuron,0,1,1,0.5,0.5,1,2026,0.0005,0.0001,0.0,100,53,43,10,0.0001,128,256,192,128,276298,276298,221.6494607271161,cuda,./results/lambda_psi_comparison/checkpoints/fashion_mnist/traditional_relu/fashion_mnist__traditional_relu__seed1__lr0p0005__cfg7af8e3100b90.pt,0.2985619804382324,89.64,99.83999999999999,,,,,,,0.29905532035827637,89.37,99.88,,,,,,,,,,,,,,
fashion_mnist__traditional_relu__seed2__lr0p0005__cfg7af8e3100b90,7af8e3100b90,96b354dd2d4cd04c,2.12.1+cu130,0.27.1+cu130,1.9.0,2.5.2,0,4,2026-08-19T09:04:50.778522+00:00,ok,,fashion_mnist,classification,traditional_relu,Traditional neuron + ReLU,traditional,0,after_neuron,0,1,1,0.5,0.5,2,2026,0.0005,0.0001,0.0,100,48,38,10,0.0001,128,256,192,128,276298,276298,202.03700253297575,cuda,./results/lambda_psi_comparison/checkpoints/fashion_mnist/traditional_relu/fashion_mnist__traditional_relu__seed2__lr0p0005__cfg7af8e3100b90.pt,0.29772753071784974,89.5,99.88,,,,,,,0.3037082589268684,88.99000000000001,99.88,,,,,,,,,,,,,,
fashion_mnist__traditional_relu__seed3__lr0p0005__cfg7af8e3100b90,7af8e3100b90,96b354dd2d4cd04c,2.12.1+cu130,0.27.1+cu130,1.9.0,2.5.2,0,4,2026-08-19T09:08:05.503707+00:00,ok,,fashion_mnist,classification,traditional_relu,Traditional neuron + ReLU,traditional,0,after_neuron,0,1,1,0.5,0.5,3,2026,0.0005,0.0001,0.0,100,46,36,10,0.0001,128,256,192,128,276298,276298,193.22335330001079,cuda,./results/lambda_psi_comparison/checkpoints/fashion_mnist/traditional_relu/fashion_mnist__traditional_relu__seed3__lr0p0005__cfg7af8e3100b90.pt,0.2946756988525391,89.78,99.88,,,,,,,0.30772731637954714,89.09,99.86,,,,,,,,,,,,,,
fashion_mnist__traditional_relu__seed4__lr0p0005__cfg7af8e3100b90,7af8e3100b90,96b354dd2d4cd04c,2.12.1+cu130,0.27.1+cu130,1.9.0,2.5.2,0,4,2026-08-19T09:12:11.129224+00:00,ok,,fashion_mnist,classification,traditional_relu,Traditional neuron + ReLU,traditional,0,after_neuron,0,1,1,0.5,0.5,4,2026,0.0005,0.0001,0.0,100,58,48,10,0.0001,128,256,192,128,276298,276298,244.15576183516532,cuda,./results/lambda_psi_comparison/checkpoints/fashion_mnist/traditional_relu/fashion_mnist__traditional_relu__seed4__lr0p0005__cfg7af8e3100b90.pt,0.30022107877731324,89.82,99.86,,,,,,,0.3030351867675781,89.38000000000001,99.85000000000001,,,,,,,,,,,,,,
fashion_mnist__traditional_relu__seed0__lr0p001__cfg7af8e3100b90,7af8e3100b90,96b354dd2d4cd04c,2.12.1+cu130,0.27.1+cu130,1.9.0,2.5.2,0,4,2026-08-19T09:15:54.873976+00:00,ok,,fashion_mnist,classification,traditional_relu,Traditional neuron + ReLU,traditional,0,after_neuron,0,1,1,0.5,0.5,0,2026,0.001,0.0001,0.0,100,53,43,10,0.0001,128,256,192,128,276298,276298,222.27984795393422,cuda,./results/lambda_psi_comparison/checkpoints/fashion_mnist/traditional_relu/fashion_mnist__traditional_relu__seed0__lr0p001__cfg7af8e3100b90.pt,0.3029998442173004,89.74,99.86,,,,,,,0.3096944422006607,89.18,99.82,,,,,,,,,,,,,,
fashion_mnist__traditional_relu__seed1__lr0p001__cfg7af8e3100b90,7af8e3100b90,96b354dd2d4cd04c,2.12.1+cu130,0.27.1+cu130,1.9.0,2.5.2,0,4,2026-08-19T09:21:57.407007+00:00,ok,,fashion_mnist,classification,traditional_relu,Traditional neuron + ReLU,traditional,0,after_neuron,0,1,1,0.5,0.5,1,2026,0.001,0.0001,0.0,100,86,76,10,0.0001,128,256,192,128,276298,276298,361.06810393510386,cuda,./results/lambda_psi_comparison/checkpoints/fashion_mnist/traditional_relu/fashion_mnist__traditional_relu__seed1__lr0p001__cfg7af8e3100b90.pt,0.3093514419555664,90.56,99.82,,,,,,,0.30931826772093773,90.16,99.82,,,,,,,,,,,,,,
fashion_mnist__traditional_relu__seed2__lr0p001__cfg7af8e3100b90,7af8e3100b90,96b354dd2d4cd04c,2.12.1+cu130,0.27.1+cu130,1.9.0,2.5.2,0,4,2026-08-19T09:26:14.765708+00:00,ok,,fashion_mnist,classification,traditional_relu,Traditional neuron + ReLU,traditional,0,after_neuron,0,1,1,0.5,0.5,2,2026,0.001,0.0001,0.0,100,57,47,10,0.0001,128,256,192,128,276298,276298,255.4377998940181,cuda,./results/lambda_psi_comparison/checkpoints/fashion_mnist/traditional_relu/fashion_mnist__traditional_relu__seed2__lr0p001__cfg7af8e3100b90.pt,0.298591951751709,89.78,99.9,,,,,,,0.31025918655395507,89.12,99.82,,,,,,,,,,,,,,
fashion_mnist__traditional_relu__seed3__lr0p001__cfg7af8e3100b90,7af8e3100b90,96b354dd2d4cd04c,2.12.1+cu130,0.27.1+cu130,1.9.0,2.5.2,0,4,2026-08-19T09:29:20.215128+00:00,ok,,fashion_mnist,classification,traditional_relu,Traditional neuron + ReLU,traditional,0,after_neuron,0,1,1,0.5,0.5,3,2026,0.001,0.0001,0.0,100,44,34,10,0.0001,128,256,192,128,276298,276298,183.95846309885383,cuda,./results/lambda_psi_comparison/checkpoints/fashion_mnist/traditional_relu/fashion_mnist__traditional_relu__seed3__lr0p001__cfg7af8e3100b90.pt,0.3009358256816864,89.94,99.86,,,,,,,0.3069405717134476,89.1,99.87,,,,,,,,,,,,,,
fashion_mnist__traditional_relu__seed4__lr0p001__cfg7af8e3100b90,7af8e3100b90,96b354dd2d4cd04c,2.12.1+cu130,0.27.1+cu130,1.9.0,2.5.2,0,4,2026-08-19T09:32:42.303999+00:00,ok,,fashion_mnist,classification,traditional_relu,Traditional neuron + ReLU,traditional,0,after_neuron,0,1,1,0.5,0.5,4,2026,0.001,0.0001,0.0,100,48,38,10,0.0001,128,256,192,128,276298,276298,200.61852096696384,cuda,./results/lambda_psi_comparison/checkpoints/fashion_mnist/traditional_relu/fashion_mnist__traditional_relu__seed4__lr0p001__cfg7af8e3100b90.pt,0.3064481184482574,89.48,99.92,,,,,,,0.31421209378242493,88.79,99.89,,,,,,,,,,,,,,
fashion_mnist__traditional_relu__seed0__lr0p002__cfg7af8e3100b90,7af8e3100b90,96b354dd2d4cd04c,2.12.1+cu130,0.27.1+cu130,1.9.0,2.5.2,0,4,2026-08-19T09:38:54.953394+00:00,ok,,fashion_mnist,classification,traditional_relu,Traditional neuron + ReLU,traditional,0,after_neuron,0,1,1,0.5,0.5,0,2026,0.002,0.0001,0.0,100,89,79,10,0.0001,128,256,192,128,276298,276298,371.1343291881494,cuda,./results/lambda_psi_comparison/checkpoints/fashion_mnist/traditional_relu/fashion_mnist__traditional_relu__seed0__lr0p002__cfg7af8e3100b90.pt,0.31841259684562684,90.24,99.82,,,,,,,0.33172375349998473,89.47,99.85000000000001,,,,,,,,,,,,,,
fashion_mnist__traditional_relu__seed1__lr0p002__cfg7af8e3100b90,7af8e3100b90,96b354dd2d4cd04c,2.12.1+cu130,0.27.1+cu130,1.9.0,2.5.2,0,4,2026-08-19T09:41:47.910019+00:00,ok,,fashion_mnist,classification,traditional_relu,Traditional neuron + ReLU,traditional,0,after_neuron,0,1,1,0.5,0.5,1,2026,0.002,0.0001,0.0,100,41,31,10,0.0001,128,256,192,128,276298,276298,171.42428836785257,cuda,./results/lambda_psi_comparison/checkpoints/fashion_mnist/traditional_relu/fashion_mnist__traditional_relu__seed1__lr0p002__cfg7af8e3100b90.pt,0.33164868001937864,88.66000000000001,99.8,,,,,,,0.33486576046943667,88.42,99.76,,,,,,,,,,,,,,
fashion_mnist__traditional_relu__seed2__lr0p002__cfg7af8e3100b90,7af8e3100b90,96b354dd2d4cd04c,2.12.1+cu130,0.27.1+cu130,1.9.0,2.5.2,0,4,2026-08-19T09:48:45.163043+00:00,ok,,fashion_mnist,classification,traditional_relu,Traditional neuron + ReLU,traditional,0,after_neuron,0,1,1,0.5,0.5,2,2026,0.002,0.0001,0.0,100,100,90,10,0.0001,128,256,192,128,276298,276298,415.6969531159848,cuda,./results/lambda_psi_comparison/checkpoints/fashion_mnist/traditional_relu/fashion_mnist__traditional_relu__seed2__lr0p002__cfg7af8e3100b90.pt,0.330442484664917,90.42,99.88,,,,,,,0.32318930830955506,89.84,99.89,,,,,,,,,,,,,,
fashion_mnist__traditional_relu__seed3__lr0p002__cfg7af8e3100b90,7af8e3100b90,96b354dd2d4cd04c,2.12.1+cu130,0.27.1+cu130,1.9.0,2.5.2,0,4,2026-08-19T09:51:59.039299+00:00,ok,,fashion_mnist,classification,traditional_relu,Traditional neuron + ReLU,traditional,0,after_neuron,0,1,1,0.5,0.5,3,2026,0.002,0.0001,0.0,100,46,36,10,0.0001,128,256,192,128,276298,276298,192.3899777631741,cuda,./results/lambda_psi_comparison/checkpoints/fashion_mnist/traditional_relu/fashion_mnist__traditional_relu__seed3__lr0p002__cfg7af8e3100b90.pt,0.3162264585494995,89.08,99.83999999999999,,,,,,,0.33557732491493225,88.22,99.83,,,,,,,,,,,,,,
fashion_mnist__traditional_relu__seed4__lr0p002__cfg7af8e3100b90,7af8e3100b90,96b354dd2d4cd04c,2.12.1+cu130,0.27.1+cu130,1.9.0,2.5.2,0,4,2026-08-19T09:57:04.328168+00:00,ok,,fashion_mnist,classification,traditional_relu,Traditional neuron + ReLU,traditional,0,after_neuron,0,1,1,0.5,0.5,4,2026,0.002,0.0001,0.0,100,73,63,10,0.0001,128,256,192,128,276298,276298,303.7735914569348,cuda,./results/lambda_psi_comparison/checkpoints/fashion_mnist/traditional_relu/fashion_mnist__traditional_relu__seed4__lr0p002__cfg7af8e3100b90.pt,0.31346955790519715,89.8,99.9,,,,,,,0.31595022282600405,89.23,99.86,,,,,,,,,,,,,,
fashion_mnist__traditional_relu__seed0__lr0p003__cfg7af8e3100b90,7af8e3100b90,96b354dd2d4cd04c,2.12.1+cu130,0.27.1+cu130,1.9.0,2.5.2,0,4,2026-08-19T09:59:01.993094+00:00,ok,,fashion_mnist,classification,traditional_relu,Traditional neuron + ReLU,traditional,0,after_neuron,0,1,1,0.5,0.5,0,2026,0.003,0.0001,0.0,100,28,18,10,0.0001,128,256,192,128,276298,276298,116.19481396488845,cuda,./results/lambda_psi_comparison/checkpoints/fashion_mnist/traditional_relu/fashion_mnist__traditional_relu__seed0__lr0p003__cfg7af8e3100b90.pt,0.3525146313667297,87.92,99.9,,,,,,,0.3714854922533035,86.96000000000001,99.68,,,,,,,,,,,,,,
fashion_mnist__traditional_relu__seed1__lr0p003__cfg7af8e3100b90,7af8e3100b90,96b354dd2d4cd04c,2.12.1+cu130,0.27.1+cu130,1.9.0,2.5.2,0,4,2026-08-19T10:05:26.628217+00:00,ok,,fashion_mnist,classification,traditional_relu,Traditional neuron + ReLU,traditional,0,after_neuron,0,1,1,0.5,0.5,1,2026,0.003,0.0001,0.0,100,90,80,10,0.0001,128,256,192,128,276298,276298,383.1909616498742,cuda,./results/lambda_psi_comparison/checkpoints/fashion_mnist/traditional_relu/fashion_mnist__traditional_relu__seed1__lr0p003__cfg7af8e3100b90.pt,0.30450956382751465,90.18,99.78,,,,,,,0.3143138976097107,89.14999999999999,99.83999999999999,,,,,,,,,,,,,,
fashion_mnist__traditional_relu__seed2__lr0p003__cfg7af8e3100b90,7af8e3100b90,96b354dd2d4cd04c,2.12.1+cu130,0.27.1+cu130,1.9.0,2.5.2,0,4,2026-08-19T10:12:34.148926+00:00,ok,,fashion_mnist,classification,traditional_relu,Traditional neuron + ReLU,traditional,0,after_neuron,0,1,1,0.5,0.5,2,2026,0.003,0.0001,0.0,100,100,92,10,0.0001,128,256,192,128,276298,276298,426.0850694931578,cuda,./results/lambda_psi_comparison/checkpoints/fashion_mnist/traditional_relu/fashion_mnist__traditional_relu__seed2__lr0p003__cfg7af8e3100b90.pt,0.3117239431381226,89.86,99.8,,,,,,,0.31404881970882415,89.47,99.86,,,,,,,,,,,,,,
fashion_mnist__traditional_relu__seed3__lr0p003__cfg7af8e3100b90,7af8e3100b90,96b354dd2d4cd04c,2.12.1+cu130,0.27.1+cu130,1.9.0,2.5.2,0,4,2026-08-19T10:15:29.860342+00:00,ok,,fashion_mnist,classification,traditional_relu,Traditional neuron + ReLU,traditional,0,after_neuron,0,1,1,0.5,0.5,3,2026,0.003,0.0001,0.0,100,40,30,10,0.0001,128,256,192,128,276298,276298,174.2662304439582,cuda,./results/lambda_psi_comparison/checkpoints/fashion_mnist/traditional_relu/fashion_mnist__traditional_relu__seed3__lr0p003__cfg7af8e3100b90.pt,0.3353481160163879,88.52,99.9,,,,,,,0.34213142824172976,87.87,99.8,,,,,,,,,,,,,,
fashion_mnist__traditional_relu__seed4__lr0p003__cfg7af8e3100b90,7af8e3100b90,96b354dd2d4cd04c,2.12.1+cu130,0.27.1+cu130,1.9.0,2.5.2,0,4,2026-08-19T10:22:17.628579+00:00,ok,,fashion_mnist,classification,traditional_relu,Traditional neuron + ReLU,traditional,0,after_neuron,0,1,1,0.5,0.5,4,2026,0.003,0.0001,0.0,100,94,84,10,0.0001,128,256,192,128,276298,276298,406.33145031309687,cuda,./results/lambda_psi_comparison/checkpoints/fashion_mnist/traditional_relu/fashion_mnist__traditional_relu__seed4__lr0p003__cfg7af8e3100b90.pt,0.33775597438812255,89.36,99.8,,,,,,,0.3217680980682373,89.61,99.78,,,,,,,,,,,,,,
fashion_mnist__traditional_field__seed0__lr0p0003__cfg54f9297aa684,54f9297aa684,96b354dd2d4cd04c,2.12.1+cu130,0.27.1+cu130,1.9.0,2.5.2,0,4,2026-08-19T10:30:42.765794+00:00,ok,,fashion_mnist,classification,traditional_field,Traditional neuron + Lambda-Psi,traditional,1,none,1,1,1,0.5,0.5,0,2026,0.0003,0.0001,0.0,100,94,84,10,0.0001,128,256,192,128,276306,276306,503.68712208699435,cuda,./results/lambda_psi_comparison/checkpoints/fashion_mnist/traditional_field/fashion_mnist__traditional_field__seed0__lr0p0003__cfg54f9297aa684.pt,0.44480778217315675,84.3,99.6,,,,,,,0.4619816294193268,83.88,99.72,,,,,,,0.7956573963165283,0.31694337725639343,0.48291632533073425,0.33941689133644104,0.3941754996776581,0.32213494181632996,0.333275705575943,0.35047101974487305
fashion_mnist__traditional_field__seed1__lr0p0003__cfg54f9297aa684,54f9297aa684,96b354dd2d4cd04c,2.12.1+cu130,0.27.1+cu130,1.9.0,2.5.2,0,4,2026-08-19T10:37:56.386547+00:00,ok,,fashion_mnist,classification,traditional_field,Traditional neuron + Lambda-Psi,traditional,1,none,1,1,1,0.5,0.5,1,2026,0.0003,0.0001,0.0,100,83,73,10,0.0001,128,256,192,128,276306,276306,432.0955466639716,cuda,./results/lambda_psi_comparison/checkpoints/fashion_mnist/traditional_field/fashion_mnist__traditional_field__seed1__lr0p0003__cfg54f9297aa684.pt,0.4450786562919617,84.61999999999999,99.6,,,,,,,0.45939953727722166,83.64,99.7,,,,,,,0.8276982307434082,0.3393336832523346,0.4660293161869049,0.337941437959671,0.38282641768455505,0.3031158149242401,0.3368658721446991,0.3535878658294678
fashion_mnist__traditional_field__seed2__lr0p0003__cfg54f9297aa684,54f9297aa684,96b354dd2d4cd04c,2.12.1+cu130,0.27.1+cu130,1.9.0,2.5.2,0,4,2026-08-19T10:44:34.371014+00:00,ok,,fashion_mnist,classification,traditional_field,Traditional neuron + Lambda-Psi,traditional,1,none,1,1,1,0.5,0.5,2,2026,0.0003,0.0001,0.0,100,76,66,10,0.0001,128,256,192,128,276306,276306,396.4858389229048,cuda,./results/lambda_psi_comparison/checkpoints/fashion_mnist/traditional_field/fashion_mnist__traditional_field__seed2__lr0p0003__cfg54f9297aa684.pt,0.4507525429725647,84.56,99.58,,,,,,,0.47077972979545596,83.45,99.68,,,,,,,0.8035457134246826,0.3329370617866516,0.48615768551826477,0.3415184020996094,0.3924955427646637,0.31603682041168213,0.3374859392642975,0.35374370217323303
fashion_mnist__traditional_field__seed3__lr0p0003__cfg54f9297aa684,54f9297aa684,96b354dd2d4cd04c,2.12.1+cu130,0.27.1+cu130,1.9.0,2.5.2,0,4,2026-08-19T10:53:12.803633+00:00,ok,,fashion_mnist,classification,traditional_field,Traditional neuron + Lambda-Psi,traditional,1,none,1,1,1,0.5,0.5,3,2026,0.0003,0.0001,0.0,100,100,90,10,0.0001,128,256,192,128,276306,276306,516.8793949319515,cuda,./results/lambda_psi_comparison/checkpoints/fashion_mnist/traditional_field/fashion_mnist__traditional_field__seed3__lr0p0003__cfg54f9297aa684.pt,0.43457659378051755,84.88,99.6,,,,,,,0.44348741192817687,84.11999999999999,99.69,,,,,,,0.8379117250442505,0.33978208899497986,0.45616212487220764,0.3574310839176178,0.36055222153663635,0.28976166248321533,0.3269750773906708,0.34449630975723267
fashion_mnist__traditional_field__seed4__lr0p0003__cfg54f9297aa684,54f9297aa684,96b354dd2d4cd04c,2.12.1+cu130,0.27.1+cu130,1.9.0,2.5.2,0,4,2026-08-19T11:01:52.332511+00:00,ok,,fashion_mnist,classification,traditional_field,Traditional neuron + Lambda-Psi,traditional,1,none,1,1,1,0.5,0.5,4,2026,0.0003,0.0001,0.0,100,100,90,10,0.0001,128,256,192,128,276306,276306,517.9978746559937,cuda,./results/lambda_psi_comparison/checkpoints/fashion_mnist/traditional_field/fashion_mnist__traditional_field__seed4__lr0p0003__cfg54f9297aa684.pt,0.42786954889297485,84.89999999999999,99.66000000000001,,,,,,,0.44161736025810244,84.35000000000001,99.7,,,,,,,0.8450815081596375,0.3259485065937042,0.45524370670318604,0.3500412404537201,0.36450010538101196,0.3067842125892639,0.31450170278549194,0.3308408856391907
fashion_mnist__traditional_field__seed0__lr0p0005__cfg54f9297aa684,54f9297aa684,96b354dd2d4cd04c,2.12.1+cu130,0.27.1+cu130,1.9.0,2.5.2,0,4,2026-08-19T11:10:23.288806+00:00,ok,,fashion_mnist,classification,traditional_field,Traditional neuron + Lambda-Psi,traditional,1,none,1,1,1,0.5,0.5,0,2026,0.0005,0.0001,0.0,100,98,88,10,0.0001,128,256,192,128,276306,276306,509.45044864108786,cuda,./results/lambda_psi_comparison/checkpoints/fashion_mnist/traditional_field/fashion_mnist__traditional_field__seed0__lr0p0005__cfg54f9297aa684.pt,0.34570983142852785,87.96000000000001,99.8,,,,,,,0.3569915429115295,87.3,99.77000000000001,,,,,,,0.9472987651824951,0.2621650993824005,0.5144779086112976,0.2811616361141205,0.35252153873443604,0.2493244856595993,0.2649378478527069,0.28679531812667847
fashion_mnist__traditional_field__seed1__lr0p0005__cfg54f9297aa684,54f9297aa684,96b354dd2d4cd04c,2.12.1+cu130,0.27.1+cu130,1.9.0,2.5.2,0,4,2026-08-19T11:19:04.204551+00:00,ok,,fashion_mnist,classification,traditional_field,Traditional neuron + Lambda-Psi,traditional,1,none,1,1,1,0.5,0.5,1,2026,0.0005,0.0001,0.0,100,100,91,10,0.0001,128,256,192,128,276306,276306,519.3559938031249,cuda,./results/lambda_psi_comparison/checkpoints/fashion_mnist/traditional_field/fashion_mnist__traditional_field__seed1__lr0p0005__cfg54f9297aa684.pt,0.3447161225318909,88.22,99.8,,,,,,,0.3538311835765839,87.33999999999999,99.72,,,,,,,0.9671682119369507,0.27544382214546204,0.4877881407737732,0.27914997935295105,0.341759592294693,0.23627406358718872,0.2674219608306885,0.2891727089881897
fashion_mnist__traditional_field__seed2__lr0p0005__cfg54f9297aa684,54f9297aa684,96b354dd2d4cd04c,2.12.1+cu130,0.27.1+cu130,1.9.0,2.5.2,0,4,2026-08-19T11:26:54.233223+00:00,ok,,fashion_mnist,classification,traditional_field,Traditional neuron + Lambda-Psi,traditional,1,none,1,1,1,0.5,0.5,2,2026,0.0005,0.0001,0.0,100,92,82,10,0.0001,128,256,192,128,276306,276306,468.5655538630672,cuda,./results/lambda_psi_comparison/checkpoints/fashion_mnist/traditional_field/fashion_mnist__traditional_field__seed2__lr0p0005__cfg54f9297aa684.pt,0.34472902002334593,87.82,99.83999999999999,,,,,,,0.3570015659332275,87.49,99.82,,,,,,,0.953187882900238,0.27419376373291016,0.5071883797645569,0.28454774618148804,0.349418580532074,0.24482318758964539,0.2630143463611603,0.2840260863304138
fashion_mnist__traditional_field__seed3__lr0p0005__cfg54f9297aa684,54f9297aa684,96b354dd2d4cd04c,2.12.1+cu130,0.27.1+cu130,1.9.0,2.5.2,0,4,2026-08-19T11:34:43.924312+00:00,ok,,fashion_mnist,classification,traditional_field,Traditional neuron + Lambda-Psi,traditional,1,none,1,1,1,0.5,0.5,3,2026,0.0005,0.0001,0.0,100,85,75,10,0.0001,128,256,192,128,276306,276306,468.258679575054,cuda,./results/lambda_psi_comparison/checkpoints/fashion_mnist/traditional_field/fashion_mnist__traditional_field__seed3__lr0p0005__cfg54f9297aa684.pt,0.34991988592147827,88.0,99.83999999999999,,,,,,,0.36298980512619017,87.31,99.74,,,,,,,0.9543182253837585,0.3026764988899231,0.4861327111721039,0.3106819987297058,0.34186968207359314,0.2432464212179184,0.2772672176361084,0.29975369572639465
fashion_mnist__traditional_field__seed4__lr0p0005__cfg54f9297aa684,54f9297aa684,96b354dd2d4cd04c,2.12.1+cu130,0.27.1+cu130,1.9.0,2.5.2,0,4,2026-08-19T11:40:54.903047+00:00,ok,,fashion_mnist,classification,traditional_field,Traditional neuron + Lambda-Psi,traditional,1,none,1,1,1,0.5,0.5,4,2026,0.0005,0.0001,0.0,100,69,59,10,0.0001,128,256,192,128,276306,276306,369.44965168996714,cuda,./results/lambda_psi_comparison/checkpoints/fashion_mnist/traditional_field/fashion_mnist__traditional_field__seed4__lr0p0005__cfg54f9297aa684.pt,0.3580978881835937,87.68,99.82,,,,,,,0.37218482377529144,86.61999999999999,99.72999999999999,,,,,,,0.9637717008590698,0.289529949426651,0.4753505289554596,0.3224371075630188,0.3559129536151886,0.27004799246788025,0.28549838066101074,0.3060265779495239
fashion_mnist__traditional_field__seed0__lr0p001__cfg54f9297aa684,54f9297aa684,96b354dd2d4cd04c,2.12.1+cu130,0.27.1+cu130,1.9.0,2.5.2,0,4,2026-08-19T11:45:25.472566+00:00,ok,,fashion_mnist,classification,traditional_field,Traditional neuron + Lambda-Psi,traditional,1,none,1,1,1,0.5,0.5,0,2026,0.001,0.0001,0.0,100,49,39,10,0.0001,128,256,192,128,276306,276306,269.0421186410822,cuda,./results/lambda_psi_comparison/checkpoints/fashion_mnist/traditional_field/fashion_mnist__traditional_field__seed0__lr0p001__cfg54f9297aa684.pt,0.3423848310470581,88.03999999999999,99.78,,,,,,,0.354353569984436,87.36,99.79,,,,,,,0.9882778525352478,0.3302950859069824,0.6206488609313965,0.32572975754737854,0.4476551413536072,0.2987789809703827,0.3182741403579712,0.3504716753959656
fashion_mnist__traditional_field__seed1__lr0p001__cfg54f9297aa684,54f9297aa684,96b354dd2d4cd04c,2.12.1+cu130,0.27.1+cu130,1.9.0,2.5.2,0,4,2026-08-19T11:50:43.284213+00:00,ok,,fashion_mnist,classification,traditional_field,Traditional neuron + Lambda-Psi,traditional,1,none,1,1,1,0.5,0.5,1,2026,0.001,0.0001,0.0,100,60,50,10,0.0001,128,256,192,128,276306,276306,316.21342822303995,cuda,./results/lambda_psi_comparison/checkpoints/fashion_mnist/traditional_field/fashion_mnist__traditional_field__seed1__lr0p001__cfg54f9297aa684.pt,0.33399070110321044,88.44,99.82,,,,,,,0.3486278893470764,87.37,99.79,,,,,,,0.9938535690307617,0.3163001537322998,0.5939202308654785,0.3294171988964081,0.4543948173522949,0.2975391149520874,0.3208218216896057,0.35697177052497864
fashion_mnist__traditional_field__seed2__lr0p001__cfg54f9297aa684,54f9297aa684,96b354dd2d4cd04c,2.12.1+cu130,0.27.1+cu130,1.9.0,2.5.2,0,4,2026-08-19T11:57:16.537471+00:00,ok,,fashion_mnist,classification,traditional_field,Traditional neuron + Lambda-Psi,traditional,1,none,1,1,1,0.5,0.5,2,2026,0.001,0.0001,0.0,100,75,65,10,0.0001,128,256,192,128,276306,276306,391.52806299203075,cuda,./results/lambda_psi_comparison/checkpoints/fashion_mnist/traditional_field/fashion_mnist__traditional_field__seed2__lr0p001__cfg54f9297aa684.pt,0.3198046000480652,88.84,99.82,,,,,,,0.3354753446817398,87.72,99.86,,,,,,,0.9936197400093079,0.3221639394760132,0.6149653196334839,0.3171229958534241,0.4536203145980835,0.28687745332717896,0.29842013120651245,0.33437857031822205
fashion_mnist__traditional_field__seed3__lr0p001__cfg54f9297aa684,54f9297aa684,96b354dd2d4cd04c,2.12.1+cu130,0.27.1+cu130,1.9.0,2.5.2,0,4,2026-08-19T12:04:55.789620+00:00,ok,,fashion_mnist,classification,traditional_field,Traditional neuron + Lambda-Psi,traditional,1,none,1,1,1,0.5,0.5,3,2026,0.001,0.0001,0.0,100,88,78,10,0.0001,128,256,192,128,276306,276306,457.7239363931585,cuda,./results/lambda_psi_comparison/checkpoints/fashion_mnist/traditional_field/fashion_mnist__traditional_field__seed3__lr0p001__cfg54f9297aa684.pt,0.31715554075241087,88.9,99.88,,,,,,,0.3280914769411087,88.5,99.7,,,,,,,0.9939238429069519,0.3508220314979553,0.5744391083717346,0.3184756934642792,0.4417113959789276,0.2817854583263397,0.3041296601295471,0.34228578209877014
fashion_mnist__traditional_field__seed4__lr0p001__cfg54f9297aa684,54f9297aa684,96b354dd2d4cd04c,2.12.1+cu130,0.27.1+cu130,1.9.0,2.5.2,0,4,2026-08-19T12:11:39.957824+00:00,ok,,fashion_mnist,classification,traditional_field,Traditional neuron + Lambda-Psi,traditional,1,none,1,1,1,0.5,0.5,4,2026,0.001,0.0001,0.0,100,77,67,10,0.0001,128,256,192,128,276306,276306,402.5252165668644,cuda,./results/lambda_psi_comparison/checkpoints/fashion_mnist/traditional_field/fashion_mnist__traditional_field__seed4__lr0p001__cfg54f9297aa684.pt,0.31617948408126834,88.64,99.9,,,,,,,0.32893606479167936,88.22,99.78,,,,,,,0.9957200884819031,0.32332664728164673,0.5723098516464233,0.3215315341949463,0.4463861286640167,0.2926633358001709,0.30773258209228516,0.3448054790496826
fashion_mnist__traditional_field__seed0__lr0p002__cfg54f9297aa684,54f9297aa684,96b354dd2d4cd04c,2.12.1+cu130,0.27.1+cu130,1.9.0,2.5.2,0,4,2026-08-19T12:16:56.134736+00:00,ok,,fashion_mnist,classification,traditional_field,Traditional neuron + Lambda-Psi,traditional,1,none,1,1,1,0.5,0.5,0,2026,0.002,0.0001,0.0,100,60,50,10,0.0001,128,256,192,128,276306,276306,314.47491618199274,cuda,./results/lambda_psi_comparison/checkpoints/fashion_mnist/traditional_field/fashion_mnist__traditional_field__seed0__lr0p002__cfg54f9297aa684.pt,0.3297043061256409,88.38000000000001,99.82,,,,,,,0.34630569682121276,87.46000000000001,99.82,,,,,,,0.9981549382209778,0.31835421919822693,0.8520035743713379,0.3889619708061218,0.652024507522583,0.38128095865249634,0.33696702122688293,0.4096800982952118
fashion_mnist__traditional_field__seed1__lr0p002__cfg54f9297aa684,54f9297aa684,96b354dd2d4cd04c,2.12.1+cu130,0.27.1+cu130,1.9.0,2.5.2,0,4,2026-08-19T12:24:29.296797+00:00,ok,,fashion_mnist,classification,traditional_field,Traditional neuron + Lambda-Psi,traditional,1,none,1,1,1,0.5,0.5,1,2026,0.002,0.0001,0.0,100,86,76,10,0.0001,128,256,192,128,276306,276306,451.5414059329778,cuda,./results/lambda_psi_comparison/checkpoints/fashion_mnist/traditional_field/fashion_mnist__traditional_field__seed1__lr0p002__cfg54f9297aa684.pt,0.31428045148849487,89.12,99.83999999999999,,,,,,,0.31934221348762515,88.44999999999999,99.77000000000001,,,,,,,0.9988675117492676,0.29284340143203735,0.8420087099075317,0.38916194438934326,0.6715147495269775,0.37705448269844055,0.3172129988670349,0.3957136869430542
fashion_mnist__traditional_field__seed2__lr0p002__cfg54f9297aa684,54f9297aa684,96b354dd2d4cd04c,2.12.1+cu130,0.27.1+cu130,1.9.0,2.5.2,0,4,2026-08-19T12:27:33.454014+00:00,ok,,fashion_mnist,classification,traditional_field,Traditional neuron + Lambda-Psi,traditional,1,none,1,1,1,0.5,0.5,2,2026,0.002,0.0001,0.0,100,35,25,10,0.0001,128,256,192,128,276306,276306,182.62518468499184,cuda,./results/lambda_psi_comparison/checkpoints/fashion_mnist/traditional_field/fashion_mnist__traditional_field__seed2__lr0p002__cfg54f9297aa684.pt,0.35778181991577146,87.38,99.72,,,,,,,0.3797786285400391,86.52,99.7,,,,,,,0.9953019618988037,0.4051113426685333,0.733408510684967,0.3893152177333832,0.5751252770423889,0.3649752736091614,0.3657558262348175,0.41258135437965393
fashion_mnist__traditional_field__seed3__lr0p002__cfg54f9297aa684,54f9297aa684,96b354dd2d4cd04c,2.12.1+cu130,0.27.1+cu130,1.9.0,2.5.2,0,4,2026-08-19T12:31:35.850034+00:00,ok,,fashion_mnist,classification,traditional_field,Traditional neuron + Lambda-Psi,traditional,1,none,1,1,1,0.5,0.5,3,2026,0.002,0.0001,0.0,100,46,36,10,0.0001,128,256,192,128,276306,276306,240.6763090121094,cuda,./results/lambda_psi_comparison/checkpoints/fashion_mnist/traditional_field/fashion_mnist__traditional_field__seed3__lr0p002__cfg54f9297aa684.pt,0.35063292083740233,87.83999999999999,99.74,,,,,,,0.3671707802534103,86.37,99.77000000000001,,,,,,,0.9973440766334534,0.41690123081207275,0.7409230470657349,0.3975377082824707,0.6216415762901306,0.39246895909309387,0.37303465604782104,0.4363881051540375
fashion_mnist__traditional_field__seed4__lr0p002__cfg54f9297aa684,54f9297aa684,96b354dd2d4cd04c,2.12.1+cu130,0.27.1+cu130,1.9.0,2.5.2,0,4,2026-08-19T12:37:47.944664+00:00,ok,,fashion_mnist,classification,traditional_field,Traditional neuron + Lambda-Psi,traditional,1,none,1,1,1,0.5,0.5,4,2026,0.002,0.0001,0.0,100,71,61,10,0.0001,128,256,192,128,276306,276306,370.4651625310071,cuda,./results/lambda_psi_comparison/checkpoints/fashion_mnist/traditional_field/fashion_mnist__traditional_field__seed4__lr0p002__cfg54f9297aa684.pt,0.31620715770721436,88.92,99.83999999999999,,,,,,,0.3305624498128891,87.94999999999999,99.79,,,,,,,0.9987649917602539,0.36893507838249207,0.8160519003868103,0.38372692465782166,0.6840040683746338,0.3858998417854309,0.3291831314563751,0.4067886769771576
fashion_mnist__traditional_field__seed0__lr0p003__cfg54f9297aa684,54f9297aa684,96b354dd2d4cd04c,2.12.1+cu130,0.27.1+cu130,1.9.0,2.5.2,0,4,2026-08-19T12:43:06.529727+00:00,ok,,fashion_mnist,classification,traditional_field,Traditional neuron + Lambda-Psi,traditional,1,none,1,1,1,0.5,0.5,0,2026,0.003,0.0001,0.0,100,61,51,10,0.0001,128,256,192,128,276306,276306,316.919534672983,cuda,./results/lambda_psi_comparison/checkpoints/fashion_mnist/traditional_field/fashion_mnist__traditional_field__seed0__lr0p003__cfg54f9297aa684.pt,0.3345087829589844,88.68,99.76,,,,,,,0.3476848732471466,87.17,99.76,,,,,,,0.9976294636726379,0.21167398989200592,0.973838746547699,0.4237653613090515,0.7729894518852234,0.40569570660591125,0.28641360998153687,0.39240601658821106
fashion_mnist__traditional_field__seed1__lr0p003__cfg54f9297aa684,54f9297aa684,96b354dd2d4cd04c,2.12.1+cu130,0.27.1+cu130,1.9.0,2.5.2,0,4,2026-08-19T12:46:20.825410+00:00,ok,,fashion_mnist,classification,traditional_field,Traditional neuron + Lambda-Psi,traditional,1,none,1,1,1,0.5,0.5,1,2026,0.003,0.0001,0.0,100,37,27,10,0.0001,128,256,192,128,276306,276306,192.66636723303236,cuda,./results/lambda_psi_comparison/checkpoints/fashion_mnist/traditional_field/fashion_mnist__traditional_field__seed1__lr0p003__cfg54f9297aa684.pt,0.3690321937561035,87.08,99.76,,,,,,,0.38870763790607454,85.79,99.75,,,,,,,0.9976192116737366,0.3046567142009735,0.91098552942276,0.44438445568084717,0.6991490125656128,0.43488165736198425,0.3612115681171417,0.4410519003868103
fashion_mnist__traditional_field__seed2__lr0p003__cfg54f9297aa684,54f9297aa684,96b354dd2d4cd04c,2.12.1+cu130,0.27.1+cu130,1.9.0,2.5.2,0,4,2026-08-19T12:53:38.761772+00:00,ok,,fashion_mnist,classification,traditional_field,Traditional neuron + Lambda-Psi,traditional,1,none,1,1,1,0.5,0.5,2,2026,0.003,0.0001,0.0,100,84,74,10,0.0001,128,256,192,128,276306,276306,436.30276704696007,cuda,./results/lambda_psi_comparison/checkpoints/fashion_mnist/traditional_field/fashion_mnist__traditional_field__seed2__lr0p003__cfg54f9297aa684.pt,0.315416902589798,89.03999999999999,99.88,,,,,,,0.3342283601760864,87.77000000000001,99.79,,,,,,,0.997658371925354,0.15276381373405457,0.9795346260070801,0.3686376214027405,0.805746853351593,0.3818597197532654,0.25397926568984985,0.37170282006263733
fashion_mnist__traditional_field__seed3__lr0p003__cfg54f9297aa684,54f9297aa684,96b354dd2d4cd04c,2.12.1+cu130,0.27.1+cu130,1.9.0,2.5.2,0,4,2026-08-19T12:57:12.876564+00:00,ok,,fashion_mnist,classification,traditional_field,Traditional neuron + Lambda-Psi,traditional,1,none,1,1,1,0.5,0.5,3,2026,0.003,0.0001,0.0,100,41,31,10,0.0001,128,256,192,128,276306,276306,212.37687341310084,cuda,./results/lambda_psi_comparison/checkpoints/fashion_mnist/traditional_field/fashion_mnist__traditional_field__seed3__lr0p003__cfg54f9297aa684.pt,0.36599978828430174,87.24,99.74,,,,,,,0.3796187376499176,86.26,99.76,,,,,,,0.9975903034210205,0.40017783641815186,0.872211754322052,0.431938111782074,0.7386125922203064,0.4460025131702423,0.36248156428337097,0.45318394899368286
fashion_mnist__traditional_field__seed4__lr0p003__cfg54f9297aa684,54f9297aa684,96b354dd2d4cd04c,2.12.1+cu130,0.27.1+cu130,1.9.0,2.5.2,0,4,2026-08-19T13:04:59.012930+00:00,ok,,fashion_mnist,classification,traditional_field,Traditional neuron + Lambda-Psi,traditional,1,none,1,1,1,0.5,0.5,4,2026,0.003,0.0001,0.0,100,89,79,10,0.0001,128,256,192,128,276306,276306,464.39967293292284,cuda,./results/lambda_psi_comparison/checkpoints/fashion_mnist/traditional_field/fashion_mnist__traditional_field__seed4__lr0p003__cfg54f9297aa684.pt,0.30890998878479003,89.32,99.82,,,,,,,0.3218644531488419,88.36,99.82,,,,,,,0.9976907968521118,0.2111654281616211,0.9747952222824097,0.36395883560180664,0.8221778869628906,0.385518342256546,0.2403048574924469,0.34917527437210083
fashion_mnist__traditional_field_relu__seed0__lr0p0003__cfg8ed0b25076b5,8ed0b25076b5,96b354dd2d4cd04c,2.12.1+cu130,0.27.1+cu130,1.9.0,2.5.2,0,4,2026-08-19T13:12:08.136353+00:00,ok,,fashion_mnist,classification,traditional_field_relu,Traditional neuron + Lambda-Psi + ReLU,traditional,1,after_field,1,1,1,0.5,0.5,0,2026,0.0003,0.0001,0.0,100,81,71,10,0.0001,128,256,192,128,276306,276306,427.4681668819394,cuda,./results/lambda_psi_comparison/checkpoints/fashion_mnist/traditional_field_relu/fashion_mnist__traditional_field_relu__seed0__lr0p0003__cfg8ed0b25076b5.pt,0.33001923351287843,88.16000000000001,99.82,,,,,,,0.34913619546890257,87.64999999999999,99.8,,,,,,,0.3474455177783966,0.3077901303768158,0.3391631543636322,0.3833365738391876,0.31667646765708923,0.36002179980278015,0.29318082332611084,0.2964750826358795
fashion_mnist__traditional_field_relu__seed1__lr0p0003__cfg8ed0b25076b5,8ed0b25076b5,96b354dd2d4cd04c,2.12.1+cu130,0.27.1+cu130,1.9.0,2.5.2,0,4,2026-08-19T13:17:10.663607+00:00,ok,,fashion_mnist,classification,traditional_field_relu,Traditional neuron + Lambda-Psi + ReLU,traditional,1,after_field,1,1,1,0.5,0.5,1,2026,0.0003,0.0001,0.0,100,57,47,10,0.0001,128,256,192,128,276306,276306,301.0397198142018,cuda,./results/lambda_psi_comparison/checkpoints/fashion_mnist/traditional_field_relu/fashion_mnist__traditional_field_relu__seed1__lr0p0003__cfg8ed0b25076b5.pt,0.3565260115623474,87.52,99.76,,,,,,,0.370916140460968,86.82,99.75,,,,,,,0.3702409267425537,0.3329806625843048,0.34789204597473145,0.3935104310512543,0.33191514015197754,0.36041322350502014,0.30644407868385315,0.3168777823448181
fashion_mnist__traditional_field_relu__seed2__lr0p0003__cfg8ed0b25076b5,8ed0b25076b5,96b354dd2d4cd04c,2.12.1+cu130,0.27.1+cu130,1.9.0,2.5.2,0,4,2026-08-19T13:25:10.425094+00:00,ok,,fashion_mnist,classification,traditional_field_relu,Traditional neuron + Lambda-Psi + ReLU,traditional,1,after_field,1,1,1,0.5,0.5,2,2026,0.0003,0.0001,0.0,100,90,80,10,0.0001,128,256,192,128,276306,276306,478.21213641995564,cuda,./results/lambda_psi_comparison/checkpoints/fashion_mnist/traditional_field_relu/fashion_mnist__traditional_field_relu__seed2__lr0p0003__cfg8ed0b25076b5.pt,0.3326946420669556,88.36,99.78,,,,,,,0.3447262943506241,87.91,99.75,,,,,,,0.3353167176246643,0.29157784581184387,0.33480292558670044,0.3683526813983917,0.3157689571380615,0.32964861392974854,0.2821544408798218,0.2972223162651062
fashion_mnist__traditional_field_relu__seed3__lr0p0003__cfg8ed0b25076b5,8ed0b25076b5,96b354dd2d4cd04c,2.12.1+cu130,0.27.1+cu130,1.9.0,2.5.2,0,4,2026-08-19T13:32:46.387996+00:00,ok,,fashion_mnist,classification,traditional_field_relu,Traditional neuron + Lambda-Psi + ReLU,traditional,1,after_field,1,1,1,0.5,0.5,3,2026,0.0003,0.0001,0.0,100,86,76,10,0.0001,128,256,192,128,276306,276306,454.4035319730174,cuda,./results/lambda_psi_comparison/checkpoints/fashion_mnist/traditional_field_relu/fashion_mnist__traditional_field_relu__seed3__lr0p0003__cfg8ed0b25076b5.pt,0.33499860572814943,88.6,99.8,,,,,,,0.35013087019920347,87.45,99.77000000000001,,,,,,,0.3427206575870514,0.30344438552856445,0.3344004452228546,0.38783249258995056,0.31335219740867615,0.3678903579711914,0.2864239811897278,0.29570361971855164
fashion_mnist__traditional_field_relu__seed4__lr0p0003__cfg8ed0b25076b5,8ed0b25076b5,96b354dd2d4cd04c,2.12.1+cu130,0.27.1+cu130,1.9.0,2.5.2,0,4,2026-08-19T13:38:53.468918+00:00,ok,,fashion_mnist,classification,traditional_field_relu,Traditional neuron + Lambda-Psi + ReLU,traditional,1,after_field,1,1,1,0.5,0.5,4,2026,0.0003,0.0001,0.0,100,69,59,10,0.0001,128,256,192,128,276306,276306,365.45806878083386,cuda,./results/lambda_psi_comparison/checkpoints/fashion_mnist/traditional_field_relu/fashion_mnist__traditional_field_relu__seed4__lr0p0003__cfg8ed0b25076b5.pt,0.3358898376464844,88.3,99.8,,,,,,,0.35417007331848144,87.56,99.8,,,,,,,0.35069572925567627,0.3182116448879242,0.34071508049964905,0.36683207750320435,0.32789868116378784,0.346436470746994,0.29414549469947815,0.30771151185035706
fashion_mnist__traditional_field_relu__seed0__lr0p0005__cfg8ed0b25076b5,8ed0b25076b5,96b354dd2d4cd04c,2.12.1+cu130,0.27.1+cu130,1.9.0,2.5.2,0,4,2026-08-19T13:45:30.622972+00:00,ok,,fashion_mnist,classification,traditional_field_relu,Traditional neuron + Lambda-Psi + ReLU,traditional,1,after_field,1,1,1,0.5,0.5,0,2026,0.0005,0.0001,0.0,100,75,65,10,0.0001,128,256,192,128,276306,276306,395.45461411611177,cuda,./results/lambda_psi_comparison/checkpoints/fashion_mnist/traditional_field_relu/fashion_mnist__traditional_field_relu__seed0__lr0p0005__cfg8ed0b25076b5.pt,0.30685092477798465,89.1,99.88,,,,,,,0.3229833615541458,88.44999999999999,99.83,,,,,,,0.34634122252464294,0.2949480712413788,0.35625600814819336,0.36698296666145325,0.3248050808906555,0.33217108249664307,0.27168703079223633,0.28991076350212097
fashion_mnist__traditional_field_relu__seed1__lr0p0005__cfg8ed0b25076b5,8ed0b25076b5,96b354dd2d4cd04c,2.12.1+cu130,0.27.1+cu130,1.9.0,2.5.2,0,4,2026-08-19T13:54:00.257437+00:00,ok,,fashion_mnist,classification,traditional_field_relu,Traditional neuron + Lambda-Psi + ReLU,traditional,1,after_field,1,1,1,0.5,0.5,1,2026,0.0005,0.0001,0.0,100,96,86,10,0.0001,128,256,192,128,276306,276306,508.06284740008414,cuda,./results/lambda_psi_comparison/checkpoints/fashion_mnist/traditional_field_relu/fashion_mnist__traditional_field_relu__seed1__lr0p0005__cfg8ed0b25076b5.pt,0.31225958309173585,88.9,99.82,,,,,,,0.31499486656188963,88.71,99.81,,,,,,,0.3419460356235504,0.28845277428627014,0.36004069447517395,0.3505699634552002,0.3208015263080597,0.3161547780036926,0.26262032985687256,0.2793661653995514
fashion_mnist__traditional_field_relu__seed2__lr0p0005__cfg8ed0b25076b5,8ed0b25076b5,96b354dd2d4cd04c,2.12.1+cu130,0.27.1+cu130,1.9.0,2.5.2,0,4,2026-08-19T13:59:05.713251+00:00,ok,,fashion_mnist,classification,traditional_field_relu,Traditional neuron + Lambda-Psi + ReLU,traditional,1,after_field,1,1,1,0.5,0.5,2,2026,0.0005,0.0001,0.0,100,58,48,10,0.0001,128,256,192,128,276306,276306,303.9250723971054,cuda,./results/lambda_psi_comparison/checkpoints/fashion_mnist/traditional_field_relu/fashion_mnist__traditional_field_relu__seed2__lr0p0005__cfg8ed0b25076b5.pt,0.32236006355285646,88.64,99.8,,,,,,,0.33630161237716677,87.89,99.76,,,,,,,0.3409833610057831,0.31160563230514526,0.36096858978271484,0.3596906363964081,0.336355984210968,0.33050015568733215,0.2898382544517517,0.3050749599933624
fashion_mnist__traditional_field_relu__seed3__lr0p0005__cfg8ed0b25076b5,8ed0b25076b5,96b354dd2d4cd04c,2.12.1+cu130,0.27.1+cu130,1.9.0,2.5.2,0,4,2026-08-19T14:07:54.886939+00:00,ok,,fashion_mnist,classification,traditional_field_relu,Traditional neuron + Lambda-Psi + ReLU,traditional,1,after_field,1,1,1,0.5,0.5,3,2026,0.0005,0.0001,0.0,100,100,91,10,0.0001,128,256,192,128,276306,276306,527.569267786108,cuda,./results/lambda_psi_comparison/checkpoints/fashion_mnist/traditional_field_relu/fashion_mnist__traditional_field_relu__seed3__lr0p0005__cfg8ed0b25076b5.pt,0.30579541087150575,89.64,99.8,,,,,,,0.32257652089595795,88.53,99.79,,,,,,,0.3370766043663025,0.2954137921333313,0.35413146018981934,0.3601410984992981,0.32333606481552124,0.3451969623565674,0.26519426703453064,0.28141066431999207
fashion_mnist__traditional_field_relu__seed4__lr0p0005__cfg8ed0b25076b5,8ed0b25076b5,96b354dd2d4cd04c,2.12.1+cu130,0.27.1+cu130,1.9.0,2.5.2,0,4,2026-08-19T14:13:41.499533+00:00,ok,,fashion_mnist,classification,traditional_field_relu,Traditional neuron + Lambda-Psi + ReLU,traditional,1,after_field,1,1,1,0.5,0.5,4,2026,0.0005,0.0001,0.0,100,65,55,10,0.0001,128,256,192,128,276306,276306,345.0093408599496,cuda,./results/lambda_psi_comparison/checkpoints/fashion_mnist/traditional_field_relu/fashion_mnist__traditional_field_relu__seed4__lr0p0005__cfg8ed0b25076b5.pt,0.3117823687553406,88.8,99.88,,,,,,,0.323390057516098,88.17,99.79,,,,,,,0.3420915901660919,0.31339511275291443,0.3455018401145935,0.3395385444164276,0.3337767720222473,0.3229627311229706,0.276784747838974,0.29996731877326965
fashion_mnist__traditional_field_relu__seed0__lr0p001__cfg8ed0b25076b5,8ed0b25076b5,96b354dd2d4cd04c,2.12.1+cu130,0.27.1+cu130,1.9.0,2.5.2,0,4,2026-08-19T14:19:58.420549+00:00,ok,,fashion_mnist,classification,traditional_field_relu,Traditional neuron + Lambda-Psi + ReLU,traditional,1,after_field,1,1,1,0.5,0.5,0,2026,0.001,0.0001,0.0,100,71,61,10,0.0001,128,256,192,128,276306,276306,375.3059768450912,cuda,./results/lambda_psi_comparison/checkpoints/fashion_mnist/traditional_field_relu/fashion_mnist__traditional_field_relu__seed0__lr0p001__cfg8ed0b25076b5.pt,0.2979892502307892,89.94,99.83999999999999,,,,,,,0.30485201692581176,89.14999999999999,99.83999999999999,,,,,,,0.32491669058799744,0.37072983384132385,0.3930034041404724,0.3574054539203644,0.3555818498134613,0.3186354637145996,0.2802358865737915,0.2934964597225189
fashion_mnist__traditional_field_relu__seed1__lr0p001__cfg8ed0b25076b5,8ed0b25076b5,96b354dd2d4cd04c,2.12.1+cu130,0.27.1+cu130,1.9.0,2.5.2,0,4,2026-08-19T14:24:18.018926+00:00,ok,,fashion_mnist,classification,traditional_field_relu,Traditional neuron + Lambda-Psi + ReLU,traditional,1,after_field,1,1,1,0.5,0.5,1,2026,0.001,0.0001,0.0,100,49,39,10,0.0001,128,256,192,128,276306,276306,257.9746657789219,cuda,./results/lambda_psi_comparison/checkpoints/fashion_mnist/traditional_field_relu/fashion_mnist__traditional_field_relu__seed1__lr0p001__cfg8ed0b25076b5.pt,0.3103165404319763,89.32,99.83999999999999,,,,,,,0.31832738012075423,88.6,99.83999999999999,,,,,,,0.3680097758769989,0.3745775818824768,0.4291526675224304,0.37235352396965027,0.3902387320995331,0.3467896282672882,0.316175252199173,0.326227068901062
fashion_mnist__traditional_field_relu__seed2__lr0p001__cfg8ed0b25076b5,8ed0b25076b5,96b354dd2d4cd04c,2.12.1+cu130,0.27.1+cu130,1.9.0,2.5.2,0,4,2026-08-19T14:30:05.092048+00:00,ok,,fashion_mnist,classification,traditional_field_relu,Traditional neuron + Lambda-Psi + ReLU,traditional,1,after_field,1,1,1,0.5,0.5,2,2026,0.001,0.0001,0.0,100,65,55,10,0.0001,128,256,192,128,276306,276306,345.39001712878235,cuda,./results/lambda_psi_comparison/checkpoints/fashion_mnist/traditional_field_relu/fashion_mnist__traditional_field_relu__seed2__lr0p001__cfg8ed0b25076b5.pt,0.30315308995246887,89.86,99.83999999999999,,,,,,,0.304657107591629,89.28,99.82,,,,,,,0.31187903881073,0.37689724564552307,0.3749379813671112,0.3519456386566162,0.34762924909591675,0.31316855549812317,0.28355395793914795,0.29459235072135925
fashion_mnist__traditional_field_relu__seed3__lr0p001__cfg8ed0b25076b5,8ed0b25076b5,96b354dd2d4cd04c,2.12.1+cu130,0.27.1+cu130,1.9.0,2.5.2,0,4,2026-08-19T14:34:01.985135+00:00,ok,,fashion_mnist,classification,traditional_field_relu,Traditional neuron + Lambda-Psi + ReLU,traditional,1,after_field,1,1,1,0.5,0.5,3,2026,0.001,0.0001,0.0,100,44,34,10,0.0001,128,256,192,128,276306,276306,234.84944418701343,cuda,./results/lambda_psi_comparison/checkpoints/fashion_mnist/traditional_field_relu/fashion_mnist__traditional_field_relu__seed3__lr0p001__cfg8ed0b25076b5.pt,0.31865750246047975,88.88000000000001,99.8,,,,,,,0.32088499720096586,88.42,99.8,,,,,,,0.36415714025497437,0.38645631074905396,0.4221899211406708,0.37683919072151184,0.38936617970466614,0.35370105504989624,0.3208340108394623,0.3293111324310303
fashion_mnist__traditional_field_relu__seed4__lr0p001__cfg8ed0b25076b5,8ed0b25076b5,96b354dd2d4cd04c,2.12.1+cu130,0.27.1+cu130,1.9.0,2.5.2,0,4,2026-08-19T14:40:02.630825+00:00,ok,,fashion_mnist,classification,traditional_field_relu,Traditional neuron + Lambda-Psi + ReLU,traditional,1,after_field,1,1,1,0.5,0.5,4,2026,0.001,0.0001,0.0,100,67,57,10,0.0001,128,256,192,128,276306,276306,359.0385081041604,cuda,./results/lambda_psi_comparison/checkpoints/fashion_mnist/traditional_field_relu/fashion_mnist__traditional_field_relu__seed4__lr0p001__cfg8ed0b25076b5.pt,0.3030747015953064,89.62,99.88,,,,,,,0.30235328822135926,89.22,99.85000000000001,,,,,,,0.3139331638813019,0.373552531003952,0.36527565121650696,0.34789836406707764,0.3631310760974884,0.3055533170700073,0.27896517515182495,0.2911151349544525
fashion_mnist__traditional_field_relu__seed0__lr0p002__cfg8ed0b25076b5,8ed0b25076b5,96b354dd2d4cd04c,2.12.1+cu130,0.27.1+cu130,1.9.0,2.5.2,0,4,2026-08-19T14:45:49.041314+00:00,ok,,fashion_mnist,classification,traditional_field_relu,Traditional neuron + Lambda-Psi + ReLU,traditional,1,after_field,1,1,1,0.5,0.5,0,2026,0.002,0.0001,0.0,100,65,55,10,0.0001,128,256,192,128,276306,276306,344.77967439987697,cuda,./results/lambda_psi_comparison/checkpoints/fashion_mnist/traditional_field_relu/fashion_mnist__traditional_field_relu__seed0__lr0p002__cfg8ed0b25076b5.pt,0.30005132775306703,90.06,99.86,,,,,,,0.303593740439415,89.27000000000001,99.87,,,,,,,0.4168512225151062,0.47990965843200684,0.5043609738349915,0.4210708439350128,0.48307621479034424,0.39270156621932983,0.3457028269767761,0.325634241104126
fashion_mnist__traditional_field_relu__seed1__lr0p002__cfg8ed0b25076b5,8ed0b25076b5,96b354dd2d4cd04c,2.12.1+cu130,0.27.1+cu130,1.9.0,2.5.2,0,4,2026-08-19T14:49:06.282217+00:00,ok,,fashion_mnist,classification,traditional_field_relu,Traditional neuron + Lambda-Psi + ReLU,traditional,1,after_field,1,1,1,0.5,0.5,1,2026,0.002,0.0001,0.0,100,37,27,10,0.0001,128,256,192,128,276306,276306,195.63086155313067,cuda,./results/lambda_psi_comparison/checkpoints/fashion_mnist/traditional_field_relu/fashion_mnist__traditional_field_relu__seed1__lr0p002__cfg8ed0b25076b5.pt,0.31516482920646666,88.92,99.86,,,,,,,0.3219668447852135,88.23,99.83999999999999,,,,,,,0.4363377094268799,0.4589371681213379,0.511573314666748,0.4254571199417114,0.4787091314792633,0.3939170241355896,0.38218826055526733,0.36687004566192627
fashion_mnist__traditional_field_relu__seed2__lr0p002__cfg8ed0b25076b5,8ed0b25076b5,96b354dd2d4cd04c,2.12.1+cu130,0.27.1+cu130,1.9.0,2.5.2,0,4,2026-08-19T14:54:40.401186+00:00,ok,,fashion_mnist,classification,traditional_field_relu,Traditional neuron + Lambda-Psi + ReLU,traditional,1,after_field,1,1,1,0.5,0.5,2,2026,0.002,0.0001,0.0,100,63,53,10,0.0001,128,256,192,128,276306,276306,332.4741843850352,cuda,./results/lambda_psi_comparison/checkpoints/fashion_mnist/traditional_field_relu/fashion_mnist__traditional_field_relu__seed2__lr0p002__cfg8ed0b25076b5.pt,0.30304954586029054,89.96,99.83999999999999,,,,,,,0.3032790696084499,89.18,99.83999999999999,,,,,,,0.4117918312549591,0.4806216061115265,0.49918249249458313,0.4269513189792633,0.4805062413215637,0.3764641582965851,0.34486329555511475,0.32969167828559875
fashion_mnist__traditional_field_relu__seed3__lr0p002__cfg8ed0b25076b5,8ed0b25076b5,96b354dd2d4cd04c,2.12.1+cu130,0.27.1+cu130,1.9.0,2.5.2,0,4,2026-08-19T14:58:35.890615+00:00,ok,,fashion_mnist,classification,traditional_field_relu,Traditional neuron + Lambda-Psi + ReLU,traditional,1,after_field,1,1,1,0.5,0.5,3,2026,0.002,0.0001,0.0,100,44,34,10,0.0001,128,256,192,128,276306,276306,233.84553417284042,cuda,./results/lambda_psi_comparison/checkpoints/fashion_mnist/traditional_field_relu/fashion_mnist__traditional_field_relu__seed3__lr0p002__cfg8ed0b25076b5.pt,0.30476713972091674,89.24,99.86,,,,,,,0.3065440947294235,88.58,99.89,,,,,,,0.4345332980155945,0.4619842767715454,0.5075975060462952,0.41966912150382996,0.47066015005111694,0.3905791640281677,0.3679932653903961,0.3565760552883148
fashion_mnist__traditional_field_relu__seed4__lr0p002__cfg8ed0b25076b5,8ed0b25076b5,96b354dd2d4cd04c,2.12.1+cu130,0.27.1+cu130,1.9.0,2.5.2,0,4,2026-08-19T15:03:12.937856+00:00,ok,,fashion_mnist,classification,traditional_field_relu,Traditional neuron + Lambda-Psi + ReLU,traditional,1,after_field,1,1,1,0.5,0.5,4,2026,0.002,0.0001,0.0,100,52,42,10,0.0001,128,256,192,128,276306,276306,275.49023660086095,cuda,./results/lambda_psi_comparison/checkpoints/fashion_mnist/traditional_field_relu/fashion_mnist__traditional_field_relu__seed4__lr0p002__cfg8ed0b25076b5.pt,0.3041555650234222,89.86,99.83999999999999,,,,,,,0.30630168197155,89.09,99.85000000000001,,,,,,,0.4284847676753998,0.4654541313648224,0.4971838891506195,0.4217262864112854,0.4967242181301117,0.3742069602012634,0.3618588447570801,0.3369198739528656
fashion_mnist__traditional_field_relu__seed0__lr0p003__cfg8ed0b25076b5,8ed0b25076b5,96b354dd2d4cd04c,2.12.1+cu130,0.27.1+cu130,1.9.0,2.5.2,0,4,2026-08-19T15:07:05.708953+00:00,ok,,fashion_mnist,classification,traditional_field_relu,Traditional neuron + Lambda-Psi + ReLU,traditional,1,after_field,1,1,1,0.5,0.5,0,2026,0.003,0.0001,0.0,100,44,34,10,0.0001,128,256,192,128,276306,276306,231.11910137999803,cuda,./results/lambda_psi_comparison/checkpoints/fashion_mnist/traditional_field_relu/fashion_mnist__traditional_field_relu__seed0__lr0p003__cfg8ed0b25076b5.pt,0.30498237104415893,89.2,99.83999999999999,,,,,,,0.3060219103574753,88.9,99.91,,,,,,,0.549155592918396,0.5181559324264526,0.6258742809295654,0.4526136815547943,0.5881952047348022,0.4154576361179352,0.4144931733608246,0.3642052114009857
fashion_mnist__traditional_field_relu__seed1__lr0p003__cfg8ed0b25076b5,8ed0b25076b5,96b354dd2d4cd04c,2.12.1+cu130,0.27.1+cu130,1.9.0,2.5.2,0,4,2026-08-19T15:12:54.964512+00:00,ok,,fashion_mnist,classification,traditional_field_relu,Traditional neuron + Lambda-Psi + ReLU,traditional,1,after_field,1,1,1,0.5,0.5,1,2026,0.003,0.0001,0.0,100,66,56,10,0.0001,128,256,192,128,276306,276306,347.60291271214373,cuda,./results/lambda_psi_comparison/checkpoints/fashion_mnist/traditional_field_relu/fashion_mnist__traditional_field_relu__seed1__lr0p003__cfg8ed0b25076b5.pt,0.30843042645454405,90.02,99.83999999999999,,,,,,,0.30422208766937253,89.32,99.85000000000001,,,,,,,0.539323091506958,0.5133477449417114,0.6271958947181702,0.4529367983341217,0.5938432216644287,0.41462406516075134,0.40139999985694885,0.35086342692375183
fashion_mnist__traditional_field_relu__seed2__lr0p003__cfg8ed0b25076b5,8ed0b25076b5,96b354dd2d4cd04c,2.12.1+cu130,0.27.1+cu130,1.9.0,2.5.2,0,4,2026-08-19T15:18:12.305822+00:00,ok,,fashion_mnist,classification,traditional_field_relu,Traditional neuron + Lambda-Psi + ReLU,traditional,1,after_field,1,1,1,0.5,0.5,2,2026,0.003,0.0001,0.0,100,60,50,10,0.0001,128,256,192,128,276306,276306,315.6812268360518,cuda,./results/lambda_psi_comparison/checkpoints/fashion_mnist/traditional_field_relu/fashion_mnist__traditional_field_relu__seed2__lr0p003__cfg8ed0b25076b5.pt,0.30303386631011964,89.62,99.86,,,,,,,0.3037081288814545,89.17,99.86,,,,,,,0.5382235050201416,0.530733048915863,0.617519199848175,0.4612289369106293,0.6088587045669556,0.418050080537796,0.3872837424278259,0.34815406799316406
fashion_mnist__traditional_field_relu__seed3__lr0p003__cfg8ed0b25076b5,8ed0b25076b5,96b354dd2d4cd04c,2.12.1+cu130,0.27.1+cu130,1.9.0,2.5.2,0,4,2026-08-19T15:24:22.479077+00:00,ok,,fashion_mnist,classification,traditional_field_relu,Traditional neuron + Lambda-Psi + ReLU,traditional,1,after_field,1,1,1,0.5,0.5,3,2026,0.003,0.0001,0.0,100,69,59,10,0.0001,128,256,192,128,276306,276306,368.6248757119756,cuda,./results/lambda_psi_comparison/checkpoints/fashion_mnist/traditional_field_relu/fashion_mnist__traditional_field_relu__seed3__lr0p003__cfg8ed0b25076b5.pt,0.29975571641922,90.12,99.83999999999999,,,,,,,0.3090923109054565,89.5,99.88,,,,,,,0.5187098979949951,0.5161156058311462,0.5964356064796448,0.45822110772132874,0.5716251134872437,0.4208773672580719,0.38527506589889526,0.32349780201911926
fashion_mnist__traditional_field_relu__seed4__lr0p003__cfg8ed0b25076b5,8ed0b25076b5,96b354dd2d4cd04c,2.12.1+cu130,0.27.1+cu130,1.9.0,2.5.2,0,4,2026-08-19T15:29:37.838875+00:00,ok,,fashion_mnist,classification,traditional_field_relu,Traditional neuron + Lambda-Psi + ReLU,traditional,1,after_field,1,1,1,0.5,0.5,4,2026,0.003,0.0001,0.0,100,59,49,10,0.0001,128,256,192,128,276306,276306,313.7238685609773,cuda,./results/lambda_psi_comparison/checkpoints/fashion_mnist/traditional_field_relu/fashion_mnist__traditional_field_relu__seed4__lr0p003__cfg8ed0b25076b5.pt,0.2967418695449829,89.75999999999999,99.82,,,,,,,0.296779437983036,89.39,99.81,,,,,,,0.5606305003166199,0.5125570297241211,0.6203009486198425,0.4573015570640564,0.609006941318512,0.40488317608833313,0.40021011233329773,0.3261015713214874
fashion_mnist__traditional_relu_field__seed0__lr0p0003__cfgf72e60c53fbe,f72e60c53fbe,96b354dd2d4cd04c,2.12.1+cu130,0.27.1+cu130,1.9.0,2.5.2,0,4,2026-08-19T15:36:07.491721+00:00,ok,,fashion_mnist,classification,traditional_relu_field,Traditional neuron + ReLU + Lambda-Psi,traditional,1,before_field,1,1,1,0.5,0.5,0,2026,0.0003,0.0001,0.0,100,75,65,10,0.0001,128,256,192,128,276306,276306,388.0929236570373,cuda,./results/lambda_psi_comparison/checkpoints/fashion_mnist/traditional_relu_field/fashion_mnist__traditional_relu_field__seed0__lr0p0003__cfgf72e60c53fbe.pt,0.35760045828819276,87.46000000000001,99.66000000000001,,,,,,,0.38241218433380125,86.50999999999999,99.72,,,,,,,0.30004024505615234,0.37167468667030334,0.2827177047729492,0.3384780287742615,0.2778996527194977,0.3111356198787689,0.3005470335483551,0.2919899523258209
fashion_mnist__traditional_relu_field__seed1__lr0p0003__cfgf72e60c53fbe,f72e60c53fbe,96b354dd2d4cd04c,2.12.1+cu130,0.27.1+cu130,1.9.0,2.5.2,0,4,2026-08-19T15:43:59.158720+00:00,ok,,fashion_mnist,classification,traditional_relu_field,Traditional neuron + ReLU + Lambda-Psi,traditional,1,before_field,1,1,1,0.5,0.5,1,2026,0.0003,0.0001,0.0,100,90,80,10,0.0001,128,256,192,128,276306,276306,470.06097050895914,cuda,./results/lambda_psi_comparison/checkpoints/fashion_mnist/traditional_relu_field/fashion_mnist__traditional_relu_field__seed1__lr0p0003__cfgf72e60c53fbe.pt,0.3639578673839569,87.56,99.76,,,,,,,0.37552584857940674,86.75,99.79,,,,,,,0.3107989430427551,0.3217693865299225,0.2962470054626465,0.3442176878452301,0.29156360030174255,0.2952435314655304,0.30469629168510437,0.3068750202655792
fashion_mnist__traditional_relu_field__seed2__lr0p0003__cfgf72e60c53fbe,f72e60c53fbe,96b354dd2d4cd04c,2.12.1+cu130,0.27.1+cu130,1.9.0,2.5.2,0,4,2026-08-19T15:51:22.882322+00:00,ok,,fashion_mnist,classification,traditional_relu_field,Traditional neuron + ReLU + Lambda-Psi,traditional,1,before_field,1,1,1,0.5,0.5,2,2026,0.0003,0.0001,0.0,100,84,74,10,0.0001,128,256,192,128,276306,276306,442.1664648519363,cuda,./results/lambda_psi_comparison/checkpoints/fashion_mnist/traditional_relu_field/fashion_mnist__traditional_relu_field__seed2__lr0p0003__cfgf72e60c53fbe.pt,0.3515893084526062,87.8,99.78,,,,,,,0.36852358264923096,87.1,99.74,,,,,,,0.28145235776901245,0.34567388892173767,0.2769533097743988,0.32867345213890076,0.27270588278770447,0.3163071274757385,0.2800443768501282,0.28479981422424316
fashion_mnist__traditional_relu_field__seed3__lr0p0003__cfgf72e60c53fbe,f72e60c53fbe,96b354dd2d4cd04c,2.12.1+cu130,0.27.1+cu130,1.9.0,2.5.2,0,4,2026-08-19T15:59:13.522729+00:00,ok,,fashion_mnist,classification,traditional_relu_field,Traditional neuron + ReLU + Lambda-Psi,traditional,1,before_field,1,1,1,0.5,0.5,3,2026,0.0003,0.0001,0.0,100,89,79,10,0.0001,128,256,192,128,276306,276306,468.96288051991723,cuda,./results/lambda_psi_comparison/checkpoints/fashion_mnist/traditional_relu_field/fashion_mnist__traditional_relu_field__seed3__lr0p0003__cfgf72e60c53fbe.pt,0.36327912015914915,87.48,99.78,,,,,,,0.36949858224391935,87.01,99.75,,,,,,,0.2980625331401825,0.33219006657600403,0.28864550590515137,0.3448287546634674,0.2838883101940155,0.28501608967781067,0.29456812143325806,0.2908056676387787
fashion_mnist__traditional_relu_field__seed4__lr0p0003__cfgf72e60c53fbe,f72e60c53fbe,96b354dd2d4cd04c,2.12.1+cu130,0.27.1+cu130,1.9.0,2.5.2,0,4,2026-08-19T16:05:19.436694+00:00,ok,,fashion_mnist,classification,traditional_relu_field,Traditional neuron + ReLU + Lambda-Psi,traditional,1,before_field,1,1,1,0.5,0.5,4,2026,0.0003,0.0001,0.0,100,69,59,10,0.0001,128,256,192,128,276306,276306,364.37424872186966,cuda,./results/lambda_psi_comparison/checkpoints/fashion_mnist/traditional_relu_field/fashion_mnist__traditional_relu_field__seed4__lr0p0003__cfgf72e60c53fbe.pt,0.35756049613952634,87.42,99.76,,,,,,,0.37397435612678526,86.50999999999999,99.75,,,,,,,0.31220340728759766,0.358172208070755,0.303778737783432,0.33165013790130615,0.29890167713165283,0.2882424592971802,0.30049335956573486,0.3098364472389221
fashion_mnist__traditional_relu_field__seed0__lr0p0005__cfgf72e60c53fbe,f72e60c53fbe,96b354dd2d4cd04c,2.12.1+cu130,0.27.1+cu130,1.9.0,2.5.2,0,4,2026-08-19T16:13:13.728046+00:00,ok,,fashion_mnist,classification,traditional_relu_field,Traditional neuron + ReLU + Lambda-Psi,traditional,1,before_field,1,1,1,0.5,0.5,0,2026,0.0005,0.0001,0.0,100,89,79,10,0.0001,128,256,192,128,276306,276306,472.7165488579776,cuda,./results/lambda_psi_comparison/checkpoints/fashion_mnist/traditional_relu_field/fashion_mnist__traditional_relu_field__seed0__lr0p0005__cfgf72e60c53fbe.pt,0.31806370477676393,88.94,99.78,,,,,,,0.3373056561946869,87.94999999999999,99.78,,,,,,,0.28823763132095337,0.316976934671402,0.276710569858551,0.2773534059524536,0.2724725604057312,0.2360042780637741,0.28236475586891174,0.29109981656074524
fashion_mnist__traditional_relu_field__seed1__lr0p0005__cfgf72e60c53fbe,f72e60c53fbe,96b354dd2d4cd04c,2.12.1+cu130,0.27.1+cu130,1.9.0,2.5.2,0,4,2026-08-19T16:19:52.675838+00:00,ok,,fashion_mnist,classification,traditional_relu_field,Traditional neuron + ReLU + Lambda-Psi,traditional,1,before_field,1,1,1,0.5,0.5,1,2026,0.0005,0.0001,0.0,100,75,65,10,0.0001,128,256,192,128,276306,276306,397.3460366090294,cuda,./results/lambda_psi_comparison/checkpoints/fashion_mnist/traditional_relu_field/fashion_mnist__traditional_relu_field__seed1__lr0p0005__cfgf72e60c53fbe.pt,0.3289278883934021,88.66000000000001,99.8,,,,,,,0.3361313001871109,88.05,99.83999999999999,,,,,,,0.31292685866355896,0.259725958108902,0.3069764971733093,0.2962891459465027,0.30140218138694763,0.24701263010501862,0.30514106154441833,0.31298699975013733
fashion_mnist__traditional_relu_field__seed2__lr0p0005__cfgf72e60c53fbe,f72e60c53fbe,96b354dd2d4cd04c,2.12.1+cu130,0.27.1+cu130,1.9.0,2.5.2,0,4,2026-08-19T16:25:23.199853+00:00,ok,,fashion_mnist,classification,traditional_relu_field,Traditional neuron + ReLU + Lambda-Psi,traditional,1,before_field,1,1,1,0.5,0.5,2,2026,0.0005,0.0001,0.0,100,62,52,10,0.0001,128,256,192,128,276306,276306,328.8079519269522,cuda,./results/lambda_psi_comparison/checkpoints/fashion_mnist/traditional_relu_field/fashion_mnist__traditional_relu_field__seed2__lr0p0005__cfgf72e60c53fbe.pt,0.3278750106811523,88.46000000000001,99.8,,,,,,,0.3453159776926041,87.6,99.77000000000001,,,,,,,0.2945293188095093,0.3311299979686737,0.29676881432533264,0.2939569652080536,0.29149675369262695,0.2807507812976837,0.2882095277309418,0.3041985034942627
fashion_mnist__traditional_relu_field__seed3__lr0p0005__cfgf72e60c53fbe,f72e60c53fbe,96b354dd2d4cd04c,2.12.1+cu130,0.27.1+cu130,1.9.0,2.5.2,0,4,2026-08-19T16:34:13.385725+00:00,ok,,fashion_mnist,classification,traditional_relu_field,Traditional neuron + ReLU + Lambda-Psi,traditional,1,before_field,1,1,1,0.5,0.5,3,2026,0.0005,0.0001,0.0,100,100,95,10,0.0001,128,256,192,128,276306,276306,528.7016648279969,cuda,./results/lambda_psi_comparison/checkpoints/fashion_mnist/traditional_relu_field/fashion_mnist__traditional_relu_field__seed3__lr0p0005__cfgf72e60c53fbe.pt,0.31863522968292235,89.18,99.82,,,,,,,0.3212339549779892,88.47,99.78,,,,,,,0.28853437304496765,0.26935040950775146,0.29161494970321655,0.29947811365127563,0.2850416302680969,0.2421398013830185,0.28089639544487,0.2913205027580261
fashion_mnist__traditional_relu_field__seed4__lr0p0005__cfgf72e60c53fbe,f72e60c53fbe,96b354dd2d4cd04c,2.12.1+cu130,0.27.1+cu130,1.9.0,2.5.2,0,4,2026-08-19T16:42:17.224642+00:00,ok,,fashion_mnist,classification,traditional_relu_field,Traditional neuron + ReLU + Lambda-Psi,traditional,1,before_field,1,1,1,0.5,0.5,4,2026,0.0005,0.0001,0.0,100,91,81,10,0.0001,128,256,192,128,276306,276306,482.19948209100403,cuda,./results/lambda_psi_comparison/checkpoints/fashion_mnist/traditional_relu_field/fashion_mnist__traditional_relu_field__seed4__lr0p0005__cfgf72e60c53fbe.pt,0.3078621648788452,89.48,99.94,,,,,,,0.32433999903202054,88.58,99.82,,,,,,,0.2788609266281128,0.2954184412956238,0.2788131535053253,0.2501576542854309,0.2762674391269684,0.23953402042388916,0.26556846499443054,0.28097012639045715
fashion_mnist__traditional_relu_field__seed0__lr0p001__cfgf72e60c53fbe,f72e60c53fbe,96b354dd2d4cd04c,2.12.1+cu130,0.27.1+cu130,1.9.0,2.5.2,0,4,2026-08-19T16:50:10.370712+00:00,ok,,fashion_mnist,classification,traditional_relu_field,Traditional neuron + ReLU + Lambda-Psi,traditional,1,before_field,1,1,1,0.5,0.5,0,2026,0.001,0.0001,0.0,100,89,79,10,0.0001,128,256,192,128,276306,276306,471.58127898094244,cuda,./results/lambda_psi_comparison/checkpoints/fashion_mnist/traditional_relu_field/fashion_mnist__traditional_relu_field__seed0__lr0p001__cfgf72e60c53fbe.pt,0.29398618144989014,90.06,99.9,,,,,,,0.3048292811155319,89.31,99.86,,,,,,,0.25744080543518066,0.21445438265800476,0.2943350076675415,0.17156106233596802,0.3061664402484894,0.18746860325336456,0.33032870292663574,0.33136287331581116
fashion_mnist__traditional_relu_field__seed1__lr0p001__cfgf72e60c53fbe,f72e60c53fbe,96b354dd2d4cd04c,2.12.1+cu130,0.27.1+cu130,1.9.0,2.5.2,0,4,2026-08-19T16:56:28.147777+00:00,ok,,fashion_mnist,classification,traditional_relu_field,Traditional neuron + ReLU + Lambda-Psi,traditional,1,before_field,1,1,1,0.5,0.5,1,2026,0.001,0.0001,0.0,100,71,61,10,0.0001,128,256,192,128,276306,276306,376.18189818784595,cuda,./results/lambda_psi_comparison/checkpoints/fashion_mnist/traditional_relu_field/fashion_mnist__traditional_relu_field__seed1__lr0p001__cfgf72e60c53fbe.pt,0.3037142927646637,89.72,99.86,,,,,,,0.3100898612320423,89.05999999999999,99.89,,,,,,,0.2768033742904663,0.16574642062187195,0.3354310691356659,0.21270456910133362,0.34712880849838257,0.189449742436409,0.3545839190483093,0.36715713143348694
fashion_mnist__traditional_relu_field__seed2__lr0p001__cfgf72e60c53fbe,f72e60c53fbe,96b354dd2d4cd04c,2.12.1+cu130,0.27.1+cu130,1.9.0,2.5.2,0,4,2026-08-19T17:04:38.286554+00:00,ok,,fashion_mnist,classification,traditional_relu_field,Traditional neuron + ReLU + Lambda-Psi,traditional,1,before_field,1,1,1,0.5,0.5,2,2026,0.001,0.0001,0.0,100,92,82,10,0.0001,128,256,192,128,276306,276306,488.44353026500903,cuda,./results/lambda_psi_comparison/checkpoints/fashion_mnist/traditional_relu_field/fashion_mnist__traditional_relu_field__seed2__lr0p001__cfgf72e60c53fbe.pt,0.2917976197242737,89.82,99.88,,,,,,,0.30514384846687315,89.18,99.83,,,,,,,0.22875787317752838,0.21993161737918854,0.28352513909339905,0.1525353491306305,0.2953101396560669,0.1945038139820099,0.3033570349216461,0.31505611538887024
fashion_mnist__traditional_relu_field__seed3__lr0p001__cfgf72e60c53fbe,f72e60c53fbe,96b354dd2d4cd04c,2.12.1+cu130,0.27.1+cu130,1.9.0,2.5.2,0,4,2026-08-19T17:08:45.056731+00:00,ok,,fashion_mnist,classification,traditional_relu_field,Traditional neuron + ReLU + Lambda-Psi,traditional,1,before_field,1,1,1,0.5,0.5,3,2026,0.001,0.0001,0.0,100,46,36,10,0.0001,128,256,192,128,276306,276306,245.2679657349363,cuda,./results/lambda_psi_comparison/checkpoints/fashion_mnist/traditional_relu_field/fashion_mnist__traditional_relu_field__seed3__lr0p001__cfgf72e60c53fbe.pt,0.3097180513381958,89.3,99.8,,,,,,,0.32728487553596497,88.1,99.82,,,,,,,0.30406880378723145,0.21174131333827972,0.3534717857837677,0.2530789077281952,0.3622077405452728,0.21398787200450897,0.36380958557128906,0.3757489323616028
fashion_mnist__traditional_relu_field__seed4__lr0p001__cfgf72e60c53fbe,f72e60c53fbe,96b354dd2d4cd04c,2.12.1+cu130,0.27.1+cu130,1.9.0,2.5.2,0,4,2026-08-19T17:14:30.059004+00:00,ok,,fashion_mnist,classification,traditional_relu_field,Traditional neuron + ReLU + Lambda-Psi,traditional,1,before_field,1,1,1,0.5,0.5,4,2026,0.001,0.0001,0.0,100,65,55,10,0.0001,128,256,192,128,276306,276306,343.47032131813467,cuda,./results/lambda_psi_comparison/checkpoints/fashion_mnist/traditional_relu_field/fashion_mnist__traditional_relu_field__seed4__lr0p001__cfgf72e60c53fbe.pt,0.2968646638870239,89.46,99.83999999999999,,,,,,,0.3074679210186005,89.09,99.86,,,,,,,0.25893285870552063,0.20570527017116547,0.31697142124176025,0.1979222148656845,0.3358355164527893,0.2015627920627594,0.3463543653488159,0.34662553668022156
fashion_mnist__traditional_relu_field__seed0__lr0p002__cfgf72e60c53fbe,f72e60c53fbe,96b354dd2d4cd04c,2.12.1+cu130,0.27.1+cu130,1.9.0,2.5.2,0,4,2026-08-19T17:20:53.828391+00:00,ok,,fashion_mnist,classification,traditional_relu_field,Traditional neuron + ReLU + Lambda-Psi,traditional,1,before_field,1,1,1,0.5,0.5,0,2026,0.002,0.0001,0.0,100,72,62,10,0.0001,128,256,192,128,276306,276306,382.07759918714873,cuda,./results/lambda_psi_comparison/checkpoints/fashion_mnist/traditional_relu_field/fashion_mnist__traditional_relu_field__seed0__lr0p002__cfgf72e60c53fbe.pt,0.2885753629684448,89.66,99.86,,,,,,,0.30210512995719907,89.53,99.87,,,,,,,0.2681348919868469,0.14009666442871094,0.46438074111938477,0.11030922830104828,0.4855669438838959,0.13873733580112457,0.5297452211380005,0.48824819922447205
fashion_mnist__traditional_relu_field__seed1__lr0p002__cfgf72e60c53fbe,f72e60c53fbe,96b354dd2d4cd04c,2.12.1+cu130,0.27.1+cu130,1.9.0,2.5.2,0,4,2026-08-19T17:25:37.078124+00:00,ok,,fashion_mnist,classification,traditional_relu_field,Traditional neuron + ReLU + Lambda-Psi,traditional,1,before_field,1,1,1,0.5,0.5,1,2026,0.002,0.0001,0.0,100,53,43,10,0.0001,128,256,192,128,276306,276306,281.73293887404725,cuda,./results/lambda_psi_comparison/checkpoints/fashion_mnist/traditional_relu_field/fashion_mnist__traditional_relu_field__seed1__lr0p002__cfgf72e60c53fbe.pt,0.3026157385826111,89.7,99.9,,,,,,,0.3127505868911743,88.83,99.81,,,,,,,0.2739916145801544,0.1294892281293869,0.45961448550224304,0.15509562194347382,0.5134413838386536,0.16960789263248444,0.5407094955444336,0.5052076578140259
fashion_mnist__traditional_relu_field__seed2__lr0p002__cfgf72e60c53fbe,f72e60c53fbe,96b354dd2d4cd04c,2.12.1+cu130,0.27.1+cu130,1.9.0,2.5.2,0,4,2026-08-19T17:30:02.901127+00:00,ok,,fashion_mnist,classification,traditional_relu_field,Traditional neuron + ReLU + Lambda-Psi,traditional,1,before_field,1,1,1,0.5,0.5,2,2026,0.002,0.0001,0.0,100,50,40,10,0.0001,128,256,192,128,276306,276306,264.209641502006,cuda,./results/lambda_psi_comparison/checkpoints/fashion_mnist/traditional_relu_field/fashion_mnist__traditional_relu_field__seed2__lr0p002__cfgf72e60c53fbe.pt,0.29994417090415953,89.28,99.92,,,,,,,0.31072360433340074,88.63,99.86,,,,,,,0.26637566089630127,0.15366339683532715,0.47009986639022827,0.14054308831691742,0.5051535964012146,0.18857699632644653,0.5265626311302185,0.49954646825790405
fashion_mnist__traditional_relu_field__seed3__lr0p002__cfgf72e60c53fbe,f72e60c53fbe,96b354dd2d4cd04c,2.12.1+cu130,0.27.1+cu130,1.9.0,2.5.2,0,4,2026-08-19T17:35:32.467399+00:00,ok,,fashion_mnist,classification,traditional_relu_field,Traditional neuron + ReLU + Lambda-Psi,traditional,1,before_field,1,1,1,0.5,0.5,3,2026,0.002,0.0001,0.0,100,62,52,10,0.0001,128,256,192,128,276306,276306,327.97831524303183,cuda,./results/lambda_psi_comparison/checkpoints/fashion_mnist/traditional_relu_field/fashion_mnist__traditional_relu_field__seed3__lr0p002__cfgf72e60c53fbe.pt,0.2920925326347351,89.7,99.94,,,,,,,0.3039066030502319,89.14999999999999,99.87,,,,,,,0.25046971440315247,0.13819044828414917,0.46013304591178894,0.12228576838970184,0.48866790533065796,0.18118900060653687,0.5092223882675171,0.4982713758945465
fashion_mnist__traditional_relu_field__seed4__lr0p002__cfgf72e60c53fbe,f72e60c53fbe,96b354dd2d4cd04c,2.12.1+cu130,0.27.1+cu130,1.9.0,2.5.2,0,4,2026-08-19T17:41:48.722083+00:00,ok,,fashion_mnist,classification,traditional_relu_field,Traditional neuron + ReLU + Lambda-Psi,traditional,1,before_field,1,1,1,0.5,0.5,4,2026,0.002,0.0001,0.0,100,71,61,10,0.0001,128,256,192,128,276306,276306,374.6852790028788,cuda,./results/lambda_psi_comparison/checkpoints/fashion_mnist/traditional_relu_field/fashion_mnist__traditional_relu_field__seed4__lr0p002__cfgf72e60c53fbe.pt,0.2959231821060181,89.82,99.83999999999999,,,,,,,0.31140379279851915,88.75,99.83999999999999,,,,,,,0.23367637395858765,0.12043414264917374,0.4481379985809326,0.11358489841222763,0.5130735039710999,0.1701621562242508,0.5342763066291809,0.4860183000564575
fashion_mnist__traditional_relu_field__seed0__lr0p003__cfgf72e60c53fbe,f72e60c53fbe,96b354dd2d4cd04c,2.12.1+cu130,0.27.1+cu130,1.9.0,2.5.2,0,4,2026-08-19T17:50:12.738299+00:00,ok,,fashion_mnist,classification,traditional_relu_field,Traditional neuron + ReLU + Lambda-Psi,traditional,1,before_field,1,1,1,0.5,0.5,0,2026,0.003,0.0001,0.0,100,95,85,10,0.0001,128,256,192,128,276306,276306,502.31977655901574,cuda,./results/lambda_psi_comparison/checkpoints/fashion_mnist/traditional_relu_field/fashion_mnist__traditional_relu_field__seed0__lr0p003__cfgf72e60c53fbe.pt,0.2927418553829193,90.02,99.86,,,,,,,0.30039777760505676,89.66,99.87,,,,,,,0.253718763589859,0.09325434267520905,0.5838579535484314,0.05623558908700943,0.6417455673217773,0.1124282032251358,0.6424240469932556,0.4654083847999573
fashion_mnist__traditional_relu_field__seed1__lr0p003__cfgf72e60c53fbe,f72e60c53fbe,96b354dd2d4cd04c,2.12.1+cu130,0.27.1+cu130,1.9.0,2.5.2,0,4,2026-08-19T17:56:49.256285+00:00,ok,,fashion_mnist,classification,traditional_relu_field,Traditional neuron + ReLU + Lambda-Psi,traditional,1,before_field,1,1,1,0.5,0.5,1,2026,0.003,0.0001,0.0,100,75,65,10,0.0001,128,256,192,128,276306,276306,394.9269374581054,cuda,./results/lambda_psi_comparison/checkpoints/fashion_mnist/traditional_relu_field/fashion_mnist__traditional_relu_field__seed1__lr0p003__cfgf72e60c53fbe.pt,0.30320614414215086,89.86,99.86,,,,,,,0.29787146339416504,89.52,99.8,,,,,,,0.2538355588912964,0.07498109340667725,0.5994486212730408,0.0724802240729332,0.6730513572692871,0.1387353241443634,0.645759105682373,0.5089783072471619
fashion_mnist__traditional_relu_field__seed2__lr0p003__cfgf72e60c53fbe,f72e60c53fbe,96b354dd2d4cd04c,2.12.1+cu130,0.27.1+cu130,1.9.0,2.5.2,0,4,2026-08-19T18:01:05.756684+00:00,ok,,fashion_mnist,classification,traditional_relu_field,Traditional neuron + ReLU + Lambda-Psi,traditional,1,before_field,1,1,1,0.5,0.5,2,2026,0.003,0.0001,0.0,100,48,38,10,0.0001,128,256,192,128,276306,276306,254.97976225917228,cuda,./results/lambda_psi_comparison/checkpoints/fashion_mnist/traditional_relu_field/fashion_mnist__traditional_relu_field__seed2__lr0p003__cfgf72e60c53fbe.pt,0.30793441734313964,89.60000000000001,99.9,,,,,,,0.3225367219209671,88.53999999999999,99.83999999999999,,,,,,,0.2824636697769165,0.09734846651554108,0.6065255999565125,0.11110786348581314,0.6637170314788818,0.14907221496105194,0.6450925469398499,0.5509469509124756
fashion_mnist__traditional_relu_field__seed3__lr0p003__cfgf72e60c53fbe,f72e60c53fbe,96b354dd2d4cd04c,2.12.1+cu130,0.27.1+cu130,1.9.0,2.5.2,0,4,2026-08-19T18:05:11.052889+00:00,ok,,fashion_mnist,classification,traditional_relu_field,Traditional neuron + ReLU + Lambda-Psi,traditional,1,before_field,1,1,1,0.5,0.5,3,2026,0.003,0.0001,0.0,100,46,36,10,0.0001,128,256,192,128,276306,276306,243.71865726215765,cuda,./results/lambda_psi_comparison/checkpoints/fashion_mnist/traditional_relu_field/fashion_mnist__traditional_relu_field__seed3__lr0p003__cfgf72e60c53fbe.pt,0.3095904736995697,89.22,99.76,,,,,,,0.3230952865600586,88.2,99.8,,,,,,,0.28259700536727905,0.10842413455247879,0.6061342358589172,0.13006895780563354,0.6324418187141418,0.16657006740570068,0.6383008360862732,0.5487756729125977
fashion_mnist__traditional_relu_field__seed4__lr0p003__cfgf72e60c53fbe,f72e60c53fbe,96b354dd2d4cd04c,2.12.1+cu130,0.27.1+cu130,1.9.0,2.5.2,0,4,2026-08-19T18:10:04.373335+00:00,ok,,fashion_mnist,classification,traditional_relu_field,Traditional neuron + ReLU + Lambda-Psi,traditional,1,before_field,1,1,1,0.5,0.5,4,2026,0.003,0.0001,0.0,100,55,45,10,0.0001,128,256,192,128,276306,276306,291.74451838294044,cuda,./results/lambda_psi_comparison/checkpoints/fashion_mnist/traditional_relu_field/fashion_mnist__traditional_relu_field__seed4__lr0p003__cfgf72e60c53fbe.pt,0.30183056888580323,89.46,99.8,,,,,,,0.312212741279602,88.81,99.83,,,,,,,0.2651621103286743,0.09070143103599548,0.5808175206184387,0.09385174512863159,0.666693389415741,0.16044582426548004,0.6524096131324768,0.548711359500885
fashion_mnist__aptx__seed0__lr0p0003__cfg03fefe3a6289,03fefe3a6289,96b354dd2d4cd04c,2.12.1+cu130,0.27.1+cu130,1.9.0,2.5.2,0,4,2026-08-19T18:12:22.071374+00:00,ok,,fashion_mnist,classification,aptx,APTx Neuron,aptx,0,none,0,1,1,0.5,0.5,0,2026,0.0003,0.0001,0.0,100,30,20,10,0.0001,128,256,192,128,827722,827722,135.96574903698638,cuda,./results/lambda_psi_comparison/checkpoints/fashion_mnist/aptx/fashion_mnist__aptx__seed0__lr0p0003__cfg03fefe3a6289.pt,3892.122859375,80.86,99.58,,,,,,,4065.842087890625,79.96,99.59,,,,,,,,,,,,,,
fashion_mnist__aptx__seed1__lr0p0003__cfg03fefe3a6289,03fefe3a6289,96b354dd2d4cd04c,2.12.1+cu130,0.27.1+cu130,1.9.0,2.5.2,0,4,2026-08-19T18:15:27.474701+00:00,ok,,fashion_mnist,classification,aptx,APTx Neuron,aptx,0,none,0,1,1,0.5,0.5,1,2026,0.0003,0.0001,0.0,100,41,31,10,0.0001,128,256,192,128,827722,827722,183.82561945007183,cuda,./results/lambda_psi_comparison/checkpoints/fashion_mnist/aptx/fashion_mnist__aptx__seed1__lr0p0003__cfg03fefe3a6289.pt,2483.183627734375,81.52000000000001,99.68,,,,,,,2841.8050796875,80.89,99.51,,,,,,,,,,,,,,
fashion_mnist__aptx__seed2__lr0p0003__cfg03fefe3a6289,03fefe3a6289,96b354dd2d4cd04c,2.12.1+cu130,0.27.1+cu130,1.9.0,2.5.2,0,4,2026-08-19T18:17:44.282168+00:00,ok,,fashion_mnist,classification,aptx,APTx Neuron,aptx,0,none,0,1,1,0.5,0.5,2,2026,0.0003,0.0001,0.0,100,30,20,10,0.0001,128,256,192,128,827722,827722,135.1294482080266,cuda,./results/lambda_psi_comparison/checkpoints/fashion_mnist/aptx/fashion_mnist__aptx__seed2__lr0p0003__cfg03fefe3a6289.pt,4149.0195359375,81.02000000000001,99.56,,,,,,,4531.77316171875,79.69000000000001,99.52,,,,,,,,,,,,,,
fashion_mnist__aptx__seed3__lr0p0003__cfg03fefe3a6289,03fefe3a6289,96b354dd2d4cd04c,2.12.1+cu130,0.27.1+cu130,1.9.0,2.5.2,0,4,2026-08-19T18:21:43.133905+00:00,ok,,fashion_mnist,classification,aptx,APTx Neuron,aptx,0,none,0,1,1,0.5,0.5,3,2026,0.0003,0.0001,0.0,100,53,43,10,0.0001,128,256,192,128,827722,827722,237.19996608584188,cuda,./results/lambda_psi_comparison/checkpoints/fashion_mnist/aptx/fashion_mnist__aptx__seed3__lr0p0003__cfg03fefe3a6289.pt,1717.1247578125,81.98,99.68,,,,,,,1912.297096875,80.42,99.57000000000001,,,,,,,,,,,,,,
fashion_mnist__aptx__seed4__lr0p0003__cfg03fefe3a6289,03fefe3a6289,96b354dd2d4cd04c,2.12.1+cu130,0.27.1+cu130,1.9.0,2.5.2,0,4,2026-08-19T18:24:39.066427+00:00,ok,,fashion_mnist,classification,aptx,APTx Neuron,aptx,0,none,0,1,1,0.5,0.5,4,2026,0.0003,0.0001,0.0,100,39,29,10,0.0001,128,256,192,128,827722,827722,174.35537523590028,cuda,./results/lambda_psi_comparison/checkpoints/fashion_mnist/aptx/fashion_mnist__aptx__seed4__lr0p0003__cfg03fefe3a6289.pt,2680.774696875,81.42,99.52,,,,,,,2977.318178125,79.81,99.6,,,,,,,,,,,,,,
fashion_mnist__aptx__seed0__lr0p0005__cfg03fefe3a6289,03fefe3a6289,96b354dd2d4cd04c,2.12.1+cu130,0.27.1+cu130,1.9.0,2.5.2,0,4,2026-08-19T18:29:41.488876+00:00,ok,,fashion_mnist,classification,aptx,APTx Neuron,aptx,0,none,0,1,1,0.5,0.5,0,2026,0.0005,0.0001,0.0,100,67,57,10,0.0001,128,256,192,128,827722,827722,300.5771291728597,cuda,./results/lambda_psi_comparison/checkpoints/fashion_mnist/aptx/fashion_mnist__aptx__seed0__lr0p0005__cfg03fefe3a6289.pt,820.3698421875,83.08,99.76,,,,,,,835.8728772460937,82.44,99.63,,,,,,,,,,,,,,
fashion_mnist__aptx__seed1__lr0p0005__cfg03fefe3a6289,03fefe3a6289,96b354dd2d4cd04c,2.12.1+cu130,0.27.1+cu130,1.9.0,2.5.2,0,4,2026-08-19T18:33:22.895906+00:00,ok,,fashion_mnist,classification,aptx,APTx Neuron,aptx,0,none,0,1,1,0.5,0.5,1,2026,0.0005,0.0001,0.0,100,49,39,10,0.0001,128,256,192,128,827722,827722,219.7345188308973,cuda,./results/lambda_psi_comparison/checkpoints/fashion_mnist/aptx/fashion_mnist__aptx__seed1__lr0p0005__cfg03fefe3a6289.pt,1068.153767578125,82.32000000000001,99.6,,,,,,,1191.8773029296874,82.37,99.57000000000001,,,,,,,,,,,,,,
fashion_mnist__aptx__seed2__lr0p0005__cfg03fefe3a6289,03fefe3a6289,96b354dd2d4cd04c,2.12.1+cu130,0.27.1+cu130,1.9.0,2.5.2,0,4,2026-08-19T18:35:39.029480+00:00,ok,,fashion_mnist,classification,aptx,APTx Neuron,aptx,0,none,0,1,1,0.5,0.5,2,2026,0.0005,0.0001,0.0,100,30,20,10,0.0001,128,256,192,128,827722,827722,134.25746898213401,cuda,./results/lambda_psi_comparison/checkpoints/fashion_mnist/aptx/fashion_mnist__aptx__seed2__lr0p0005__cfg03fefe3a6289.pt,2643.402440625,81.82000000000001,99.66000000000001,,,,,,,2889.026134765625,80.38,99.48,,,,,,,,,,,,,,
fashion_mnist__aptx__seed3__lr0p0005__cfg03fefe3a6289,03fefe3a6289,96b354dd2d4cd04c,2.12.1+cu130,0.27.1+cu130,1.9.0,2.5.2,0,4,2026-08-19T18:38:08.360241+00:00,ok,,fashion_mnist,classification,aptx,APTx Neuron,aptx,0,none,0,1,1,0.5,0.5,3,2026,0.0005,0.0001,0.0,100,32,22,10,0.0001,128,256,192,128,827722,827722,147.7676181299612,cuda,./results/lambda_psi_comparison/checkpoints/fashion_mnist/aptx/fashion_mnist__aptx__seed3__lr0p0005__cfg03fefe3a6289.pt,2258.0551234375,80.96,99.62,,,,,,,2327.4163078125,80.36,99.56,,,,,,,,,,,,,,
fashion_mnist__aptx__seed4__lr0p0005__cfg03fefe3a6289,03fefe3a6289,96b354dd2d4cd04c,2.12.1+cu130,0.27.1+cu130,1.9.0,2.5.2,0,4,2026-08-19T18:42:10.076329+00:00,ok,,fashion_mnist,classification,aptx,APTx Neuron,aptx,0,none,0,1,1,0.5,0.5,4,2026,0.0005,0.0001,0.0,100,52,42,10,0.0001,128,256,192,128,827722,827722,240.0313398600556,cuda,./results/lambda_psi_comparison/checkpoints/fashion_mnist/aptx/fashion_mnist__aptx__seed4__lr0p0005__cfg03fefe3a6289.pt,1115.3059953125,83.3,99.62,,,,,,,1213.73391015625,82.17,99.6,,,,,,,,,,,,,,
fashion_mnist__aptx__seed0__lr0p001__cfg03fefe3a6289,03fefe3a6289,96b354dd2d4cd04c,2.12.1+cu130,0.27.1+cu130,1.9.0,2.5.2,0,4,2026-08-19T18:44:29.688039+00:00,ok,,fashion_mnist,classification,aptx,APTx Neuron,aptx,0,none,0,1,1,0.5,0.5,0,2026,0.001,0.0001,0.0,100,30,20,10,0.0001,128,256,192,128,827722,827722,137.96066710702144,cuda,./results/lambda_psi_comparison/checkpoints/fashion_mnist/aptx/fashion_mnist__aptx__seed0__lr0p001__cfg03fefe3a6289.pt,1500.275375390625,81.2,99.72,,,,,,,1617.1921576171876,80.31,99.6,,,,,,,,,,,,,,
fashion_mnist__aptx__seed1__lr0p001__cfg03fefe3a6289,03fefe3a6289,96b354dd2d4cd04c,2.12.1+cu130,0.27.1+cu130,1.9.0,2.5.2,0,4,2026-08-19T18:46:02.733956+00:00,ok,,fashion_mnist,classification,aptx,APTx Neuron,aptx,0,none,0,1,1,0.5,0.5,1,2026,0.001,0.0001,0.0,100,20,10,10,0.0001,128,256,192,128,827722,827722,91.37433190504089,cuda,./results/lambda_psi_comparison/checkpoints/fashion_mnist/aptx/fashion_mnist__aptx__seed1__lr0p001__cfg03fefe3a6289.pt,3157.3475265625,80.54,99.6,,,,,,,3551.263634375,79.64,99.5,,,,,,,,,,,,,,
fashion_mnist__aptx__seed2__lr0p001__cfg03fefe3a6289,03fefe3a6289,96b354dd2d4cd04c,2.12.1+cu130,0.27.1+cu130,1.9.0,2.5.2,0,4,2026-08-19T18:47:35.936721+00:00,ok,,fashion_mnist,classification,aptx,APTx Neuron,aptx,0,none,0,1,1,0.5,0.5,2,2026,0.001,0.0001,0.0,100,20,10,10,0.0001,128,256,192,128,827722,827722,91.52272425196134,cuda,./results/lambda_psi_comparison/checkpoints/fashion_mnist/aptx/fashion_mnist__aptx__seed2__lr0p001__cfg03fefe3a6289.pt,3108.872846875,81.54,99.58,,,,,,,3386.77129140625,80.72,99.55000000000001,,,,,,,,,,,,,,
fashion_mnist__aptx__seed3__lr0p001__cfg03fefe3a6289,03fefe3a6289,96b354dd2d4cd04c,2.12.1+cu130,0.27.1+cu130,1.9.0,2.5.2,0,4,2026-08-19T18:49:18.306626+00:00,ok,,fashion_mnist,classification,aptx,APTx Neuron,aptx,0,none,0,1,1,0.5,0.5,3,2026,0.001,0.0001,0.0,100,22,12,10,0.0001,128,256,192,128,827722,827722,100.83326319186017,cuda,./results/lambda_psi_comparison/checkpoints/fashion_mnist/aptx/fashion_mnist__aptx__seed3__lr0p001__cfg03fefe3a6289.pt,2553.602140625,81.88,99.62,,,,,,,2742.6824453125,80.55,99.65,,,,,,,,,,,,,,
fashion_mnist__aptx__seed4__lr0p001__cfg03fefe3a6289,03fefe3a6289,96b354dd2d4cd04c,2.12.1+cu130,0.27.1+cu130,1.9.0,2.5.2,0,4,2026-08-19T18:51:42.137157+00:00,ok,,fashion_mnist,classification,aptx,APTx Neuron,aptx,0,none,0,1,1,0.5,0.5,4,2026,0.001,0.0001,0.0,100,31,21,10,0.0001,128,256,192,128,827722,827722,142.22622968512587,cuda,./results/lambda_psi_comparison/checkpoints/fashion_mnist/aptx/fashion_mnist__aptx__seed4__lr0p001__cfg03fefe3a6289.pt,1212.2018984375,82.88,99.64,,,,,,,1371.95843984375,81.69999999999999,99.57000000000001,,,,,,,,,,,,,,
fashion_mnist__aptx__seed0__lr0p002__cfg03fefe3a6289,03fefe3a6289,96b354dd2d4cd04c,2.12.1+cu130,0.27.1+cu130,1.9.0,2.5.2,0,4,2026-08-19T18:54:01.244281+00:00,ok,,fashion_mnist,classification,aptx,APTx Neuron,aptx,0,none,0,1,1,0.5,0.5,0,2026,0.002,0.0001,0.0,100,30,20,10,0.0001,128,256,192,128,827722,827722,137.45392088918015,cuda,./results/lambda_psi_comparison/checkpoints/fashion_mnist/aptx/fashion_mnist__aptx__seed0__lr0p002__cfg03fefe3a6289.pt,960.72323515625,82.76,99.58,,,,,,,1107.95105703125,81.58999999999999,99.47,,,,,,,,,,,,,,
fashion_mnist__aptx__seed1__lr0p002__cfg03fefe3a6289,03fefe3a6289,96b354dd2d4cd04c,2.12.1+cu130,0.27.1+cu130,1.9.0,2.5.2,0,4,2026-08-19T18:57:42.684204+00:00,ok,,fashion_mnist,classification,aptx,APTx Neuron,aptx,0,none,0,1,1,0.5,0.5,1,2026,0.002,0.0001,0.0,100,48,38,10,0.0001,128,256,192,128,827722,827722,219.77816438302398,cuda,./results/lambda_psi_comparison/checkpoints/fashion_mnist/aptx/fashion_mnist__aptx__seed1__lr0p002__cfg03fefe3a6289.pt,398.076368359375,83.52000000000001,99.74,,,,,,,444.46560810546873,82.23,99.59,,,,,,,,,,,,,,
fashion_mnist__aptx__seed2__lr0p002__cfg03fefe3a6289,03fefe3a6289,96b354dd2d4cd04c,2.12.1+cu130,0.27.1+cu130,1.9.0,2.5.2,0,4,2026-08-19T18:59:11.326794+00:00,ok,,fashion_mnist,classification,aptx,APTx Neuron,aptx,0,none,0,1,1,0.5,0.5,2,2026,0.002,0.0001,0.0,100,19,9,10,0.0001,128,256,192,128,827722,827722,86.90157886198722,cuda,./results/lambda_psi_comparison/checkpoints/fashion_mnist/aptx/fashion_mnist__aptx__seed2__lr0p002__cfg03fefe3a6289.pt,2043.26455625,81.24,99.58,,,,,,,2310.6025921875,80.11,99.6,,,,,,,,,,,,,,
fashion_mnist__aptx__seed3__lr0p002__cfg03fefe3a6289,03fefe3a6289,96b354dd2d4cd04c,2.12.1+cu130,0.27.1+cu130,1.9.0,2.5.2,0,4,2026-08-19T19:00:49.207255+00:00,ok,,fashion_mnist,classification,aptx,APTx Neuron,aptx,0,none,0,1,1,0.5,0.5,3,2026,0.002,0.0001,0.0,100,21,11,10,0.0001,128,256,192,128,827722,827722,96.23077661287971,cuda,./results/lambda_psi_comparison/checkpoints/fashion_mnist/aptx/fashion_mnist__aptx__seed3__lr0p002__cfg03fefe3a6289.pt,1737.72111953125,80.96,99.58,,,,,,,1922.628521875,80.16,99.44,,,,,,,,,,,,,,
fashion_mnist__aptx__seed4__lr0p002__cfg03fefe3a6289,03fefe3a6289,96b354dd2d4cd04c,2.12.1+cu130,0.27.1+cu130,1.9.0,2.5.2,0,4,2026-08-19T19:02:19.594596+00:00,ok,,fashion_mnist,classification,aptx,APTx Neuron,aptx,0,none,0,1,1,0.5,0.5,4,2026,0.002,0.0001,0.0,100,19,9,10,0.0001,128,256,192,128,827722,827722,88.66547419712879,cuda,./results/lambda_psi_comparison/checkpoints/fashion_mnist/aptx/fashion_mnist__aptx__seed4__lr0p002__cfg03fefe3a6289.pt,2161.04830625,81.38,99.48,,,,,,,2245.589321875,80.25,99.36,,,,,,,,,,,,,,
fashion_mnist__aptx__seed0__lr0p003__cfg03fefe3a6289,03fefe3a6289,96b354dd2d4cd04c,2.12.1+cu130,0.27.1+cu130,1.9.0,2.5.2,0,4,2026-08-19T19:04:44.241008+00:00,ok,,fashion_mnist,classification,aptx,APTx Neuron,aptx,0,none,0,1,1,0.5,0.5,0,2026,0.003,0.0001,0.0,100,31,21,10,0.0001,128,256,192,128,827722,827722,142.96276828995906,cuda,./results/lambda_psi_comparison/checkpoints/fashion_mnist/aptx/fashion_mnist__aptx__seed0__lr0p003__cfg03fefe3a6289.pt,709.52754609375,82.6,99.74,,,,,,,759.80322578125,82.12,99.46000000000001,,,,,,,,,,,,,,
fashion_mnist__aptx__seed1__lr0p003__cfg03fefe3a6289,03fefe3a6289,96b354dd2d4cd04c,2.12.1+cu130,0.27.1+cu130,1.9.0,2.5.2,0,4,2026-08-19T19:06:12.860331+00:00,ok,,fashion_mnist,classification,aptx,APTx Neuron,aptx,0,none,0,1,1,0.5,0.5,1,2026,0.003,0.0001,0.0,100,19,9,10,0.0001,128,256,192,128,827722,827722,87.11105920001864,cuda,./results/lambda_psi_comparison/checkpoints/fashion_mnist/aptx/fashion_mnist__aptx__seed1__lr0p003__cfg03fefe3a6289.pt,1846.37214140625,80.60000000000001,99.68,,,,,,,2056.116228515625,79.89,99.45,,,,,,,,,,,,,,
fashion_mnist__aptx__seed2__lr0p003__cfg03fefe3a6289,03fefe3a6289,96b354dd2d4cd04c,2.12.1+cu130,0.27.1+cu130,1.9.0,2.5.2,0,4,2026-08-19T19:07:50.229032+00:00,ok,,fashion_mnist,classification,aptx,APTx Neuron,aptx,0,none,0,1,1,0.5,0.5,2,2026,0.003,0.0001,0.0,100,21,11,10,0.0001,128,256,192,128,827722,827722,95.69827181799337,cuda,./results/lambda_psi_comparison/checkpoints/fashion_mnist/aptx/fashion_mnist__aptx__seed2__lr0p003__cfg03fefe3a6289.pt,1319.92965,80.64,99.7,,,,,,,1398.3072729492187,80.28,99.65,,,,,,,,,,,,,,
fashion_mnist__aptx__seed3__lr0p003__cfg03fefe3a6289,03fefe3a6289,96b354dd2d4cd04c,2.12.1+cu130,0.27.1+cu130,1.9.0,2.5.2,0,4,2026-08-19T19:08:46.677526+00:00,ok,,fashion_mnist,classification,aptx,APTx Neuron,aptx,0,none,0,1,1,0.5,0.5,3,2026,0.003,0.0001,0.0,100,12,2,10,0.0001,128,256,192,128,827722,827722,54.857523168902844,cuda,./results/lambda_psi_comparison/checkpoints/fashion_mnist/aptx/fashion_mnist__aptx__seed3__lr0p003__cfg03fefe3a6289.pt,6805.33150625,80.4,99.58,,,,,,,7288.93623125,78.91,99.48,,,,,,,,,,,,,,
fashion_mnist__aptx__seed4__lr0p003__cfg03fefe3a6289,03fefe3a6289,96b354dd2d4cd04c,2.12.1+cu130,0.27.1+cu130,1.9.0,2.5.2,0,4,2026-08-19T19:11:54.941673+00:00,ok,,fashion_mnist,classification,aptx,APTx Neuron,aptx,0,none,0,1,1,0.5,0.5,4,2026,0.003,0.0001,0.0,100,41,31,10,0.0001,128,256,192,128,827722,827722,186.5964055650402,cuda,./results/lambda_psi_comparison/checkpoints/fashion_mnist/aptx/fashion_mnist__aptx__seed4__lr0p003__cfg03fefe3a6289.pt,396.00184453125,82.74000000000001,99.64,,,,,,,415.089511328125,81.77,99.69,,,,,,,,,,,,,,
fashion_mnist__aptx_relu__seed0__lr0p0003__cfgc385cdc8ebd7,c385cdc8ebd7,96b354dd2d4cd04c,2.12.1+cu130,0.27.1+cu130,1.9.0,2.5.2,0,4,2026-08-19T19:15:43.289970+00:00,ok,,fashion_mnist,classification,aptx_relu,APTx Neuron + ReLU,aptx,0,after_neuron,0,1,1,0.5,0.5,0,2026,0.0003,0.0001,0.0,100,50,40,10,0.0001,128,256,192,128,827722,827722,226.70706049911678,cuda,./results/lambda_psi_comparison/checkpoints/fashion_mnist/aptx_relu/fashion_mnist__aptx_relu__seed0__lr0p0003__cfgc385cdc8ebd7.pt,29.593010597229004,74.76,99.48,,,,,,,34.1921187133789,73.98,99.08,,,,,,,,,,,,,,
fashion_mnist__aptx_relu__seed1__lr0p0003__cfgc385cdc8ebd7,c385cdc8ebd7,96b354dd2d4cd04c,2.12.1+cu130,0.27.1+cu130,1.9.0,2.5.2,0,4,2026-08-19T19:17:00.750962+00:00,ok,,fashion_mnist,classification,aptx_relu,APTx Neuron + ReLU,aptx,0,after_neuron,0,1,1,0.5,0.5,1,2026,0.0003,0.0001,0.0,100,17,7,10,0.0001,128,256,192,128,827722,827722,75.86739641102031,cuda,./results/lambda_psi_comparison/checkpoints/fashion_mnist/aptx_relu/fashion_mnist__aptx_relu__seed1__lr0p0003__cfgc385cdc8ebd7.pt,1015.2408748046875,73.18,99.03999999999999,,,,,,,1042.9333852539062,71.72,99.08,,,,,,,,,,,,,,
fashion_mnist__aptx_relu__seed2__lr0p0003__cfgc385cdc8ebd7,c385cdc8ebd7,96b354dd2d4cd04c,2.12.1+cu130,0.27.1+cu130,1.9.0,2.5.2,0,4,2026-08-19T19:18:08.622758+00:00,ok,,fashion_mnist,classification,aptx_relu,APTx Neuron + ReLU,aptx,0,after_neuron,0,1,1,0.5,0.5,2,2026,0.0003,0.0001,0.0,100,15,5,10,0.0001,128,256,192,128,827722,827722,66.23103101085871,cuda,./results/lambda_psi_comparison/checkpoints/fashion_mnist/aptx_relu/fashion_mnist__aptx_relu__seed2__lr0p0003__cfgc385cdc8ebd7.pt,1008.8312486328125,71.54,98.86,,,,,,,1090.9503879882814,70.05,98.6,,,,,,,,,,,,,,
fashion_mnist__aptx_relu__seed3__lr0p0003__cfgc385cdc8ebd7,c385cdc8ebd7,96b354dd2d4cd04c,2.12.1+cu130,0.27.1+cu130,1.9.0,2.5.2,0,4,2026-08-19T19:20:01.470004+00:00,ok,,fashion_mnist,classification,aptx_relu,APTx Neuron + ReLU,aptx,0,after_neuron,0,1,1,0.5,0.5,3,2026,0.0003,0.0001,0.0,100,25,15,10,0.0001,128,256,192,128,827722,827722,111.25178080610931,cuda,./results/lambda_psi_comparison/checkpoints/fashion_mnist/aptx_relu/fashion_mnist__aptx_relu__seed3__lr0p0003__cfgc385cdc8ebd7.pt,61.18011060791016,71.84,98.98,,,,,,,67.32403471069335,70.78999999999999,98.79,,,,,,,,,,,,,,
fashion_mnist__aptx_relu__seed4__lr0p0003__cfgc385cdc8ebd7,c385cdc8ebd7,96b354dd2d4cd04c,2.12.1+cu130,0.27.1+cu130,1.9.0,2.5.2,0,4,2026-08-19T19:23:27.833604+00:00,ok,,fashion_mnist,classification,aptx_relu,APTx Neuron + ReLU,aptx,0,after_neuron,0,1,1,0.5,0.5,4,2026,0.0003,0.0001,0.0,100,46,36,10,0.0001,128,256,192,128,827722,827722,204.77594891982153,cuda,./results/lambda_psi_comparison/checkpoints/fashion_mnist/aptx_relu/fashion_mnist__aptx_relu__seed4__lr0p0003__cfgc385cdc8ebd7.pt,71.550312890625,77.34,99.48,,,,,,,77.36854653320313,75.99000000000001,99.4,,,,,,,,,,,,,,
fashion_mnist__aptx_relu__seed0__lr0p0005__cfgc385cdc8ebd7,c385cdc8ebd7,96b354dd2d4cd04c,2.12.1+cu130,0.27.1+cu130,1.9.0,2.5.2,0,4,2026-08-19T19:25:11.284775+00:00,ok,,fashion_mnist,classification,aptx_relu,APTx Neuron + ReLU,aptx,0,after_neuron,0,1,1,0.5,0.5,0,2026,0.0005,0.0001,0.0,100,23,13,10,0.0001,128,256,192,128,827722,827722,101.78342970716767,cuda,./results/lambda_psi_comparison/checkpoints/fashion_mnist/aptx_relu/fashion_mnist__aptx_relu__seed0__lr0p0005__cfgc385cdc8ebd7.pt,92.34229876708984,74.82,99.24,,,,,,,108.64141201171876,72.86,99.09,,,,,,,,,,,,,,
fashion_mnist__aptx_relu__seed1__lr0p0005__cfgc385cdc8ebd7,c385cdc8ebd7,96b354dd2d4cd04c,2.12.1+cu130,0.27.1+cu130,1.9.0,2.5.2,0,4,2026-08-19T19:26:15.126576+00:00,ok,,fashion_mnist,classification,aptx_relu,APTx Neuron + ReLU,aptx,0,after_neuron,0,1,1,0.5,0.5,1,2026,0.0005,0.0001,0.0,100,14,4,10,0.0001,128,256,192,128,827722,827722,62.33992253500037,cuda,./results/lambda_psi_comparison/checkpoints/fashion_mnist/aptx_relu/fashion_mnist__aptx_relu__seed1__lr0p0005__cfgc385cdc8ebd7.pt,921.74966953125,72.61999999999999,98.8,,,,,,,950.2053399414062,71.22,98.85000000000001,,,,,,,,,,,,,,
fashion_mnist__aptx_relu__seed2__lr0p0005__cfgc385cdc8ebd7,c385cdc8ebd7,96b354dd2d4cd04c,2.12.1+cu130,0.27.1+cu130,1.9.0,2.5.2,0,4,2026-08-19T19:28:17.305304+00:00,ok,,fashion_mnist,classification,aptx_relu,APTx Neuron + ReLU,aptx,0,after_neuron,0,1,1,0.5,0.5,2,2026,0.0005,0.0001,0.0,100,27,17,10,0.0001,128,256,192,128,827722,827722,120.64102064887993,cuda,./results/lambda_psi_comparison/checkpoints/fashion_mnist/aptx_relu/fashion_mnist__aptx_relu__seed2__lr0p0005__cfgc385cdc8ebd7.pt,60.29752431640625,73.34,99.28,,,,,,,68.32856480712891,72.00999999999999,99.16,,,,,,,,,,,,,,
fashion_mnist__aptx_relu__seed3__lr0p0005__cfgc385cdc8ebd7,c385cdc8ebd7,96b354dd2d4cd04c,2.12.1+cu130,0.27.1+cu130,1.9.0,2.5.2,0,4,2026-08-19T19:29:16.672513+00:00,ok,,fashion_mnist,classification,aptx_relu,APTx Neuron + ReLU,aptx,0,after_neuron,0,1,1,0.5,0.5,3,2026,0.0005,0.0001,0.0,100,13,3,10,0.0001,128,256,192,128,827722,827722,57.79746870184317,cuda,./results/lambda_psi_comparison/checkpoints/fashion_mnist/aptx_relu/fashion_mnist__aptx_relu__seed3__lr0p0005__cfgc385cdc8ebd7.pt,547.32874296875,71.16,98.68,,,,,,,603.3451225097656,69.78999999999999,98.41,,,,,,,,,,,,,,
fashion_mnist__aptx_relu__seed4__lr0p0005__cfgc385cdc8ebd7,c385cdc8ebd7,96b354dd2d4cd04c,2.12.1+cu130,0.27.1+cu130,1.9.0,2.5.2,0,4,2026-08-19T19:31:35.949918+00:00,ok,,fashion_mnist,classification,aptx_relu,APTx Neuron + ReLU,aptx,0,after_neuron,0,1,1,0.5,0.5,4,2026,0.0005,0.0001,0.0,100,31,21,10,0.0001,128,256,192,128,827722,827722,137.69865054101683,cuda,./results/lambda_psi_comparison/checkpoints/fashion_mnist/aptx_relu/fashion_mnist__aptx_relu__seed4__lr0p0005__cfgc385cdc8ebd7.pt,58.13383852539062,77.32,99.33999999999999,,,,,,,65.24851103515626,76.2,99.37,,,,,,,,,,,,,,
fashion_mnist__aptx_relu__seed0__lr0p001__cfgc385cdc8ebd7,c385cdc8ebd7,96b354dd2d4cd04c,2.12.1+cu130,0.27.1+cu130,1.9.0,2.5.2,0,4,2026-08-19T19:32:41.914374+00:00,ok,,fashion_mnist,classification,aptx_relu,APTx Neuron + ReLU,aptx,0,after_neuron,0,1,1,0.5,0.5,0,2026,0.001,0.0001,0.0,100,14,4,10,0.0001,128,256,192,128,827722,827722,64.35044509801082,cuda,./results/lambda_psi_comparison/checkpoints/fashion_mnist/aptx_relu/fashion_mnist__aptx_relu__seed0__lr0p001__cfgc385cdc8ebd7.pt,266.70102841796876,73.61999999999999,99.38,,,,,,,284.33012885742187,72.89,98.92999999999999,,,,,,,,,,,,,,
fashion_mnist__aptx_relu__seed1__lr0p001__cfgc385cdc8ebd7,c385cdc8ebd7,96b354dd2d4cd04c,2.12.1+cu130,0.27.1+cu130,1.9.0,2.5.2,0,4,2026-08-19T19:34:07.837745+00:00,ok,,fashion_mnist,classification,aptx_relu,APTx Neuron + ReLU,aptx,0,after_neuron,0,1,1,0.5,0.5,1,2026,0.001,0.0001,0.0,100,19,9,10,0.0001,128,256,192,128,827722,827722,84.39246877795085,cuda,./results/lambda_psi_comparison/checkpoints/fashion_mnist/aptx_relu/fashion_mnist__aptx_relu__seed1__lr0p001__cfgc385cdc8ebd7.pt,68.1094430419922,72.98,99.0,,,,,,,66.67852153320312,71.96000000000001,98.91,,,,,,,,,,,,,,
fashion_mnist__aptx_relu__seed2__lr0p001__cfgc385cdc8ebd7,c385cdc8ebd7,96b354dd2d4cd04c,2.12.1+cu130,0.27.1+cu130,1.9.0,2.5.2,0,4,2026-08-19T19:36:54.239276+00:00,ok,,fashion_mnist,classification,aptx_relu,APTx Neuron + ReLU,aptx,0,after_neuron,0,1,1,0.5,0.5,2,2026,0.001,0.0001,0.0,100,37,27,10,0.0001,128,256,192,128,827722,827722,164.79132500081323,cuda,./results/lambda_psi_comparison/checkpoints/fashion_mnist/aptx_relu/fashion_mnist__aptx_relu__seed2__lr0p001__cfgc385cdc8ebd7.pt,5.334730219268799,75.32,98.92,,,,,,,6.010038153839111,73.76,98.86,,,,,,,,,,,,,,
fashion_mnist__aptx_relu__seed3__lr0p001__cfgc385cdc8ebd7,c385cdc8ebd7,96b354dd2d4cd04c,2.12.1+cu130,0.27.1+cu130,1.9.0,2.5.2,0,4,2026-08-19T19:37:44.573245+00:00,ok,,fashion_mnist,classification,aptx_relu,APTx Neuron + ReLU,aptx,0,after_neuron,0,1,1,0.5,0.5,3,2026,0.001,0.0001,0.0,100,11,1,10,0.0001,128,256,192,128,827722,827722,48.74221132695675,cuda,./results/lambda_psi_comparison/checkpoints/fashion_mnist/aptx_relu/fashion_mnist__aptx_relu__seed3__lr0p001__cfgc385cdc8ebd7.pt,1171.0995193359374,69.38,98.28,,,,,,,1258.050639453125,68.26,98.22999999999999,,,,,,,,,,,,,,
fashion_mnist__aptx_relu__seed4__lr0p001__cfgc385cdc8ebd7,c385cdc8ebd7,96b354dd2d4cd04c,2.12.1+cu130,0.27.1+cu130,1.9.0,2.5.2,0,4,2026-08-19T19:39:01.985636+00:00,ok,,fashion_mnist,classification,aptx_relu,APTx Neuron + ReLU,aptx,0,after_neuron,0,1,1,0.5,0.5,4,2026,0.001,0.0001,0.0,100,17,7,10,0.0001,128,256,192,128,827722,827722,75.84035622305237,cuda,./results/lambda_psi_comparison/checkpoints/fashion_mnist/aptx_relu/fashion_mnist__aptx_relu__seed4__lr0p001__cfgc385cdc8ebd7.pt,83.22938330078125,72.46000000000001,99.18,,,,,,,90.9265966796875,71.83,99.08,,,,,,,,,,,,,,
fashion_mnist__aptx_relu__seed0__lr0p002__cfgc385cdc8ebd7,c385cdc8ebd7,96b354dd2d4cd04c,2.12.1+cu130,0.27.1+cu130,1.9.0,2.5.2,0,4,2026-08-19T19:40:08.689150+00:00,ok,,fashion_mnist,classification,aptx_relu,APTx Neuron + ReLU,aptx,0,after_neuron,0,1,1,0.5,0.5,0,2026,0.002,0.0001,0.0,100,14,4,10,0.0001,128,256,192,128,827722,827722,64.82013762695715,cuda,./results/lambda_psi_comparison/checkpoints/fashion_mnist/aptx_relu/fashion_mnist__aptx_relu__seed0__lr0p002__cfgc385cdc8ebd7.pt,71.60183744506836,70.96000000000001,98.96000000000001,,,,,,,86.27425939941406,70.27,98.45,,,,,,,,,,,,,,
fashion_mnist__aptx_relu__seed1__lr0p002__cfgc385cdc8ebd7,c385cdc8ebd7,96b354dd2d4cd04c,2.12.1+cu130,0.27.1+cu130,1.9.0,2.5.2,0,4,2026-08-19T19:41:21.962230+00:00,ok,,fashion_mnist,classification,aptx_relu,APTx Neuron + ReLU,aptx,0,after_neuron,0,1,1,0.5,0.5,1,2026,0.002,0.0001,0.0,100,14,4,10,0.0001,128,256,192,128,827722,827722,71.04946206486784,cuda,./results/lambda_psi_comparison/checkpoints/fashion_mnist/aptx_relu/fashion_mnist__aptx_relu__seed1__lr0p002__cfgc385cdc8ebd7.pt,61.726589819335935,71.5,98.86,,,,,,,62.68412691650391,70.5,98.78,,,,,,,,,,,,,,
fashion_mnist__aptx_relu__seed2__lr0p002__cfgc385cdc8ebd7,c385cdc8ebd7,96b354dd2d4cd04c,2.12.1+cu130,0.27.1+cu130,1.9.0,2.5.2,0,4,2026-08-19T19:42:30.798807+00:00,ok,,fashion_mnist,classification,aptx_relu,APTx Neuron + ReLU,aptx,0,after_neuron,0,1,1,0.5,0.5,2,2026,0.002,0.0001,0.0,100,15,5,10,0.0001,128,256,192,128,827722,827722,67.30107929883525,cuda,./results/lambda_psi_comparison/checkpoints/fashion_mnist/aptx_relu/fashion_mnist__aptx_relu__seed2__lr0p002__cfgc385cdc8ebd7.pt,42.14716923217773,73.14,99.36,,,,,,,46.13285368652344,72.78,99.24,,,,,,,,,,,,,,
fashion_mnist__aptx_relu__seed3__lr0p002__cfgc385cdc8ebd7,c385cdc8ebd7,96b354dd2d4cd04c,2.12.1+cu130,0.27.1+cu130,1.9.0,2.5.2,0,4,2026-08-19T19:43:48.363449+00:00,ok,,fashion_mnist,classification,aptx_relu,APTx Neuron + ReLU,aptx,0,after_neuron,0,1,1,0.5,0.5,3,2026,0.002,0.0001,0.0,100,17,7,10,0.0001,128,256,192,128,827722,827722,75.97008168604225,cuda,./results/lambda_psi_comparison/checkpoints/fashion_mnist/aptx_relu/fashion_mnist__aptx_relu__seed3__lr0p002__cfgc385cdc8ebd7.pt,7.206985499954223,69.16,99.18,,,,,,,7.895795319366455,69.19999999999999,98.98,,,,,,,,,,,,,,
fashion_mnist__aptx_relu__seed4__lr0p002__cfgc385cdc8ebd7,c385cdc8ebd7,96b354dd2d4cd04c,2.12.1+cu130,0.27.1+cu130,1.9.0,2.5.2,0,4,2026-08-19T19:45:21.331247+00:00,ok,,fashion_mnist,classification,aptx_relu,APTx Neuron + ReLU,aptx,0,after_neuron,0,1,1,0.5,0.5,4,2026,0.002,0.0001,0.0,100,20,10,10,0.0001,128,256,192,128,827722,827722,91.34268069290556,cuda,./results/lambda_psi_comparison/checkpoints/fashion_mnist/aptx_relu/fashion_mnist__aptx_relu__seed4__lr0p002__cfgc385cdc8ebd7.pt,12.13347587890625,74.33999999999999,98.96000000000001,,,,,,,13.296934602355957,73.55000000000001,99.16,,,,,,,,,,,,,,
fashion_mnist__aptx_relu__seed0__lr0p003__cfgc385cdc8ebd7,c385cdc8ebd7,96b354dd2d4cd04c,2.12.1+cu130,0.27.1+cu130,1.9.0,2.5.2,0,4,2026-08-19T19:46:22.704967+00:00,ok,,fashion_mnist,classification,aptx_relu,APTx Neuron + ReLU,aptx,0,after_neuron,0,1,1,0.5,0.5,0,2026,0.003,0.0001,0.0,100,13,3,10,0.0001,128,256,192,128,827722,827722,59.80421248706989,cuda,./results/lambda_psi_comparison/checkpoints/fashion_mnist/aptx_relu/fashion_mnist__aptx_relu__seed0__lr0p003__cfgc385cdc8ebd7.pt,62.292706604003904,72.58,99.36,,,,,,,69.15217546386718,71.33,99.14,,,,,,,,,,,,,,
fashion_mnist__aptx_relu__seed1__lr0p003__cfgc385cdc8ebd7,c385cdc8ebd7,96b354dd2d4cd04c,2.12.1+cu130,0.27.1+cu130,1.9.0,2.5.2,0,4,2026-08-19T19:47:58.134144+00:00,ok,,fashion_mnist,classification,aptx_relu,APTx Neuron + ReLU,aptx,0,after_neuron,0,1,1,0.5,0.5,1,2026,0.003,0.0001,0.0,100,21,11,10,0.0001,128,256,192,128,827722,827722,93.90242242091335,cuda,./results/lambda_psi_comparison/checkpoints/fashion_mnist/aptx_relu/fashion_mnist__aptx_relu__seed1__lr0p003__cfgc385cdc8ebd7.pt,5.367168334960938,73.24000000000001,98.66,,,,,,,5.803421096801758,72.2,98.61,,,,,,,,,,,,,,
fashion_mnist__aptx_relu__seed2__lr0p003__cfgc385cdc8ebd7,c385cdc8ebd7,96b354dd2d4cd04c,2.12.1+cu130,0.27.1+cu130,1.9.0,2.5.2,0,4,2026-08-19T19:49:20.216017+00:00,ok,,fashion_mnist,classification,aptx_relu,APTx Neuron + ReLU,aptx,0,after_neuron,0,1,1,0.5,0.5,2,2026,0.003,0.0001,0.0,100,18,8,10,0.0001,128,256,192,128,827722,827722,80.61716257105581,cuda,./results/lambda_psi_comparison/checkpoints/fashion_mnist/aptx_relu/fashion_mnist__aptx_relu__seed2__lr0p003__cfgc385cdc8ebd7.pt,11.59086589050293,70.06,98.92,,,,,,,11.36916683959961,69.35,98.66,,,,,,,,,,,,,,
fashion_mnist__aptx_relu__seed3__lr0p003__cfgc385cdc8ebd7,c385cdc8ebd7,96b354dd2d4cd04c,2.12.1+cu130,0.27.1+cu130,1.9.0,2.5.2,0,4,2026-08-19T19:50:42.130435+00:00,ok,,fashion_mnist,classification,aptx_relu,APTx Neuron + ReLU,aptx,0,after_neuron,0,1,1,0.5,0.5,3,2026,0.003,0.0001,0.0,100,18,8,10,0.0001,128,256,192,128,827722,827722,80.18520923284814,cuda,./results/lambda_psi_comparison/checkpoints/fashion_mnist/aptx_relu/fashion_mnist__aptx_relu__seed3__lr0p003__cfgc385cdc8ebd7.pt,3.66435751953125,68.5,98.7,,,,,,,4.319864583206177,67.41,98.25,,,,,,,,,,,,,,
fashion_mnist__aptx_relu__seed4__lr0p003__cfgc385cdc8ebd7,c385cdc8ebd7,96b354dd2d4cd04c,2.12.1+cu130,0.27.1+cu130,1.9.0,2.5.2,0,4,2026-08-19T19:51:50.412114+00:00,ok,,fashion_mnist,classification,aptx_relu,APTx Neuron + ReLU,aptx,0,after_neuron,0,1,1,0.5,0.5,4,2026,0.003,0.0001,0.0,100,15,5,10,0.0001,128,256,192,128,827722,827722,66.52022869605571,cuda,./results/lambda_psi_comparison/checkpoints/fashion_mnist/aptx_relu/fashion_mnist__aptx_relu__seed4__lr0p003__cfgc385cdc8ebd7.pt,23.30576571960449,72.44,99.02,,,,,,,25.36694677734375,71.72,98.98,,,,,,,,,,,,,,
fashion_mnist__aptx_field__seed0__lr0p0003__cfg29e0c10ea237,29e0c10ea237,96b354dd2d4cd04c,2.12.1+cu130,0.27.1+cu130,1.9.0,2.5.2,0,4,2026-08-19T19:58:05.456965+00:00,ok,,fashion_mnist,classification,aptx_field,APTx Neuron + Lambda-Psi,aptx,1,none,1,1,1,0.5,0.5,0,2026,0.0003,0.0001,0.0,100,64,54,10,0.0001,128,256,192,128,827730,827730,373.5237506979611,cuda,./results/lambda_psi_comparison/checkpoints/fashion_mnist/aptx_field/fashion_mnist__aptx_field__seed0__lr0p0003__cfg29e0c10ea237.pt,0.36895453548431395,87.0,99.7,,,,,,,0.3902886897563934,86.09,99.72,,,,,,,0.7242208123207092,0.7138910293579102,0.7487919330596924,0.7350249886512756,0.7745227217674255,0.7566993832588196,0.7369393706321716,0.7381637692451477
fashion_mnist__aptx_field__seed1__lr0p0003__cfg29e0c10ea237,29e0c10ea237,96b354dd2d4cd04c,2.12.1+cu130,0.27.1+cu130,1.9.0,2.5.2,0,4,2026-08-19T20:02:02.771316+00:00,ok,,fashion_mnist,classification,aptx_field,APTx Neuron + Lambda-Psi,aptx,1,none,1,1,1,0.5,0.5,1,2026,0.0003,0.0001,0.0,100,41,31,10,0.0001,128,256,192,128,827730,827730,235.6304329680279,cuda,./results/lambda_psi_comparison/checkpoints/fashion_mnist/aptx_field/fashion_mnist__aptx_field__seed1__lr0p0003__cfg29e0c10ea237.pt,0.3901150941848755,86.38,99.64,,,,,,,0.4117988205432892,85.28,99.76,,,,,,,0.7259390354156494,0.7136138677597046,0.7481447458267212,0.7370117902755737,0.7729166150093079,0.7565353512763977,0.7509356737136841,0.7510019540786743
fashion_mnist__aptx_field__seed2__lr0p0003__cfg29e0c10ea237,29e0c10ea237,96b354dd2d4cd04c,2.12.1+cu130,0.27.1+cu130,1.9.0,2.5.2,0,4,2026-08-19T20:09:27.748643+00:00,ok,,fashion_mnist,classification,aptx_field,APTx Neuron + Lambda-Psi,aptx,1,none,1,1,1,0.5,0.5,2,2026,0.0003,0.0001,0.0,100,77,67,10,0.0001,128,256,192,128,827730,827730,443.451513677137,cuda,./results/lambda_psi_comparison/checkpoints/fashion_mnist/aptx_field/fashion_mnist__aptx_field__seed2__lr0p0003__cfg29e0c10ea237.pt,0.36079651107788085,87.53999999999999,99.74,,,,,,,0.3889732892036438,86.02,99.78,,,,,,,0.730117678642273,0.7185875177383423,0.7477890253067017,0.7329304814338684,0.7800147533416748,0.7631385326385498,0.733014702796936,0.7352780699729919
fashion_mnist__aptx_field__seed3__lr0p0003__cfg29e0c10ea237,29e0c10ea237,96b354dd2d4cd04c,2.12.1+cu130,0.27.1+cu130,1.9.0,2.5.2,0,4,2026-08-19T20:15:37.186946+00:00,ok,,fashion_mnist,classification,aptx_field,APTx Neuron + Lambda-Psi,aptx,1,none,1,1,1,0.5,0.5,3,2026,0.0003,0.0001,0.0,100,63,53,10,0.0001,128,256,192,128,827730,827730,367.8634153539315,cuda,./results/lambda_psi_comparison/checkpoints/fashion_mnist/aptx_field/fashion_mnist__aptx_field__seed3__lr0p0003__cfg29e0c10ea237.pt,0.3649182535171509,87.4,99.7,,,,,,,0.39168614423274994,85.88,99.72,,,,,,,0.7332295775413513,0.7189165353775024,0.7496775388717651,0.7331730127334595,0.776076078414917,0.7527526617050171,0.740719199180603,0.7410640120506287
fashion_mnist__aptx_field__seed4__lr0p0003__cfg29e0c10ea237,29e0c10ea237,96b354dd2d4cd04c,2.12.1+cu130,0.27.1+cu130,1.9.0,2.5.2,0,4,2026-08-19T20:22:34.878170+00:00,ok,,fashion_mnist,classification,aptx_field,APTx Neuron + Lambda-Psi,aptx,1,none,1,1,1,0.5,0.5,4,2026,0.0003,0.0001,0.0,100,71,61,10,0.0001,128,256,192,128,827730,827730,416.1487125251442,cuda,./results/lambda_psi_comparison/checkpoints/fashion_mnist/aptx_field/fashion_mnist__aptx_field__seed4__lr0p0003__cfg29e0c10ea237.pt,0.36062199764251707,87.33999999999999,99.66000000000001,,,,,,,0.3823380286216736,86.37,99.74,,,,,,,0.7279040217399597,0.7173444032669067,0.7519338130950928,0.739514172077179,0.7799718379974365,0.7572463750839233,0.7378839254379272,0.7377862930297852
fashion_mnist__aptx_field__seed0__lr0p0005__cfg29e0c10ea237,29e0c10ea237,96b354dd2d4cd04c,2.12.1+cu130,0.27.1+cu130,1.9.0,2.5.2,0,4,2026-08-19T20:29:16.113692+00:00,ok,,fashion_mnist,classification,aptx_field,APTx Neuron + Lambda-Psi,aptx,1,none,1,1,1,0.5,0.5,0,2026,0.0005,0.0001,0.0,100,68,58,10,0.0001,128,256,192,128,827730,827730,399.7115648188628,cuda,./results/lambda_psi_comparison/checkpoints/fashion_mnist/aptx_field/fashion_mnist__aptx_field__seed0__lr0p0005__cfg29e0c10ea237.pt,0.34088681926727293,88.1,99.7,,,,,,,0.3611524305343628,87.19,99.74,,,,,,,0.731553852558136,0.7155901193618774,0.7609911561012268,0.7417969107627869,0.7956491112709045,0.7698670625686646,0.7211821675300598,0.7226494550704956
fashion_mnist__aptx_field__seed1__lr0p0005__cfg29e0c10ea237,29e0c10ea237,96b354dd2d4cd04c,2.12.1+cu130,0.27.1+cu130,1.9.0,2.5.2,0,4,2026-08-19T20:34:06.518072+00:00,ok,,fashion_mnist,classification,aptx_field,APTx Neuron + Lambda-Psi,aptx,1,none,1,1,1,0.5,0.5,1,2026,0.0005,0.0001,0.0,100,49,39,10,0.0001,128,256,192,128,827730,827730,288.7993329751771,cuda,./results/lambda_psi_comparison/checkpoints/fashion_mnist/aptx_field/fashion_mnist__aptx_field__seed1__lr0p0005__cfg29e0c10ea237.pt,0.35637498931884765,87.68,99.76,,,,,,,0.3724199712753296,86.72,99.83,,,,,,,0.7332583665847778,0.7170635461807251,0.7616780996322632,0.7417352795600891,0.7949231863021851,0.7620519995689392,0.7412217259407043,0.740654706954956
fashion_mnist__aptx_field__seed2__lr0p0005__cfg29e0c10ea237,29e0c10ea237,96b354dd2d4cd04c,2.12.1+cu130,0.27.1+cu130,1.9.0,2.5.2,0,4,2026-08-19T20:41:26.683979+00:00,ok,,fashion_mnist,classification,aptx_field,APTx Neuron + Lambda-Psi,aptx,1,none,1,1,1,0.5,0.5,2,2026,0.0005,0.0001,0.0,100,74,64,10,0.0001,128,256,192,128,827730,827730,438.5718305101618,cuda,./results/lambda_psi_comparison/checkpoints/fashion_mnist/aptx_field/fashion_mnist__aptx_field__seed2__lr0p0005__cfg29e0c10ea237.pt,0.3410725714683533,88.18,99.76,,,,,,,0.36381310043334963,86.9,99.76,,,,,,,0.7397964596748352,0.7208006381988525,0.7580946087837219,0.7342585325241089,0.796693742275238,0.773199737071991,0.7186772227287292,0.7220563292503357
fashion_mnist__aptx_field__seed3__lr0p0005__cfg29e0c10ea237,29e0c10ea237,96b354dd2d4cd04c,2.12.1+cu130,0.27.1+cu130,1.9.0,2.5.2,0,4,2026-08-19T20:46:42.398596+00:00,ok,,fashion_mnist,classification,aptx_field,APTx Neuron + Lambda-Psi,aptx,1,none,1,1,1,0.5,0.5,3,2026,0.0005,0.0001,0.0,100,53,43,10,0.0001,128,256,192,128,827730,827730,314.0773085379042,cuda,./results/lambda_psi_comparison/checkpoints/fashion_mnist/aptx_field/fashion_mnist__aptx_field__seed3__lr0p0005__cfg29e0c10ea237.pt,0.3519163071155548,87.5,99.74,,,,,,,0.3716172574996948,86.52,99.76,,,,,,,0.7413013577461243,0.7236757874488831,0.75904780626297,0.7350903153419495,0.7912282943725586,0.7600473165512085,0.7337777018547058,0.7334259748458862
fashion_mnist__aptx_field__seed4__lr0p0005__cfg29e0c10ea237,29e0c10ea237,96b354dd2d4cd04c,2.12.1+cu130,0.27.1+cu130,1.9.0,2.5.2,0,4,2026-08-19T20:52:32.166444+00:00,ok,,fashion_mnist,classification,aptx_field,APTx Neuron + Lambda-Psi,aptx,1,none,1,1,1,0.5,0.5,4,2026,0.0005,0.0001,0.0,100,59,49,10,0.0001,128,256,192,128,827730,827730,348.134393613087,cuda,./results/lambda_psi_comparison/checkpoints/fashion_mnist/aptx_field/fashion_mnist__aptx_field__seed4__lr0p0005__cfg29e0c10ea237.pt,0.34107661724090577,87.74,99.74,,,,,,,0.35966555972099307,87.27000000000001,99.81,,,,,,,0.7381197214126587,0.7213441133499146,0.7649313807487488,0.7452435493469238,0.7934297919273376,0.7676482200622559,0.7274420261383057,0.7269511818885803
fashion_mnist__aptx_field__seed0__lr0p001__cfg29e0c10ea237,29e0c10ea237,96b354dd2d4cd04c,2.12.1+cu130,0.27.1+cu130,1.9.0,2.5.2,0,4,2026-08-19T21:01:22.870548+00:00,ok,,fashion_mnist,classification,aptx_field,APTx Neuron + Lambda-Psi,aptx,1,none,1,1,1,0.5,0.5,0,2026,0.001,0.0001,0.0,100,90,80,10,0.0001,128,256,192,128,827730,827730,529.0955457470845,cuda,./results/lambda_psi_comparison/checkpoints/fashion_mnist/aptx_field/fashion_mnist__aptx_field__seed0__lr0p001__cfg29e0c10ea237.pt,0.3118861192703247,89.05999999999999,99.83999999999999,,,,,,,0.3168101191341877,88.86,99.83999999999999,,,,,,,0.7565103769302368,0.715216875076294,0.7893259525299072,0.7441831231117249,0.8296473026275635,0.7821752429008484,0.6807703375816345,0.6803568601608276
fashion_mnist__aptx_field__seed1__lr0p001__cfg29e0c10ea237,29e0c10ea237,96b354dd2d4cd04c,2.12.1+cu130,0.27.1+cu130,1.9.0,2.5.2,0,4,2026-08-19T21:06:08.800417+00:00,ok,,fashion_mnist,classification,aptx_field,APTx Neuron + Lambda-Psi,aptx,1,none,1,1,1,0.5,0.5,1,2026,0.001,0.0001,0.0,100,48,38,10,0.0001,128,256,192,128,827730,827730,284.4229405450169,cuda,./results/lambda_psi_comparison/checkpoints/fashion_mnist/aptx_field/fashion_mnist__aptx_field__seed1__lr0p001__cfg29e0c10ea237.pt,0.33700057430267333,88.03999999999999,99.74,,,,,,,0.3489499099969864,87.64,99.79,,,,,,,0.7531136274337769,0.7227528691291809,0.7855979800224304,0.7511893510818481,0.8270214796066284,0.7789319753646851,0.7232422828674316,0.7187227010726929
fashion_mnist__aptx_field__seed2__lr0p001__cfg29e0c10ea237,29e0c10ea237,96b354dd2d4cd04c,2.12.1+cu130,0.27.1+cu130,1.9.0,2.5.2,0,4,2026-08-19T21:12:10.058688+00:00,ok,,fashion_mnist,classification,aptx_field,APTx Neuron + Lambda-Psi,aptx,1,none,1,1,1,0.5,0.5,2,2026,0.001,0.0001,0.0,100,61,51,10,0.0001,128,256,192,128,827730,827730,359.53829213394783,cuda,./results/lambda_psi_comparison/checkpoints/fashion_mnist/aptx_field/fashion_mnist__aptx_field__seed2__lr0p001__cfg29e0c10ea237.pt,0.32137933688163756,88.82,99.78,,,,,,,0.3332787542104721,88.13,99.79,,,,,,,0.7601482272148132,0.7238677740097046,0.7841225862503052,0.7413164377212524,0.8316628336906433,0.7923806309700012,0.69289630651474,0.6975873112678528
fashion_mnist__aptx_field__seed3__lr0p001__cfg29e0c10ea237,29e0c10ea237,96b354dd2d4cd04c,2.12.1+cu130,0.27.1+cu130,1.9.0,2.5.2,0,4,2026-08-19T21:16:44.570169+00:00,ok,,fashion_mnist,classification,aptx_field,APTx Neuron + Lambda-Psi,aptx,1,none,1,1,1,0.5,0.5,3,2026,0.001,0.0001,0.0,100,46,36,10,0.0001,128,256,192,128,827730,827730,272.8719692309387,cuda,./results/lambda_psi_comparison/checkpoints/fashion_mnist/aptx_field/fashion_mnist__aptx_field__seed3__lr0p001__cfg29e0c10ea237.pt,0.3266460567474365,88.34,99.82,,,,,,,0.3463291892528534,87.28,99.79,,,,,,,0.7575753927230835,0.7272263169288635,0.7861201763153076,0.7436584234237671,0.8259267807006836,0.7777278423309326,0.7151559591293335,0.7131921052932739
fashion_mnist__aptx_field__seed4__lr0p001__cfg29e0c10ea237,29e0c10ea237,96b354dd2d4cd04c,2.12.1+cu130,0.27.1+cu130,1.9.0,2.5.2,0,4,2026-08-19T21:23:54.764887+00:00,ok,,fashion_mnist,classification,aptx_field,APTx Neuron + Lambda-Psi,aptx,1,none,1,1,1,0.5,0.5,4,2026,0.001,0.0001,0.0,100,72,62,10,0.0001,128,256,192,128,827730,827730,428.6295680340845,cuda,./results/lambda_psi_comparison/checkpoints/fashion_mnist/aptx_field/fashion_mnist__aptx_field__seed4__lr0p001__cfg29e0c10ea237.pt,0.3079113526344299,89.53999999999999,99.8,,,,,,,0.3189323489427566,88.53,99.81,,,,,,,0.7591192722320557,0.7248728275299072,0.7863693833351135,0.7511652708053589,0.8285640478134155,0.7814801335334778,0.6858344078063965,0.6820858120918274
fashion_mnist__aptx_field__seed0__lr0p002__cfg29e0c10ea237,29e0c10ea237,96b354dd2d4cd04c,2.12.1+cu130,0.27.1+cu130,1.9.0,2.5.2,0,4,2026-08-19T21:31:47.479396+00:00,ok,,fashion_mnist,classification,aptx_field,APTx Neuron + Lambda-Psi,aptx,1,none,1,1,1,0.5,0.5,0,2026,0.002,0.0001,0.0,100,80,70,10,0.0001,128,256,192,128,827730,827730,471.14437780715525,cuda,./results/lambda_psi_comparison/checkpoints/fashion_mnist/aptx_field/fashion_mnist__aptx_field__seed0__lr0p002__cfg29e0c10ea237.pt,0.29510963554382325,89.96,99.82,,,,,,,0.29364444675445556,89.67,99.9,,,,,,,0.7974298000335693,0.7123556733131409,0.8331131339073181,0.7440205216407776,0.8746775984764099,0.7831628322601318,0.6589947938919067,0.6217772364616394
fashion_mnist__aptx_field__seed1__lr0p002__cfg29e0c10ea237,29e0c10ea237,96b354dd2d4cd04c,2.12.1+cu130,0.27.1+cu130,1.9.0,2.5.2,0,4,2026-08-19T21:38:08.594348+00:00,ok,,fashion_mnist,classification,aptx_field,APTx Neuron + Lambda-Psi,aptx,1,none,1,1,1,0.5,0.5,1,2026,0.002,0.0001,0.0,100,64,54,10,0.0001,128,256,192,128,827730,827730,379.51503206091,cuda,./results/lambda_psi_comparison/checkpoints/fashion_mnist/aptx_field/fashion_mnist__aptx_field__seed1__lr0p002__cfg29e0c10ea237.pt,0.30045807418823245,89.66,99.82,,,,,,,0.3106826583623886,89.22,99.85000000000001,,,,,,,0.7992748618125916,0.7183972001075745,0.833092451095581,0.7407715916633606,0.87947016954422,0.7903102040290833,0.6699416637420654,0.628811776638031
fashion_mnist__aptx_field__seed2__lr0p002__cfg29e0c10ea237,29e0c10ea237,96b354dd2d4cd04c,2.12.1+cu130,0.27.1+cu130,1.9.0,2.5.2,0,4,2026-08-19T21:45:17.747608+00:00,ok,,fashion_mnist,classification,aptx_field,APTx Neuron + Lambda-Psi,aptx,1,none,1,1,1,0.5,0.5,2,2026,0.002,0.0001,0.0,100,72,62,10,0.0001,128,256,192,128,827730,827730,427.6110128769651,cuda,./results/lambda_psi_comparison/checkpoints/fashion_mnist/aptx_field/fashion_mnist__aptx_field__seed2__lr0p002__cfg29e0c10ea237.pt,0.2979397289276123,89.75999999999999,99.86,,,,,,,0.30363103295862676,89.42,99.83999999999999,,,,,,,0.8017958402633667,0.709607720375061,0.8329334855079651,0.7431328892707825,0.882490873336792,0.7878557443618774,0.658214807510376,0.6279247999191284
fashion_mnist__aptx_field__seed3__lr0p002__cfg29e0c10ea237,29e0c10ea237,96b354dd2d4cd04c,2.12.1+cu130,0.27.1+cu130,1.9.0,2.5.2,0,4,2026-08-19T21:54:09.404136+00:00,ok,,fashion_mnist,classification,aptx_field,APTx Neuron + Lambda-Psi,aptx,1,none,1,1,1,0.5,0.5,3,2026,0.002,0.0001,0.0,100,90,80,10,0.0001,128,256,192,128,827730,827730,530.0020880808588,cuda,./results/lambda_psi_comparison/checkpoints/fashion_mnist/aptx_field/fashion_mnist__aptx_field__seed3__lr0p002__cfg29e0c10ea237.pt,0.2880696102142334,89.96,99.86,,,,,,,0.29068962697982786,89.64999999999999,99.9,,,,,,,0.8084564208984375,0.7157198786735535,0.8309321403503418,0.739132285118103,0.8718830943107605,0.7810693383216858,0.6232060194015503,0.6026939749717712
fashion_mnist__aptx_field__seed4__lr0p002__cfg29e0c10ea237,29e0c10ea237,96b354dd2d4cd04c,2.12.1+cu130,0.27.1+cu130,1.9.0,2.5.2,0,4,2026-08-19T21:59:41.211588+00:00,ok,,fashion_mnist,classification,aptx_field,APTx Neuron + Lambda-Psi,aptx,1,none,1,1,1,0.5,0.5,4,2026,0.002,0.0001,0.0,100,56,46,10,0.0001,128,256,192,128,827730,827730,330.09922125097364,cuda,./results/lambda_psi_comparison/checkpoints/fashion_mnist/aptx_field/fashion_mnist__aptx_field__seed4__lr0p002__cfg29e0c10ea237.pt,0.30060710344314573,89.42,99.82,,,,,,,0.31109110989570615,88.66000000000001,99.87,,,,,,,0.797355592250824,0.720207929611206,0.8275683522224426,0.7607060074806213,0.8675428032875061,0.7866283059120178,0.6746320724487305,0.6542930006980896
fashion_mnist__aptx_field__seed0__lr0p003__cfg29e0c10ea237,29e0c10ea237,96b354dd2d4cd04c,2.12.1+cu130,0.27.1+cu130,1.9.0,2.5.2,0,4,2026-08-19T22:09:34.604290+00:00,ok,,fashion_mnist,classification,aptx_field,APTx Neuron + Lambda-Psi,aptx,1,none,1,1,1,0.5,0.5,0,2026,0.003,0.0001,0.0,100,100,93,10,0.0001,128,256,192,128,827730,827730,591.8139189360663,cuda,./results/lambda_psi_comparison/checkpoints/fashion_mnist/aptx_field/fashion_mnist__aptx_field__seed0__lr0p003__cfg29e0c10ea237.pt,0.29374553756713867,90.38000000000001,99.86,,,,,,,0.2867513880729675,89.92999999999999,99.91,,,,,,,0.8381059169769287,0.7097217440605164,0.8647023439407349,0.7197573184967041,0.9042324423789978,0.773495614528656,0.6472796201705933,0.5156346559524536
fashion_mnist__aptx_field__seed1__lr0p003__cfg29e0c10ea237,29e0c10ea237,96b354dd2d4cd04c,2.12.1+cu130,0.27.1+cu130,1.9.0,2.5.2,0,4,2026-08-19T22:16:25.513147+00:00,ok,,fashion_mnist,classification,aptx_field,APTx Neuron + Lambda-Psi,aptx,1,none,1,1,1,0.5,0.5,1,2026,0.003,0.0001,0.0,100,69,59,10,0.0001,128,256,192,128,827730,827730,409.3428297119681,cuda,./results/lambda_psi_comparison/checkpoints/fashion_mnist/aptx_field/fashion_mnist__aptx_field__seed1__lr0p003__cfg29e0c10ea237.pt,0.2848127757072449,90.10000000000001,99.8,,,,,,,0.29765279688835145,89.28,99.87,,,,,,,0.8341106176376343,0.7062533497810364,0.8645779490470886,0.7374039888381958,0.90445876121521,0.7934126257896423,0.6920911073684692,0.5246872305870056
fashion_mnist__aptx_field__seed2__lr0p003__cfg29e0c10ea237,29e0c10ea237,96b354dd2d4cd04c,2.12.1+cu130,0.27.1+cu130,1.9.0,2.5.2,0,4,2026-08-19T22:21:22.880968+00:00,ok,,fashion_mnist,classification,aptx_field,APTx Neuron + Lambda-Psi,aptx,1,none,1,1,1,0.5,0.5,2,2026,0.003,0.0001,0.0,100,50,40,10,0.0001,128,256,192,128,827730,827730,295.7384484258946,cuda,./results/lambda_psi_comparison/checkpoints/fashion_mnist/aptx_field/fashion_mnist__aptx_field__seed2__lr0p003__cfg29e0c10ea237.pt,0.29622311840057375,89.62,99.88,,,,,,,0.3101798944950104,88.62,99.9,,,,,,,0.8324845433235168,0.6962313652038574,0.8654095530509949,0.7446082830429077,0.9098764061927795,0.7931721210479736,0.6872312426567078,0.6291273832321167
fashion_mnist__aptx_field__seed3__lr0p003__cfg29e0c10ea237,29e0c10ea237,96b354dd2d4cd04c,2.12.1+cu130,0.27.1+cu130,1.9.0,2.5.2,0,4,2026-08-19T22:27:55.433893+00:00,ok,,fashion_mnist,classification,aptx_field,APTx Neuron + Lambda-Psi,aptx,1,none,1,1,1,0.5,0.5,3,2026,0.003,0.0001,0.0,100,66,56,10,0.0001,128,256,192,128,827730,827730,390.831363389967,cuda,./results/lambda_psi_comparison/checkpoints/fashion_mnist/aptx_field/fashion_mnist__aptx_field__seed3__lr0p003__cfg29e0c10ea237.pt,0.2886054003715515,89.9,99.88,,,,,,,0.2902549355506897,89.81,99.87,,,,,,,0.8347048759460449,0.7165964245796204,0.8665141463279724,0.7291612029075623,0.906875729560852,0.7872744202613831,0.6516005992889404,0.5749158263206482
fashion_mnist__aptx_field__seed4__lr0p003__cfg29e0c10ea237,29e0c10ea237,96b354dd2d4cd04c,2.12.1+cu130,0.27.1+cu130,1.9.0,2.5.2,0,4,2026-08-19T22:36:15.936624+00:00,ok,,fashion_mnist,classification,aptx_field,APTx Neuron + Lambda-Psi,aptx,1,none,1,1,1,0.5,0.5,4,2026,0.003,0.0001,0.0,100,85,75,10,0.0001,128,256,192,128,827730,827730,498.9457343709655,cuda,./results/lambda_psi_comparison/checkpoints/fashion_mnist/aptx_field/fashion_mnist__aptx_field__seed4__lr0p003__cfg29e0c10ea237.pt,0.2813986513137817,90.62,99.9,,,,,,,0.2820282934188843,90.3,99.91,,,,,,,0.840217649936676,0.7032234072685242,0.8650515079498291,0.742039680480957,0.9042531251907349,0.7697780132293701,0.6511679887771606,0.5042190551757812
fashion_mnist__aptx_field_relu__seed0__lr0p0003__cfg54a6a5f90574,54a6a5f90574,96b354dd2d4cd04c,2.12.1+cu130,0.27.1+cu130,1.9.0,2.5.2,0,4,2026-08-19T22:43:06.756024+00:00,ok,,fashion_mnist,classification,aptx_field_relu,APTx Neuron + Lambda-Psi + ReLU,aptx,1,after_field,1,1,1,0.5,0.5,0,2026,0.0003,0.0001,0.0,100,68,58,10,0.0001,128,256,192,128,827730,827730,409.19116902304813,cuda,./results/lambda_psi_comparison/checkpoints/fashion_mnist/aptx_field_relu/fashion_mnist__aptx_field_relu__seed0__lr0p0003__cfg54a6a5f90574.pt,0.39371030464172363,85.86,99.8,,,,,,,0.4164061247825623,84.78,99.71,,,,,,,0.6287161707878113,0.587489664554596,0.6271474957466125,0.5958688855171204,0.6285714507102966,0.5576823949813843,0.5952551364898682,0.6034230589866638
fashion_mnist__aptx_field_relu__seed1__lr0p0003__cfg54a6a5f90574,54a6a5f90574,96b354dd2d4cd04c,2.12.1+cu130,0.27.1+cu130,1.9.0,2.5.2,0,4,2026-08-19T22:50:42.429749+00:00,ok,,fashion_mnist,classification,aptx_field_relu,APTx Neuron + Lambda-Psi + ReLU,aptx,1,after_field,1,1,1,0.5,0.5,1,2026,0.0003,0.0001,0.0,100,76,66,10,0.0001,128,256,192,128,827730,827730,454.01615315512754,cuda,./results/lambda_psi_comparison/checkpoints/fashion_mnist/aptx_field_relu/fashion_mnist__aptx_field_relu__seed1__lr0p0003__cfg54a6a5f90574.pt,0.38294340686798095,86.86,99.82,,,,,,,0.40220206179618834,85.26,99.69,,,,,,,0.6530224084854126,0.597541868686676,0.6435728669166565,0.595264196395874,0.6393179893493652,0.5684047341346741,0.6003846526145935,0.6171424388885498
fashion_mnist__aptx_field_relu__seed2__lr0p0003__cfg54a6a5f90574,54a6a5f90574,96b354dd2d4cd04c,2.12.1+cu130,0.27.1+cu130,1.9.0,2.5.2,0,4,2026-08-19T22:58:01.663762+00:00,ok,,fashion_mnist,classification,aptx_field_relu,APTx Neuron + Lambda-Psi + ReLU,aptx,1,after_field,1,1,1,0.5,0.5,2,2026,0.0003,0.0001,0.0,100,74,64,10,0.0001,128,256,192,128,827730,827730,437.74116534600034,cuda,./results/lambda_psi_comparison/checkpoints/fashion_mnist/aptx_field_relu/fashion_mnist__aptx_field_relu__seed2__lr0p0003__cfg54a6a5f90574.pt,0.4149343116760254,85.14,99.68,,,,,,,0.43104356746673583,84.63000000000001,99.59,,,,,,,0.6293900012969971,0.5864274501800537,0.6205454468727112,0.584171712398529,0.6171682476997375,0.5627558827400208,0.5846657156944275,0.5790535807609558
fashion_mnist__aptx_field_relu__seed3__lr0p0003__cfg54a6a5f90574,54a6a5f90574,96b354dd2d4cd04c,2.12.1+cu130,0.27.1+cu130,1.9.0,2.5.2,0,4,2026-08-19T23:04:46.437898+00:00,ok,,fashion_mnist,classification,aptx_field_relu,APTx Neuron + Lambda-Psi + ReLU,aptx,1,after_field,1,1,1,0.5,0.5,3,2026,0.0003,0.0001,0.0,100,67,57,10,0.0001,128,256,192,128,827730,827730,403.2574130638968,cuda,./results/lambda_psi_comparison/checkpoints/fashion_mnist/aptx_field_relu/fashion_mnist__aptx_field_relu__seed3__lr0p0003__cfg54a6a5f90574.pt,0.3924928279876709,85.86,99.66000000000001,,,,,,,0.4163236636161804,84.78999999999999,99.63,,,,,,,0.6291763782501221,0.5921847224235535,0.6180370450019836,0.5955755114555359,0.6167517900466919,0.5538488030433655,0.5874115228652954,0.5947583913803101
fashion_mnist__aptx_field_relu__seed4__lr0p0003__cfg54a6a5f90574,54a6a5f90574,96b354dd2d4cd04c,2.12.1+cu130,0.27.1+cu130,1.9.0,2.5.2,0,4,2026-08-19T23:09:55.184524+00:00,ok,,fashion_mnist,classification,aptx_field_relu,APTx Neuron + Lambda-Psi + ReLU,aptx,1,after_field,1,1,1,0.5,0.5,4,2026,0.0003,0.0001,0.0,100,51,41,10,0.0001,128,256,192,128,827730,827730,307.2089470431674,cuda,./results/lambda_psi_comparison/checkpoints/fashion_mnist/aptx_field_relu/fashion_mnist__aptx_field_relu__seed4__lr0p0003__cfg54a6a5f90574.pt,0.4157312808990479,85.2,99.66000000000001,,,,,,,0.4337412725925446,84.49,99.58,,,,,,,0.6271861791610718,0.6036584377288818,0.6262498497962952,0.5837132334709167,0.6269248723983765,0.5524544715881348,0.5866497755050659,0.5898048281669617
fashion_mnist__aptx_field_relu__seed0__lr0p0005__cfg54a6a5f90574,54a6a5f90574,96b354dd2d4cd04c,2.12.1+cu130,0.27.1+cu130,1.9.0,2.5.2,0,4,2026-08-19T23:15:51.935085+00:00,ok,,fashion_mnist,classification,aptx_field_relu,APTx Neuron + Lambda-Psi + ReLU,aptx,1,after_field,1,1,1,0.5,0.5,0,2026,0.0005,0.0001,0.0,100,59,49,10,0.0001,128,256,192,128,827730,827730,355.25153689901344,cuda,./results/lambda_psi_comparison/checkpoints/fashion_mnist/aptx_field_relu/fashion_mnist__aptx_field_relu__seed0__lr0p0005__cfg54a6a5f90574.pt,0.3664874172210693,86.8,99.78,,,,,,,0.3975004951000214,85.47,99.68,,,,,,,0.6473010778427124,0.5928850173950195,0.6375186443328857,0.5974746942520142,0.6324270367622375,0.5603524446487427,0.577666699886322,0.5874069929122925
fashion_mnist__aptx_field_relu__seed1__lr0p0005__cfg54a6a5f90574,54a6a5f90574,96b354dd2d4cd04c,2.12.1+cu130,0.27.1+cu130,1.9.0,2.5.2,0,4,2026-08-19T23:22:57.453984+00:00,ok,,fashion_mnist,classification,aptx_field_relu,APTx Neuron + Lambda-Psi + ReLU,aptx,1,after_field,1,1,1,0.5,0.5,1,2026,0.0005,0.0001,0.0,100,71,61,10,0.0001,128,256,192,128,827730,827730,424.00278223399073,cuda,./results/lambda_psi_comparison/checkpoints/fashion_mnist/aptx_field_relu/fashion_mnist__aptx_field_relu__seed1__lr0p0005__cfg54a6a5f90574.pt,0.3606837052345276,87.38,99.7,,,,,,,0.37620846736431124,86.11999999999999,99.72999999999999,,,,,,,0.6730950474739075,0.6060657501220703,0.6525096893310547,0.6139225363731384,0.6380336880683899,0.5735763311386108,0.5780376195907593,0.6120297908782959
fashion_mnist__aptx_field_relu__seed2__lr0p0005__cfg54a6a5f90574,54a6a5f90574,96b354dd2d4cd04c,2.12.1+cu130,0.27.1+cu130,1.9.0,2.5.2,0,4,2026-08-19T23:29:46.662849+00:00,ok,,fashion_mnist,classification,aptx_field_relu,APTx Neuron + Lambda-Psi + ReLU,aptx,1,after_field,1,1,1,0.5,0.5,2,2026,0.0005,0.0001,0.0,100,68,58,10,0.0001,128,256,192,128,827730,827730,407.570381995989,cuda,./results/lambda_psi_comparison/checkpoints/fashion_mnist/aptx_field_relu/fashion_mnist__aptx_field_relu__seed2__lr0p0005__cfg54a6a5f90574.pt,0.37168534049987795,86.86,99.72,,,,,,,0.3819159956216812,86.36,99.7,,,,,,,0.6550946831703186,0.6000709533691406,0.6316685080528259,0.5835636854171753,0.6223046183586121,0.56844562292099,0.5659921169281006,0.5821319222450256
fashion_mnist__aptx_field_relu__seed3__lr0p0005__cfg54a6a5f90574,54a6a5f90574,96b354dd2d4cd04c,2.12.1+cu130,0.27.1+cu130,1.9.0,2.5.2,0,4,2026-08-19T23:37:43.874281+00:00,ok,,fashion_mnist,classification,aptx_field_relu,APTx Neuron + Lambda-Psi + ReLU,aptx,1,after_field,1,1,1,0.5,0.5,3,2026,0.0005,0.0001,0.0,100,79,69,10,0.0001,128,256,192,128,827730,827730,475.58426070585847,cuda,./results/lambda_psi_comparison/checkpoints/fashion_mnist/aptx_field_relu/fashion_mnist__aptx_field_relu__seed3__lr0p0005__cfg54a6a5f90574.pt,0.3639618007659912,87.22,99.72,,,,,,,0.3723822637081146,86.46000000000001,99.75,,,,,,,0.6419028043746948,0.5987776517868042,0.6298783421516418,0.6147738099098206,0.6154490113258362,0.5532926917076111,0.5595377683639526,0.5760349035263062
fashion_mnist__aptx_field_relu__seed4__lr0p0005__cfg54a6a5f90574,54a6a5f90574,96b354dd2d4cd04c,2.12.1+cu130,0.27.1+cu130,1.9.0,2.5.2,0,4,2026-08-19T23:44:07.037995+00:00,ok,,fashion_mnist,classification,aptx_field_relu,APTx Neuron + Lambda-Psi + ReLU,aptx,1,after_field,1,1,1,0.5,0.5,4,2026,0.0005,0.0001,0.0,100,63,53,10,0.0001,128,256,192,128,827730,827730,381.48341267416254,cuda,./results/lambda_psi_comparison/checkpoints/fashion_mnist/aptx_field_relu/fashion_mnist__aptx_field_relu__seed4__lr0p0005__cfg54a6a5f90574.pt,0.3607581074714661,86.94,99.66000000000001,,,,,,,0.37746740453243255,86.41,99.71,,,,,,,0.6433699131011963,0.6160770058631897,0.6435124278068542,0.5962957143783569,0.6386222839355469,0.5518679022789001,0.5571946501731873,0.5633478760719299
fashion_mnist__aptx_field_relu__seed0__lr0p001__cfg54a6a5f90574,54a6a5f90574,96b354dd2d4cd04c,2.12.1+cu130,0.27.1+cu130,1.9.0,2.5.2,0,4,2026-08-19T23:52:40.423787+00:00,ok,,fashion_mnist,classification,aptx_field_relu,APTx Neuron + Lambda-Psi + ReLU,aptx,1,after_field,1,1,1,0.5,0.5,0,2026,0.001,0.0001,0.0,100,85,75,10,0.0001,128,256,192,128,827730,827730,511.84340688586235,cuda,./results/lambda_psi_comparison/checkpoints/fashion_mnist/aptx_field_relu/fashion_mnist__aptx_field_relu__seed0__lr0p001__cfg54a6a5f90574.pt,0.32547905111312864,88.66000000000001,99.74,,,,,,,0.3394207533478737,87.92999999999999,99.82,,,,,,,0.690275251865387,0.6016043424606323,0.6653971672058105,0.6078482270240784,0.648414671421051,0.5627440214157104,0.5011565089225769,0.5213609933853149
fashion_mnist__aptx_field_relu__seed1__lr0p001__cfg54a6a5f90574,54a6a5f90574,96b354dd2d4cd04c,2.12.1+cu130,0.27.1+cu130,1.9.0,2.5.2,0,4,2026-08-19T23:57:31.443682+00:00,ok,,fashion_mnist,classification,aptx_field_relu,APTx Neuron + Lambda-Psi + ReLU,aptx,1,after_field,1,1,1,0.5,0.5,1,2026,0.001,0.0001,0.0,100,46,36,10,0.0001,128,256,192,128,827730,827730,288.9315269009676,cuda,./results/lambda_psi_comparison/checkpoints/fashion_mnist/aptx_field_relu/fashion_mnist__aptx_field_relu__seed1__lr0p001__cfg54a6a5f90574.pt,0.34556101427078245,87.6,99.83999999999999,,,,,,,0.36433999688625335,86.57000000000001,99.79,,,,,,,0.6981596350669861,0.6019876003265381,0.6751624345779419,0.610799252986908,0.6658772826194763,0.5781826376914978,0.5705073475837708,0.6099181175231934
fashion_mnist__aptx_field_relu__seed2__lr0p001__cfg54a6a5f90574,54a6a5f90574,96b354dd2d4cd04c,2.12.1+cu130,0.27.1+cu130,1.9.0,2.5.2,0,4,2026-08-20T00:06:08.897990+00:00,ok,,fashion_mnist,classification,aptx_field_relu,APTx Neuron + Lambda-Psi + ReLU,aptx,1,after_field,1,1,1,0.5,0.5,2,2026,0.001,0.0001,0.0,100,86,76,10,0.0001,128,256,192,128,827730,827730,515.7651330041699,cuda,./results/lambda_psi_comparison/checkpoints/fashion_mnist/aptx_field_relu/fashion_mnist__aptx_field_relu__seed2__lr0p001__cfg54a6a5f90574.pt,0.3252249378681183,88.48,99.9,,,,,,,0.3353934212207794,87.76,99.79,,,,,,,0.7107641100883484,0.6147705316543579,0.6837238669395447,0.6041373014450073,0.6615220308303833,0.5739380717277527,0.5158330202102661,0.5227576494216919
fashion_mnist__aptx_field_relu__seed3__lr0p001__cfg54a6a5f90574,54a6a5f90574,96b354dd2d4cd04c,2.12.1+cu130,0.27.1+cu130,1.9.0,2.5.2,0,4,2026-08-20T00:14:07.261488+00:00,ok,,fashion_mnist,classification,aptx_field_relu,APTx Neuron + Lambda-Psi + ReLU,aptx,1,after_field,1,1,1,0.5,0.5,3,2026,0.001,0.0001,0.0,100,79,69,10,0.0001,128,256,192,128,827730,827730,476.76814197120257,cuda,./results/lambda_psi_comparison/checkpoints/fashion_mnist/aptx_field_relu/fashion_mnist__aptx_field_relu__seed3__lr0p001__cfg54a6a5f90574.pt,0.3291434319496155,88.64,99.74,,,,,,,0.3371151675224304,87.81,99.83,,,,,,,0.6886171102523804,0.6040499210357666,0.6588862538337708,0.6126203536987305,0.6407670974731445,0.5562933683395386,0.5258712768554688,0.554957389831543
fashion_mnist__aptx_field_relu__seed4__lr0p001__cfg54a6a5f90574,54a6a5f90574,96b354dd2d4cd04c,2.12.1+cu130,0.27.1+cu130,1.9.0,2.5.2,0,4,2026-08-20T00:23:07.202528+00:00,ok,,fashion_mnist,classification,aptx_field_relu,APTx Neuron + Lambda-Psi + ReLU,aptx,1,after_field,1,1,1,0.5,0.5,4,2026,0.001,0.0001,0.0,100,89,79,10,0.0001,128,256,192,128,827730,827730,538.3056482700631,cuda,./results/lambda_psi_comparison/checkpoints/fashion_mnist/aptx_field_relu/fashion_mnist__aptx_field_relu__seed4__lr0p001__cfg54a6a5f90574.pt,0.3178411910057068,89.03999999999999,99.72,,,,,,,0.33731575846672057,87.72999999999999,99.7,,,,,,,0.6769528985023499,0.6226173043251038,0.6691179871559143,0.6069344282150269,0.6601032614707947,0.5540543794631958,0.5036805272102356,0.5120120048522949
fashion_mnist__aptx_field_relu__seed0__lr0p002__cfg54a6a5f90574,54a6a5f90574,96b354dd2d4cd04c,2.12.1+cu130,0.27.1+cu130,1.9.0,2.5.2,0,4,2026-08-20T00:31:28.578645+00:00,ok,,fashion_mnist,classification,aptx_field_relu,APTx Neuron + Lambda-Psi + ReLU,aptx,1,after_field,1,1,1,0.5,0.5,0,2026,0.002,0.0001,0.0,100,83,73,10,0.0001,128,256,192,128,827730,827730,499.799619049998,cuda,./results/lambda_psi_comparison/checkpoints/fashion_mnist/aptx_field_relu/fashion_mnist__aptx_field_relu__seed0__lr0p002__cfg54a6a5f90574.pt,0.3086580804824829,89.52,99.83999999999999,,,,,,,0.32529752235412596,88.61,99.82,,,,,,,0.7909085154533386,0.6068270802497864,0.7440403699874878,0.6091381907463074,0.7125347852706909,0.5500498414039612,0.48978257179260254,0.5049698352813721
fashion_mnist__aptx_field_relu__seed1__lr0p002__cfg54a6a5f90574,54a6a5f90574,96b354dd2d4cd04c,2.12.1+cu130,0.27.1+cu130,1.9.0,2.5.2,0,4,2026-08-20T00:40:25.613088+00:00,ok,,fashion_mnist,classification,aptx_field_relu,APTx Neuron + Lambda-Psi + ReLU,aptx,1,after_field,1,1,1,0.5,0.5,1,2026,0.002,0.0001,0.0,100,89,79,10,0.0001,128,256,192,128,827730,827730,535.348009746056,cuda,./results/lambda_psi_comparison/checkpoints/fashion_mnist/aptx_field_relu/fashion_mnist__aptx_field_relu__seed1__lr0p002__cfg54a6a5f90574.pt,0.3077939988136292,89.48,99.86,,,,,,,0.31062545619010923,88.92,99.81,,,,,,,0.8032574653625488,0.5949611663818359,0.7375015616416931,0.6127819418907166,0.7156962752342224,0.5778883099555969,0.4617488384246826,0.5285059809684753
fashion_mnist__aptx_field_relu__seed2__lr0p002__cfg54a6a5f90574,54a6a5f90574,96b354dd2d4cd04c,2.12.1+cu130,0.27.1+cu130,1.9.0,2.5.2,0,4,2026-08-20T00:47:15.808990+00:00,ok,,fashion_mnist,classification,aptx_field_relu,APTx Neuron + Lambda-Psi + ReLU,aptx,1,after_field,1,1,1,0.5,0.5,2,2026,0.002,0.0001,0.0,100,68,58,10,0.0001,128,256,192,128,827730,827730,408.48581486102194,cuda,./results/lambda_psi_comparison/checkpoints/fashion_mnist/aptx_field_relu/fashion_mnist__aptx_field_relu__seed2__lr0p002__cfg54a6a5f90574.pt,0.31375168046951296,89.14,99.78,,,,,,,0.3235088229060173,88.22,99.79,,,,,,,0.7630395293235779,0.596342146396637,0.742753267288208,0.5846468806266785,0.7162139415740967,0.571712851524353,0.4910825788974762,0.5120711922645569
fashion_mnist__aptx_field_relu__seed3__lr0p002__cfg54a6a5f90574,54a6a5f90574,96b354dd2d4cd04c,2.12.1+cu130,0.27.1+cu130,1.9.0,2.5.2,0,4,2026-08-20T00:55:11.637621+00:00,ok,,fashion_mnist,classification,aptx_field_relu,APTx Neuron + Lambda-Psi + ReLU,aptx,1,after_field,1,1,1,0.5,0.5,3,2026,0.002,0.0001,0.0,100,79,69,10,0.0001,128,256,192,128,827730,827730,474.19854749017395,cuda,./results/lambda_psi_comparison/checkpoints/fashion_mnist/aptx_field_relu/fashion_mnist__aptx_field_relu__seed3__lr0p002__cfg54a6a5f90574.pt,0.32011238956451415,89.3,99.8,,,,,,,0.3189339072704315,88.96,99.82,,,,,,,0.7751466035842896,0.5893179774284363,0.7495977878570557,0.628315269947052,0.7370968461036682,0.5606074333190918,0.4633563458919525,0.513433039188385
fashion_mnist__aptx_field_relu__seed4__lr0p002__cfg54a6a5f90574,54a6a5f90574,96b354dd2d4cd04c,2.12.1+cu130,0.27.1+cu130,1.9.0,2.5.2,0,4,2026-08-20T01:02:02.584976+00:00,ok,,fashion_mnist,classification,aptx_field_relu,APTx Neuron + Lambda-Psi + ReLU,aptx,1,after_field,1,1,1,0.5,0.5,4,2026,0.002,0.0001,0.0,100,68,58,10,0.0001,128,256,192,128,827730,827730,409.30281084007584,cuda,./results/lambda_psi_comparison/checkpoints/fashion_mnist/aptx_field_relu/fashion_mnist__aptx_field_relu__seed4__lr0p002__cfg54a6a5f90574.pt,0.3086696536540985,89.18,99.86,,,,,,,0.326911700963974,88.46000000000001,99.82,,,,,,,0.7425893545150757,0.5988943576812744,0.7437832355499268,0.5949174165725708,0.7258973121643066,0.553715705871582,0.4875018298625946,0.5064266324043274
fashion_mnist__aptx_field_relu__seed0__lr0p003__cfg54a6a5f90574,54a6a5f90574,96b354dd2d4cd04c,2.12.1+cu130,0.27.1+cu130,1.9.0,2.5.2,0,4,2026-08-20T01:08:04.656078+00:00,ok,,fashion_mnist,classification,aptx_field_relu,APTx Neuron + Lambda-Psi + ReLU,aptx,1,after_field,1,1,1,0.5,0.5,0,2026,0.003,0.0001,0.0,100,60,50,10,0.0001,128,256,192,128,827730,827730,360.60251369397156,cuda,./results/lambda_psi_comparison/checkpoints/fashion_mnist/aptx_field_relu/fashion_mnist__aptx_field_relu__seed0__lr0p003__cfg54a6a5f90574.pt,0.3182597916603088,89.0,99.86,,,,,,,0.32181909210681914,88.3,99.83999999999999,,,,,,,0.8251530528068542,0.5647125840187073,0.7949284315109253,0.599720299243927,0.7865957021713257,0.5510257482528687,0.48093149065971375,0.5315276980400085
fashion_mnist__aptx_field_relu__seed1__lr0p003__cfg54a6a5f90574,54a6a5f90574,96b354dd2d4cd04c,2.12.1+cu130,0.27.1+cu130,1.9.0,2.5.2,0,4,2026-08-20T01:11:40.440513+00:00,ok,,fashion_mnist,classification,aptx_field_relu,APTx Neuron + Lambda-Psi + ReLU,aptx,1,after_field,1,1,1,0.5,0.5,1,2026,0.003,0.0001,0.0,100,36,26,10,0.0001,128,256,192,128,827730,827730,214.1961436709389,cuda,./results/lambda_psi_comparison/checkpoints/fashion_mnist/aptx_field_relu/fashion_mnist__aptx_field_relu__seed1__lr0p003__cfg54a6a5f90574.pt,0.3251499426841736,88.53999999999999,99.8,,,,,,,0.3384050666332245,87.55,99.78,,,,,,,0.7924121618270874,0.5796704888343811,0.7813855409622192,0.6179859638214111,0.7758564352989197,0.576746940612793,0.513421893119812,0.565626323223114
fashion_mnist__aptx_field_relu__seed2__lr0p003__cfg54a6a5f90574,54a6a5f90574,96b354dd2d4cd04c,2.12.1+cu130,0.27.1+cu130,1.9.0,2.5.2,0,4,2026-08-20T01:19:42.619908+00:00,ok,,fashion_mnist,classification,aptx_field_relu,APTx Neuron + Lambda-Psi + ReLU,aptx,1,after_field,1,1,1,0.5,0.5,2,2026,0.003,0.0001,0.0,100,80,70,10,0.0001,128,256,192,128,827730,827730,480.56136327190325,cuda,./results/lambda_psi_comparison/checkpoints/fashion_mnist/aptx_field_relu/fashion_mnist__aptx_field_relu__seed2__lr0p003__cfg54a6a5f90574.pt,0.30487951407432556,89.44,99.78,,,,,,,0.31304157358706,89.03,99.78,,,,,,,0.8351876735687256,0.5511292219161987,0.7872817516326904,0.6076569557189941,0.7635191679000854,0.5486177206039429,0.4478336274623871,0.4907524287700653
fashion_mnist__aptx_field_relu__seed3__lr0p003__cfg54a6a5f90574,54a6a5f90574,96b354dd2d4cd04c,2.12.1+cu130,0.27.1+cu130,1.9.0,2.5.2,0,4,2026-08-20T01:26:23.434086+00:00,ok,,fashion_mnist,classification,aptx_field_relu,APTx Neuron + Lambda-Psi + ReLU,aptx,1,after_field,1,1,1,0.5,0.5,3,2026,0.003,0.0001,0.0,100,66,56,10,0.0001,128,256,192,128,827730,827730,399.30317588802427,cuda,./results/lambda_psi_comparison/checkpoints/fashion_mnist/aptx_field_relu/fashion_mnist__aptx_field_relu__seed3__lr0p003__cfg54a6a5f90574.pt,0.298664530134201,89.34,99.86,,,,,,,0.3246679869413376,88.33,99.8,,,,,,,0.8065944314002991,0.5474565029144287,0.7900593876838684,0.6045942306518555,0.7859722375869751,0.5347633361816406,0.4550863802433014,0.48788610100746155
fashion_mnist__aptx_field_relu__seed4__lr0p003__cfg54a6a5f90574,54a6a5f90574,96b354dd2d4cd04c,2.12.1+cu130,0.27.1+cu130,1.9.0,2.5.2,0,4,2026-08-20T01:30:36.527141+00:00,ok,,fashion_mnist,classification,aptx_field_relu,APTx Neuron + Lambda-Psi + ReLU,aptx,1,after_field,1,1,1,0.5,0.5,4,2026,0.003,0.0001,0.0,100,42,32,10,0.0001,128,256,192,128,827730,827730,251.4701535811182,cuda,./results/lambda_psi_comparison/checkpoints/fashion_mnist/aptx_field_relu/fashion_mnist__aptx_field_relu__seed4__lr0p003__cfg54a6a5f90574.pt,0.3239449562549591,88.44,99.82,,,,,,,0.33088282294273375,87.99,99.79,,,,,,,0.7832848429679871,0.5719180703163147,0.7967840433120728,0.6006970405578613,0.7758949995040894,0.5540351271629333,0.5148884654045105,0.5349633097648621
fashion_mnist__aptx_relu_field__seed0__lr0p0003__cfgd83e1f2dcd28,d83e1f2dcd28,96b354dd2d4cd04c,2.12.1+cu130,0.27.1+cu130,1.9.0,2.5.2,0,4,2026-08-20T01:36:16.993206+00:00,ok,,fashion_mnist,classification,aptx_relu_field,APTx Neuron + ReLU + Lambda-Psi,aptx,1,before_field,1,1,1,0.5,0.5,0,2026,0.0003,0.0001,0.0,100,57,47,10,0.0001,128,256,192,128,827730,827730,338.9390013071243,cuda,./results/lambda_psi_comparison/checkpoints/fashion_mnist/aptx_relu_field/fashion_mnist__aptx_relu_field__seed0__lr0p0003__cfgd83e1f2dcd28.pt,0.4043405144691467,85.72,99.72,,,,,,,0.42143827707767484,84.83000000000001,99.71,,,,,,,0.681272029876709,0.6422972679138184,0.702354371547699,0.6370031833648682,0.7127313017845154,0.6167035102844238,0.6818177700042725,0.6820054054260254
fashion_mnist__aptx_relu_field__seed1__lr0p0003__cfgd83e1f2dcd28,d83e1f2dcd28,96b354dd2d4cd04c,2.12.1+cu130,0.27.1+cu130,1.9.0,2.5.2,0,4,2026-08-20T01:43:29.380632+00:00,ok,,fashion_mnist,classification,aptx_relu_field,APTx Neuron + ReLU + Lambda-Psi,aptx,1,before_field,1,1,1,0.5,0.5,1,2026,0.0003,0.0001,0.0,100,72,62,10,0.0001,128,256,192,128,827730,827730,430.73692997405306,cuda,./results/lambda_psi_comparison/checkpoints/fashion_mnist/aptx_relu_field/fashion_mnist__aptx_relu_field__seed1__lr0p0003__cfgd83e1f2dcd28.pt,0.38687218341827395,86.16,99.68,,,,,,,0.40614881863594055,85.15,99.74,,,,,,,0.68953937292099,0.6458194851875305,0.7071083188056946,0.6162012815475464,0.7284682989120483,0.6137650012969971,0.6942054033279419,0.697446346282959
fashion_mnist__aptx_relu_field__seed2__lr0p0003__cfgd83e1f2dcd28,d83e1f2dcd28,96b354dd2d4cd04c,2.12.1+cu130,0.27.1+cu130,1.9.0,2.5.2,0,4,2026-08-20T01:51:27.743497+00:00,ok,,fashion_mnist,classification,aptx_relu_field,APTx Neuron + ReLU + Lambda-Psi,aptx,1,before_field,1,1,1,0.5,0.5,2,2026,0.0003,0.0001,0.0,100,80,70,10,0.0001,128,256,192,128,827730,827730,476.833810755983,cuda,./results/lambda_psi_comparison/checkpoints/fashion_mnist/aptx_relu_field/fashion_mnist__aptx_relu_field__seed2__lr0p0003__cfgd83e1f2dcd28.pt,0.38974242992401126,86.3,99.76,,,,,,,0.4116330523967743,85.08,99.67,,,,,,,0.6728867888450623,0.6365461945533752,0.685639500617981,0.6311522722244263,0.7105318903923035,0.6183589100837708,0.6675946712493896,0.6744515895843506
fashion_mnist__aptx_relu_field__seed3__lr0p0003__cfgd83e1f2dcd28,d83e1f2dcd28,96b354dd2d4cd04c,2.12.1+cu130,0.27.1+cu130,1.9.0,2.5.2,0,4,2026-08-20T01:59:00.580591+00:00,ok,,fashion_mnist,classification,aptx_relu_field,APTx Neuron + ReLU + Lambda-Psi,aptx,1,before_field,1,1,1,0.5,0.5,3,2026,0.0003,0.0001,0.0,100,75,65,10,0.0001,128,256,192,128,827730,827730,451.262489864137,cuda,./results/lambda_psi_comparison/checkpoints/fashion_mnist/aptx_relu_field/fashion_mnist__aptx_relu_field__seed3__lr0p0003__cfgd83e1f2dcd28.pt,0.3777984191417694,86.56,99.64,,,,,,,0.4033235800266266,85.50999999999999,99.72,,,,,,,0.6722708940505981,0.6249299645423889,0.6958462595939636,0.6341407895088196,0.7160752415657043,0.6400454640388489,0.6764967441558838,0.6779364347457886
fashion_mnist__aptx_relu_field__seed4__lr0p0003__cfgd83e1f2dcd28,d83e1f2dcd28,96b354dd2d4cd04c,2.12.1+cu130,0.27.1+cu130,1.9.0,2.5.2,0,4,2026-08-20T02:06:16.335000+00:00,ok,,fashion_mnist,classification,aptx_relu_field,APTx Neuron + ReLU + Lambda-Psi,aptx,1,before_field,1,1,1,0.5,0.5,4,2026,0.0003,0.0001,0.0,100,72,62,10,0.0001,128,256,192,128,827730,827730,434.2847513349261,cuda,./results/lambda_psi_comparison/checkpoints/fashion_mnist/aptx_relu_field/fashion_mnist__aptx_relu_field__seed4__lr0p0003__cfgd83e1f2dcd28.pt,0.37808094730377195,86.64,99.66000000000001,,,,,,,0.4048544756412506,85.61999999999999,99.67,,,,,,,0.6740284562110901,0.6322696805000305,0.6954182386398315,0.6458205580711365,0.7071719765663147,0.6221033930778503,0.6720465421676636,0.6721818447113037
fashion_mnist__aptx_relu_field__seed0__lr0p0005__cfgd83e1f2dcd28,d83e1f2dcd28,96b354dd2d4cd04c,2.12.1+cu130,0.27.1+cu130,1.9.0,2.5.2,0,4,2026-08-20T02:14:13.222168+00:00,ok,,fashion_mnist,classification,aptx_relu_field,APTx Neuron + ReLU + Lambda-Psi,aptx,1,before_field,1,1,1,0.5,0.5,0,2026,0.0005,0.0001,0.0,100,79,69,10,0.0001,128,256,192,128,827730,827730,475.347405849956,cuda,./results/lambda_psi_comparison/checkpoints/fashion_mnist/aptx_relu_field/fashion_mnist__aptx_relu_field__seed0__lr0p0005__cfgd83e1f2dcd28.pt,0.3614757225036621,87.26,99.7,,,,,,,0.37304487092494965,86.65,99.7,,,,,,,0.6996011137962341,0.6116852164268494,0.731116533279419,0.6186019778251648,0.7450869083404541,0.621595025062561,0.6718611717224121,0.6728085875511169
fashion_mnist__aptx_relu_field__seed1__lr0p0005__cfgd83e1f2dcd28,d83e1f2dcd28,96b354dd2d4cd04c,2.12.1+cu130,0.27.1+cu130,1.9.0,2.5.2,0,4,2026-08-20T02:23:27.625415+00:00,ok,,fashion_mnist,classification,aptx_relu_field,APTx Neuron + ReLU + Lambda-Psi,aptx,1,before_field,1,1,1,0.5,0.5,1,2026,0.0005,0.0001,0.0,100,92,82,10,0.0001,128,256,192,128,827730,827730,552.7846386441961,cuda,./results/lambda_psi_comparison/checkpoints/fashion_mnist/aptx_relu_field/fashion_mnist__aptx_relu_field__seed1__lr0p0005__cfgd83e1f2dcd28.pt,0.35391020793914796,87.94,99.78,,,,,,,0.3681879252910614,86.74,99.76,,,,,,,0.7017921805381775,0.6043195724487305,0.7303038239479065,0.6052880883216858,0.7583795785903931,0.6111173629760742,0.6788530945777893,0.6858157515525818
fashion_mnist__aptx_relu_field__seed2__lr0p0005__cfgd83e1f2dcd28,d83e1f2dcd28,96b354dd2d4cd04c,2.12.1+cu130,0.27.1+cu130,1.9.0,2.5.2,0,4,2026-08-20T02:29:15.733256+00:00,ok,,fashion_mnist,classification,aptx_relu_field,APTx Neuron + ReLU + Lambda-Psi,aptx,1,before_field,1,1,1,0.5,0.5,2,2026,0.0005,0.0001,0.0,100,58,48,10,0.0001,128,256,192,128,827730,827730,346.5534932659939,cuda,./results/lambda_psi_comparison/checkpoints/fashion_mnist/aptx_relu_field/fashion_mnist__aptx_relu_field__seed2__lr0p0005__cfgd83e1f2dcd28.pt,0.36630329303741455,87.33999999999999,99.76,,,,,,,0.3869601990222931,86.06,99.8,,,,,,,0.6739816069602966,0.6053341627120972,0.6921924352645874,0.616098165512085,0.7233428359031677,0.6119457483291626,0.6631178855895996,0.6711136698722839
fashion_mnist__aptx_relu_field__seed3__lr0p0005__cfgd83e1f2dcd28,d83e1f2dcd28,96b354dd2d4cd04c,2.12.1+cu130,0.27.1+cu130,1.9.0,2.5.2,0,4,2026-08-20T02:34:30.036269+00:00,ok,,fashion_mnist,classification,aptx_relu_field,APTx Neuron + ReLU + Lambda-Psi,aptx,1,before_field,1,1,1,0.5,0.5,3,2026,0.0005,0.0001,0.0,100,52,42,10,0.0001,128,256,192,128,827730,827730,312.7250096069183,cuda,./results/lambda_psi_comparison/checkpoints/fashion_mnist/aptx_relu_field/fashion_mnist__aptx_relu_field__seed3__lr0p0005__cfgd83e1f2dcd28.pt,0.3750128379821777,86.8,99.6,,,,,,,0.39359815151691435,85.72999999999999,99.78,,,,,,,0.6804922819137573,0.5891444087028503,0.7121980786323547,0.6170157194137573,0.7392489314079285,0.6349014043807983,0.6762415766716003,0.678889274597168
fashion_mnist__aptx_relu_field__seed4__lr0p0005__cfgd83e1f2dcd28,d83e1f2dcd28,96b354dd2d4cd04c,2.12.1+cu130,0.27.1+cu130,1.9.0,2.5.2,0,4,2026-08-20T02:42:40.976159+00:00,ok,,fashion_mnist,classification,aptx_relu_field,APTx Neuron + ReLU + Lambda-Psi,aptx,1,before_field,1,1,1,0.5,0.5,4,2026,0.0005,0.0001,0.0,100,81,71,10,0.0001,128,256,192,128,827730,827730,489.31513308896683,cuda,./results/lambda_psi_comparison/checkpoints/fashion_mnist/aptx_relu_field/fashion_mnist__aptx_relu_field__seed4__lr0p0005__cfgd83e1f2dcd28.pt,0.34294141206741335,87.82,99.83999999999999,,,,,,,0.36552496263980866,86.99,99.8,,,,,,,0.6838080883026123,0.5980810523033142,0.7191814184188843,0.6221652626991272,0.7385179400444031,0.6196931004524231,0.6641767024993896,0.6661496758460999
fashion_mnist__aptx_relu_field__seed0__lr0p001__cfgd83e1f2dcd28,d83e1f2dcd28,96b354dd2d4cd04c,2.12.1+cu130,0.27.1+cu130,1.9.0,2.5.2,0,4,2026-08-20T02:50:36.590164+00:00,ok,,fashion_mnist,classification,aptx_relu_field,APTx Neuron + ReLU + Lambda-Psi,aptx,1,before_field,1,1,1,0.5,0.5,0,2026,0.001,0.0001,0.0,100,79,69,10,0.0001,128,256,192,128,827730,827730,474.13350051199086,cuda,./results/lambda_psi_comparison/checkpoints/fashion_mnist/aptx_relu_field/fashion_mnist__aptx_relu_field__seed0__lr0p001__cfgd83e1f2dcd28.pt,0.32339364438056944,89.0,99.82,,,,,,,0.33763386758565905,87.87,99.81,,,,,,,0.7378883957862854,0.5096258521080017,0.778023898601532,0.5566040277481079,0.8052974343299866,0.6042073965072632,0.6473762392997742,0.6445503830909729
fashion_mnist__aptx_relu_field__seed1__lr0p001__cfgd83e1f2dcd28,d83e1f2dcd28,96b354dd2d4cd04c,2.12.1+cu130,0.27.1+cu130,1.9.0,2.5.2,0,4,2026-08-20T02:57:56.849611+00:00,ok,,fashion_mnist,classification,aptx_relu_field,APTx Neuron + ReLU + Lambda-Psi,aptx,1,before_field,1,1,1,0.5,0.5,1,2026,0.001,0.0001,0.0,100,73,63,10,0.0001,128,256,192,128,827730,827730,438.7669605789706,cuda,./results/lambda_psi_comparison/checkpoints/fashion_mnist/aptx_relu_field/fashion_mnist__aptx_relu_field__seed1__lr0p001__cfgd83e1f2dcd28.pt,0.3277751843452454,88.48,99.82,,,,,,,0.3329944349050522,87.96000000000001,99.83999999999999,,,,,,,0.7369214296340942,0.49443769454956055,0.782785177230835,0.5597841739654541,0.8129743933677673,0.5814119577407837,0.6666228771209717,0.6687185168266296
fashion_mnist__aptx_relu_field__seed2__lr0p001__cfgd83e1f2dcd28,d83e1f2dcd28,96b354dd2d4cd04c,2.12.1+cu130,0.27.1+cu130,1.9.0,2.5.2,0,4,2026-08-20T03:02:58.759120+00:00,ok,,fashion_mnist,classification,aptx_relu_field,APTx Neuron + ReLU + Lambda-Psi,aptx,1,before_field,1,1,1,0.5,0.5,2,2026,0.001,0.0001,0.0,100,50,40,10,0.0001,128,256,192,128,827730,827730,300.23917086212896,cuda,./results/lambda_psi_comparison/checkpoints/fashion_mnist/aptx_relu_field/fashion_mnist__aptx_relu_field__seed2__lr0p001__cfgd83e1f2dcd28.pt,0.33741880073547365,88.22,99.83999999999999,,,,,,,0.3623866959571838,86.63,99.79,,,,,,,0.7075765132904053,0.5293112397193909,0.7400518655776978,0.5511717200279236,0.7881169319152832,0.593869686126709,0.6705184578895569,0.6744135022163391
fashion_mnist__aptx_relu_field__seed3__lr0p001__cfgd83e1f2dcd28,d83e1f2dcd28,96b354dd2d4cd04c,2.12.1+cu130,0.27.1+cu130,1.9.0,2.5.2,0,4,2026-08-20T03:09:12.297754+00:00,ok,,fashion_mnist,classification,aptx_relu_field,APTx Neuron + ReLU + Lambda-Psi,aptx,1,before_field,1,1,1,0.5,0.5,3,2026,0.001,0.0001,0.0,100,62,52,10,0.0001,128,256,192,128,827730,827730,372.0082853259519,cuda,./results/lambda_psi_comparison/checkpoints/fashion_mnist/aptx_relu_field/fashion_mnist__aptx_relu_field__seed3__lr0p001__cfgd83e1f2dcd28.pt,0.3364891854047775,88.1,99.74,,,,,,,0.3457387603521347,87.42999999999999,99.8,,,,,,,0.7177844643592834,0.4788029193878174,0.7672178149223328,0.5597412586212158,0.8056636452674866,0.6115889549255371,0.6553661823272705,0.6677365899085999
fashion_mnist__aptx_relu_field__seed4__lr0p001__cfgd83e1f2dcd28,d83e1f2dcd28,96b354dd2d4cd04c,2.12.1+cu130,0.27.1+cu130,1.9.0,2.5.2,0,4,2026-08-20T03:16:22.333881+00:00,ok,,fashion_mnist,classification,aptx_relu_field,APTx Neuron + ReLU + Lambda-Psi,aptx,1,before_field,1,1,1,0.5,0.5,4,2026,0.001,0.0001,0.0,100,71,61,10,0.0001,128,256,192,128,827730,827730,428.50021019997075,cuda,./results/lambda_psi_comparison/checkpoints/fashion_mnist/aptx_relu_field/fashion_mnist__aptx_relu_field__seed4__lr0p001__cfgd83e1f2dcd28.pt,0.3205867767333984,88.74,99.83999999999999,,,,,,,0.3440890954017639,87.71,99.81,,,,,,,0.7310025095939636,0.4978317320346832,0.7817944884300232,0.5457865595817566,0.8060526847839355,0.5988951325416565,0.6565378904342651,0.6506768465042114
fashion_mnist__aptx_relu_field__seed0__lr0p002__cfgd83e1f2dcd28,d83e1f2dcd28,96b354dd2d4cd04c,2.12.1+cu130,0.27.1+cu130,1.9.0,2.5.2,0,4,2026-08-20T03:22:26.659563+00:00,ok,,fashion_mnist,classification,aptx_relu_field,APTx Neuron + ReLU + Lambda-Psi,aptx,1,before_field,1,1,1,0.5,0.5,0,2026,0.002,0.0001,0.0,100,60,50,10,0.0001,128,256,192,128,827730,827730,362.74625384784304,cuda,./results/lambda_psi_comparison/checkpoints/fashion_mnist/aptx_relu_field/fashion_mnist__aptx_relu_field__seed0__lr0p002__cfgd83e1f2dcd28.pt,0.3110944414138794,89.14,99.9,,,,,,,0.32541410119533537,88.13,99.77000000000001,,,,,,,0.7762120962142944,0.35083436965942383,0.8415178060531616,0.44045448303222656,0.8813490271568298,0.5393500328063965,0.6624459624290466,0.6339179277420044
fashion_mnist__aptx_relu_field__seed1__lr0p002__cfgd83e1f2dcd28,d83e1f2dcd28,96b354dd2d4cd04c,2.12.1+cu130,0.27.1+cu130,1.9.0,2.5.2,0,4,2026-08-20T03:29:34.360701+00:00,ok,,fashion_mnist,classification,aptx_relu_field,APTx Neuron + ReLU + Lambda-Psi,aptx,1,before_field,1,1,1,0.5,0.5,1,2026,0.002,0.0001,0.0,100,71,61,10,0.0001,128,256,192,128,827730,827730,426.05788837210275,cuda,./results/lambda_psi_comparison/checkpoints/fashion_mnist/aptx_relu_field/fashion_mnist__aptx_relu_field__seed1__lr0p002__cfgd83e1f2dcd28.pt,0.3097177283287048,89.22,99.88,,,,,,,0.32365675938129423,88.31,99.88,,,,,,,0.7852233648300171,0.3530474603176117,0.8444668054580688,0.4370601773262024,0.8915071487426758,0.5046330690383911,0.6854226589202881,0.614230751991272
fashion_mnist__aptx_relu_field__seed2__lr0p002__cfgd83e1f2dcd28,d83e1f2dcd28,96b354dd2d4cd04c,2.12.1+cu130,0.27.1+cu130,1.9.0,2.5.2,0,4,2026-08-20T03:37:35.642726+00:00,ok,,fashion_mnist,classification,aptx_relu_field,APTx Neuron + ReLU + Lambda-Psi,aptx,1,before_field,1,1,1,0.5,0.5,2,2026,0.002,0.0001,0.0,100,80,70,10,0.0001,128,256,192,128,827730,827730,479.68493311898783,cuda,./results/lambda_psi_comparison/checkpoints/fashion_mnist/aptx_relu_field/fashion_mnist__aptx_relu_field__seed2__lr0p002__cfgd83e1f2dcd28.pt,0.304614678144455,89.36,99.86,,,,,,,0.32003640334010125,88.47,99.81,,,,,,,0.7664496898651123,0.3329997956752777,0.8189200758934021,0.4570541977882385,0.8805949091911316,0.5074372291564941,0.6604745388031006,0.6173883080482483
fashion_mnist__aptx_relu_field__seed3__lr0p002__cfgd83e1f2dcd28,d83e1f2dcd28,96b354dd2d4cd04c,2.12.1+cu130,0.27.1+cu130,1.9.0,2.5.2,0,4,2026-08-20T03:45:13.441550+00:00,ok,,fashion_mnist,classification,aptx_relu_field,APTx Neuron + ReLU + Lambda-Psi,aptx,1,before_field,1,1,1,0.5,0.5,3,2026,0.002,0.0001,0.0,100,76,66,10,0.0001,128,256,192,128,827730,827730,456.2117437659763,cuda,./results/lambda_psi_comparison/checkpoints/fashion_mnist/aptx_relu_field/fashion_mnist__aptx_relu_field__seed3__lr0p002__cfgd83e1f2dcd28.pt,0.31560683364868164,89.0,99.9,,,,,,,0.31936601413488386,88.41,99.82,,,,,,,0.7604475021362305,0.31123965978622437,0.8471323847770691,0.41309770941734314,0.8920766711235046,0.5151640772819519,0.6241157054901123,0.6360310316085815
fashion_mnist__aptx_relu_field__seed4__lr0p002__cfgd83e1f2dcd28,d83e1f2dcd28,96b354dd2d4cd04c,2.12.1+cu130,0.27.1+cu130,1.9.0,2.5.2,0,4,2026-08-20T03:51:07.564858+00:00,ok,,fashion_mnist,classification,aptx_relu_field,APTx Neuron + ReLU + Lambda-Psi,aptx,1,before_field,1,1,1,0.5,0.5,4,2026,0.002,0.0001,0.0,100,58,48,10,0.0001,128,256,192,128,827730,827730,352.5613427311182,cuda,./results/lambda_psi_comparison/checkpoints/fashion_mnist/aptx_relu_field/fashion_mnist__aptx_relu_field__seed4__lr0p002__cfgd83e1f2dcd28.pt,0.3191480704307556,89.03999999999999,99.76,,,,,,,0.32637645988464353,88.22,99.78,,,,,,,0.7590892910957336,0.31904494762420654,0.846114456653595,0.4561692774295807,0.882996141910553,0.5101228356361389,0.6636638045310974,0.6344693899154663
fashion_mnist__aptx_relu_field__seed0__lr0p003__cfgd83e1f2dcd28,d83e1f2dcd28,96b354dd2d4cd04c,2.12.1+cu130,0.27.1+cu130,1.9.0,2.5.2,0,4,2026-08-20T03:59:06.596719+00:00,ok,,fashion_mnist,classification,aptx_relu_field,APTx Neuron + ReLU + Lambda-Psi,aptx,1,before_field,1,1,1,0.5,0.5,0,2026,0.003,0.0001,0.0,100,79,69,10,0.0001,128,256,192,128,827730,827730,477.3765244008973,cuda,./results/lambda_psi_comparison/checkpoints/fashion_mnist/aptx_relu_field/fashion_mnist__aptx_relu_field__seed0__lr0p003__cfgd83e1f2dcd28.pt,0.29728879432678224,89.58,99.82,,,,,,,0.309209707736969,88.92999999999999,99.8,,,,,,,0.7603088617324829,0.18180030584335327,0.895944356918335,0.3095652759075165,0.9332234859466553,0.4592433571815491,0.626520037651062,0.5737345218658447
fashion_mnist__aptx_relu_field__seed1__lr0p003__cfgd83e1f2dcd28,d83e1f2dcd28,96b354dd2d4cd04c,2.12.1+cu130,0.27.1+cu130,1.9.0,2.5.2,0,4,2026-08-20T04:06:47.565067+00:00,ok,,fashion_mnist,classification,aptx_relu_field,APTx Neuron + ReLU + Lambda-Psi,aptx,1,before_field,1,1,1,0.5,0.5,1,2026,0.003,0.0001,0.0,100,76,66,10,0.0001,128,256,192,128,827730,827730,459.3840634378139,cuda,./results/lambda_psi_comparison/checkpoints/fashion_mnist/aptx_relu_field/fashion_mnist__aptx_relu_field__seed1__lr0p003__cfgd83e1f2dcd28.pt,0.2995811809539795,89.36,99.88,,,,,,,0.3044517628908157,88.88000000000001,99.81,,,,,,,0.7709656953811646,0.18282447755336761,0.887389063835144,0.29900357127189636,0.9423394799232483,0.458834171295166,0.7399228811264038,0.5046956539154053
fashion_mnist__aptx_relu_field__seed2__lr0p003__cfgd83e1f2dcd28,d83e1f2dcd28,96b354dd2d4cd04c,2.12.1+cu130,0.27.1+cu130,1.9.0,2.5.2,0,4,2026-08-20T04:14:33.325286+00:00,ok,,fashion_mnist,classification,aptx_relu_field,APTx Neuron + ReLU + Lambda-Psi,aptx,1,before_field,1,1,1,0.5,0.5,2,2026,0.003,0.0001,0.0,100,77,67,10,0.0001,128,256,192,128,827730,827730,464.20853272802196,cuda,./results/lambda_psi_comparison/checkpoints/fashion_mnist/aptx_relu_field/fashion_mnist__aptx_relu_field__seed2__lr0p003__cfgd83e1f2dcd28.pt,0.298224382686615,89.7,99.83999999999999,,,,,,,0.31564766700267793,88.53,99.87,,,,,,,0.7586671113967896,0.17081478238105774,0.8836060762405396,0.3226839601993561,0.9370259642601013,0.4457555115222931,0.7117170095443726,0.5423239469528198
fashion_mnist__aptx_relu_field__seed3__lr0p003__cfgd83e1f2dcd28,d83e1f2dcd28,96b354dd2d4cd04c,2.12.1+cu130,0.27.1+cu130,1.9.0,2.5.2,0,4,2026-08-20T04:21:39.797415+00:00,ok,,fashion_mnist,classification,aptx_relu_field,APTx Neuron + ReLU + Lambda-Psi,aptx,1,before_field,1,1,1,0.5,0.5,3,2026,0.003,0.0001,0.0,100,68,58,10,0.0001,128,256,192,128,827730,827730,424.9507425860502,cuda,./results/lambda_psi_comparison/checkpoints/fashion_mnist/aptx_relu_field/fashion_mnist__aptx_relu_field__seed3__lr0p003__cfgd83e1f2dcd28.pt,0.2997788558006287,89.56,99.8,,,,,,,0.3130903041243553,88.74,99.85000000000001,,,,,,,0.7503727078437805,0.17528560757637024,0.8856804370880127,0.30498167872428894,0.9315513968467712,0.43141448497772217,0.6462672352790833,0.6316096186637878
fashion_mnist__aptx_relu_field__seed4__lr0p003__cfgd83e1f2dcd28,d83e1f2dcd28,96b354dd2d4cd04c,2.12.1+cu130,0.27.1+cu130,1.9.0,2.5.2,0,4,2026-08-20T04:28:15.177554+00:00,ok,,fashion_mnist,classification,aptx_relu_field,APTx Neuron + ReLU + Lambda-Psi,aptx,1,before_field,1,1,1,0.5,0.5,4,2026,0.003,0.0001,0.0,100,65,55,10,0.0001,128,256,192,128,827730,827730,393.8310809349641,cuda,./results/lambda_psi_comparison/checkpoints/fashion_mnist/aptx_relu_field/fashion_mnist__aptx_relu_field__seed4__lr0p003__cfgd83e1f2dcd28.pt,0.3087905623435974,89.42,99.82,,,,,,,0.31802403359413145,88.74,99.79,,,,,,,0.7646852731704712,0.18486805260181427,0.8912217020988464,0.2757120430469513,0.9362455010414124,0.4253418445587158,0.7135413885116577,0.5572257041931152
cifar10__traditional__seed0__lr0p0003__cfgf2170fde6e29,f2170fde6e29,96b354dd2d4cd04c,2.12.1+cu130,0.27.1+cu130,1.9.0,2.5.2,0,4,2026-08-20T05:25:50.122508+00:00,ok,,cifar10,classification,traditional,Traditional neuron,traditional,0,none,0,1,1,0.5,0.5,0,2026,0.0003,0.0002,0.05,100,53,38,15,0.0001,64,384,256,192,1329866,1329866,271.3323844729457,cuda,./results/lambda_psi_comparison/checkpoints/cifar10/traditional/cifar10__traditional__seed0__lr0p0003__cfgf2170fde6e29.pt,1.8484176473617553,39.6,84.82,,,,,,,1.8352290588378906,38.67,85.28999999999999,,,,,,,,,,,,,,
cifar10__traditional__seed1__lr0p0003__cfgf2170fde6e29,f2170fde6e29,96b354dd2d4cd04c,2.12.1+cu130,0.27.1+cu130,1.9.0,2.5.2,0,4,2026-08-20T05:28:00.576766+00:00,ok,,cifar10,classification,traditional,Traditional neuron,traditional,0,none,0,1,1,0.5,0.5,1,2026,0.0003,0.0002,0.05,100,25,10,15,0.0001,64,384,256,192,1329866,1329866,126.09623719286174,cuda,./results/lambda_psi_comparison/checkpoints/cifar10/traditional/cifar10__traditional__seed1__lr0p0003__cfgf2170fde6e29.pt,1.873981869506836,38.34,83.8,,,,,,,1.8605959743499756,37.21,84.49,,,,,,,,,,,,,,
cifar10__traditional__seed2__lr0p0003__cfgf2170fde6e29,f2170fde6e29,96b354dd2d4cd04c,2.12.1+cu130,0.27.1+cu130,1.9.0,2.5.2,0,4,2026-08-20T05:36:11.365746+00:00,ok,,cifar10,classification,traditional,Traditional neuron,traditional,0,none,0,1,1,0.5,0.5,2,2026,0.0003,0.0002,0.05,100,98,83,15,0.0001,64,384,256,192,1329866,1329866,486.9165274121333,cuda,./results/lambda_psi_comparison/checkpoints/cifar10/traditional/cifar10__traditional__seed2__lr0p0003__cfgf2170fde6e29.pt,1.8393012537002564,40.1,85.04,,,,,,,1.8275524171829223,39.11,85.36,,,,,,,,,,,,,,
cifar10__traditional__seed3__lr0p0003__cfgf2170fde6e29,f2170fde6e29,96b354dd2d4cd04c,2.12.1+cu130,0.27.1+cu130,1.9.0,2.5.2,0,4,2026-08-20T05:42:40.392147+00:00,ok,,cifar10,classification,traditional,Traditional neuron,traditional,0,none,0,1,1,0.5,0.5,3,2026,0.0003,0.0002,0.05,100,78,63,15,0.0001,64,384,256,192,1329866,1329866,385.14854060602374,cuda,./results/lambda_psi_comparison/checkpoints/cifar10/traditional/cifar10__traditional__seed3__lr0p0003__cfgf2170fde6e29.pt,1.8413954811096191,39.92,85.14,,,,,,,1.8331437000274657,38.629999999999995,85.28999999999999,,,,,,,,,,,,,,
cifar10__traditional__seed4__lr0p0003__cfgf2170fde6e29,f2170fde6e29,96b354dd2d4cd04c,2.12.1+cu130,0.27.1+cu130,1.9.0,2.5.2,0,4,2026-08-20T05:51:04.418616+00:00,ok,,cifar10,classification,traditional,Traditional neuron,traditional,0,none,0,1,1,0.5,0.5,4,2026,0.0003,0.0002,0.05,100,100,92,15,0.0001,64,384,256,192,1329866,1329866,500.0525113879703,cuda,./results/lambda_psi_comparison/checkpoints/cifar10/traditional/cifar10__traditional__seed4__lr0p0003__cfgf2170fde6e29.pt,1.8393736625671386,40.18,85.11999999999999,,,,,,,1.8278890268325805,39.129999999999995,85.33,,,,,,,,,,,,,,
cifar10__traditional__seed0__lr0p0005__cfgf2170fde6e29,f2170fde6e29,96b354dd2d4cd04c,2.12.1+cu130,0.27.1+cu130,1.9.0,2.5.2,0,4,2026-08-20T05:59:22.059347+00:00,ok,,cifar10,classification,traditional,Traditional neuron,traditional,0,none,0,1,1,0.5,0.5,0,2026,0.0005,0.0002,0.05,100,100,91,15,0.0001,64,384,256,192,1329866,1329866,494.0279093461577,cuda,./results/lambda_psi_comparison/checkpoints/cifar10/traditional/cifar10__traditional__seed0__lr0p0005__cfgf2170fde6e29.pt,1.837514708518982,40.239999999999995,84.98,,,,,,,1.8264666477203368,39.06,85.45,,,,,,,,,,,,,,
cifar10__traditional__seed1__lr0p0005__cfgf2170fde6e29,f2170fde6e29,96b354dd2d4cd04c,2.12.1+cu130,0.27.1+cu130,1.9.0,2.5.2,0,4,2026-08-20T06:05:23.208080+00:00,ok,,cifar10,classification,traditional,Traditional neuron,traditional,0,none,0,1,1,0.5,0.5,1,2026,0.0005,0.0002,0.05,100,73,58,15,0.0001,64,384,256,192,1329866,1329866,357.38583141891286,cuda,./results/lambda_psi_comparison/checkpoints/cifar10/traditional/cifar10__traditional__seed1__lr0p0005__cfgf2170fde6e29.pt,1.8469843963623047,39.86,84.68,,,,,,,1.8320469371795653,38.92,85.22,,,,,,,,,,,,,,
cifar10__traditional__seed2__lr0p0005__cfgf2170fde6e29,f2170fde6e29,96b354dd2d4cd04c,2.12.1+cu130,0.27.1+cu130,1.9.0,2.5.2,0,4,2026-08-20T06:10:43.216271+00:00,ok,,cifar10,classification,traditional,Traditional neuron,traditional,0,none,0,1,1,0.5,0.5,2,2026,0.0005,0.0002,0.05,100,64,49,15,0.0001,64,384,256,192,1329866,1329866,316.2295131299179,cuda,./results/lambda_psi_comparison/checkpoints/cifar10/traditional/cifar10__traditional__seed2__lr0p0005__cfgf2170fde6e29.pt,1.8442774463653564,39.72,84.72,,,,,,,1.8318870138168335,38.800000000000004,85.03,,,,,,,,,,,,,,
cifar10__traditional__seed3__lr0p0005__cfgf2170fde6e29,f2170fde6e29,96b354dd2d4cd04c,2.12.1+cu130,0.27.1+cu130,1.9.0,2.5.2,0,4,2026-08-20T06:17:57.493108+00:00,ok,,cifar10,classification,traditional,Traditional neuron,traditional,0,none,0,1,1,0.5,0.5,3,2026,0.0005,0.0002,0.05,100,86,71,15,0.0001,64,384,256,192,1329866,1329866,430.67252676188946,cuda,./results/lambda_psi_comparison/checkpoints/cifar10/traditional/cifar10__traditional__seed3__lr0p0005__cfgf2170fde6e29.pt,1.8390514657974244,39.98,85.08,,,,,,,1.828446778678894,39.09,85.07000000000001,,,,,,,,,,,,,,
cifar10__traditional__seed4__lr0p0005__cfgf2170fde6e29,f2170fde6e29,96b354dd2d4cd04c,2.12.1+cu130,0.27.1+cu130,1.9.0,2.5.2,0,4,2026-08-20T06:26:17.821718+00:00,ok,,cifar10,classification,traditional,Traditional neuron,traditional,0,none,0,1,1,0.5,0.5,4,2026,0.0005,0.0002,0.05,100,100,85,15,0.0001,64,384,256,192,1329866,1329866,496.6699316089507,cuda,./results/lambda_psi_comparison/checkpoints/cifar10/traditional/cifar10__traditional__seed4__lr0p0005__cfgf2170fde6e29.pt,1.8395833951950074,40.06,85.02,,,,,,,1.8278267129898071,39.160000000000004,85.34,,,,,,,,,,,,,,
cifar10__traditional__seed0__lr0p001__cfgf2170fde6e29,f2170fde6e29,96b354dd2d4cd04c,2.12.1+cu130,0.27.1+cu130,1.9.0,2.5.2,0,4,2026-08-20T06:30:29.291557+00:00,ok,,cifar10,classification,traditional,Traditional neuron,traditional,0,none,0,1,1,0.5,0.5,0,2026,0.001,0.0002,0.05,100,49,34,15,0.0001,64,384,256,192,1329866,1329866,247.61685010208748,cuda,./results/lambda_psi_comparison/checkpoints/cifar10/traditional/cifar10__traditional__seed0__lr0p001__cfgf2170fde6e29.pt,1.8541816385269165,39.160000000000004,84.84,,,,,,,1.8439393962860107,38.35,85.0,,,,,,,,,,,,,,
cifar10__traditional__seed1__lr0p001__cfgf2170fde6e29,f2170fde6e29,96b354dd2d4cd04c,2.12.1+cu130,0.27.1+cu130,1.9.0,2.5.2,0,4,2026-08-20T06:38:15.128855+00:00,ok,,cifar10,classification,traditional,Traditional neuron,traditional,0,none,0,1,1,0.5,0.5,1,2026,0.001,0.0002,0.05,100,94,79,15,0.0001,64,384,256,192,1329866,1329866,462.2725521088578,cuda,./results/lambda_psi_comparison/checkpoints/cifar10/traditional/cifar10__traditional__seed1__lr0p001__cfgf2170fde6e29.pt,1.8394257434844972,40.26,84.94,,,,,,,1.8257523248672485,39.15,85.28999999999999,,,,,,,,,,,,,,
cifar10__traditional__seed2__lr0p001__cfgf2170fde6e29,f2170fde6e29,96b354dd2d4cd04c,2.12.1+cu130,0.27.1+cu130,1.9.0,2.5.2,0,4,2026-08-20T06:45:31.554515+00:00,ok,,cifar10,classification,traditional,Traditional neuron,traditional,0,none,0,1,1,0.5,0.5,2,2026,0.001,0.0002,0.05,100,88,73,15,0.0001,64,384,256,192,1329866,1329866,432.8696176321246,cuda,./results/lambda_psi_comparison/checkpoints/cifar10/traditional/cifar10__traditional__seed2__lr0p001__cfgf2170fde6e29.pt,1.8428869228363036,40.08,85.06,,,,,,,1.8303520809173583,38.98,85.44,,,,,,,,,,,,,,
cifar10__traditional__seed3__lr0p001__cfgf2170fde6e29,f2170fde6e29,96b354dd2d4cd04c,2.12.1+cu130,0.27.1+cu130,1.9.0,2.5.2,0,4,2026-08-20T06:53:44.997804+00:00,ok,,cifar10,classification,traditional,Traditional neuron,traditional,0,none,0,1,1,0.5,0.5,3,2026,0.001,0.0002,0.05,100,100,91,15,0.0001,64,384,256,192,1329866,1329866,489.84601776697673,cuda,./results/lambda_psi_comparison/checkpoints/cifar10/traditional/cifar10__traditional__seed3__lr0p001__cfgf2170fde6e29.pt,1.8390511867523194,40.02,85.28,,,,,,,1.8270429250717164,39.03,85.22,,,,,,,,,,,,,,
cifar10__traditional__seed4__lr0p001__cfgf2170fde6e29,f2170fde6e29,96b354dd2d4cd04c,2.12.1+cu130,0.27.1+cu130,1.9.0,2.5.2,0,4,2026-08-20T07:02:02.181933+00:00,ok,,cifar10,classification,traditional,Traditional neuron,traditional,0,none,0,1,1,0.5,0.5,4,2026,0.001,0.0002,0.05,100,100,95,15,0.0001,64,384,256,192,1329866,1329866,493.46088730101474,cuda,./results/lambda_psi_comparison/checkpoints/cifar10/traditional/cifar10__traditional__seed4__lr0p001__cfgf2170fde6e29.pt,1.8380427032470703,40.2,85.2,,,,,,,1.826186156654358,39.2,85.42,,,,,,,,,,,,,,
cifar10__traditional__seed0__lr0p002__cfgf2170fde6e29,f2170fde6e29,96b354dd2d4cd04c,2.12.1+cu130,0.27.1+cu130,1.9.0,2.5.2,0,4,2026-08-20T07:10:56.549783+00:00,ok,,cifar10,classification,traditional,Traditional neuron,traditional,0,none,0,1,1,0.5,0.5,0,2026,0.002,0.0002,0.05,100,100,98,15,0.0001,64,384,256,192,1329866,1329866,529.9817390409298,cuda,./results/lambda_psi_comparison/checkpoints/cifar10/traditional/cifar10__traditional__seed0__lr0p002__cfgf2170fde6e29.pt,1.837588171005249,40.28,85.34,,,,,,,1.8266791706085206,39.14,85.45,,,,,,,,,,,,,,
cifar10__traditional__seed1__lr0p002__cfgf2170fde6e29,f2170fde6e29,96b354dd2d4cd04c,2.12.1+cu130,0.27.1+cu130,1.9.0,2.5.2,0,4,2026-08-20T07:25:55.283878+00:00,ok,,cifar10,classification,traditional,Traditional neuron,traditional,0,none,0,1,1,0.5,0.5,1,2026,0.002,0.0002,0.05,100,100,96,15,0.0001,64,384,256,192,1329866,1329866,894.1005338169634,cuda,./results/lambda_psi_comparison/checkpoints/cifar10/traditional/cifar10__traditional__seed1__lr0p002__cfgf2170fde6e29.pt,1.8391853523254396,40.300000000000004,85.11999999999999,,,,,,,1.8264586227416992,39.03,85.46000000000001,,,,,,,,,,,,,,
cifar10__traditional__seed2__lr0p002__cfgf2170fde6e29,f2170fde6e29,96b354dd2d4cd04c,2.12.1+cu130,0.27.1+cu130,1.9.0,2.5.2,0,4,2026-08-20T07:33:24.801966+00:00,ok,,cifar10,classification,traditional,Traditional neuron,traditional,0,none,0,1,1,0.5,0.5,2,2026,0.002,0.0002,0.05,100,50,35,15,0.0001,64,384,256,192,1329866,1329866,445.1255138912238,cuda,./results/lambda_psi_comparison/checkpoints/cifar10/traditional/cifar10__traditional__seed2__lr0p002__cfgf2170fde6e29.pt,1.8908824146270753,36.88,83.26,,,,,,,1.8794230939865113,35.38,84.00999999999999,,,,,,,,,,,,,,
cifar10__traditional__seed3__lr0p002__cfgf2170fde6e29,f2170fde6e29,96b354dd2d4cd04c,2.12.1+cu130,0.27.1+cu130,1.9.0,2.5.2,0,4,2026-08-20T07:38:18.137166+00:00,ok,,cifar10,classification,traditional,Traditional neuron,traditional,0,none,0,1,1,0.5,0.5,3,2026,0.002,0.0002,0.05,100,46,31,15,0.0001,64,384,256,192,1329866,1329866,289.52914003492333,cuda,./results/lambda_psi_comparison/checkpoints/cifar10/traditional/cifar10__traditional__seed3__lr0p002__cfgf2170fde6e29.pt,1.9018140285491942,36.82,83.24000000000001,,,,,,,1.8915105165481567,34.870000000000005,83.46000000000001,,,,,,,,,,,,,,
cifar10__traditional__seed4__lr0p002__cfgf2170fde6e29,f2170fde6e29,96b354dd2d4cd04c,2.12.1+cu130,0.27.1+cu130,1.9.0,2.5.2,0,4,2026-08-20T07:46:44.073553+00:00,ok,,cifar10,classification,traditional,Traditional neuron,traditional,0,none,0,1,1,0.5,0.5,4,2026,0.002,0.0002,0.05,100,100,100,15,0.0001,64,384,256,192,1329866,1329866,502.1224780078046,cuda,./results/lambda_psi_comparison/checkpoints/cifar10/traditional/cifar10__traditional__seed4__lr0p002__cfgf2170fde6e29.pt,1.8390155014038085,40.14,85.32,,,,,,,1.8269115882873534,39.14,85.41,,,,,,,,,,,,,,
cifar10__traditional__seed0__lr0p003__cfgf2170fde6e29,f2170fde6e29,96b354dd2d4cd04c,2.12.1+cu130,0.27.1+cu130,1.9.0,2.5.2,0,4,2026-08-20T07:49:02.441360+00:00,ok,,cifar10,classification,traditional,Traditional neuron,traditional,0,none,0,1,1,0.5,0.5,0,2026,0.003,0.0002,0.05,100,27,12,15,0.0001,64,384,256,192,1329866,1329866,134.40626465389505,cuda,./results/lambda_psi_comparison/checkpoints/cifar10/traditional/cifar10__traditional__seed0__lr0p003__cfgf2170fde6e29.pt,1.9789554279327393,31.94,81.36,,,,,,,1.960415207862854,31.44,82.13000000000001,,,,,,,,,,,,,,
cifar10__traditional__seed1__lr0p003__cfgf2170fde6e29,f2170fde6e29,96b354dd2d4cd04c,2.12.1+cu130,0.27.1+cu130,1.9.0,2.5.2,0,4,2026-08-20T07:50:58.158717+00:00,ok,,cifar10,classification,traditional,Traditional neuron,traditional,0,none,0,1,1,0.5,0.5,1,2026,0.003,0.0002,0.05,100,19,4,15,0.0001,64,384,256,192,1329866,1329866,111.95751728489995,cuda,./results/lambda_psi_comparison/checkpoints/cifar10/traditional/cifar10__traditional__seed1__lr0p003__cfgf2170fde6e29.pt,1.9602706439971924,31.979999999999997,81.38,,,,,,,1.946610566520691,32.7,81.56,,,,,,,,,,,,,,
cifar10__traditional__seed2__lr0p003__cfgf2170fde6e29,f2170fde6e29,96b354dd2d4cd04c,2.12.1+cu130,0.27.1+cu130,1.9.0,2.5.2,0,4,2026-08-20T07:53:55.248886+00:00,ok,,cifar10,classification,traditional,Traditional neuron,traditional,0,none,0,1,1,0.5,0.5,2,2026,0.003,0.0002,0.05,100,35,20,15,0.0001,64,384,256,192,1329866,1329866,173.27565783890896,cuda,./results/lambda_psi_comparison/checkpoints/cifar10/traditional/cifar10__traditional__seed2__lr0p003__cfgf2170fde6e29.pt,1.9455589294433593,34.339999999999996,82.3,,,,,,,1.9389997747421264,33.62,82.33,,,,,,,,,,,,,,
cifar10__traditional__seed3__lr0p003__cfgf2170fde6e29,f2170fde6e29,96b354dd2d4cd04c,2.12.1+cu130,0.27.1+cu130,1.9.0,2.5.2,0,4,2026-08-20T07:56:02.844357+00:00,ok,,cifar10,classification,traditional,Traditional neuron,traditional,0,none,0,1,1,0.5,0.5,3,2026,0.003,0.0002,0.05,100,25,10,15,0.0001,64,384,256,192,1329866,1329866,123.76167669589631,cuda,./results/lambda_psi_comparison/checkpoints/cifar10/traditional/cifar10__traditional__seed3__lr0p003__cfgf2170fde6e29.pt,2.0103455467224123,32.66,79.10000000000001,,,,,,,1.994852891921997,32.029999999999994,80.03,,,,,,,,,,,,,,
cifar10__traditional__seed4__lr0p003__cfgf2170fde6e29,f2170fde6e29,96b354dd2d4cd04c,2.12.1+cu130,0.27.1+cu130,1.9.0,2.5.2,0,4,2026-08-20T07:57:50.854806+00:00,ok,,cifar10,classification,traditional,Traditional neuron,traditional,0,none,0,1,1,0.5,0.5,4,2026,0.003,0.0002,0.05,100,21,6,15,0.0001,64,384,256,192,1329866,1329866,104.35074817296118,cuda,./results/lambda_psi_comparison/checkpoints/cifar10/traditional/cifar10__traditional__seed4__lr0p003__cfgf2170fde6e29.pt,1.9396231369018555,33.1,82.17999999999999,,,,,,,1.9279861503601075,32.64,83.09,,,,,,,,,,,,,,
cifar10__traditional_relu__seed0__lr0p0003__cfgcb6cc43ea725,cb6cc43ea725,96b354dd2d4cd04c,2.12.1+cu130,0.27.1+cu130,1.9.0,2.5.2,0,4,2026-08-20T08:06:37.463928+00:00,ok,,cifar10,classification,traditional_relu,Traditional neuron + ReLU,traditional,0,after_neuron,0,1,1,0.5,0.5,0,2026,0.0003,0.0002,0.05,100,99,84,15,0.0001,64,384,256,192,1329866,1329866,522.6405749227852,cuda,./results/lambda_psi_comparison/checkpoints/cifar10/traditional_relu/cifar10__traditional_relu__seed0__lr0p0003__cfgcb6cc43ea725.pt,1.4001416946411134,57.06,93.5,,,,,,,1.4160824226379394,56.68,93.03,,,,,,,,,,,,,,
cifar10__traditional_relu__seed1__lr0p0003__cfgcb6cc43ea725,cb6cc43ea725,96b354dd2d4cd04c,2.12.1+cu130,0.27.1+cu130,1.9.0,2.5.2,0,4,2026-08-20T08:13:39.673246+00:00,ok,,cifar10,classification,traditional_relu,Traditional neuron + ReLU,traditional,0,after_neuron,0,1,1,0.5,0.5,1,2026,0.0003,0.0002,0.05,100,80,65,15,0.0001,64,384,256,192,1329866,1329866,418.54402376594953,cuda,./results/lambda_psi_comparison/checkpoints/cifar10/traditional_relu/cifar10__traditional_relu__seed1__lr0p0003__cfgcb6cc43ea725.pt,1.403473936843872,56.58,93.56,,,,,,,1.4067189037322998,56.06,93.24,,,,,,,,,,,,,,
cifar10__traditional_relu__seed2__lr0p0003__cfgcb6cc43ea725,cb6cc43ea725,96b354dd2d4cd04c,2.12.1+cu130,0.27.1+cu130,1.9.0,2.5.2,0,4,2026-08-20T08:21:07.310225+00:00,ok,,cifar10,classification,traditional_relu,Traditional neuron + ReLU,traditional,0,after_neuron,0,1,1,0.5,0.5,2,2026,0.0003,0.0002,0.05,100,89,74,15,0.0001,64,384,256,192,1329866,1329866,443.74974951986223,cuda,./results/lambda_psi_comparison/checkpoints/cifar10/traditional_relu/cifar10__traditional_relu__seed2__lr0p0003__cfgcb6cc43ea725.pt,1.4014136238098145,57.379999999999995,93.72,,,,,,,1.396984628868103,57.08,93.13,,,,,,,,,,,,,,
cifar10__traditional_relu__seed3__lr0p0003__cfgcb6cc43ea725,cb6cc43ea725,96b354dd2d4cd04c,2.12.1+cu130,0.27.1+cu130,1.9.0,2.5.2,0,4,2026-08-20T08:30:47.993662+00:00,ok,,cifar10,classification,traditional_relu,Traditional neuron + ReLU,traditional,0,after_neuron,0,1,1,0.5,0.5,3,2026,0.0003,0.0002,0.05,100,97,82,15,0.0001,64,384,256,192,1329866,1329866,576.1074177699629,cuda,./results/lambda_psi_comparison/checkpoints/cifar10/traditional_relu/cifar10__traditional_relu__seed3__lr0p0003__cfgcb6cc43ea725.pt,1.4178845472335815,56.940000000000005,92.9,,,,,,,1.4122133918762207,56.31,93.04,,,,,,,,,,,,,,
cifar10__traditional_relu__seed4__lr0p0003__cfgcb6cc43ea725,cb6cc43ea725,96b354dd2d4cd04c,2.12.1+cu130,0.27.1+cu130,1.9.0,2.5.2,0,4,2026-08-20T08:42:51.702571+00:00,ok,,cifar10,classification,traditional_relu,Traditional neuron + ReLU,traditional,0,after_neuron,0,1,1,0.5,0.5,4,2026,0.0003,0.0002,0.05,100,79,64,15,0.0001,64,384,256,192,1329866,1329866,719.1201314171776,cuda,./results/lambda_psi_comparison/checkpoints/cifar10/traditional_relu/cifar10__traditional_relu__seed4__lr0p0003__cfgcb6cc43ea725.pt,1.400639040184021,56.620000000000005,93.7,,,,,,,1.4027231838226317,55.88999999999999,93.32000000000001,,,,,,,,,,,,,,
cifar10__traditional_relu__seed0__lr0p0005__cfgcb6cc43ea725,cb6cc43ea725,96b354dd2d4cd04c,2.12.1+cu130,0.27.1+cu130,1.9.0,2.5.2,0,4,2026-08-20T08:56:27.469109+00:00,ok,,cifar10,classification,traditional_relu,Traditional neuron + ReLU,traditional,0,after_neuron,0,1,1,0.5,0.5,0,2026,0.0005,0.0002,0.05,100,89,74,15,0.0001,64,384,256,192,1329866,1329866,811.085617977893,cuda,./results/lambda_psi_comparison/checkpoints/cifar10/traditional_relu/cifar10__traditional_relu__seed0__lr0p0005__cfgcb6cc43ea725.pt,1.4441548582077026,56.54,92.44,,,,,,,1.4451678955078124,55.879999999999995,92.65,,,,,,,,,,,,,,
cifar10__traditional_relu__seed1__lr0p0005__cfgcb6cc43ea725,cb6cc43ea725,96b354dd2d4cd04c,2.12.1+cu130,0.27.1+cu130,1.9.0,2.5.2,0,4,2026-08-20T09:07:04.842711+00:00,ok,,cifar10,classification,traditional_relu,Traditional neuron + ReLU,traditional,0,after_neuron,0,1,1,0.5,0.5,1,2026,0.0005,0.0002,0.05,100,100,92,15,0.0001,64,384,256,192,1329866,1329866,633.2358858489897,cuda,./results/lambda_psi_comparison/checkpoints/cifar10/traditional_relu/cifar10__traditional_relu__seed1__lr0p0005__cfgcb6cc43ea725.pt,1.4417264929771423,56.76,92.78,,,,,,,1.4471040563583375,56.46,92.61,,,,,,,,,,,,,,
cifar10__traditional_relu__seed2__lr0p0005__cfgcb6cc43ea725,cb6cc43ea725,96b354dd2d4cd04c,2.12.1+cu130,0.27.1+cu130,1.9.0,2.5.2,0,4,2026-08-20T09:15:08.620781+00:00,ok,,cifar10,classification,traditional_relu,Traditional neuron + ReLU,traditional,0,after_neuron,0,1,1,0.5,0.5,2,2026,0.0005,0.0002,0.05,100,89,74,15,0.0001,64,384,256,192,1329866,1329866,480.0423133559525,cuda,./results/lambda_psi_comparison/checkpoints/cifar10/traditional_relu/cifar10__traditional_relu__seed2__lr0p0005__cfgcb6cc43ea725.pt,1.4424260047912598,55.82,92.84,,,,,,,1.4420312314987183,56.230000000000004,92.51,,,,,,,,,,,,,,
cifar10__traditional_relu__seed3__lr0p0005__cfgcb6cc43ea725,cb6cc43ea725,96b354dd2d4cd04c,2.12.1+cu130,0.27.1+cu130,1.9.0,2.5.2,0,4,2026-08-20T09:24:08.046110+00:00,ok,,cifar10,classification,traditional_relu,Traditional neuron + ReLU,traditional,0,after_neuron,0,1,1,0.5,0.5,3,2026,0.0005,0.0002,0.05,100,100,88,15,0.0001,64,384,256,192,1329866,1329866,535.638292951975,cuda,./results/lambda_psi_comparison/checkpoints/cifar10/traditional_relu/cifar10__traditional_relu__seed3__lr0p0005__cfgcb6cc43ea725.pt,1.4426332662582397,56.68,93.04,,,,,,,1.4505611228942872,55.58,92.61,,,,,,,,,,,,,,
cifar10__traditional_relu__seed4__lr0p0005__cfgcb6cc43ea725,cb6cc43ea725,96b354dd2d4cd04c,2.12.1+cu130,0.27.1+cu130,1.9.0,2.5.2,0,4,2026-08-20T09:30:36.804391+00:00,ok,,cifar10,classification,traditional_relu,Traditional neuron + ReLU,traditional,0,after_neuron,0,1,1,0.5,0.5,4,2026,0.0005,0.0002,0.05,100,71,56,15,0.0001,64,384,256,192,1329866,1329866,384.812324272003,cuda,./results/lambda_psi_comparison/checkpoints/cifar10/traditional_relu/cifar10__traditional_relu__seed4__lr0p0005__cfgcb6cc43ea725.pt,1.441538056564331,55.64,92.42,,,,,,,1.4347728900909424,55.00000000000001,93.07,,,,,,,,,,,,,,
cifar10__traditional_relu__seed0__lr0p001__cfgcb6cc43ea725,cb6cc43ea725,96b354dd2d4cd04c,2.12.1+cu130,0.27.1+cu130,1.9.0,2.5.2,0,4,2026-08-20T09:39:21.529104+00:00,ok,,cifar10,classification,traditional_relu,Traditional neuron + ReLU,traditional,0,after_neuron,0,1,1,0.5,0.5,0,2026,0.001,0.0002,0.05,100,100,93,15,0.0001,64,384,256,192,1329866,1329866,520.8737333388999,cuda,./results/lambda_psi_comparison/checkpoints/cifar10/traditional_relu/cifar10__traditional_relu__seed0__lr0p001__cfgcb6cc43ea725.pt,1.4111386763572693,55.779999999999994,93.24,,,,,,,1.4341192813873291,55.400000000000006,92.89,,,,,,,,,,,,,,
cifar10__traditional_relu__seed1__lr0p001__cfgcb6cc43ea725,cb6cc43ea725,96b354dd2d4cd04c,2.12.1+cu130,0.27.1+cu130,1.9.0,2.5.2,0,4,2026-08-20T09:48:10.815435+00:00,ok,,cifar10,classification,traditional_relu,Traditional neuron + ReLU,traditional,0,after_neuron,0,1,1,0.5,0.5,1,2026,0.001,0.0002,0.05,100,98,83,15,0.0001,64,384,256,192,1329866,1329866,525.2663628419396,cuda,./results/lambda_psi_comparison/checkpoints/cifar10/traditional_relu/cifar10__traditional_relu__seed1__lr0p001__cfgcb6cc43ea725.pt,1.427755962562561,56.120000000000005,93.10000000000001,,,,,,,1.4235229347229004,55.92,93.24,,,,,,,,,,,,,,
cifar10__traditional_relu__seed2__lr0p001__cfgcb6cc43ea725,cb6cc43ea725,96b354dd2d4cd04c,2.12.1+cu130,0.27.1+cu130,1.9.0,2.5.2,0,4,2026-08-20T09:57:18.254052+00:00,ok,,cifar10,classification,traditional_relu,Traditional neuron + ReLU,traditional,0,after_neuron,0,1,1,0.5,0.5,2,2026,0.001,0.0002,0.05,100,100,87,15,0.0001,64,384,256,192,1329866,1329866,543.2605240920093,cuda,./results/lambda_psi_comparison/checkpoints/cifar10/traditional_relu/cifar10__traditional_relu__seed2__lr0p001__cfgcb6cc43ea725.pt,1.4210911296844482,56.2,93.06,,,,,,,1.418318325996399,56.31,93.41000000000001,,,,,,,,,,,,,,
cifar10__traditional_relu__seed3__lr0p001__cfgcb6cc43ea725,cb6cc43ea725,96b354dd2d4cd04c,2.12.1+cu130,0.27.1+cu130,1.9.0,2.5.2,0,4,2026-08-20T10:06:15.643551+00:00,ok,,cifar10,classification,traditional_relu,Traditional neuron + ReLU,traditional,0,after_neuron,0,1,1,0.5,0.5,3,2026,0.001,0.0002,0.05,100,100,91,15,0.0001,64,384,256,192,1329866,1329866,533.0793967151549,cuda,./results/lambda_psi_comparison/checkpoints/cifar10/traditional_relu/cifar10__traditional_relu__seed3__lr0p001__cfgcb6cc43ea725.pt,1.4311847434997558,56.16,93.08,,,,,,,1.430661884689331,55.36,93.12,,,,,,,,,,,,,,
cifar10__traditional_relu__seed4__lr0p001__cfgcb6cc43ea725,cb6cc43ea725,96b354dd2d4cd04c,2.12.1+cu130,0.27.1+cu130,1.9.0,2.5.2,0,4,2026-08-20T10:14:54.995486+00:00,ok,,cifar10,classification,traditional_relu,Traditional neuron + ReLU,traditional,0,after_neuron,0,1,1,0.5,0.5,4,2026,0.001,0.0002,0.05,100,99,84,15,0.0001,64,384,256,192,1329866,1329866,515.4678203589283,cuda,./results/lambda_psi_comparison/checkpoints/cifar10/traditional_relu/cifar10__traditional_relu__seed4__lr0p001__cfgcb6cc43ea725.pt,1.4093561725616455,55.94,93.22,,,,,,,1.4224973573684692,55.17999999999999,93.04,,,,,,,,,,,,,,
cifar10__traditional_relu__seed0__lr0p002__cfgcb6cc43ea725,cb6cc43ea725,96b354dd2d4cd04c,2.12.1+cu130,0.27.1+cu130,1.9.0,2.5.2,0,4,2026-08-20T10:23:21.930700+00:00,ok,,cifar10,classification,traditional_relu,Traditional neuron + ReLU,traditional,0,after_neuron,0,1,1,0.5,0.5,0,2026,0.002,0.0002,0.05,100,100,87,15,0.0001,64,384,256,192,1329866,1329866,503.05058351904154,cuda,./results/lambda_psi_comparison/checkpoints/cifar10/traditional_relu/cifar10__traditional_relu__seed0__lr0p002__cfgcb6cc43ea725.pt,1.4271666326522827,55.120000000000005,92.80000000000001,,,,,,,1.4234661199569703,54.35,93.32000000000001,,,,,,,,,,,,,,
cifar10__traditional_relu__seed1__lr0p002__cfgcb6cc43ea725,cb6cc43ea725,96b354dd2d4cd04c,2.12.1+cu130,0.27.1+cu130,1.9.0,2.5.2,0,4,2026-08-20T10:31:51.538989+00:00,ok,,cifar10,classification,traditional_relu,Traditional neuron + ReLU,traditional,0,after_neuron,0,1,1,0.5,0.5,1,2026,0.002,0.0002,0.05,100,100,95,15,0.0001,64,384,256,192,1329866,1329866,505.7170857321471,cuda,./results/lambda_psi_comparison/checkpoints/cifar10/traditional_relu/cifar10__traditional_relu__seed1__lr0p002__cfgcb6cc43ea725.pt,1.4248158195495606,54.58,93.54,,,,,,,1.4136619220733642,54.65,93.36,,,,,,,,,,,,,,
cifar10__traditional_relu__seed2__lr0p002__cfgcb6cc43ea725,cb6cc43ea725,96b354dd2d4cd04c,2.12.1+cu130,0.27.1+cu130,1.9.0,2.5.2,0,4,2026-08-20T10:40:28.094324+00:00,ok,,cifar10,classification,traditional_relu,Traditional neuron + ReLU,traditional,0,after_neuron,0,1,1,0.5,0.5,2,2026,0.002,0.0002,0.05,100,100,89,15,0.0001,64,384,256,192,1329866,1329866,512.6078405219596,cuda,./results/lambda_psi_comparison/checkpoints/cifar10/traditional_relu/cifar10__traditional_relu__seed2__lr0p002__cfgcb6cc43ea725.pt,1.4221948114395142,55.04,93.12,,,,,,,1.4163749029159547,55.279999999999994,93.2,,,,,,,,,,,,,,
cifar10__traditional_relu__seed3__lr0p002__cfgcb6cc43ea725,cb6cc43ea725,96b354dd2d4cd04c,2.12.1+cu130,0.27.1+cu130,1.9.0,2.5.2,0,4,2026-08-20T10:48:59.025365+00:00,ok,,cifar10,classification,traditional_relu,Traditional neuron + ReLU,traditional,0,after_neuron,0,1,1,0.5,0.5,3,2026,0.002,0.0002,0.05,100,100,90,15,0.0001,64,384,256,192,1329866,1329866,507.16314022406004,cuda,./results/lambda_psi_comparison/checkpoints/cifar10/traditional_relu/cifar10__traditional_relu__seed3__lr0p002__cfgcb6cc43ea725.pt,1.4218933586120606,54.50000000000001,93.16,,,,,,,1.414543420600891,55.14,93.24,,,,,,,,,,,,,,
cifar10__traditional_relu__seed4__lr0p002__cfgcb6cc43ea725,cb6cc43ea725,96b354dd2d4cd04c,2.12.1+cu130,0.27.1+cu130,1.9.0,2.5.2,0,4,2026-08-20T10:57:26.993385+00:00,ok,,cifar10,classification,traditional_relu,Traditional neuron + ReLU,traditional,0,after_neuron,0,1,1,0.5,0.5,4,2026,0.002,0.0002,0.05,100,100,95,15,0.0001,64,384,256,192,1329866,1329866,504.29572994099,cuda,./results/lambda_psi_comparison/checkpoints/cifar10/traditional_relu/cifar10__traditional_relu__seed4__lr0p002__cfgcb6cc43ea725.pt,1.42235145111084,54.94,93.12,,,,,,,1.4181128128051759,55.05,93.44,,,,,,,,,,,,,,
cifar10__traditional_relu__seed0__lr0p003__cfgcb6cc43ea725,cb6cc43ea725,96b354dd2d4cd04c,2.12.1+cu130,0.27.1+cu130,1.9.0,2.5.2,0,4,2026-08-20T11:05:55.354199+00:00,ok,,cifar10,classification,traditional_relu,Traditional neuron + ReLU,traditional,0,after_neuron,0,1,1,0.5,0.5,0,2026,0.003,0.0002,0.05,100,100,98,15,0.0001,64,384,256,192,1329866,1329866,504.5951701970771,cuda,./results/lambda_psi_comparison/checkpoints/cifar10/traditional_relu/cifar10__traditional_relu__seed0__lr0p003__cfgcb6cc43ea725.pt,1.4406294452667237,53.900000000000006,92.88,,,,,,,1.437771318054199,53.56999999999999,92.92,,,,,,,,,,,,,,
cifar10__traditional_relu__seed1__lr0p003__cfgcb6cc43ea725,cb6cc43ea725,96b354dd2d4cd04c,2.12.1+cu130,0.27.1+cu130,1.9.0,2.5.2,0,4,2026-08-20T11:14:29.833961+00:00,ok,,cifar10,classification,traditional_relu,Traditional neuron + ReLU,traditional,0,after_neuron,0,1,1,0.5,0.5,1,2026,0.003,0.0002,0.05,100,100,96,15,0.0001,64,384,256,192,1329866,1329866,510.58305721497163,cuda,./results/lambda_psi_comparison/checkpoints/cifar10/traditional_relu/cifar10__traditional_relu__seed1__lr0p003__cfgcb6cc43ea725.pt,1.4509580026626587,53.42,92.64,,,,,,,1.4485991428375244,53.080000000000005,92.52,,,,,,,,,,,,,,
cifar10__traditional_relu__seed2__lr0p003__cfgcb6cc43ea725,cb6cc43ea725,96b354dd2d4cd04c,2.12.1+cu130,0.27.1+cu130,1.9.0,2.5.2,0,4,2026-08-20T11:23:15.463778+00:00,ok,,cifar10,classification,traditional_relu,Traditional neuron + ReLU,traditional,0,after_neuron,0,1,1,0.5,0.5,2,2026,0.003,0.0002,0.05,100,100,87,15,0.0001,64,384,256,192,1329866,1329866,521.7131020789966,cuda,./results/lambda_psi_comparison/checkpoints/cifar10/traditional_relu/cifar10__traditional_relu__seed2__lr0p003__cfgcb6cc43ea725.pt,1.4532198541641235,53.339999999999996,92.64,,,,,,,1.4533834495544433,53.459999999999994,92.82000000000001,,,,,,,,,,,,,,
cifar10__traditional_relu__seed3__lr0p003__cfgcb6cc43ea725,cb6cc43ea725,96b354dd2d4cd04c,2.12.1+cu130,0.27.1+cu130,1.9.0,2.5.2,0,4,2026-08-20T11:31:53.450024+00:00,ok,,cifar10,classification,traditional_relu,Traditional neuron + ReLU,traditional,0,after_neuron,0,1,1,0.5,0.5,3,2026,0.003,0.0002,0.05,100,100,91,15,0.0001,64,384,256,192,1329866,1329866,514.3912963508628,cuda,./results/lambda_psi_comparison/checkpoints/cifar10/traditional_relu/cifar10__traditional_relu__seed3__lr0p003__cfgcb6cc43ea725.pt,1.4612094667434692,52.6,91.78,,,,,,,1.4555795793533326,53.2,91.96,,,,,,,,,,,,,,
cifar10__traditional_relu__seed4__lr0p003__cfgcb6cc43ea725,cb6cc43ea725,96b354dd2d4cd04c,2.12.1+cu130,0.27.1+cu130,1.9.0,2.5.2,0,4,2026-08-20T11:40:31.839008+00:00,ok,,cifar10,classification,traditional_relu,Traditional neuron + ReLU,traditional,0,after_neuron,0,1,1,0.5,0.5,4,2026,0.003,0.0002,0.05,100,100,93,15,0.0001,64,384,256,192,1329866,1329866,514.3438356460538,cuda,./results/lambda_psi_comparison/checkpoints/cifar10/traditional_relu/cifar10__traditional_relu__seed4__lr0p003__cfgcb6cc43ea725.pt,1.4399988124847412,54.559999999999995,92.67999999999999,,,,,,,1.439661255645752,54.09,92.66,,,,,,,,,,,,,,
cifar10__traditional_field__seed0__lr0p0003__cfgf85296624d2d,f85296624d2d,96b354dd2d4cd04c,2.12.1+cu130,0.27.1+cu130,1.9.0,2.5.2,0,4,2026-08-20T11:55:11.060365+00:00,ok,,cifar10,classification,traditional_field,Traditional neuron + Lambda-Psi,traditional,1,none,1,1,1,0.5,0.5,0,2026,0.0003,0.0002,0.05,100,100,90,15,0.0001,64,384,256,192,1329874,1329874,875.4787688429933,cuda,./results/lambda_psi_comparison/checkpoints/cifar10/traditional_field/cifar10__traditional_field__seed0__lr0p0003__cfgf85296624d2d.pt,1.5829898874282837,47.199999999999996,90.38000000000001,,,,,,,1.5780598308563232,47.85,90.4,,,,,,,0.8881749510765076,0.3718467354774475,0.9206932187080383,0.19478894770145416,0.48283281922340393,0.16144829988479614,0.27517545223236084,0.21626362204551697
cifar10__traditional_field__seed1__lr0p0003__cfgf85296624d2d,f85296624d2d,96b354dd2d4cd04c,2.12.1+cu130,0.27.1+cu130,1.9.0,2.5.2,0,4,2026-08-20T12:09:14.790368+00:00,ok,,cifar10,classification,traditional_field,Traditional neuron + Lambda-Psi,traditional,1,none,1,1,1,0.5,0.5,1,2026,0.0003,0.0002,0.05,100,100,97,15,0.0001,64,384,256,192,1329874,1329874,839.683113025967,cuda,./results/lambda_psi_comparison/checkpoints/cifar10/traditional_field/cifar10__traditional_field__seed1__lr0p0003__cfgf85296624d2d.pt,1.6061185485839844,45.98,90.2,,,,,,,1.6056052772521974,46.51,89.8,,,,,,,0.8784112930297852,0.3974866569042206,0.9271466732025146,0.20196273922920227,0.484727680683136,0.1638474017381668,0.2841971814632416,0.22461651265621185
cifar10__traditional_field__seed2__lr0p0003__cfgf85296624d2d,f85296624d2d,96b354dd2d4cd04c,2.12.1+cu130,0.27.1+cu130,1.9.0,2.5.2,0,4,2026-08-20T12:23:27.085113+00:00,ok,,cifar10,classification,traditional_field,Traditional neuron + Lambda-Psi,traditional,1,none,1,1,1,0.5,0.5,2,2026,0.0003,0.0002,0.05,100,100,95,15,0.0001,64,384,256,192,1329874,1329874,848.4945569271222,cuda,./results/lambda_psi_comparison/checkpoints/cifar10/traditional_field/cifar10__traditional_field__seed2__lr0p0003__cfgf85296624d2d.pt,1.5771923473358154,47.22,90.62,,,,,,,1.5785597282409667,47.83,90.69,,,,,,,0.8936610817909241,0.37446045875549316,0.9202395081520081,0.20502613484859467,0.49001213908195496,0.16049177944660187,0.2764909267425537,0.22064386308193207
cifar10__traditional_field__seed3__lr0p0003__cfgf85296624d2d,f85296624d2d,96b354dd2d4cd04c,2.12.1+cu130,0.27.1+cu130,1.9.0,2.5.2,0,4,2026-08-20T12:38:23.538518+00:00,ok,,cifar10,classification,traditional_field,Traditional neuron + Lambda-Psi,traditional,1,none,1,1,1,0.5,0.5,3,2026,0.0003,0.0002,0.05,100,100,91,15,0.0001,64,384,256,192,1329874,1329874,892.6449904330075,cuda,./results/lambda_psi_comparison/checkpoints/cifar10/traditional_field/cifar10__traditional_field__seed3__lr0p0003__cfgf85296624d2d.pt,1.5498625343322754,49.14,91.03999999999999,,,,,,,1.5479293981552125,48.82,91.45,,,,,,,0.8856093883514404,0.36634767055511475,0.9331828355789185,0.19425873458385468,0.4736420512199402,0.16444990038871765,0.28428298234939575,0.22373749315738678
cifar10__traditional_field__seed4__lr0p0003__cfgf85296624d2d,f85296624d2d,96b354dd2d4cd04c,2.12.1+cu130,0.27.1+cu130,1.9.0,2.5.2,0,4,2026-08-20T12:52:31.794993+00:00,ok,,cifar10,classification,traditional_field,Traditional neuron + Lambda-Psi,traditional,1,none,1,1,1,0.5,0.5,4,2026,0.0003,0.0002,0.05,100,100,98,15,0.0001,64,384,256,192,1329874,1329874,844.5716450479813,cuda,./results/lambda_psi_comparison/checkpoints/cifar10/traditional_field/cifar10__traditional_field__seed4__lr0p0003__cfgf85296624d2d.pt,1.5626995639801025,48.28,90.74,,,,,,,1.55800643119812,48.71,91.03,,,,,,,0.8963636159896851,0.3657505214214325,0.9149946570396423,0.2042601853609085,0.49348294734954834,0.16034546494483948,0.2731865644454956,0.2141999751329422
cifar10__traditional_field__seed0__lr0p0005__cfgf85296624d2d,f85296624d2d,96b354dd2d4cd04c,2.12.1+cu130,0.27.1+cu130,1.9.0,2.5.2,0,4,2026-08-20T13:06:36.914875+00:00,ok,,cifar10,classification,traditional_field,Traditional neuron + Lambda-Psi,traditional,1,none,1,1,1,0.5,0.5,0,2026,0.0005,0.0002,0.05,100,100,98,15,0.0001,64,384,256,192,1329874,1329874,841.4952264260501,cuda,./results/lambda_psi_comparison/checkpoints/cifar10/traditional_field/cifar10__traditional_field__seed0__lr0p0005__cfgf85296624d2d.pt,1.4468507020950316,53.480000000000004,92.86,,,,,,,1.4365443334579469,52.82,93.39,,,,,,,0.9357677698135376,0.43585920333862305,0.9847921133041382,0.19408577680587769,0.5800740718841553,0.12567339837551117,0.2776969075202942,0.19427381455898285
cifar10__traditional_field__seed1__lr0p0005__cfgf85296624d2d,f85296624d2d,96b354dd2d4cd04c,2.12.1+cu130,0.27.1+cu130,1.9.0,2.5.2,0,4,2026-08-20T13:20:39.010763+00:00,ok,,cifar10,classification,traditional_field,Traditional neuron + Lambda-Psi,traditional,1,none,1,1,1,0.5,0.5,1,2026,0.0005,0.0002,0.05,100,99,84,15,0.0001,64,384,256,192,1329874,1329874,838.4316727910191,cuda,./results/lambda_psi_comparison/checkpoints/cifar10/traditional_field/cifar10__traditional_field__seed1__lr0p0005__cfgf85296624d2d.pt,1.4780679077148438,51.85999999999999,92.30000000000001,,,,,,,1.4656706748962403,51.68000000000001,92.95,,,,,,,0.9279042482376099,0.48131588101387024,0.9885118007659912,0.19976696372032166,0.5718081593513489,0.13353818655014038,0.29812997579574585,0.21271578967571259
cifar10__traditional_field__seed2__lr0p0005__cfgf85296624d2d,f85296624d2d,96b354dd2d4cd04c,2.12.1+cu130,0.27.1+cu130,1.9.0,2.5.2,0,4,2026-08-20T13:35:01.676825+00:00,ok,,cifar10,classification,traditional_field,Traditional neuron + Lambda-Psi,traditional,1,none,1,1,1,0.5,0.5,2,2026,0.0005,0.0002,0.05,100,100,90,15,0.0001,64,384,256,192,1329874,1329874,859.1596180310007,cuda,./results/lambda_psi_comparison/checkpoints/cifar10/traditional_field/cifar10__traditional_field__seed2__lr0p0005__cfgf85296624d2d.pt,1.460625912284851,52.300000000000004,92.92,,,,,,,1.4605140592575072,52.900000000000006,92.83,,,,,,,0.9290188550949097,0.47417697310447693,0.9890016317367554,0.2166583240032196,0.581648051738739,0.12675563991069794,0.28583118319511414,0.2030838578939438
cifar10__traditional_field__seed3__lr0p0005__cfgf85296624d2d,f85296624d2d,96b354dd2d4cd04c,2.12.1+cu130,0.27.1+cu130,1.9.0,2.5.2,0,4,2026-08-20T13:48:59.329685+00:00,ok,,cifar10,classification,traditional_field,Traditional neuron + Lambda-Psi,traditional,1,none,1,1,1,0.5,0.5,3,2026,0.0005,0.0002,0.05,100,100,86,15,0.0001,64,384,256,192,1329874,1329874,834.0871351060923,cuda,./results/lambda_psi_comparison/checkpoints/cifar10/traditional_field/cifar10__traditional_field__seed3__lr0p0005__cfgf85296624d2d.pt,1.4210055654525757,54.459999999999994,93.5,,,,,,,1.4131204168319702,54.02,93.58,,,,,,,0.9342776536941528,0.43675076961517334,0.9897488951683044,0.2025059461593628,0.547277569770813,0.14202941954135895,0.3121178448200226,0.21961693465709686
cifar10__traditional_field__seed4__lr0p0005__cfgf85296624d2d,f85296624d2d,96b354dd2d4cd04c,2.12.1+cu130,0.27.1+cu130,1.9.0,2.5.2,0,4,2026-08-20T14:03:06.451110+00:00,ok,,cifar10,classification,traditional_field,Traditional neuron + Lambda-Psi,traditional,1,none,1,1,1,0.5,0.5,4,2026,0.0005,0.0002,0.05,100,100,90,15,0.0001,64,384,256,192,1329874,1329874,843.4336435531732,cuda,./results/lambda_psi_comparison/checkpoints/cifar10/traditional_field/cifar10__traditional_field__seed4__lr0p0005__cfgf85296624d2d.pt,1.4453127418518066,53.38,92.80000000000001,,,,,,,1.4296548460006715,53.43,93.14,,,,,,,0.9314327239990234,0.4432329833507538,0.9888514876365662,0.2053149938583374,0.586724042892456,0.12744209170341492,0.2904323637485504,0.2028549313545227
cifar10__traditional_field__seed0__lr0p001__cfgf85296624d2d,f85296624d2d,96b354dd2d4cd04c,2.12.1+cu130,0.27.1+cu130,1.9.0,2.5.2,0,4,2026-08-20T14:17:11.729638+00:00,ok,,cifar10,classification,traditional_field,Traditional neuron + Lambda-Psi,traditional,1,none,1,1,1,0.5,0.5,0,2026,0.001,0.0002,0.05,100,100,88,15,0.0001,64,384,256,192,1329874,1329874,841.6354747479782,cuda,./results/lambda_psi_comparison/checkpoints/cifar10/traditional_field/cifar10__traditional_field__seed0__lr0p001__cfgf85296624d2d.pt,1.4060699378967285,55.7,93.47999999999999,,,,,,,1.4050328990936278,54.48,93.97,,,,,,,0.9738727807998657,0.6269005537033081,0.9989476799964905,0.19099126756191254,0.8590930700302124,0.10181000083684921,0.34058845043182373,0.199148029088974
cifar10__traditional_field__seed1__lr0p001__cfgf85296624d2d,f85296624d2d,96b354dd2d4cd04c,2.12.1+cu130,0.27.1+cu130,1.9.0,2.5.2,0,4,2026-08-20T14:31:14.115094+00:00,ok,,cifar10,classification,traditional_field,Traditional neuron + Lambda-Psi,traditional,1,none,1,1,1,0.5,0.5,1,2026,0.001,0.0002,0.05,100,100,89,15,0.0001,64,384,256,192,1329874,1329874,838.8094887558836,cuda,./results/lambda_psi_comparison/checkpoints/cifar10/traditional_field/cifar10__traditional_field__seed1__lr0p001__cfgf85296624d2d.pt,1.413617684364319,54.67999999999999,93.46,,,,,,,1.4059319400787353,54.13,94.05,,,,,,,0.9741409420967102,0.635767936706543,0.9990719556808472,0.23648998141288757,0.8372481465339661,0.10702409595251083,0.36231428384780884,0.2122812122106552
cifar10__traditional_field__seed2__lr0p001__cfgf85296624d2d,f85296624d2d,96b354dd2d4cd04c,2.12.1+cu130,0.27.1+cu130,1.9.0,2.5.2,0,4,2026-08-20T14:45:12.434749+00:00,ok,,cifar10,classification,traditional_field,Traditional neuron + Lambda-Psi,traditional,1,none,1,1,1,0.5,0.5,2,2026,0.001,0.0002,0.05,100,100,95,15,0.0001,64,384,256,192,1329874,1329874,834.6362680839375,cuda,./results/lambda_psi_comparison/checkpoints/cifar10/traditional_field/cifar10__traditional_field__seed2__lr0p001__cfgf85296624d2d.pt,1.4015895568847656,55.67999999999999,93.67999999999999,,,,,,,1.399913173675537,54.6,94.12,,,,,,,0.9753511548042297,0.6212109923362732,0.999382495880127,0.21796609461307526,0.8105266690254211,0.12581416964530945,0.39675918221473694,0.24572767317295074
cifar10__traditional_field__seed3__lr0p001__cfgf85296624d2d,f85296624d2d,96b354dd2d4cd04c,2.12.1+cu130,0.27.1+cu130,1.9.0,2.5.2,0,4,2026-08-20T14:57:30.026704+00:00,ok,,cifar10,classification,traditional_field,Traditional neuron + Lambda-Psi,traditional,1,none,1,1,1,0.5,0.5,3,2026,0.001,0.0002,0.05,100,88,73,15,0.0001,64,384,256,192,1329874,1329874,733.9337618600111,cuda,./results/lambda_psi_comparison/checkpoints/cifar10/traditional_field/cifar10__traditional_field__seed3__lr0p001__cfgf85296624d2d.pt,1.395940080833435,55.16,93.84,,,,,,,1.3938112464904786,54.52,94.15,,,,,,,0.9746428728103638,0.6141435503959656,0.9991151690483093,0.19826233386993408,0.8276781439781189,0.13279761373996735,0.4091523587703705,0.25166454911231995
cifar10__traditional_field__seed4__lr0p001__cfgf85296624d2d,f85296624d2d,96b354dd2d4cd04c,2.12.1+cu130,0.27.1+cu130,1.9.0,2.5.2,0,4,2026-08-20T15:10:19.882783+00:00,ok,,cifar10,classification,traditional_field,Traditional neuron + Lambda-Psi,traditional,1,none,1,1,1,0.5,0.5,4,2026,0.001,0.0002,0.05,100,91,76,15,0.0001,64,384,256,192,1329874,1329874,766.2191892941482,cuda,./results/lambda_psi_comparison/checkpoints/cifar10/traditional_field/cifar10__traditional_field__seed4__lr0p001__cfgf85296624d2d.pt,1.4054339889526368,55.66,93.7,,,,,,,1.4060235094070435,54.39000000000001,93.74,,,,,,,0.9739692211151123,0.6222600340843201,0.998543381690979,0.2165272980928421,0.8720034956932068,0.09903868287801743,0.32783278822898865,0.18688100576400757
cifar10__traditional_field__seed0__lr0p002__cfgf85296624d2d,f85296624d2d,96b354dd2d4cd04c,2.12.1+cu130,0.27.1+cu130,1.9.0,2.5.2,0,4,2026-08-20T15:24:28.099749+00:00,ok,,cifar10,classification,traditional_field,Traditional neuron + Lambda-Psi,traditional,1,none,1,1,1,0.5,0.5,0,2026,0.002,0.0002,0.05,100,100,98,15,0.0001,64,384,256,192,1329874,1329874,844.6866796400864,cuda,./results/lambda_psi_comparison/checkpoints/cifar10/traditional_field/cifar10__traditional_field__seed0__lr0p002__cfgf85296624d2d.pt,1.4162666173934937,54.64,93.7,,,,,,,1.4208389570236206,54.1,93.57,,,,,,,0.9837185740470886,0.8319565653800964,0.9928057789802551,0.09707365185022354,0.9928051829338074,0.042540036141872406,0.2802433371543884,0.09737265110015869
cifar10__traditional_field__seed1__lr0p002__cfgf85296624d2d,f85296624d2d,96b354dd2d4cd04c,2.12.1+cu130,0.27.1+cu130,1.9.0,2.5.2,0,4,2026-08-20T15:38:25.939036+00:00,ok,,cifar10,classification,traditional_field,Traditional neuron + Lambda-Psi,traditional,1,none,1,1,1,0.5,0.5,1,2026,0.002,0.0002,0.05,100,100,85,15,0.0001,64,384,256,192,1329874,1329874,834.2502059759572,cuda,./results/lambda_psi_comparison/checkpoints/cifar10/traditional_field/cifar10__traditional_field__seed1__lr0p002__cfgf85296624d2d.pt,1.4109460878372193,54.879999999999995,93.62,,,,,,,1.4132486194610596,54.49,93.75,,,,,,,0.9834232330322266,0.8327437043190002,0.9957451224327087,0.07501868903636932,0.9921984076499939,0.04420158267021179,0.307666540145874,0.10880475491285324
cifar10__traditional_field__seed2__lr0p002__cfgf85296624d2d,f85296624d2d,96b354dd2d4cd04c,2.12.1+cu130,0.27.1+cu130,1.9.0,2.5.2,0,4,2026-08-20T15:52:37.905625+00:00,ok,,cifar10,classification,traditional_field,Traditional neuron + Lambda-Psi,traditional,1,none,1,1,1,0.5,0.5,2,2026,0.002,0.0002,0.05,100,100,90,15,0.0001,64,384,256,192,1329874,1329874,848.3724569301121,cuda,./results/lambda_psi_comparison/checkpoints/cifar10/traditional_field/cifar10__traditional_field__seed2__lr0p002__cfgf85296624d2d.pt,1.4028216106414795,55.14,93.86,,,,,,,1.403873429107666,55.089999999999996,94.15,,,,,,,0.9849123954772949,0.8247559070587158,0.9965208768844604,0.06936296820640564,0.9902395009994507,0.052985742688179016,0.3235941529273987,0.12173816561698914
cifar10__traditional_field__seed3__lr0p002__cfgf85296624d2d,f85296624d2d,96b354dd2d4cd04c,2.12.1+cu130,0.27.1+cu130,1.9.0,2.5.2,0,4,2026-08-20T16:06:29.468637+00:00,ok,,cifar10,classification,traditional_field,Traditional neuron + Lambda-Psi,traditional,1,none,1,1,1,0.5,0.5,3,2026,0.002,0.0002,0.05,100,99,84,15,0.0001,64,384,256,192,1329874,1329874,827.9014494391158,cuda,./results/lambda_psi_comparison/checkpoints/cifar10/traditional_field/cifar10__traditional_field__seed3__lr0p002__cfgf85296624d2d.pt,1.4002363018035888,55.400000000000006,94.1,,,,,,,1.4091831733703613,54.7,93.5,,,,,,,0.9829673767089844,0.8349233865737915,0.9980666041374207,0.040785856544971466,0.9929290413856506,0.05512840673327446,0.3200058937072754,0.12083476036787033
cifar10__traditional_field__seed4__lr0p002__cfgf85296624d2d,f85296624d2d,96b354dd2d4cd04c,2.12.1+cu130,0.27.1+cu130,1.9.0,2.5.2,0,4,2026-08-20T16:20:11.565130+00:00,ok,,cifar10,classification,traditional_field,Traditional neuron + Lambda-Psi,traditional,1,none,1,1,1,0.5,0.5,4,2026,0.002,0.0002,0.05,100,97,82,15,0.0001,64,384,256,192,1329874,1329874,818.5726978289895,cuda,./results/lambda_psi_comparison/checkpoints/cifar10/traditional_field/cifar10__traditional_field__seed4__lr0p002__cfgf85296624d2d.pt,1.4166402406692504,55.559999999999995,93.08,,,,,,,1.4083054075241088,54.98,93.76,,,,,,,0.9829198718070984,0.8370173573493958,0.9971705079078674,0.08031149208545685,0.9905515909194946,0.05083368346095085,0.33392199873924255,0.12852391600608826
cifar10__traditional_field__seed0__lr0p003__cfgf85296624d2d,f85296624d2d,96b354dd2d4cd04c,2.12.1+cu130,0.27.1+cu130,1.9.0,2.5.2,0,4,2026-08-20T16:33:57.092626+00:00,ok,,cifar10,classification,traditional_field,Traditional neuron + Lambda-Psi,traditional,1,none,1,1,1,0.5,0.5,0,2026,0.003,0.0002,0.05,100,99,84,15,0.0001,64,384,256,192,1329874,1329874,821.9691595148761,cuda,./results/lambda_psi_comparison/checkpoints/cifar10/traditional_field/cifar10__traditional_field__seed0__lr0p003__cfgf85296624d2d.pt,1.4362174652099609,54.02,93.36,,,,,,,1.4256913496017456,53.75,93.76,,,,,,,0.9884620904922485,0.8908936977386475,0.9951112866401672,0.2810010015964508,0.9986720085144043,0.05720330774784088,0.4022977352142334,0.14128434658050537
cifar10__traditional_field__seed1__lr0p003__cfgf85296624d2d,f85296624d2d,96b354dd2d4cd04c,2.12.1+cu130,0.27.1+cu130,1.9.0,2.5.2,0,4,2026-08-20T16:47:06.629471+00:00,ok,,cifar10,classification,traditional_field,Traditional neuron + Lambda-Psi,traditional,1,none,1,1,1,0.5,0.5,1,2026,0.003,0.0002,0.05,100,94,79,15,0.0001,64,384,256,192,1329874,1329874,785.9964177669026,cuda,./results/lambda_psi_comparison/checkpoints/cifar10/traditional_field/cifar10__traditional_field__seed1__lr0p003__cfgf85296624d2d.pt,1.4131065433502197,54.98,93.76,,,,,,,1.4193166973114013,54.09,93.73,,,,,,,0.9889312386512756,0.8900627493858337,0.9975376129150391,0.22063936293125153,0.9981120824813843,0.051756151020526886,0.4099019765853882,0.14821845293045044
cifar10__traditional_field__seed2__lr0p003__cfgf85296624d2d,f85296624d2d,96b354dd2d4cd04c,2.12.1+cu130,0.27.1+cu130,1.9.0,2.5.2,0,4,2026-08-20T16:59:34.306927+00:00,ok,,cifar10,classification,traditional_field,Traditional neuron + Lambda-Psi,traditional,1,none,1,1,1,0.5,0.5,2,2026,0.003,0.0002,0.05,100,88,73,15,0.0001,64,384,256,192,1329874,1329874,744.0439747199416,cuda,./results/lambda_psi_comparison/checkpoints/cifar10/traditional_field/cifar10__traditional_field__seed2__lr0p003__cfgf85296624d2d.pt,1.4199484437942504,54.26,93.74,,,,,,,1.4200361436843871,53.690000000000005,93.63,,,,,,,0.9885261058807373,0.8984887599945068,0.9983271956443787,0.17351670563220978,0.9973995685577393,0.09896714240312576,0.4459242820739746,0.183241605758667
cifar10__traditional_field__seed3__lr0p003__cfgf85296624d2d,f85296624d2d,96b354dd2d4cd04c,2.12.1+cu130,0.27.1+cu130,1.9.0,2.5.2,0,4,2026-08-20T17:12:57.890557+00:00,ok,,cifar10,classification,traditional_field,Traditional neuron + Lambda-Psi,traditional,1,none,1,1,1,0.5,0.5,3,2026,0.003,0.0002,0.05,100,96,81,15,0.0001,64,384,256,192,1329874,1329874,800.1140221478418,cuda,./results/lambda_psi_comparison/checkpoints/cifar10/traditional_field/cifar10__traditional_field__seed3__lr0p003__cfgf85296624d2d.pt,1.426391216468811,54.559999999999995,93.24,,,,,,,1.429608597755432,54.09,93.42,,,,,,,0.9888133406639099,0.8940176963806152,0.9954200983047485,0.27030518651008606,0.9989375472068787,0.07109875231981277,0.4160546064376831,0.1414078027009964
cifar10__traditional_field__seed4__lr0p003__cfgf85296624d2d,f85296624d2d,96b354dd2d4cd04c,2.12.1+cu130,0.27.1+cu130,1.9.0,2.5.2,0,4,2026-08-20T17:26:55.671145+00:00,ok,,cifar10,classification,traditional_field,Traditional neuron + Lambda-Psi,traditional,1,none,1,1,1,0.5,0.5,4,2026,0.003,0.0002,0.05,100,100,94,15,0.0001,64,384,256,192,1329874,1329874,834.1365975828376,cuda,./results/lambda_psi_comparison/checkpoints/cifar10/traditional_field/cifar10__traditional_field__seed4__lr0p003__cfgf85296624d2d.pt,1.416025253868103,54.98,93.64,,,,,,,1.4132672225952148,54.510000000000005,93.95,,,,,,,0.9888952970504761,0.8942096829414368,0.9974750876426697,0.20901989936828613,0.9974133372306824,0.04083552956581116,0.4183688759803772,0.15613825619220734
cifar10__traditional_field_relu__seed0__lr0p0003__cfg62159fe3b2b2,62159fe3b2b2,96b354dd2d4cd04c,2.12.1+cu130,0.27.1+cu130,1.9.0,2.5.2,0,4,2026-08-20T17:39:56.610084+00:00,ok,,cifar10,classification,traditional_field_relu,Traditional neuron + Lambda-Psi + ReLU,traditional,1,after_field,1,1,1,0.5,0.5,0,2026,0.0003,0.0002,0.05,100,93,78,15,0.0001,64,384,256,192,1329874,1329874,777.329239517916,cuda,./results/lambda_psi_comparison/checkpoints/cifar10/traditional_field_relu/cifar10__traditional_field_relu__seed0__lr0p0003__cfg62159fe3b2b2.pt,1.3528473281860351,57.220000000000006,94.46,,,,,,,1.3678970964431763,56.93,93.89999999999999,,,,,,,0.2632010877132416,0.35513705015182495,0.3193058371543884,0.3195422291755676,0.34542781114578247,0.2687353491783142,0.35611024498939514,0.2946982979774475
cifar10__traditional_field_relu__seed1__lr0p0003__cfg62159fe3b2b2,62159fe3b2b2,96b354dd2d4cd04c,2.12.1+cu130,0.27.1+cu130,1.9.0,2.5.2,0,4,2026-08-20T17:50:55.480710+00:00,ok,,cifar10,classification,traditional_field_relu,Traditional neuron + Lambda-Psi + ReLU,traditional,1,after_field,1,1,1,0.5,0.5,1,2026,0.0003,0.0002,0.05,100,78,63,15,0.0001,64,384,256,192,1329874,1329874,655.3342467721086,cuda,./results/lambda_psi_comparison/checkpoints/cifar10/traditional_field_relu/cifar10__traditional_field_relu__seed1__lr0p0003__cfg62159fe3b2b2.pt,1.3481677973747253,57.32000000000001,94.06,,,,,,,1.3471814193725586,57.879999999999995,94.37,,,,,,,0.2815278470516205,0.3587098717689514,0.33232566714286804,0.31730082631111145,0.3534771203994751,0.28285279870033264,0.3665297031402588,0.30723869800567627
cifar10__traditional_field_relu__seed2__lr0p0003__cfg62159fe3b2b2,62159fe3b2b2,96b354dd2d4cd04c,2.12.1+cu130,0.27.1+cu130,1.9.0,2.5.2,0,4,2026-08-20T18:04:53.391545+00:00,ok,,cifar10,classification,traditional_field_relu,Traditional neuron + Lambda-Psi + ReLU,traditional,1,after_field,1,1,1,0.5,0.5,2,2026,0.0003,0.0002,0.05,100,100,89,15,0.0001,64,384,256,192,1329874,1329874,834.3377525359392,cuda,./results/lambda_psi_comparison/checkpoints/cifar10/traditional_field_relu/cifar10__traditional_field_relu__seed2__lr0p0003__cfg62159fe3b2b2.pt,1.3607303312301635,57.48,93.89999999999999,,,,,,,1.3554029237747192,57.330000000000005,94.07,,,,,,,0.2656732499599457,0.35195016860961914,0.31452012062072754,0.31065046787261963,0.34398025274276733,0.26565220952033997,0.35971349477767944,0.2932732403278351
cifar10__traditional_field_relu__seed3__lr0p0003__cfg62159fe3b2b2,62159fe3b2b2,96b354dd2d4cd04c,2.12.1+cu130,0.27.1+cu130,1.9.0,2.5.2,0,4,2026-08-20T18:13:43.227561+00:00,ok,,cifar10,classification,traditional_field_relu,Traditional neuron + Lambda-Psi + ReLU,traditional,1,after_field,1,1,1,0.5,0.5,3,2026,0.0003,0.0002,0.05,100,62,47,15,0.0001,64,384,256,192,1329874,1329874,526.3130770321004,cuda,./results/lambda_psi_comparison/checkpoints/cifar10/traditional_field_relu/cifar10__traditional_field_relu__seed3__lr0p0003__cfg62159fe3b2b2.pt,1.3682749656677247,56.42,94.19999999999999,,,,,,,1.369487424659729,56.48,93.96,,,,,,,0.3068248927593231,0.376274436712265,0.36086925864219666,0.34188443422317505,0.37373656034469604,0.302127867937088,0.37801459431648254,0.32998138666152954
cifar10__traditional_field_relu__seed4__lr0p0003__cfg62159fe3b2b2,62159fe3b2b2,96b354dd2d4cd04c,2.12.1+cu130,0.27.1+cu130,1.9.0,2.5.2,0,4,2026-08-20T18:27:45.214828+00:00,ok,,cifar10,classification,traditional_field_relu,Traditional neuron + Lambda-Psi + ReLU,traditional,1,after_field,1,1,1,0.5,0.5,4,2026,0.0003,0.0002,0.05,100,100,87,15,0.0001,64,384,256,192,1329874,1329874,838.410003741039,cuda,./results/lambda_psi_comparison/checkpoints/cifar10/traditional_field_relu/cifar10__traditional_field_relu__seed4__lr0p0003__cfg62159fe3b2b2.pt,1.3495020011901855,57.9,94.3,,,,,,,1.3536476005554199,57.550000000000004,94.0,,,,,,,0.26338624954223633,0.35023233294487,0.3150964379310608,0.3151611387729645,0.3389612138271332,0.2647394835948944,0.35780951380729675,0.29198578000068665
cifar10__traditional_field_relu__seed0__lr0p0005__cfg62159fe3b2b2,62159fe3b2b2,96b354dd2d4cd04c,2.12.1+cu130,0.27.1+cu130,1.9.0,2.5.2,0,4,2026-08-20T18:36:59.530053+00:00,ok,,cifar10,classification,traditional_field_relu,Traditional neuron + Lambda-Psi + ReLU,traditional,1,after_field,1,1,1,0.5,0.5,0,2026,0.0005,0.0002,0.05,100,65,50,15,0.0001,64,384,256,192,1329874,1329874,550.7958487430587,cuda,./results/lambda_psi_comparison/checkpoints/cifar10/traditional_field_relu/cifar10__traditional_field_relu__seed0__lr0p0005__cfg62159fe3b2b2.pt,1.367809952735901,56.99999999999999,93.97999999999999,,,,,,,1.3653473203659057,57.18,94.0,,,,,,,0.32321277260780334,0.4238335192203522,0.39970335364341736,0.3797592222690582,0.43577855825424194,0.3102649450302124,0.4070051908493042,0.31873250007629395
cifar10__traditional_field_relu__seed1__lr0p0005__cfg62159fe3b2b2,62159fe3b2b2,96b354dd2d4cd04c,2.12.1+cu130,0.27.1+cu130,1.9.0,2.5.2,0,4,2026-08-20T18:50:16.099287+00:00,ok,,cifar10,classification,traditional_field_relu,Traditional neuron + Lambda-Psi + ReLU,traditional,1,after_field,1,1,1,0.5,0.5,1,2026,0.0005,0.0002,0.05,100,94,79,15,0.0001,64,384,256,192,1329874,1329874,792.8466638340615,cuda,./results/lambda_psi_comparison/checkpoints/cifar10/traditional_field_relu/cifar10__traditional_field_relu__seed1__lr0p0005__cfg62159fe3b2b2.pt,1.378159630203247,57.82000000000001,93.96,,,,,,,1.379885983657837,57.16,93.73,,,,,,,0.2792128920555115,0.3932124078273773,0.3466912508010864,0.3556714355945587,0.38709110021591187,0.28351736068725586,0.4076220393180847,0.28529152274131775
cifar10__traditional_field_relu__seed2__lr0p0005__cfg62159fe3b2b2,62159fe3b2b2,96b354dd2d4cd04c,2.12.1+cu130,0.27.1+cu130,1.9.0,2.5.2,0,4,2026-08-20T19:00:58.471089+00:00,ok,,cifar10,classification,traditional_field_relu,Traditional neuron + Lambda-Psi + ReLU,traditional,1,after_field,1,1,1,0.5,0.5,2,2026,0.0005,0.0002,0.05,100,76,61,15,0.0001,64,384,256,192,1329874,1329874,638.7425315950532,cuda,./results/lambda_psi_comparison/checkpoints/cifar10/traditional_field_relu/cifar10__traditional_field_relu__seed2__lr0p0005__cfg62159fe3b2b2.pt,1.3873650234222412,56.779999999999994,93.52000000000001,,,,,,,1.3845199859619142,56.269999999999996,94.21000000000001,,,,,,,0.3095112442970276,0.41650593280792236,0.3806343972682953,0.3715704083442688,0.42555490136146545,0.2974790632724762,0.41355323791503906,0.30517342686653137
cifar10__traditional_field_relu__seed3__lr0p0005__cfg62159fe3b2b2,62159fe3b2b2,96b354dd2d4cd04c,2.12.1+cu130,0.27.1+cu130,1.9.0,2.5.2,0,4,2026-08-20T19:14:20.520103+00:00,ok,,cifar10,classification,traditional_field_relu,Traditional neuron + Lambda-Psi + ReLU,traditional,1,after_field,1,1,1,0.5,0.5,3,2026,0.0005,0.0002,0.05,100,95,80,15,0.0001,64,384,256,192,1329874,1329874,798.4634059290402,cuda,./results/lambda_psi_comparison/checkpoints/cifar10/traditional_field_relu/cifar10__traditional_field_relu__seed3__lr0p0005__cfg62159fe3b2b2.pt,1.390139605140686,56.699999999999996,93.4,,,,,,,1.3844180208206176,56.48,93.62,,,,,,,0.27629077434539795,0.39376381039619446,0.3507610559463501,0.36427241563796997,0.3879072368144989,0.2841039001941681,0.40073537826538086,0.2843305766582489
cifar10__traditional_field_relu__seed4__lr0p0005__cfg62159fe3b2b2,62159fe3b2b2,96b354dd2d4cd04c,2.12.1+cu130,0.27.1+cu130,1.9.0,2.5.2,0,4,2026-08-20T19:24:19.133892+00:00,ok,,cifar10,classification,traditional_field_relu,Traditional neuron + Lambda-Psi + ReLU,traditional,1,after_field,1,1,1,0.5,0.5,4,2026,0.0005,0.0002,0.05,100,70,55,15,0.0001,64,384,256,192,1329874,1329874,594.9696001501288,cuda,./results/lambda_psi_comparison/checkpoints/cifar10/traditional_field_relu/cifar10__traditional_field_relu__seed4__lr0p0005__cfg62159fe3b2b2.pt,1.3804829700469972,56.48,93.30000000000001,,,,,,,1.3790767583847046,56.19,93.67,,,,,,,0.3196413218975067,0.41413402557373047,0.39240705966949463,0.37890520691871643,0.4306880831718445,0.30729547142982483,0.40738192200660706,0.3116903007030487
cifar10__traditional_field_relu__seed0__lr0p001__cfg62159fe3b2b2,62159fe3b2b2,96b354dd2d4cd04c,2.12.1+cu130,0.27.1+cu130,1.9.0,2.5.2,0,4,2026-08-20T19:35:26.992164+00:00,ok,,cifar10,classification,traditional_field_relu,Traditional neuron + Lambda-Psi + ReLU,traditional,1,after_field,1,1,1,0.5,0.5,0,2026,0.001,0.0002,0.05,100,78,63,15,0.0001,64,384,256,192,1329874,1329874,664.2835662669968,cuda,./results/lambda_psi_comparison/checkpoints/cifar10/traditional_field_relu/cifar10__traditional_field_relu__seed0__lr0p001__cfg62159fe3b2b2.pt,1.390449098777771,57.46,93.7,,,,,,,1.404553356742859,56.36,93.51,,,,,,,0.4686819911003113,0.5242600440979004,0.5792433619499207,0.46627986431121826,0.5670532584190369,0.3273826837539673,0.49585288763046265,0.28328853845596313
cifar10__traditional_field_relu__seed1__lr0p001__cfg62159fe3b2b2,62159fe3b2b2,96b354dd2d4cd04c,2.12.1+cu130,0.27.1+cu130,1.9.0,2.5.2,0,4,2026-08-20T19:44:48.521697+00:00,ok,,cifar10,classification,traditional_field_relu,Traditional neuron + Lambda-Psi + ReLU,traditional,1,after_field,1,1,1,0.5,0.5,1,2026,0.001,0.0002,0.05,100,67,52,15,0.0001,64,384,256,192,1329874,1329874,557.960373039823,cuda,./results/lambda_psi_comparison/checkpoints/cifar10/traditional_field_relu/cifar10__traditional_field_relu__seed1__lr0p001__cfg62159fe3b2b2.pt,1.399574499320984,56.46,93.84,,,,,,,1.3980741514205932,55.71,93.49,,,,,,,0.4869995415210724,0.526645839214325,0.5798892974853516,0.4648734927177429,0.574388861656189,0.3523758351802826,0.49178633093833923,0.30015212297439575
cifar10__traditional_field_relu__seed2__lr0p001__cfg62159fe3b2b2,62159fe3b2b2,96b354dd2d4cd04c,2.12.1+cu130,0.27.1+cu130,1.9.0,2.5.2,0,4,2026-08-20T19:58:28.697700+00:00,ok,,cifar10,classification,traditional_field_relu,Traditional neuron + Lambda-Psi + ReLU,traditional,1,after_field,1,1,1,0.5,0.5,2,2026,0.001,0.0002,0.05,100,97,82,15,0.0001,64,384,256,192,1329874,1329874,816.5325485898647,cuda,./results/lambda_psi_comparison/checkpoints/cifar10/traditional_field_relu/cifar10__traditional_field_relu__seed2__lr0p001__cfg62159fe3b2b2.pt,1.4048587213516235,57.220000000000006,93.46,,,,,,,1.4173596677780151,56.96,93.47,,,,,,,0.44645968079566956,0.5149883031845093,0.5616036653518677,0.4625202715396881,0.5588986277580261,0.30730438232421875,0.49880942702293396,0.2654910981655121
cifar10__traditional_field_relu__seed3__lr0p001__cfg62159fe3b2b2,62159fe3b2b2,96b354dd2d4cd04c,2.12.1+cu130,0.27.1+cu130,1.9.0,2.5.2,0,4,2026-08-20T20:12:25.597947+00:00,ok,,cifar10,classification,traditional_field_relu,Traditional neuron + Lambda-Psi + ReLU,traditional,1,after_field,1,1,1,0.5,0.5,3,2026,0.001,0.0002,0.05,100,100,90,15,0.0001,64,384,256,192,1329874,1329874,833.2606507039163,cuda,./results/lambda_psi_comparison/checkpoints/cifar10/traditional_field_relu/cifar10__traditional_field_relu__seed3__lr0p001__cfg62159fe3b2b2.pt,1.413210757446289,57.64,93.54,,,,,,,1.4091684524536132,57.24,93.86,,,,,,,0.44101449847221375,0.5120869278907776,0.5541626214981079,0.4588468074798584,0.5306195020675659,0.31550097465515137,0.5158388614654541,0.2670338451862335
cifar10__traditional_field_relu__seed4__lr0p001__cfg62159fe3b2b2,62159fe3b2b2,96b354dd2d4cd04c,2.12.1+cu130,0.27.1+cu130,1.9.0,2.5.2,0,4,2026-08-20T20:26:09.750761+00:00,ok,,cifar10,classification,traditional_field_relu,Traditional neuron + Lambda-Psi + ReLU,traditional,1,after_field,1,1,1,0.5,0.5,4,2026,0.001,0.0002,0.05,100,97,82,15,0.0001,64,384,256,192,1329874,1329874,820.5311833929736,cuda,./results/lambda_psi_comparison/checkpoints/cifar10/traditional_field_relu/cifar10__traditional_field_relu__seed4__lr0p001__cfg62159fe3b2b2.pt,1.4180031702041627,56.99999999999999,93.38,,,,,,,1.4386315673828125,56.11000000000001,92.99,,,,,,,0.4427640736103058,0.5129575729370117,0.5510843396186829,0.46176308393478394,0.5367533564567566,0.32166844606399536,0.5079745054244995,0.2729663550853729
cifar10__traditional_field_relu__seed0__lr0p002__cfg62159fe3b2b2,62159fe3b2b2,96b354dd2d4cd04c,2.12.1+cu130,0.27.1+cu130,1.9.0,2.5.2,0,4,2026-08-20T20:36:40.256071+00:00,ok,,cifar10,classification,traditional_field_relu,Traditional neuron + Lambda-Psi + ReLU,traditional,1,after_field,1,1,1,0.5,0.5,0,2026,0.002,0.0002,0.05,100,74,59,15,0.0001,64,384,256,192,1329874,1329874,626.9624474931043,cuda,./results/lambda_psi_comparison/checkpoints/cifar10/traditional_field_relu/cifar10__traditional_field_relu__seed0__lr0p002__cfg62159fe3b2b2.pt,1.393819318294525,56.620000000000005,93.47999999999999,,,,,,,1.401080219078064,56.54,93.89,,,,,,,0.7298334240913391,0.5997816920280457,0.8296376466751099,0.503415584564209,0.7358969449996948,0.3483065962791443,0.5388319492340088,0.2670368254184723
cifar10__traditional_field_relu__seed1__lr0p002__cfg62159fe3b2b2,62159fe3b2b2,96b354dd2d4cd04c,2.12.1+cu130,0.27.1+cu130,1.9.0,2.5.2,0,4,2026-08-20T20:47:25.566667+00:00,ok,,cifar10,classification,traditional_field_relu,Traditional neuron + Lambda-Psi + ReLU,traditional,1,after_field,1,1,1,0.5,0.5,1,2026,0.002,0.0002,0.05,100,76,61,15,0.0001,64,384,256,192,1329874,1329874,641.6211321779992,cuda,./results/lambda_psi_comparison/checkpoints/cifar10/traditional_field_relu/cifar10__traditional_field_relu__seed1__lr0p002__cfg62159fe3b2b2.pt,1.411432710456848,56.599999999999994,93.62,,,,,,,1.3982318878173827,56.67,93.87,,,,,,,0.7237712740898132,0.594071090221405,0.8092767000198364,0.5068374276161194,0.6978610754013062,0.3820621371269226,0.5619580149650574,0.27172648906707764
cifar10__traditional_field_relu__seed2__lr0p002__cfg62159fe3b2b2,62159fe3b2b2,96b354dd2d4cd04c,2.12.1+cu130,0.27.1+cu130,1.9.0,2.5.2,0,4,2026-08-20T21:00:29.065503+00:00,ok,,cifar10,classification,traditional_field_relu,Traditional neuron + Lambda-Psi + ReLU,traditional,1,after_field,1,1,1,0.5,0.5,2,2026,0.002,0.0002,0.05,100,93,78,15,0.0001,64,384,256,192,1329874,1329874,779.9826181731187,cuda,./results/lambda_psi_comparison/checkpoints/cifar10/traditional_field_relu/cifar10__traditional_field_relu__seed2__lr0p002__cfg62159fe3b2b2.pt,1.3868160097122193,57.66,93.84,,,,,,,1.402913641357422,57.06,93.64,,,,,,,0.7278565168380737,0.5936844348907471,0.8219346404075623,0.5146112442016602,0.6899428367614746,0.31626954674720764,0.5778905749320984,0.23742306232452393
cifar10__traditional_field_relu__seed3__lr0p002__cfg62159fe3b2b2,62159fe3b2b2,96b354dd2d4cd04c,2.12.1+cu130,0.27.1+cu130,1.9.0,2.5.2,0,4,2026-08-20T21:08:26.533988+00:00,ok,,cifar10,classification,traditional_field_relu,Traditional neuron + Lambda-Psi + ReLU,traditional,1,after_field,1,1,1,0.5,0.5,3,2026,0.002,0.0002,0.05,100,57,42,15,0.0001,64,384,256,192,1329874,1329874,473.87896457104944,cuda,./results/lambda_psi_comparison/checkpoints/cifar10/traditional_field_relu/cifar10__traditional_field_relu__seed3__lr0p002__cfg62159fe3b2b2.pt,1.399012327671051,56.02,93.30000000000001,,,,,,,1.4056864765167236,54.93,93.73,,,,,,,0.7279326319694519,0.6002567410469055,0.8102964758872986,0.5063648223876953,0.7409453392028809,0.4072921872138977,0.5413606762886047,0.30390578508377075
cifar10__traditional_field_relu__seed4__lr0p002__cfg62159fe3b2b2,62159fe3b2b2,96b354dd2d4cd04c,2.12.1+cu130,0.27.1+cu130,1.9.0,2.5.2,0,4,2026-08-20T21:22:27.727616+00:00,ok,,cifar10,classification,traditional_field_relu,Traditional neuron + Lambda-Psi + ReLU,traditional,1,after_field,1,1,1,0.5,0.5,4,2026,0.002,0.0002,0.05,100,99,84,15,0.0001,64,384,256,192,1329874,1329874,837.5665684652049,cuda,./results/lambda_psi_comparison/checkpoints/cifar10/traditional_field_relu/cifar10__traditional_field_relu__seed4__lr0p002__cfg62159fe3b2b2.pt,1.408342488861084,57.099999999999994,94.08,,,,,,,1.420283472251892,57.46,92.99,,,,,,,0.7153608798980713,0.5874682068824768,0.8213518261909485,0.5160971879959106,0.7034479379653931,0.3128443658351898,0.563546895980835,0.23938140273094177
cifar10__traditional_field_relu__seed0__lr0p003__cfg62159fe3b2b2,62159fe3b2b2,96b354dd2d4cd04c,2.12.1+cu130,0.27.1+cu130,1.9.0,2.5.2,0,4,2026-08-20T21:35:39.772440+00:00,ok,,cifar10,classification,traditional_field_relu,Traditional neuron + Lambda-Psi + ReLU,traditional,1,after_field,1,1,1,0.5,0.5,0,2026,0.003,0.0002,0.05,100,93,78,15,0.0001,64,384,256,192,1329874,1329874,788.4324124699924,cuda,./results/lambda_psi_comparison/checkpoints/cifar10/traditional_field_relu/cifar10__traditional_field_relu__seed0__lr0p003__cfg62159fe3b2b2.pt,1.3826510772705078,57.36,93.82000000000001,,,,,,,1.4037745237350463,56.85,93.31,,,,,,,0.8268274068832397,0.6083773374557495,0.9015085101127625,0.45284637808799744,0.7360490560531616,0.38253071904182434,0.6150830984115601,0.2530512511730194
cifar10__traditional_field_relu__seed1__lr0p003__cfg62159fe3b2b2,62159fe3b2b2,96b354dd2d4cd04c,2.12.1+cu130,0.27.1+cu130,1.9.0,2.5.2,0,4,2026-08-20T21:47:47.220326+00:00,ok,,cifar10,classification,traditional_field_relu,Traditional neuron + Lambda-Psi + ReLU,traditional,1,after_field,1,1,1,0.5,0.5,1,2026,0.003,0.0002,0.05,100,86,71,15,0.0001,64,384,256,192,1329874,1329874,723.7906211570371,cuda,./results/lambda_psi_comparison/checkpoints/cifar10/traditional_field_relu/cifar10__traditional_field_relu__seed1__lr0p003__cfg62159fe3b2b2.pt,1.3660695850372315,58.58,93.67999999999999,,,,,,,1.385896464920044,57.089999999999996,93.99,,,,,,,0.8197749853134155,0.6133474111557007,0.9024749994277954,0.44841447472572327,0.7600626945495605,0.3843320310115814,0.6038575768470764,0.2775488495826721
cifar10__traditional_field_relu__seed2__lr0p003__cfg62159fe3b2b2,62159fe3b2b2,96b354dd2d4cd04c,2.12.1+cu130,0.27.1+cu130,1.9.0,2.5.2,0,4,2026-08-20T22:01:16.426986+00:00,ok,,cifar10,classification,traditional_field_relu,Traditional neuron + Lambda-Psi + ReLU,traditional,1,after_field,1,1,1,0.5,0.5,2,2026,0.003,0.0002,0.05,100,96,81,15,0.0001,64,384,256,192,1329874,1329874,805.5466832679231,cuda,./results/lambda_psi_comparison/checkpoints/cifar10/traditional_field_relu/cifar10__traditional_field_relu__seed2__lr0p003__cfg62159fe3b2b2.pt,1.3963278203964233,57.58,94.0,,,,,,,1.379971685028076,57.64,94.17999999999999,,,,,,,0.8168266415596008,0.608853816986084,0.9026138782501221,0.4662100672721863,0.7700385451316833,0.361785888671875,0.5948907136917114,0.2604283392429352
cifar10__traditional_field_relu__seed3__lr0p003__cfg62159fe3b2b2,62159fe3b2b2,96b354dd2d4cd04c,2.12.1+cu130,0.27.1+cu130,1.9.0,2.5.2,0,4,2026-08-20T22:14:49.035338+00:00,ok,,cifar10,classification,traditional_field_relu,Traditional neuron + Lambda-Psi + ReLU,traditional,1,after_field,1,1,1,0.5,0.5,3,2026,0.003,0.0002,0.05,100,96,81,15,0.0001,64,384,256,192,1329874,1329874,808.973695099121,cuda,./results/lambda_psi_comparison/checkpoints/cifar10/traditional_field_relu/cifar10__traditional_field_relu__seed3__lr0p003__cfg62159fe3b2b2.pt,1.3969392070770263,57.379999999999995,93.82000000000001,,,,,,,1.3900854201316835,57.089999999999996,94.02000000000001,,,,,,,0.8273314237594604,0.5900952219963074,0.903811514377594,0.46630921959877014,0.7419866919517517,0.36812761425971985,0.6028445363044739,0.262119859457016
cifar10__traditional_field_relu__seed4__lr0p003__cfg62159fe3b2b2,62159fe3b2b2,96b354dd2d4cd04c,2.12.1+cu130,0.27.1+cu130,1.9.0,2.5.2,0,4,2026-08-20T22:25:11.848561+00:00,ok,,cifar10,classification,traditional_field_relu,Traditional neuron + Lambda-Psi + ReLU,traditional,1,after_field,1,1,1,0.5,0.5,4,2026,0.003,0.0002,0.05,100,74,59,15,0.0001,64,384,256,192,1329874,1329874,619.1545585780405,cuda,./results/lambda_psi_comparison/checkpoints/cifar10/traditional_field_relu/cifar10__traditional_field_relu__seed4__lr0p003__cfg62159fe3b2b2.pt,1.3764964241981505,57.099999999999994,93.66,,,,,,,1.3846110414505004,56.86,93.82000000000001,,,,,,,0.8216415643692017,0.601066529750824,0.9068241715431213,0.48687538504600525,0.780135452747345,0.3866482377052307,0.6043243408203125,0.2773880958557129
cifar10__traditional_relu_field__seed0__lr0p0003__cfg6f89bdf24358,6f89bdf24358,96b354dd2d4cd04c,2.12.1+cu130,0.27.1+cu130,1.9.0,2.5.2,0,4,2026-08-20T22:39:28.108555+00:00,ok,,cifar10,classification,traditional_relu_field,Traditional neuron + ReLU + Lambda-Psi,traditional,1,before_field,1,1,1,0.5,0.5,0,2026,0.0003,0.0002,0.05,100,100,90,15,0.0001,64,384,256,192,1329874,1329874,852.6738028379623,cuda,./results/lambda_psi_comparison/checkpoints/cifar10/traditional_relu_field/cifar10__traditional_relu_field__seed0__lr0p0003__cfg6f89bdf24358.pt,1.374976679801941,55.800000000000004,94.62,,,,,,,1.3770022354125977,56.52,93.58,,,,,,,0.25831079483032227,0.25303348898887634,0.3028582036495209,0.1978543996810913,0.30766740441322327,0.26499587297439575,0.38683947920799255,0.3049229681491852
cifar10__traditional_relu_field__seed1__lr0p0003__cfg6f89bdf24358,6f89bdf24358,96b354dd2d4cd04c,2.12.1+cu130,0.27.1+cu130,1.9.0,2.5.2,0,4,2026-08-20T22:53:45.041437+00:00,ok,,cifar10,classification,traditional_relu_field,Traditional neuron + ReLU + Lambda-Psi,traditional,1,before_field,1,1,1,0.5,0.5,1,2026,0.0003,0.0002,0.05,100,100,88,15,0.0001,64,384,256,192,1329874,1329874,853.2410509181209,cuda,./results/lambda_psi_comparison/checkpoints/cifar10/traditional_relu_field/cifar10__traditional_relu_field__seed1__lr0p0003__cfg6f89bdf24358.pt,1.373880350112915,56.599999999999994,93.47999999999999,,,,,,,1.3796782670974732,56.00000000000001,93.92,,,,,,,0.26403555274009705,0.2654869258403778,0.30528903007507324,0.20040395855903625,0.3075224459171295,0.2723774015903473,0.38327306509017944,0.30776235461235046
cifar10__traditional_relu_field__seed2__lr0p0003__cfg6f89bdf24358,6f89bdf24358,96b354dd2d4cd04c,2.12.1+cu130,0.27.1+cu130,1.9.0,2.5.2,0,4,2026-08-20T23:08:00.094793+00:00,ok,,cifar10,classification,traditional_relu_field,Traditional neuron + ReLU + Lambda-Psi,traditional,1,before_field,1,1,1,0.5,0.5,2,2026,0.0003,0.0002,0.05,100,100,87,15,0.0001,64,384,256,192,1329874,1329874,851.3540292188991,cuda,./results/lambda_psi_comparison/checkpoints/cifar10/traditional_relu_field/cifar10__traditional_relu_field__seed2__lr0p0003__cfg6f89bdf24358.pt,1.3700574234008789,56.2,93.88,,,,,,,1.373838910484314,55.84,93.93,,,,,,,0.2678264379501343,0.25650855898857117,0.31974077224731445,0.21740561723709106,0.31493815779685974,0.2699289321899414,0.3882516324520111,0.31088292598724365
cifar10__traditional_relu_field__seed3__lr0p0003__cfg6f89bdf24358,6f89bdf24358,96b354dd2d4cd04c,2.12.1+cu130,0.27.1+cu130,1.9.0,2.5.2,0,4,2026-08-20T23:18:11.254408+00:00,ok,,cifar10,classification,traditional_relu_field,Traditional neuron + ReLU + Lambda-Psi,traditional,1,before_field,1,1,1,0.5,0.5,3,2026,0.0003,0.0002,0.05,100,72,57,15,0.0001,64,384,256,192,1329874,1329874,607.4848101730458,cuda,./results/lambda_psi_comparison/checkpoints/cifar10/traditional_relu_field/cifar10__traditional_relu_field__seed3__lr0p0003__cfg6f89bdf24358.pt,1.3824155395507813,55.800000000000004,94.08,,,,,,,1.3896415735244751,55.05,94.1,,,,,,,0.28975850343704224,0.2853713035583496,0.3380102217197418,0.2259412556886673,0.33356809616088867,0.28816336393356323,0.3962513506412506,0.3270619213581085
cifar10__traditional_relu_field__seed4__lr0p0003__cfg6f89bdf24358,6f89bdf24358,96b354dd2d4cd04c,2.12.1+cu130,0.27.1+cu130,1.9.0,2.5.2,0,4,2026-08-20T23:30:11.265395+00:00,ok,,cifar10,classification,traditional_relu_field,Traditional neuron + ReLU + Lambda-Psi,traditional,1,before_field,1,1,1,0.5,0.5,4,2026,0.0003,0.0002,0.05,100,84,69,15,0.0001,64,384,256,192,1329874,1329874,716.3792578659486,cuda,./results/lambda_psi_comparison/checkpoints/cifar10/traditional_relu_field/cifar10__traditional_relu_field__seed4__lr0p0003__cfg6f89bdf24358.pt,1.3797460264205932,56.26,94.06,,,,,,,1.3792780347824096,55.76,94.07,,,,,,,0.2774706184864044,0.2281763106584549,0.31670382618904114,0.21153602004051208,0.3184765875339508,0.27130600810050964,0.39664408564567566,0.31881192326545715
cifar10__traditional_relu_field__seed0__lr0p0005__cfg6f89bdf24358,6f89bdf24358,96b354dd2d4cd04c,2.12.1+cu130,0.27.1+cu130,1.9.0,2.5.2,0,4,2026-08-20T23:39:10.936717+00:00,ok,,cifar10,classification,traditional_relu_field,Traditional neuron + ReLU + Lambda-Psi,traditional,1,before_field,1,1,1,0.5,0.5,0,2026,0.0005,0.0002,0.05,100,64,49,15,0.0001,64,384,256,192,1329874,1329874,536.0072748980019,cuda,./results/lambda_psi_comparison/checkpoints/cifar10/traditional_relu_field/cifar10__traditional_relu_field__seed0__lr0p0005__cfg6f89bdf24358.pt,1.3929100803375245,56.44,93.56,,,,,,,1.3953438184738158,55.00000000000001,93.75,,,,,,,0.3090361952781677,0.19877487421035767,0.3877958655357361,0.1928589642047882,0.3835456967353821,0.28325125575065613,0.49258822202682495,0.38064664602279663
cifar10__traditional_relu_field__seed1__lr0p0005__cfg6f89bdf24358,6f89bdf24358,96b354dd2d4cd04c,2.12.1+cu130,0.27.1+cu130,1.9.0,2.5.2,0,4,2026-08-20T23:52:31.491936+00:00,ok,,cifar10,classification,traditional_relu_field,Traditional neuron + ReLU + Lambda-Psi,traditional,1,before_field,1,1,1,0.5,0.5,1,2026,0.0005,0.0002,0.05,100,95,80,15,0.0001,64,384,256,192,1329874,1329874,796.9466064218432,cuda,./results/lambda_psi_comparison/checkpoints/cifar10/traditional_relu_field/cifar10__traditional_relu_field__seed1__lr0p0005__cfg6f89bdf24358.pt,1.3773743392944335,56.06,93.60000000000001,,,,,,,1.3862635465621949,55.69,93.95,,,,,,,0.2789771556854248,0.17914238572120667,0.3676135241985321,0.17535355687141418,0.3564532995223999,0.2580166757106781,0.49521878361701965,0.3629171550273895
cifar10__traditional_relu_field__seed2__lr0p0005__cfg6f89bdf24358,6f89bdf24358,96b354dd2d4cd04c,2.12.1+cu130,0.27.1+cu130,1.9.0,2.5.2,0,4,2026-08-21T00:02:47.958781+00:00,ok,,cifar10,classification,traditional_relu_field,Traditional neuron + ReLU + Lambda-Psi,traditional,1,before_field,1,1,1,0.5,0.5,2,2026,0.0005,0.0002,0.05,100,73,58,15,0.0001,64,384,256,192,1329874,1329874,612.9241626160219,cuda,./results/lambda_psi_comparison/checkpoints/cifar10/traditional_relu_field/cifar10__traditional_relu_field__seed2__lr0p0005__cfg6f89bdf24358.pt,1.3792154928207399,56.32,93.97999999999999,,,,,,,1.3758068223953248,56.32,94.26,,,,,,,0.3014799952507019,0.18269574642181396,0.40097537636756897,0.19801616668701172,0.37823814153671265,0.26899299025535583,0.4899772107601166,0.3680860102176666
cifar10__traditional_relu_field__seed3__lr0p0005__cfg6f89bdf24358,6f89bdf24358,96b354dd2d4cd04c,2.12.1+cu130,0.27.1+cu130,1.9.0,2.5.2,0,4,2026-08-21T00:11:48.085831+00:00,ok,,cifar10,classification,traditional_relu_field,Traditional neuron + ReLU + Lambda-Psi,traditional,1,before_field,1,1,1,0.5,0.5,3,2026,0.0005,0.0002,0.05,100,63,48,15,0.0001,64,384,256,192,1329874,1329874,536.569606883917,cuda,./results/lambda_psi_comparison/checkpoints/cifar10/traditional_relu_field/cifar10__traditional_relu_field__seed3__lr0p0005__cfg6f89bdf24358.pt,1.3834410734176636,55.84,93.66,,,,,,,1.386722091293335,55.589999999999996,94.05,,,,,,,0.3155030906200409,0.21052825450897217,0.3965833783149719,0.2091667205095291,0.38113608956336975,0.28139206767082214,0.4871540665626526,0.37641528248786926
cifar10__traditional_relu_field__seed4__lr0p0005__cfg6f89bdf24358,6f89bdf24358,96b354dd2d4cd04c,2.12.1+cu130,0.27.1+cu130,1.9.0,2.5.2,0,4,2026-08-21T00:24:00.787064+00:00,ok,,cifar10,classification,traditional_relu_field,Traditional neuron + ReLU + Lambda-Psi,traditional,1,before_field,1,1,1,0.5,0.5,4,2026,0.0005,0.0002,0.05,100,85,70,15,0.0001,64,384,256,192,1329874,1329874,729.1280378540978,cuda,./results/lambda_psi_comparison/checkpoints/cifar10/traditional_relu_field/cifar10__traditional_relu_field__seed4__lr0p0005__cfg6f89bdf24358.pt,1.3746226177215577,56.68,93.76,,,,,,,1.388280509185791,55.86,93.62,,,,,,,0.2851727604866028,0.16546696424484253,0.3724238872528076,0.1820494681596756,0.3638014495372772,0.2585155963897705,0.49969106912612915,0.3641248643398285
cifar10__traditional_relu_field__seed0__lr0p001__cfg6f89bdf24358,6f89bdf24358,96b354dd2d4cd04c,2.12.1+cu130,0.27.1+cu130,1.9.0,2.5.2,0,4,2026-08-21T00:38:11.331653+00:00,ok,,cifar10,classification,traditional_relu_field,Traditional neuron + ReLU + Lambda-Psi,traditional,1,before_field,1,1,1,0.5,0.5,0,2026,0.001,0.0002,0.05,100,100,97,15,0.0001,64,384,256,192,1329874,1329874,847.0538309980184,cuda,./results/lambda_psi_comparison/checkpoints/cifar10/traditional_relu_field/cifar10__traditional_relu_field__seed0__lr0p001__cfg6f89bdf24358.pt,1.360846337890625,57.64,93.78,,,,,,,1.3640422788619995,57.099999999999994,94.08999999999999,,,,,,,0.3937159776687622,0.08094332367181778,0.615585446357727,0.11866261810064316,0.5034676790237427,0.24929122626781464,0.6600533723831177,0.4320143759250641
cifar10__traditional_relu_field__seed1__lr0p001__cfg6f89bdf24358,6f89bdf24358,96b354dd2d4cd04c,2.12.1+cu130,0.27.1+cu130,1.9.0,2.5.2,0,4,2026-08-21T00:49:22.302734+00:00,ok,,cifar10,classification,traditional_relu_field,Traditional neuron + ReLU + Lambda-Psi,traditional,1,before_field,1,1,1,0.5,0.5,1,2026,0.001,0.0002,0.05,100,79,64,15,0.0001,64,384,256,192,1329874,1329874,667.3590533270035,cuda,./results/lambda_psi_comparison/checkpoints/cifar10/traditional_relu_field/cifar10__traditional_relu_field__seed1__lr0p001__cfg6f89bdf24358.pt,1.3777083549499511,56.599999999999994,93.82000000000001,,,,,,,1.3677958959579468,56.42,93.96,,,,,,,0.4085502028465271,0.08837832510471344,0.6194002032279968,0.12691599130630493,0.5293896794319153,0.25769829750061035,0.6646693348884583,0.44845274090766907
cifar10__traditional_relu_field__seed2__lr0p001__cfg6f89bdf24358,6f89bdf24358,96b354dd2d4cd04c,2.12.1+cu130,0.27.1+cu130,1.9.0,2.5.2,0,4,2026-08-21T01:02:39.252481+00:00,ok,,cifar10,classification,traditional_relu_field,Traditional neuron + ReLU + Lambda-Psi,traditional,1,before_field,1,1,1,0.5,0.5,2,2026,0.001,0.0002,0.05,100,93,78,15,0.0001,64,384,256,192,1329874,1329874,793.325894638896,cuda,./results/lambda_psi_comparison/checkpoints/cifar10/traditional_relu_field/cifar10__traditional_relu_field__seed2__lr0p001__cfg6f89bdf24358.pt,1.3512517583847046,57.440000000000005,94.02000000000001,,,,,,,1.3696832221984863,56.76,94.01,,,,,,,0.3997880220413208,0.08654796332120895,0.6108486652374268,0.13158240914344788,0.49693572521209717,0.24965476989746094,0.6624554395675659,0.4298500120639801
cifar10__traditional_relu_field__seed3__lr0p001__cfg6f89bdf24358,6f89bdf24358,96b354dd2d4cd04c,2.12.1+cu130,0.27.1+cu130,1.9.0,2.5.2,0,4,2026-08-21T01:16:52.746697+00:00,ok,,cifar10,classification,traditional_relu_field,Traditional neuron + ReLU + Lambda-Psi,traditional,1,before_field,1,1,1,0.5,0.5,3,2026,0.001,0.0002,0.05,100,100,95,15,0.0001,64,384,256,192,1329874,1329874,849.8981898899656,cuda,./results/lambda_psi_comparison/checkpoints/cifar10/traditional_relu_field/cifar10__traditional_relu_field__seed3__lr0p001__cfg6f89bdf24358.pt,1.3567528329849243,57.120000000000005,93.88,,,,,,,1.3639615230560302,56.67,94.23,,,,,,,0.4116537272930145,0.09122791141271591,0.6079985499382019,0.13892973959445953,0.4917137920856476,0.247068852186203,0.6460372805595398,0.4279309809207916
cifar10__traditional_relu_field__seed4__lr0p001__cfg6f89bdf24358,6f89bdf24358,96b354dd2d4cd04c,2.12.1+cu130,0.27.1+cu130,1.9.0,2.5.2,0,4,2026-08-21T01:25:17.064033+00:00,ok,,cifar10,classification,traditional_relu_field,Traditional neuron + ReLU + Lambda-Psi,traditional,1,before_field,1,1,1,0.5,0.5,4,2026,0.001,0.0002,0.05,100,60,45,15,0.0001,64,384,256,192,1329874,1329874,500.6605017250404,cuda,./results/lambda_psi_comparison/checkpoints/cifar10/traditional_relu_field/cifar10__traditional_relu_field__seed4__lr0p001__cfg6f89bdf24358.pt,1.3958562082290649,55.46,93.36,,,,,,,1.39810730342865,54.410000000000004,93.58,,,,,,,0.437527596950531,0.10504410415887833,0.6115338802337646,0.14888176321983337,0.5240470767021179,0.2741965055465698,0.6495980024337769,0.4626927375793457
cifar10__traditional_relu_field__seed0__lr0p002__cfg6f89bdf24358,6f89bdf24358,96b354dd2d4cd04c,2.12.1+cu130,0.27.1+cu130,1.9.0,2.5.2,0,4,2026-08-21T01:38:37.930632+00:00,ok,,cifar10,classification,traditional_relu_field,Traditional neuron + ReLU + Lambda-Psi,traditional,1,before_field,1,1,1,0.5,0.5,0,2026,0.002,0.0002,0.05,100,93,78,15,0.0001,64,384,256,192,1329874,1329874,797.3168442409951,cuda,./results/lambda_psi_comparison/checkpoints/cifar10/traditional_relu_field/cifar10__traditional_relu_field__seed0__lr0p002__cfg6f89bdf24358.pt,1.3438620761871338,57.940000000000005,94.0,,,,,,,1.3412362199783325,57.879999999999995,94.69999999999999,,,,,,,0.6130158305168152,0.022654518485069275,0.8217403888702393,0.06257309764623642,0.7080418467521667,0.2308165431022644,0.7902129292488098,0.3898266553878784
cifar10__traditional_relu_field__seed1__lr0p002__cfg6f89bdf24358,6f89bdf24358,96b354dd2d4cd04c,2.12.1+cu130,0.27.1+cu130,1.9.0,2.5.2,0,4,2026-08-21T01:52:42.027711+00:00,ok,,cifar10,classification,traditional_relu_field,Traditional neuron + ReLU + Lambda-Psi,traditional,1,before_field,1,1,1,0.5,0.5,1,2026,0.002,0.0002,0.05,100,100,90,15,0.0001,64,384,256,192,1329874,1329874,840.513964187121,cuda,./results/lambda_psi_comparison/checkpoints/cifar10/traditional_relu_field/cifar10__traditional_relu_field__seed1__lr0p002__cfg6f89bdf24358.pt,1.3395509298324586,57.78,94.26,,,,,,,1.343768217277527,57.78,94.53,,,,,,,0.5892155170440674,0.02010853961110115,0.8399096131324768,0.05566079542040825,0.726576030254364,0.21375466883182526,0.7925073504447937,0.3941476345062256
cifar10__traditional_relu_field__seed2__lr0p002__cfg6f89bdf24358,6f89bdf24358,96b354dd2d4cd04c,2.12.1+cu130,0.27.1+cu130,1.9.0,2.5.2,0,4,2026-08-21T02:06:46.696745+00:00,ok,,cifar10,classification,traditional_relu_field,Traditional neuron + ReLU + Lambda-Psi,traditional,1,before_field,1,1,1,0.5,0.5,2,2026,0.002,0.0002,0.05,100,100,91,15,0.0001,64,384,256,192,1329874,1329874,841.1460196438711,cuda,./results/lambda_psi_comparison/checkpoints/cifar10/traditional_relu_field/cifar10__traditional_relu_field__seed2__lr0p002__cfg6f89bdf24358.pt,1.3446761348724365,57.379999999999995,94.64,,,,,,,1.3476638317108154,57.589999999999996,94.69,,,,,,,0.5986290574073792,0.026963738724589348,0.8278936147689819,0.0709613487124443,0.6881483197212219,0.2352071851491928,0.7825356125831604,0.413204163312912
cifar10__traditional_relu_field__seed3__lr0p002__cfg6f89bdf24358,6f89bdf24358,96b354dd2d4cd04c,2.12.1+cu130,0.27.1+cu130,1.9.0,2.5.2,0,4,2026-08-21T02:21:03.979722+00:00,ok,,cifar10,classification,traditional_relu_field,Traditional neuron + ReLU + Lambda-Psi,traditional,1,before_field,1,1,1,0.5,0.5,3,2026,0.002,0.0002,0.05,100,100,87,15,0.0001,64,384,256,192,1329874,1329874,853.6800863109529,cuda,./results/lambda_psi_comparison/checkpoints/cifar10/traditional_relu_field/cifar10__traditional_relu_field__seed3__lr0p002__cfg6f89bdf24358.pt,1.3358993300437927,57.84,94.48,,,,,,,1.3344622695922852,57.599999999999994,94.87,,,,,,,0.6301898956298828,0.03361155465245247,0.8044812679290771,0.09090927988290787,0.6982188820838928,0.24828974902629852,0.7811866998672485,0.3873862028121948
cifar10__traditional_relu_field__seed4__lr0p002__cfg6f89bdf24358,6f89bdf24358,96b354dd2d4cd04c,2.12.1+cu130,0.27.1+cu130,1.9.0,2.5.2,0,4,2026-08-21T02:34:40.812794+00:00,ok,,cifar10,classification,traditional_relu_field,Traditional neuron + ReLU + Lambda-Psi,traditional,1,before_field,1,1,1,0.5,0.5,4,2026,0.002,0.0002,0.05,100,96,81,15,0.0001,64,384,256,192,1329874,1329874,813.1727458219975,cuda,./results/lambda_psi_comparison/checkpoints/cifar10/traditional_relu_field/cifar10__traditional_relu_field__seed4__lr0p002__cfg6f89bdf24358.pt,1.3747719295501708,56.49999999999999,94.0,,,,,,,1.3586743740081788,56.93,94.61,,,,,,,0.6125888824462891,0.023052487522363663,0.8192967176437378,0.06840511411428452,0.7179781198501587,0.23479202389717102,0.7821714282035828,0.41050371527671814
cifar10__traditional_relu_field__seed0__lr0p003__cfg6f89bdf24358,6f89bdf24358,96b354dd2d4cd04c,2.12.1+cu130,0.27.1+cu130,1.9.0,2.5.2,0,4,2026-08-21T02:48:57.318910+00:00,ok,,cifar10,classification,traditional_relu_field,Traditional neuron + ReLU + Lambda-Psi,traditional,1,before_field,1,1,1,0.5,0.5,0,2026,0.003,0.0002,0.05,100,100,91,15,0.0001,64,384,256,192,1329874,1329874,852.953639412066,cuda,./results/lambda_psi_comparison/checkpoints/cifar10/traditional_relu_field/cifar10__traditional_relu_field__seed0__lr0p003__cfg6f89bdf24358.pt,1.3485477149963379,57.06,94.14,,,,,,,1.3531774129867553,56.830000000000005,94.5,,,,,,,0.7153971791267395,0.008661950938403606,0.868269145488739,0.047205500304698944,0.7842894792556763,0.20114505290985107,0.8595387935638428,0.3817479908466339
cifar10__traditional_relu_field__seed1__lr0p003__cfg6f89bdf24358,6f89bdf24358,96b354dd2d4cd04c,2.12.1+cu130,0.27.1+cu130,1.9.0,2.5.2,0,4,2026-08-21T03:03:12.138924+00:00,ok,,cifar10,classification,traditional_relu_field,Traditional neuron + ReLU + Lambda-Psi,traditional,1,before_field,1,1,1,0.5,0.5,1,2026,0.003,0.0002,0.05,100,100,99,15,0.0001,64,384,256,192,1329874,1329874,851.0928880218416,cuda,./results/lambda_psi_comparison/checkpoints/cifar10/traditional_relu_field/cifar10__traditional_relu_field__seed1__lr0p003__cfg6f89bdf24358.pt,1.3501927854537963,57.14,94.44,,,,,,,1.3471146919250487,57.35,94.36,,,,,,,0.6701940298080444,0.005497827660292387,0.9007852673530579,0.033018238842487335,0.7956932187080383,0.19941994547843933,0.8584283590316772,0.35945361852645874
cifar10__traditional_relu_field__seed2__lr0p003__cfg6f89bdf24358,6f89bdf24358,96b354dd2d4cd04c,2.12.1+cu130,0.27.1+cu130,1.9.0,2.5.2,0,4,2026-08-21T03:17:26.556068+00:00,ok,,cifar10,classification,traditional_relu_field,Traditional neuron + ReLU + Lambda-Psi,traditional,1,before_field,1,1,1,0.5,0.5,2,2026,0.003,0.0002,0.05,100,100,88,15,0.0001,64,384,256,192,1329874,1329874,850.7834024478216,cuda,./results/lambda_psi_comparison/checkpoints/cifar10/traditional_relu_field/cifar10__traditional_relu_field__seed2__lr0p003__cfg6f89bdf24358.pt,1.3496519409179688,57.76,94.28,,,,,,,1.3558375801086426,56.92,94.59,,,,,,,0.7251615524291992,0.010725478641688824,0.8759421706199646,0.057543106377124786,0.749949038028717,0.23854991793632507,0.8385611772537231,0.37921446561813354
cifar10__traditional_relu_field__seed3__lr0p003__cfg6f89bdf24358,6f89bdf24358,96b354dd2d4cd04c,2.12.1+cu130,0.27.1+cu130,1.9.0,2.5.2,0,4,2026-08-21T03:31:39.509859+00:00,ok,,cifar10,classification,traditional_relu_field,Traditional neuron + ReLU + Lambda-Psi,traditional,1,before_field,1,1,1,0.5,0.5,3,2026,0.003,0.0002,0.05,100,100,87,15,0.0001,64,384,256,192,1329874,1329874,849.3993521500379,cuda,./results/lambda_psi_comparison/checkpoints/cifar10/traditional_relu_field/cifar10__traditional_relu_field__seed3__lr0p003__cfg6f89bdf24358.pt,1.3318938121795654,57.879999999999995,94.64,,,,,,,1.3422128776550293,57.220000000000006,94.49,,,,,,,0.7305008769035339,0.015104531310498714,0.8681614398956299,0.06306467950344086,0.7749288082122803,0.2072853147983551,0.849156379699707,0.3837977647781372
cifar10__traditional_relu_field__seed4__lr0p003__cfg6f89bdf24358,6f89bdf24358,96b354dd2d4cd04c,2.12.1+cu130,0.27.1+cu130,1.9.0,2.5.2,0,4,2026-08-21T03:45:57.352996+00:00,ok,,cifar10,classification,traditional_relu_field,Traditional neuron + ReLU + Lambda-Psi,traditional,1,before_field,1,1,1,0.5,0.5,4,2026,0.003,0.0002,0.05,100,100,92,15,0.0001,64,384,256,192,1329874,1329874,854.2799340030178,cuda,./results/lambda_psi_comparison/checkpoints/cifar10/traditional_relu_field/cifar10__traditional_relu_field__seed4__lr0p003__cfg6f89bdf24358.pt,1.3752865869522095,55.96,93.86,,,,,,,1.3645776391983033,56.26,94.56,,,,,,,0.698558509349823,0.012247740291059017,0.8605077266693115,0.0383913591504097,0.7917989492416382,0.2283829301595688,0.85074383020401,0.36806631088256836
cifar10__aptx__seed0__lr0p0003__cfg36a611bb4a6b,36a611bb4a6b,96b354dd2d4cd04c,2.12.1+cu130,0.27.1+cu130,1.9.0,2.5.2,0,4,2026-08-21T04:26:21.440722+00:00,ok,,cifar10,classification,aptx,APTx Neuron,aptx,0,none,0,1,1,0.5,0.5,0,2026,0.0003,0.0002,0.05,100,60,45,15,0.0001,64,384,256,192,3987914,3987914,2415.179120098008,cuda,./results/lambda_psi_comparison/checkpoints/cifar10/aptx/cifar10__aptx__seed0__lr0p0003__cfg36a611bb4a6b.pt,11753.4728609375,34.74,82.28,,,,,,,12121.03689765625,34.53,82.22,,,,,,,,,,,,,,
cifar10__aptx__seed1__lr0p0003__cfg36a611bb4a6b,36a611bb4a6b,96b354dd2d4cd04c,2.12.1+cu130,0.27.1+cu130,1.9.0,2.5.2,0,4,2026-08-21T04:57:18.467452+00:00,ok,,cifar10,classification,aptx,APTx Neuron,aptx,0,none,0,1,1,0.5,0.5,1,2026,0.0003,0.0002,0.05,100,46,31,15,0.0001,64,384,256,192,3987914,3987914,1848.4395335209556,cuda,./results/lambda_psi_comparison/checkpoints/cifar10/aptx/cifar10__aptx__seed1__lr0p0003__cfg36a611bb4a6b.pt,16146.892671875,34.94,82.89999999999999,,,,,,,16342.621853125,34.98,82.76,,,,,,,,,,,,,,
cifar10__aptx__seed2__lr0p0003__cfg36a611bb4a6b,36a611bb4a6b,96b354dd2d4cd04c,2.12.1+cu130,0.27.1+cu130,1.9.0,2.5.2,0,4,2026-08-21T05:23:33.827410+00:00,ok,,cifar10,classification,aptx,APTx Neuron,aptx,0,none,0,1,1,0.5,0.5,2,2026,0.0003,0.0002,0.05,100,39,24,15,0.0001,64,384,256,192,3987914,3987914,1566.9562473229598,cuda,./results/lambda_psi_comparison/checkpoints/cifar10/aptx/cifar10__aptx__seed2__lr0p0003__cfg36a611bb4a6b.pt,22072.912728125,33.98,82.26,,,,,,,21459.94585625,33.17,83.05,,,,,,,,,,,,,,
cifar10__aptx__seed3__lr0p0003__cfg36a611bb4a6b,36a611bb4a6b,96b354dd2d4cd04c,2.12.1+cu130,0.27.1+cu130,1.9.0,2.5.2,0,4,2026-08-21T05:57:11.362093+00:00,ok,,cifar10,classification,aptx,APTx Neuron,aptx,0,none,0,1,1,0.5,0.5,3,2026,0.0003,0.0002,0.05,100,50,35,15,0.0001,64,384,256,192,3987914,3987914,2008.8844293931033,cuda,./results/lambda_psi_comparison/checkpoints/cifar10/aptx/cifar10__aptx__seed3__lr0p0003__cfg36a611bb4a6b.pt,15696.6653671875,34.699999999999996,82.88,,,,,,,15575.38375625,35.42,83.67999999999999,,,,,,,,,,,,,,
cifar10__aptx__seed4__lr0p0003__cfg36a611bb4a6b,36a611bb4a6b,96b354dd2d4cd04c,2.12.1+cu130,0.27.1+cu130,1.9.0,2.5.2,0,4,2026-08-21T06:33:39.095166+00:00,ok,,cifar10,classification,aptx,APTx Neuron,aptx,0,none,0,1,1,0.5,0.5,4,2026,0.0003,0.0002,0.05,100,54,39,15,0.0001,64,384,256,192,3987914,3987914,2179.2635317058302,cuda,./results/lambda_psi_comparison/checkpoints/cifar10/aptx/cifar10__aptx__seed4__lr0p0003__cfg36a611bb4a6b.pt,12891.86684375,36.0,83.67999999999999,,,,,,,13199.734596875,35.52,83.67,,,,,,,,,,,,,,
cifar10__aptx__seed0__lr0p0005__cfg36a611bb4a6b,36a611bb4a6b,96b354dd2d4cd04c,2.12.1+cu130,0.27.1+cu130,1.9.0,2.5.2,0,4,2026-08-21T06:54:05.114648+00:00,ok,,cifar10,classification,aptx,APTx Neuron,aptx,0,none,0,1,1,0.5,0.5,0,2026,0.0005,0.0002,0.05,100,30,15,15,0.0001,64,384,256,192,3987914,3987914,1217.058275714051,cuda,./results/lambda_psi_comparison/checkpoints/cifar10/aptx/cifar10__aptx__seed0__lr0p0005__cfg36a611bb4a6b.pt,25653.273409375,34.2,82.06,,,,,,,25826.812471875,34.43,82.22,,,,,,,,,,,,,,
cifar10__aptx__seed1__lr0p0005__cfg36a611bb4a6b,36a611bb4a6b,96b354dd2d4cd04c,2.12.1+cu130,0.27.1+cu130,1.9.0,2.5.2,0,4,2026-08-21T07:29:08.013415+00:00,ok,,cifar10,classification,aptx,APTx Neuron,aptx,0,none,0,1,1,0.5,0.5,1,2026,0.0005,0.0002,0.05,100,52,37,15,0.0001,64,384,256,192,3987914,3987914,2094.270633059088,cuda,./results/lambda_psi_comparison/checkpoints/cifar10/aptx/cifar10__aptx__seed1__lr0p0005__cfg36a611bb4a6b.pt,9937.462146875,35.699999999999996,79.54,,,,,,,9928.6565,36.5,79.83,,,,,,,,,,,,,,
cifar10__aptx__seed2__lr0p0005__cfg36a611bb4a6b,36a611bb4a6b,96b354dd2d4cd04c,2.12.1+cu130,0.27.1+cu130,1.9.0,2.5.2,0,4,2026-08-21T07:54:43.103475+00:00,ok,,cifar10,classification,aptx,APTx Neuron,aptx,0,none,0,1,1,0.5,0.5,2,2026,0.0005,0.0002,0.05,100,38,23,15,0.0001,64,384,256,192,3987914,3987914,1526.5043865209445,cuda,./results/lambda_psi_comparison/checkpoints/cifar10/aptx/cifar10__aptx__seed2__lr0p0005__cfg36a611bb4a6b.pt,13657.47155625,34.660000000000004,81.89999999999999,,,,,,,13924.7056609375,34.33,81.84,,,,,,,,,,,,,,
cifar10__aptx__seed3__lr0p0005__cfg36a611bb4a6b,36a611bb4a6b,96b354dd2d4cd04c,2.12.1+cu130,0.27.1+cu130,1.9.0,2.5.2,0,4,2026-08-21T08:10:56.599381+00:00,ok,,cifar10,classification,aptx,APTx Neuron,aptx,0,none,0,1,1,0.5,0.5,3,2026,0.0005,0.0002,0.05,100,24,9,15,0.0001,64,384,256,192,3987914,3987914,964.6709300901275,cuda,./results/lambda_psi_comparison/checkpoints/cifar10/aptx/cifar10__aptx__seed3__lr0p0005__cfg36a611bb4a6b.pt,50475.55318125,33.0,80.72,,,,,,,49413.24158125,33.52,81.56,,,,,,,,,,,,,,
cifar10__aptx__seed4__lr0p0005__cfg36a611bb4a6b,36a611bb4a6b,96b354dd2d4cd04c,2.12.1+cu130,0.27.1+cu130,1.9.0,2.5.2,0,4,2026-08-21T08:40:39.247909+00:00,ok,,cifar10,classification,aptx,APTx Neuron,aptx,0,none,0,1,1,0.5,0.5,4,2026,0.0005,0.0002,0.05,100,44,29,15,0.0001,64,384,256,192,3987914,3987914,1773.7524847229943,cuda,./results/lambda_psi_comparison/checkpoints/cifar10/aptx/cifar10__aptx__seed4__lr0p0005__cfg36a611bb4a6b.pt,12055.2870375,35.0,83.2,,,,,,,12274.832871875,34.410000000000004,82.77,,,,,,,,,,,,,,
cifar10__aptx__seed0__lr0p001__cfg36a611bb4a6b,36a611bb4a6b,96b354dd2d4cd04c,2.12.1+cu130,0.27.1+cu130,1.9.0,2.5.2,0,4,2026-08-21T08:53:32.713072+00:00,ok,,cifar10,classification,aptx,APTx Neuron,aptx,0,none,0,1,1,0.5,0.5,0,2026,0.001,0.0002,0.05,100,19,4,15,0.0001,64,384,256,192,3987914,3987914,764.9933062710334,cuda,./results/lambda_psi_comparison/checkpoints/cifar10/aptx/cifar10__aptx__seed0__lr0p001__cfg36a611bb4a6b.pt,61951.81009375,32.84,81.38,,,,,,,61267.2848875,33.22,81.92,,,,,,,,,,,,,,
cifar10__aptx__seed1__lr0p001__cfg36a611bb4a6b,36a611bb4a6b,96b354dd2d4cd04c,2.12.1+cu130,0.27.1+cu130,1.9.0,2.5.2,0,4,2026-08-21T09:09:48.547314+00:00,ok,,cifar10,classification,aptx,APTx Neuron,aptx,0,none,0,1,1,0.5,0.5,1,2026,0.001,0.0002,0.05,100,24,9,15,0.0001,64,384,256,192,3987914,3987914,966.9293197989464,cuda,./results/lambda_psi_comparison/checkpoints/cifar10/aptx/cifar10__aptx__seed1__lr0p001__cfg36a611bb4a6b.pt,25323.627,33.58,80.74,,,,,,,25161.61695625,32.629999999999995,81.17,,,,,,,,,,,,,,
cifar10__aptx__seed2__lr0p001__cfg36a611bb4a6b,36a611bb4a6b,96b354dd2d4cd04c,2.12.1+cu130,0.27.1+cu130,1.9.0,2.5.2,0,4,2026-08-21T10:00:17.306051+00:00,ok,,cifar10,classification,aptx,APTx Neuron,aptx,0,none,0,1,1,0.5,0.5,2,2026,0.001,0.0002,0.05,100,75,60,15,0.0001,64,384,256,192,3987914,3987914,3020.1822797111236,cuda,./results/lambda_psi_comparison/checkpoints/cifar10/aptx/cifar10__aptx__seed2__lr0p001__cfg36a611bb4a6b.pt,2355.248389453125,40.6,86.36,,,,,,,2393.818717578125,39.589999999999996,86.22,,,,,,,,,,,,,,
cifar10__aptx__seed3__lr0p001__cfg36a611bb4a6b,36a611bb4a6b,96b354dd2d4cd04c,2.12.1+cu130,0.27.1+cu130,1.9.0,2.5.2,0,4,2026-08-21T10:30:40.069400+00:00,ok,,cifar10,classification,aptx,APTx Neuron,aptx,0,none,0,1,1,0.5,0.5,3,2026,0.001,0.0002,0.05,100,45,30,15,0.0001,64,384,256,192,3987914,3987914,1813.9845269031357,cuda,./results/lambda_psi_comparison/checkpoints/cifar10/aptx/cifar10__aptx__seed3__lr0p001__cfg36a611bb4a6b.pt,6170.5834734375,38.080000000000005,85.26,,,,,,,6109.89315625,37.82,85.53,,,,,,,,,,,,,,
cifar10__aptx__seed4__lr0p001__cfg36a611bb4a6b,36a611bb4a6b,96b354dd2d4cd04c,2.12.1+cu130,0.27.1+cu130,1.9.0,2.5.2,0,4,2026-08-21T10:49:37.296878+00:00,ok,,cifar10,classification,aptx,APTx Neuron,aptx,0,none,0,1,1,0.5,0.5,4,2026,0.001,0.0002,0.05,100,28,13,15,0.0001,64,384,256,192,3987914,3987914,1128.3532082869206,cuda,./results/lambda_psi_comparison/checkpoints/cifar10/aptx/cifar10__aptx__seed4__lr0p001__cfg36a611bb4a6b.pt,15541.0168625,34.56,82.58,,,,,,,15547.1787734375,34.79,83.11,,,,,,,,,,,,,,
cifar10__aptx__seed0__lr0p002__cfg36a611bb4a6b,36a611bb4a6b,96b354dd2d4cd04c,2.12.1+cu130,0.27.1+cu130,1.9.0,2.5.2,0,4,2026-08-21T11:15:57.456597+00:00,ok,,cifar10,classification,aptx,APTx Neuron,aptx,0,none,0,1,1,0.5,0.5,0,2026,0.002,0.0002,0.05,100,39,24,15,0.0001,64,384,256,192,3987914,3987914,1571.6368891678285,cuda,./results/lambda_psi_comparison/checkpoints/cifar10/aptx/cifar10__aptx__seed0__lr0p002__cfg36a611bb4a6b.pt,5443.96555859375,36.14,83.1,,,,,,,5493.9040109375,35.839999999999996,84.61999999999999,,,,,,,,,,,,,,
cifar10__aptx__seed1__lr0p002__cfg36a611bb4a6b,36a611bb4a6b,96b354dd2d4cd04c,2.12.1+cu130,0.27.1+cu130,1.9.0,2.5.2,0,4,2026-08-21T11:36:54.956103+00:00,ok,,cifar10,classification,aptx,APTx Neuron,aptx,0,none,0,1,1,0.5,0.5,1,2026,0.002,0.0002,0.05,100,31,16,15,0.0001,64,384,256,192,3987914,3987914,1248.901332763955,cuda,./results/lambda_psi_comparison/checkpoints/cifar10/aptx/cifar10__aptx__seed1__lr0p002__cfg36a611bb4a6b.pt,10391.2769703125,35.52,80.80000000000001,,,,,,,10509.572603125,36.07,80.19,,,,,,,,,,,,,,
cifar10__aptx__seed2__lr0p002__cfg36a611bb4a6b,36a611bb4a6b,96b354dd2d4cd04c,2.12.1+cu130,0.27.1+cu130,1.9.0,2.5.2,0,4,2026-08-21T12:01:03.674432+00:00,ok,,cifar10,classification,aptx,APTx Neuron,aptx,0,none,0,1,1,0.5,0.5,2,2026,0.002,0.0002,0.05,100,36,21,15,0.0001,64,384,256,192,3987914,3987914,1439.7917585349642,cuda,./results/lambda_psi_comparison/checkpoints/cifar10/aptx/cifar10__aptx__seed2__lr0p002__cfg36a611bb4a6b.pt,7646.89490390625,35.480000000000004,79.9,,,,,,,7541.78139453125,35.28,80.91000000000001,,,,,,,,,,,,,,
cifar10__aptx__seed3__lr0p002__cfg36a611bb4a6b,36a611bb4a6b,96b354dd2d4cd04c,2.12.1+cu130,0.27.1+cu130,1.9.0,2.5.2,0,4,2026-08-21T12:26:41.150019+00:00,ok,,cifar10,classification,aptx,APTx Neuron,aptx,0,none,0,1,1,0.5,0.5,3,2026,0.002,0.0002,0.05,100,38,23,15,0.0001,64,384,256,192,3987914,3987914,1528.8859109929763,cuda,./results/lambda_psi_comparison/checkpoints/cifar10/aptx/cifar10__aptx__seed3__lr0p002__cfg36a611bb4a6b.pt,7422.74745859375,36.96,80.2,,,,,,,7566.1533375,37.19,79.93,,,,,,,,,,,,,,
cifar10__aptx__seed4__lr0p002__cfg36a611bb4a6b,36a611bb4a6b,96b354dd2d4cd04c,2.12.1+cu130,0.27.1+cu130,1.9.0,2.5.2,0,4,2026-08-21T12:46:16.839038+00:00,ok,,cifar10,classification,aptx,APTx Neuron,aptx,0,none,0,1,1,0.5,0.5,4,2026,0.002,0.0002,0.05,100,29,14,15,0.0001,64,384,256,192,3987914,3987914,1167.0134215250146,cuda,./results/lambda_psi_comparison/checkpoints/cifar10/aptx/cifar10__aptx__seed4__lr0p002__cfg36a611bb4a6b.pt,9768.2578625,35.8,83.28,,,,,,,9813.70663125,35.14,83.69,,,,,,,,,,,,,,
cifar10__aptx__seed0__lr0p003__cfg36a611bb4a6b,36a611bb4a6b,96b354dd2d4cd04c,2.12.1+cu130,0.27.1+cu130,1.9.0,2.5.2,0,4,2026-08-21T13:06:33.412270+00:00,ok,,cifar10,classification,aptx,APTx Neuron,aptx,0,none,0,1,1,0.5,0.5,0,2026,0.003,0.0002,0.05,100,30,15,15,0.0001,64,384,256,192,3987914,3987914,1207.9498207799625,cuda,./results/lambda_psi_comparison/checkpoints/cifar10/aptx/cifar10__aptx__seed0__lr0p003__cfg36a611bb4a6b.pt,7969.8195546875,34.78,82.66,,,,,,,7916.2084125,35.5,83.72,,,,,,,,,,,,,,
cifar10__aptx__seed1__lr0p003__cfg36a611bb4a6b,36a611bb4a6b,96b354dd2d4cd04c,2.12.1+cu130,0.27.1+cu130,1.9.0,2.5.2,0,4,2026-08-21T13:18:05.364248+00:00,ok,,cifar10,classification,aptx,APTx Neuron,aptx,0,none,0,1,1,0.5,0.5,1,2026,0.003,0.0002,0.05,100,17,2,15,0.0001,64,384,256,192,3987914,3987914,683.3651663570199,cuda,./results/lambda_psi_comparison/checkpoints/cifar10/aptx/cifar10__aptx__seed1__lr0p003__cfg36a611bb4a6b.pt,75076.6059,30.94,77.10000000000001,,,,,,,73730.37706875,30.69,77.75999999999999,,,,,,,,,,,,,,
cifar10__aptx__seed2__lr0p003__cfg36a611bb4a6b,36a611bb4a6b,96b354dd2d4cd04c,2.12.1+cu130,0.27.1+cu130,1.9.0,2.5.2,0,4,2026-08-21T13:34:19.410963+00:00,ok,,cifar10,classification,aptx,APTx Neuron,aptx,0,none,0,1,1,0.5,0.5,2,2026,0.003,0.0002,0.05,100,24,9,15,0.0001,64,384,256,192,3987914,3987914,965.1677859879564,cuda,./results/lambda_psi_comparison/checkpoints/cifar10/aptx/cifar10__aptx__seed2__lr0p003__cfg36a611bb4a6b.pt,13880.563465625,34.239999999999995,78.46,,,,,,,13679.212509375,34.38,78.84,,,,,,,,,,,,,,
cifar10__aptx__seed3__lr0p003__cfg36a611bb4a6b,36a611bb4a6b,96b354dd2d4cd04c,2.12.1+cu130,0.27.1+cu130,1.9.0,2.5.2,0,4,2026-08-21T14:03:56.794592+00:00,ok,,cifar10,classification,aptx,APTx Neuron,aptx,0,none,0,1,1,0.5,0.5,3,2026,0.003,0.0002,0.05,100,44,29,15,0.0001,64,384,256,192,3987914,3987914,1768.5111301308498,cuda,./results/lambda_psi_comparison/checkpoints/cifar10/aptx/cifar10__aptx__seed3__lr0p003__cfg36a611bb4a6b.pt,3255.808284765625,35.38,85.08,,,,,,,3272.118911328125,35.77,83.86,,,,,,,,,,,,,,
cifar10__aptx__seed4__lr0p003__cfg36a611bb4a6b,36a611bb4a6b,96b354dd2d4cd04c,2.12.1+cu130,0.27.1+cu130,1.9.0,2.5.2,0,4,2026-08-21T14:38:18.438536+00:00,ok,,cifar10,classification,aptx,APTx Neuron,aptx,0,none,0,1,1,0.5,0.5,4,2026,0.003,0.0002,0.05,100,51,36,15,0.0001,64,384,256,192,3987914,3987914,2053.185180742992,cuda,./results/lambda_psi_comparison/checkpoints/cifar10/aptx/cifar10__aptx__seed4__lr0p003__cfg36a611bb4a6b.pt,2485.60616953125,35.24,81.96,,,,,,,2488.3404515625,35.55,82.42,,,,,,,,,,,,,,
cifar10__aptx_relu__seed0__lr0p0003__cfgdd91194222ab,dd91194222ab,96b354dd2d4cd04c,2.12.1+cu130,0.27.1+cu130,1.9.0,2.5.2,0,4,2026-08-21T14:51:48.125444+00:00,ok,,cifar10,classification,aptx_relu,APTx Neuron + ReLU,aptx,0,after_neuron,0,1,1,0.5,0.5,0,2026,0.0003,0.0002,0.05,100,20,5,15,0.0001,64,384,256,192,3987914,3987914,800.7330376100726,cuda,./results/lambda_psi_comparison/checkpoints/cifar10/aptx_relu/cifar10__aptx_relu__seed0__lr0p0003__cfgdd91194222ab.pt,3319.986847265625,23.419999999999998,72.28,,,,,,,3329.231589453125,23.080000000000002,72.47,,,,,,,,,,,,,,
cifar10__aptx_relu__seed1__lr0p0003__cfgdd91194222ab,dd91194222ab,96b354dd2d4cd04c,2.12.1+cu130,0.27.1+cu130,1.9.0,2.5.2,0,4,2026-08-21T15:23:57.430466+00:00,ok,,cifar10,classification,aptx_relu,APTx Neuron + ReLU,aptx,0,after_neuron,0,1,1,0.5,0.5,1,2026,0.0003,0.0002,0.05,100,48,33,15,0.0001,64,384,256,192,3987914,3987914,1920.4293480690103,cuda,./results/lambda_psi_comparison/checkpoints/cifar10/aptx_relu/cifar10__aptx_relu__seed1__lr0p0003__cfgdd91194222ab.pt,85.67202829589844,24.02,65.02,,,,,,,89.34950067749024,24.26,65.53999999999999,,,,,,,,,,,,,,
cifar10__aptx_relu__seed2__lr0p0003__cfgdd91194222ab,dd91194222ab,96b354dd2d4cd04c,2.12.1+cu130,0.27.1+cu130,1.9.0,2.5.2,0,4,2026-08-21T15:38:47.821081+00:00,ok,,cifar10,classification,aptx_relu,APTx Neuron + ReLU,aptx,0,after_neuron,0,1,1,0.5,0.5,2,2026,0.0003,0.0002,0.05,100,22,7,15,0.0001,64,384,256,192,3987914,3987914,881.7648425858933,cuda,./results/lambda_psi_comparison/checkpoints/cifar10/aptx_relu/cifar10__aptx_relu__seed2__lr0p0003__cfgdd91194222ab.pt,1576.7805017578125,22.6,70.88,,,,,,,1594.7659689453126,23.02,71.89,,,,,,,,,,,,,,
cifar10__aptx_relu__seed3__lr0p0003__cfgdd91194222ab,dd91194222ab,96b354dd2d4cd04c,2.12.1+cu130,0.27.1+cu130,1.9.0,2.5.2,0,4,2026-08-21T16:25:39.723330+00:00,ok,,cifar10,classification,aptx_relu,APTx Neuron + ReLU,aptx,0,after_neuron,0,1,1,0.5,0.5,3,2026,0.0003,0.0002,0.05,100,70,55,15,0.0001,64,384,256,192,3987914,3987914,2803.2953956169076,cuda,./results/lambda_psi_comparison/checkpoints/cifar10/aptx_relu/cifar10__aptx_relu__seed3__lr0p0003__cfgdd91194222ab.pt,53.51890130004883,26.119999999999997,66.97999999999999,,,,,,,60.55139755859375,25.35,65.92,,,,,,,,,,,,,,
cifar10__aptx_relu__seed4__lr0p0003__cfgdd91194222ab,dd91194222ab,96b354dd2d4cd04c,2.12.1+cu130,0.27.1+cu130,1.9.0,2.5.2,0,4,2026-08-21T16:39:49.232693+00:00,ok,,cifar10,classification,aptx_relu,APTx Neuron + ReLU,aptx,0,after_neuron,0,1,1,0.5,0.5,4,2026,0.0003,0.0002,0.05,100,21,6,15,0.0001,64,384,256,192,3987914,3987914,840.8498275841121,cuda,./results/lambda_psi_comparison/checkpoints/cifar10/aptx_relu/cifar10__aptx_relu__seed4__lr0p0003__cfgdd91194222ab.pt,3051.22163984375,23.26,71.44,,,,,,,3018.849893359375,22.95,71.71,,,,,,,,,,,,,,
cifar10__aptx_relu__seed0__lr0p0005__cfgdd91194222ab,dd91194222ab,96b354dd2d4cd04c,2.12.1+cu130,0.27.1+cu130,1.9.0,2.5.2,0,4,2026-08-21T16:59:59.277802+00:00,ok,,cifar10,classification,aptx_relu,APTx Neuron + ReLU,aptx,0,after_neuron,0,1,1,0.5,0.5,0,2026,0.0005,0.0002,0.05,100,30,15,15,0.0001,64,384,256,192,3987914,3987914,1201.4557474041358,cuda,./results/lambda_psi_comparison/checkpoints/cifar10/aptx_relu/cifar10__aptx_relu__seed0__lr0p0005__cfgdd91194222ab.pt,211.32719649658202,23.82,73.56,,,,,,,228.99756977539062,23.87,73.3,,,,,,,,,,,,,,
cifar10__aptx_relu__seed1__lr0p0005__cfgdd91194222ab,dd91194222ab,96b354dd2d4cd04c,2.12.1+cu130,0.27.1+cu130,1.9.0,2.5.2,0,4,2026-08-21T17:22:06.514268+00:00,ok,,cifar10,classification,aptx_relu,APTx Neuron + ReLU,aptx,0,after_neuron,0,1,1,0.5,0.5,1,2026,0.0005,0.0002,0.05,100,33,18,15,0.0001,64,384,256,192,3987914,3987914,1318.6060804980807,cuda,./results/lambda_psi_comparison/checkpoints/cifar10/aptx_relu/cifar10__aptx_relu__seed1__lr0p0005__cfgdd91194222ab.pt,122.51974701538086,23.44,69.64,,,,,,,134.67001373291015,23.369999999999997,70.54,,,,,,,,,,,,,,
cifar10__aptx_relu__seed2__lr0p0005__cfgdd91194222ab,dd91194222ab,96b354dd2d4cd04c,2.12.1+cu130,0.27.1+cu130,1.9.0,2.5.2,0,4,2026-08-21T17:35:34.457506+00:00,ok,,cifar10,classification,aptx_relu,APTx Neuron + ReLU,aptx,0,after_neuron,0,1,1,0.5,0.5,2,2026,0.0005,0.0002,0.05,100,20,5,15,0.0001,64,384,256,192,3987914,3987914,799.0875106910244,cuda,./results/lambda_psi_comparison/checkpoints/cifar10/aptx_relu/cifar10__aptx_relu__seed2__lr0p0005__cfgdd91194222ab.pt,1244.06453203125,24.82,72.02,,,,,,,1291.2476962890626,24.58,72.06,,,,,,,,,,,,,,
cifar10__aptx_relu__seed3__lr0p0005__cfgdd91194222ab,dd91194222ab,96b354dd2d4cd04c,2.12.1+cu130,0.27.1+cu130,1.9.0,2.5.2,0,4,2026-08-21T17:57:01.843970+00:00,ok,,cifar10,classification,aptx_relu,APTx Neuron + ReLU,aptx,0,after_neuron,0,1,1,0.5,0.5,3,2026,0.0005,0.0002,0.05,100,32,17,15,0.0001,64,384,256,192,3987914,3987914,1278.5429332950152,cuda,./results/lambda_psi_comparison/checkpoints/cifar10/aptx_relu/cifar10__aptx_relu__seed3__lr0p0005__cfgdd91194222ab.pt,265.0308410644531,24.0,67.38,,,,,,,265.79316755371093,23.51,66.86999999999999,,,,,,,,,,,,,,
cifar10__aptx_relu__seed4__lr0p0005__cfgdd91194222ab,dd91194222ab,96b354dd2d4cd04c,2.12.1+cu130,0.27.1+cu130,1.9.0,2.5.2,0,4,2026-08-21T18:08:29.504587+00:00,ok,,cifar10,classification,aptx_relu,APTx Neuron + ReLU,aptx,0,after_neuron,0,1,1,0.5,0.5,4,2026,0.0005,0.0002,0.05,100,17,2,15,0.0001,64,384,256,192,3987914,3987914,678.9776342848781,cuda,./results/lambda_psi_comparison/checkpoints/cifar10/aptx_relu/cifar10__aptx_relu__seed4__lr0p0005__cfgdd91194222ab.pt,7752.477996875,23.32,70.84,,,,,,,7658.2151578125,22.470000000000002,70.65,,,,,,,,,,,,,,
cifar10__aptx_relu__seed0__lr0p001__cfgdd91194222ab,dd91194222ab,96b354dd2d4cd04c,2.12.1+cu130,0.27.1+cu130,1.9.0,2.5.2,0,4,2026-08-21T18:19:57.445266+00:00,ok,,cifar10,classification,aptx_relu,APTx Neuron + ReLU,aptx,0,after_neuron,0,1,1,0.5,0.5,0,2026,0.001,0.0002,0.05,100,17,2,15,0.0001,64,384,256,192,3987914,3987914,679.2330569690093,cuda,./results/lambda_psi_comparison/checkpoints/cifar10/aptx_relu/cifar10__aptx_relu__seed0__lr0p001__cfgdd91194222ab.pt,2868.892137109375,24.0,72.96000000000001,,,,,,,2893.755983984375,24.42,73.54,,,,,,,,,,,,,,
cifar10__aptx_relu__seed1__lr0p001__cfgdd91194222ab,dd91194222ab,96b354dd2d4cd04c,2.12.1+cu130,0.27.1+cu130,1.9.0,2.5.2,0,4,2026-08-21T18:41:24.982976+00:00,ok,,cifar10,classification,aptx_relu,APTx Neuron + ReLU,aptx,0,after_neuron,0,1,1,0.5,0.5,1,2026,0.001,0.0002,0.05,100,32,17,15,0.0001,64,384,256,192,3987914,3987914,1278.6989237398375,cuda,./results/lambda_psi_comparison/checkpoints/cifar10/aptx_relu/cifar10__aptx_relu__seed1__lr0p001__cfgdd91194222ab.pt,51.206544476318356,23.580000000000002,70.26,,,,,,,52.93654080505371,23.54,70.00999999999999,,,,,,,,,,,,,,
cifar10__aptx_relu__seed2__lr0p001__cfgdd91194222ab,dd91194222ab,96b354dd2d4cd04c,2.12.1+cu130,0.27.1+cu130,1.9.0,2.5.2,0,4,2026-08-21T18:52:52.902996+00:00,ok,,cifar10,classification,aptx_relu,APTx Neuron + ReLU,aptx,0,after_neuron,0,1,1,0.5,0.5,2,2026,0.001,0.0002,0.05,100,17,2,15,0.0001,64,384,256,192,3987914,3987914,679.1796878201421,cuda,./results/lambda_psi_comparison/checkpoints/cifar10/aptx_relu/cifar10__aptx_relu__seed2__lr0p001__cfgdd91194222ab.pt,1955.4518552734376,21.5,67.47999999999999,,,,,,,1934.355912890625,22.28,68.14,,,,,,,,,,,,,,
cifar10__aptx_relu__seed3__lr0p001__cfgdd91194222ab,dd91194222ab,96b354dd2d4cd04c,2.12.1+cu130,0.27.1+cu130,1.9.0,2.5.2,0,4,2026-08-21T19:04:20.913769+00:00,ok,,cifar10,classification,aptx_relu,APTx Neuron + ReLU,aptx,0,after_neuron,0,1,1,0.5,0.5,3,2026,0.001,0.0002,0.05,100,17,2,15,0.0001,64,384,256,192,3987914,3987914,679.3176586718764,cuda,./results/lambda_psi_comparison/checkpoints/cifar10/aptx_relu/cifar10__aptx_relu__seed3__lr0p001__cfgdd91194222ab.pt,2891.45108359375,19.86,68.26,,,,,,,2961.305690625,20.39,67.53,,,,,,,,,,,,,,
cifar10__aptx_relu__seed4__lr0p001__cfgdd91194222ab,dd91194222ab,96b354dd2d4cd04c,2.12.1+cu130,0.27.1+cu130,1.9.0,2.5.2,0,4,2026-08-21T19:19:48.760020+00:00,ok,,cifar10,classification,aptx_relu,APTx Neuron + ReLU,aptx,0,after_neuron,0,1,1,0.5,0.5,4,2026,0.001,0.0002,0.05,100,23,8,15,0.0001,64,384,256,192,3987914,3987914,919.4055042839609,cuda,./results/lambda_psi_comparison/checkpoints/cifar10/aptx_relu/cifar10__aptx_relu__seed4__lr0p001__cfgdd91194222ab.pt,236.04670478515624,22.82,67.78,,,,,,,242.180014453125,23.73,69.17,,,,,,,,,,,,,,
cifar10__aptx_relu__seed0__lr0p002__cfgdd91194222ab,dd91194222ab,96b354dd2d4cd04c,2.12.1+cu130,0.27.1+cu130,1.9.0,2.5.2,0,4,2026-08-21T19:31:16.866201+00:00,ok,,cifar10,classification,aptx_relu,APTx Neuron + ReLU,aptx,0,after_neuron,0,1,1,0.5,0.5,0,2026,0.002,0.0002,0.05,100,17,2,15,0.0001,64,384,256,192,3987914,3987914,679.3741651850287,cuda,./results/lambda_psi_comparison/checkpoints/cifar10/aptx_relu/cifar10__aptx_relu__seed0__lr0p002__cfgdd91194222ab.pt,942.605654296875,22.16,72.7,,,,,,,961.1072416015625,23.09,73.22999999999999,,,,,,,,,,,,,,
cifar10__aptx_relu__seed1__lr0p002__cfgdd91194222ab,dd91194222ab,96b354dd2d4cd04c,2.12.1+cu130,0.27.1+cu130,1.9.0,2.5.2,0,4,2026-08-21T19:42:04.674429+00:00,ok,,cifar10,classification,aptx_relu,APTx Neuron + ReLU,aptx,0,after_neuron,0,1,1,0.5,0.5,1,2026,0.002,0.0002,0.05,100,16,1,15,0.0001,64,384,256,192,3987914,3987914,638.9452290108893,cuda,./results/lambda_psi_comparison/checkpoints/cifar10/aptx_relu/cifar10__aptx_relu__seed1__lr0p002__cfgdd91194222ab.pt,2389.7340443359376,20.16,68.7,,,,,,,2423.875578515625,19.75,67.63,,,,,,,,,,,,,,
cifar10__aptx_relu__seed2__lr0p002__cfgdd91194222ab,dd91194222ab,96b354dd2d4cd04c,2.12.1+cu130,0.27.1+cu130,1.9.0,2.5.2,0,4,2026-08-21T19:53:32.516549+00:00,ok,,cifar10,classification,aptx_relu,APTx Neuron + ReLU,aptx,0,after_neuron,0,1,1,0.5,0.5,2,2026,0.002,0.0002,0.05,100,17,2,15,0.0001,64,384,256,192,3987914,3987914,679.1671160741244,cuda,./results/lambda_psi_comparison/checkpoints/cifar10/aptx_relu/cifar10__aptx_relu__seed2__lr0p002__cfgdd91194222ab.pt,601.7178904785156,21.38,70.86,,,,,,,615.1938279296875,21.19,70.61,,,,,,,,,,,,,,
cifar10__aptx_relu__seed3__lr0p002__cfgdd91194222ab,dd91194222ab,96b354dd2d4cd04c,2.12.1+cu130,0.27.1+cu130,1.9.0,2.5.2,0,4,2026-08-21T20:04:20.302491+00:00,ok,,cifar10,classification,aptx_relu,APTx Neuron + ReLU,aptx,0,after_neuron,0,1,1,0.5,0.5,3,2026,0.002,0.0002,0.05,100,16,1,15,0.0001,64,384,256,192,3987914,3987914,638.9362015519291,cuda,./results/lambda_psi_comparison/checkpoints/cifar10/aptx_relu/cifar10__aptx_relu__seed3__lr0p002__cfgdd91194222ab.pt,3408.1290373046877,20.22,68.2,,,,,,,3407.215730078125,20.369999999999997,69.04,,,,,,,,,,,,,,
cifar10__aptx_relu__seed4__lr0p002__cfgdd91194222ab,dd91194222ab,96b354dd2d4cd04c,2.12.1+cu130,0.27.1+cu130,1.9.0,2.5.2,0,4,2026-08-21T20:15:08.034873+00:00,ok,,cifar10,classification,aptx_relu,APTx Neuron + ReLU,aptx,0,after_neuron,0,1,1,0.5,0.5,4,2026,0.002,0.0002,0.05,100,16,1,15,0.0001,64,384,256,192,3987914,3987914,638.8533714709338,cuda,./results/lambda_psi_comparison/checkpoints/cifar10/aptx_relu/cifar10__aptx_relu__seed4__lr0p002__cfgdd91194222ab.pt,2688.2295015625,20.0,67.72,,,,,,,2668.182959765625,20.32,67.60000000000001,,,,,,,,,,,,,,
cifar10__aptx_relu__seed0__lr0p003__cfgdd91194222ab,dd91194222ab,96b354dd2d4cd04c,2.12.1+cu130,0.27.1+cu130,1.9.0,2.5.2,0,4,2026-08-21T20:25:55.856414+00:00,ok,,cifar10,classification,aptx_relu,APTx Neuron + ReLU,aptx,0,after_neuron,0,1,1,0.5,0.5,0,2026,0.003,0.0002,0.05,100,16,1,15,0.0001,64,384,256,192,3987914,3987914,638.9481585728936,cuda,./results/lambda_psi_comparison/checkpoints/cifar10/aptx_relu/cifar10__aptx_relu__seed0__lr0p003__cfgdd91194222ab.pt,1367.473890234375,18.54,65.98,,,,,,,1416.0116595703125,19.42,66.45,,,,,,,,,,,,,,
cifar10__aptx_relu__seed1__lr0p003__cfgdd91194222ab,dd91194222ab,96b354dd2d4cd04c,2.12.1+cu130,0.27.1+cu130,1.9.0,2.5.2,0,4,2026-08-21T20:36:43.798614+00:00,ok,,cifar10,classification,aptx_relu,APTx Neuron + ReLU,aptx,0,after_neuron,0,1,1,0.5,0.5,1,2026,0.003,0.0002,0.05,100,16,1,15,0.0001,64,384,256,192,3987914,3987914,639.1135501679964,cuda,./results/lambda_psi_comparison/checkpoints/cifar10/aptx_relu/cifar10__aptx_relu__seed1__lr0p003__cfgdd91194222ab.pt,1615.5467810546875,20.22,66.2,,,,,,,1636.90639453125,19.509999999999998,66.34,,,,,,,,,,,,,,
cifar10__aptx_relu__seed2__lr0p003__cfgdd91194222ab,dd91194222ab,96b354dd2d4cd04c,2.12.1+cu130,0.27.1+cu130,1.9.0,2.5.2,0,4,2026-08-21T20:47:31.551667+00:00,ok,,cifar10,classification,aptx_relu,APTx Neuron + ReLU,aptx,0,after_neuron,0,1,1,0.5,0.5,2,2026,0.003,0.0002,0.05,100,16,1,15,0.0001,64,384,256,192,3987914,3987914,638.9389309061226,cuda,./results/lambda_psi_comparison/checkpoints/cifar10/aptx_relu/cifar10__aptx_relu__seed2__lr0p003__cfgdd91194222ab.pt,992.3939411132812,20.5,69.78,,,,,,,1005.7817646484375,20.41,68.86,,,,,,,,,,,,,,
cifar10__aptx_relu__seed3__lr0p003__cfgdd91194222ab,dd91194222ab,96b354dd2d4cd04c,2.12.1+cu130,0.27.1+cu130,1.9.0,2.5.2,0,4,2026-08-21T20:59:39.393879+00:00,ok,,cifar10,classification,aptx_relu,APTx Neuron + ReLU,aptx,0,after_neuron,0,1,1,0.5,0.5,3,2026,0.003,0.0002,0.05,100,18,3,15,0.0001,64,384,256,192,3987914,3987914,719.1818447469268,cuda,./results/lambda_psi_comparison/checkpoints/cifar10/aptx_relu/cifar10__aptx_relu__seed3__lr0p003__cfgdd91194222ab.pt,379.2176688476562,16.400000000000002,54.98,,,,,,,379.5743267578125,16.68,54.64,,,,,,,,,,,,,,
cifar10__aptx_relu__seed4__lr0p003__cfgdd91194222ab,dd91194222ab,96b354dd2d4cd04c,2.12.1+cu130,0.27.1+cu130,1.9.0,2.5.2,0,4,2026-08-21T21:10:27.214326+00:00,ok,,cifar10,classification,aptx_relu,APTx Neuron + ReLU,aptx,0,after_neuron,0,1,1,0.5,0.5,4,2026,0.003,0.0002,0.05,100,16,1,15,0.0001,64,384,256,192,3987914,3987914,638.9887201369274,cuda,./results/lambda_psi_comparison/checkpoints/cifar10/aptx_relu/cifar10__aptx_relu__seed4__lr0p003__cfgdd91194222ab.pt,1502.9897908203125,17.22,63.28,,,,,,,1550.2000951171874,16.96,62.1,,,,,,,,,,,,,,
cifar10__aptx_field__seed0__lr0p0003__cfg9e62c70c48b0,9e62c70c48b0,96b354dd2d4cd04c,2.12.1+cu130,0.27.1+cu130,1.9.0,2.5.2,0,4,2026-08-21T22:09:18.851967+00:00,ok,,cifar10,classification,aptx_field,APTx Neuron + Lambda-Psi,aptx,1,none,1,1,1,0.5,0.5,0,2026,0.0003,0.0002,0.05,100,88,73,15,0.0001,64,384,256,192,3987922,3987922,3522.7394237348344,cuda,./results/lambda_psi_comparison/checkpoints/cifar10/aptx_field/cifar10__aptx_field__seed0__lr0p0003__cfg9e62c70c48b0.pt,1.4295435451507568,54.36,93.52000000000001,,,,,,,1.4247089570999145,54.290000000000006,93.74,,,,,,,0.8043332695960999,0.7845532894134521,0.822088360786438,0.7998231053352356,0.8532053828239441,0.8225996494293213,0.7574141621589661,0.77491694688797
cifar10__aptx_field__seed1__lr0p0003__cfg9e62c70c48b0,9e62c70c48b0,96b354dd2d4cd04c,2.12.1+cu130,0.27.1+cu130,1.9.0,2.5.2,0,4,2026-08-21T23:16:11.026971+00:00,ok,,cifar10,classification,aptx_field,APTx Neuron + Lambda-Psi,aptx,1,none,1,1,1,0.5,0.5,1,2026,0.0003,0.0002,0.05,100,100,85,15,0.0001,64,384,256,192,3987922,3987922,4003.162661717972,cuda,./results/lambda_psi_comparison/checkpoints/cifar10/aptx_field/cifar10__aptx_field__seed1__lr0p0003__cfg9e62c70c48b0.pt,1.4218143115997315,54.339999999999996,94.06,,,,,,,1.4161187515258788,54.55,93.63,,,,,,,0.800320565700531,0.7844675183296204,0.8193268179893494,0.7999056577682495,0.8449273705482483,0.8266915678977966,0.7672019004821777,0.7523759603500366
cifar10__aptx_field__seed2__lr0p0003__cfg9e62c70c48b0,9e62c70c48b0,96b354dd2d4cd04c,2.12.1+cu130,0.27.1+cu130,1.9.0,2.5.2,0,4,2026-08-22T00:21:43.322684+00:00,ok,,cifar10,classification,aptx_field,APTx Neuron + Lambda-Psi,aptx,1,none,1,1,1,0.5,0.5,2,2026,0.0003,0.0002,0.05,100,98,83,15,0.0001,64,384,256,192,3987922,3987922,3923.614598587854,cuda,./results/lambda_psi_comparison/checkpoints/cifar10/aptx_field/cifar10__aptx_field__seed2__lr0p0003__cfg9e62c70c48b0.pt,1.432408318901062,54.059999999999995,93.7,,,,,,,1.4218811191558838,54.459999999999994,93.8,,,,,,,0.8017273545265198,0.7852368950843811,0.8196396231651306,0.7988057136535645,0.8549779057502747,0.8321490287780762,0.7642101049423218,0.7481022477149963
cifar10__aptx_field__seed3__lr0p0003__cfg9e62c70c48b0,9e62c70c48b0,96b354dd2d4cd04c,2.12.1+cu130,0.27.1+cu130,1.9.0,2.5.2,0,4,2026-08-22T01:26:36.285544+00:00,ok,,cifar10,classification,aptx_field,APTx Neuron + Lambda-Psi,aptx,1,none,1,1,1,0.5,0.5,3,2026,0.0003,0.0002,0.05,100,97,82,15,0.0001,64,384,256,192,3987922,3987922,3884.2488987590186,cuda,./results/lambda_psi_comparison/checkpoints/cifar10/aptx_field/cifar10__aptx_field__seed3__lr0p0003__cfg9e62c70c48b0.pt,1.430425341796875,54.50000000000001,93.82000000000001,,,,,,,1.4253510231018067,54.55,93.36,,,,,,,0.8028698563575745,0.7883144021034241,0.8245460391044617,0.8023169636726379,0.8508737683296204,0.8297218084335327,0.7680252194404602,0.7527443170547485
cifar10__aptx_field__seed4__lr0p0003__cfg9e62c70c48b0,9e62c70c48b0,96b354dd2d4cd04c,2.12.1+cu130,0.27.1+cu130,1.9.0,2.5.2,0,4,2026-08-22T02:31:27.859626+00:00,ok,,cifar10,classification,aptx_field,APTx Neuron + Lambda-Psi,aptx,1,none,1,1,1,0.5,0.5,4,2026,0.0003,0.0002,0.05,100,97,82,15,0.0001,64,384,256,192,3987922,3987922,3882.88898511813,cuda,./results/lambda_psi_comparison/checkpoints/cifar10/aptx_field/cifar10__aptx_field__seed4__lr0p0003__cfg9e62c70c48b0.pt,1.4363869302749634,54.059999999999995,93.38,,,,,,,1.4230320106506347,54.08,93.56,,,,,,,0.801458477973938,0.7835706472396851,0.8202726244926453,0.7998067736625671,0.8501251339912415,0.830292820930481,0.7629449963569641,0.7537009119987488
cifar10__aptx_field__seed0__lr0p0005__cfg9e62c70c48b0,9e62c70c48b0,96b354dd2d4cd04c,2.12.1+cu130,0.27.1+cu130,1.9.0,2.5.2,0,4,2026-08-22T03:35:39.858881+00:00,ok,,cifar10,classification,aptx_field,APTx Neuron + Lambda-Psi,aptx,1,none,1,1,1,0.5,0.5,0,2026,0.0005,0.0002,0.05,100,96,81,15,0.0001,64,384,256,192,3987922,3987922,3843.10061025084,cuda,./results/lambda_psi_comparison/checkpoints/cifar10/aptx_field/cifar10__aptx_field__seed0__lr0p0005__cfg9e62c70c48b0.pt,1.35958919506073,57.02,94.76,,,,,,,1.3561002305984498,56.940000000000005,94.97,,,,,,,0.8223538398742676,0.7804763317108154,0.839486300945282,0.8026006817817688,0.8755814433097839,0.8387311100959778,0.7299031615257263,0.7527053952217102
cifar10__aptx_field__seed1__lr0p0005__cfg9e62c70c48b0,9e62c70c48b0,96b354dd2d4cd04c,2.12.1+cu130,0.27.1+cu130,1.9.0,2.5.2,0,4,2026-08-22T04:41:12.375131+00:00,ok,,cifar10,classification,aptx_field,APTx Neuron + Lambda-Psi,aptx,1,none,1,1,1,0.5,0.5,1,2026,0.0005,0.0002,0.05,100,98,83,15,0.0001,64,384,256,192,3987922,3987922,3923.7859607378487,cuda,./results/lambda_psi_comparison/checkpoints/cifar10/aptx_field/cifar10__aptx_field__seed1__lr0p0005__cfg9e62c70c48b0.pt,1.3472678825378417,57.8,94.5,,,,,,,1.3567225955963136,56.98,94.34,,,,,,,0.8271767497062683,0.7890539765357971,0.8413643836975098,0.8043198585510254,0.8707921504974365,0.8353037238121033,0.751503050327301,0.7106550335884094
cifar10__aptx_field__seed2__lr0p0005__cfg9e62c70c48b0,9e62c70c48b0,96b354dd2d4cd04c,2.12.1+cu130,0.27.1+cu130,1.9.0,2.5.2,0,4,2026-08-22T05:48:03.281511+00:00,ok,,cifar10,classification,aptx_field,APTx Neuron + Lambda-Psi,aptx,1,none,1,1,1,0.5,0.5,2,2026,0.0005,0.0002,0.05,100,100,91,15,0.0001,64,384,256,192,3987922,3987922,4002.0296137458645,cuda,./results/lambda_psi_comparison/checkpoints/cifar10/aptx_field/cifar10__aptx_field__seed2__lr0p0005__cfg9e62c70c48b0.pt,1.3571385005950927,57.32000000000001,95.0,,,,,,,1.3536596597671509,56.76,94.67999999999999,,,,,,,0.8235451579093933,0.7900852560997009,0.8384115695953369,0.8055180907249451,0.8740107417106628,0.8425115942955017,0.745903730392456,0.7047808170318604
cifar10__aptx_field__seed3__lr0p0005__cfg9e62c70c48b0,9e62c70c48b0,96b354dd2d4cd04c,2.12.1+cu130,0.27.1+cu130,1.9.0,2.5.2,0,4,2026-08-22T06:46:54.808651+00:00,ok,,cifar10,classification,aptx_field,APTx Neuron + Lambda-Psi,aptx,1,none,1,1,1,0.5,0.5,3,2026,0.0005,0.0002,0.05,100,88,73,15,0.0001,64,384,256,192,3987922,3987922,3522.570964782033,cuda,./results/lambda_psi_comparison/checkpoints/cifar10/aptx_field/cifar10__aptx_field__seed3__lr0p0005__cfg9e62c70c48b0.pt,1.3677093585968016,57.120000000000005,94.39999999999999,,,,,,,1.3650653242111206,56.65,94.59,,,,,,,0.825141429901123,0.7944484949111938,0.8417585492134094,0.8063054084777832,0.8742651343345642,0.8408263325691223,0.7493646740913391,0.718539297580719
cifar10__aptx_field__seed4__lr0p0005__cfg9e62c70c48b0,9e62c70c48b0,96b354dd2d4cd04c,2.12.1+cu130,0.27.1+cu130,1.9.0,2.5.2,0,4,2026-08-22T07:51:46.134545+00:00,ok,,cifar10,classification,aptx_field,APTx Neuron + Lambda-Psi,aptx,1,none,1,1,1,0.5,0.5,4,2026,0.0005,0.0002,0.05,100,97,82,15,0.0001,64,384,256,192,3987922,3987922,3882.5805280748755,cuda,./results/lambda_psi_comparison/checkpoints/cifar10/aptx_field/cifar10__aptx_field__seed4__lr0p0005__cfg9e62c70c48b0.pt,1.3753331310272217,56.24,94.44,,,,,,,1.367042088317871,56.67,94.3,,,,,,,0.8244550824165344,0.7820006012916565,0.8406768441200256,0.7992045283317566,0.872232973575592,0.8443341255187988,0.7452947497367859,0.7274604439735413
cifar10__aptx_field__seed0__lr0p001__cfg9e62c70c48b0,9e62c70c48b0,96b354dd2d4cd04c,2.12.1+cu130,0.27.1+cu130,1.9.0,2.5.2,0,4,2026-08-22T08:50:37.711759+00:00,ok,,cifar10,classification,aptx_field,APTx Neuron + Lambda-Psi,aptx,1,none,1,1,1,0.5,0.5,0,2026,0.001,0.0002,0.05,100,88,73,15,0.0001,64,384,256,192,3987922,3987922,3522.6753312519286,cuda,./results/lambda_psi_comparison/checkpoints/cifar10/aptx_field/cifar10__aptx_field__seed0__lr0p001__cfg9e62c70c48b0.pt,1.2973373371124268,59.440000000000005,95.28,,,,,,,1.2931633499145507,59.53000000000001,95.42,,,,,,,0.8750459551811218,0.779643714427948,0.8728898763656616,0.7960575819015503,0.8994070887565613,0.8363071084022522,0.6485159993171692,0.7539660930633545
cifar10__aptx_field__seed1__lr0p001__cfg9e62c70c48b0,9e62c70c48b0,96b354dd2d4cd04c,2.12.1+cu130,0.27.1+cu130,1.9.0,2.5.2,0,4,2026-08-22T09:57:30.040261+00:00,ok,,cifar10,classification,aptx_field,APTx Neuron + Lambda-Psi,aptx,1,none,1,1,1,0.5,0.5,1,2026,0.001,0.0002,0.05,100,100,95,15,0.0001,64,384,256,192,3987922,3987922,4003.3862597597763,cuda,./results/lambda_psi_comparison/checkpoints/cifar10/aptx_field/cifar10__aptx_field__seed1__lr0p001__cfg9e62c70c48b0.pt,1.2881519498825074,60.160000000000004,95.46,,,,,,,1.2876919075012208,59.709999999999994,95.41,,,,,,,0.8792849779129028,0.778361439704895,0.877727746963501,0.8045916557312012,0.8975341320037842,0.827389121055603,0.7184257507324219,0.6499423384666443
cifar10__aptx_field__seed2__lr0p001__cfg9e62c70c48b0,9e62c70c48b0,96b354dd2d4cd04c,2.12.1+cu130,0.27.1+cu130,1.9.0,2.5.2,0,4,2026-08-22T11:03:40.172839+00:00,ok,,cifar10,classification,aptx_field,APTx Neuron + Lambda-Psi,aptx,1,none,1,1,1,0.5,0.5,2,2026,0.001,0.0002,0.05,100,99,84,15,0.0001,64,384,256,192,3987922,3987922,3961.6289120251313,cuda,./results/lambda_psi_comparison/checkpoints/cifar10/aptx_field/cifar10__aptx_field__seed2__lr0p001__cfg9e62c70c48b0.pt,1.290935866165161,60.18,95.12,,,,,,,1.2924013122558593,59.88,95.33,,,,,,,0.8773304224014282,0.7811170220375061,0.8752053380012512,0.7986422777175903,0.8985058665275574,0.8360360264778137,0.7200919985771179,0.660090982913971
cifar10__aptx_field__seed3__lr0p001__cfg9e62c70c48b0,9e62c70c48b0,96b354dd2d4cd04c,2.12.1+cu130,0.27.1+cu130,1.9.0,2.5.2,0,4,2026-08-22T12:10:37.459214+00:00,ok,,cifar10,classification,aptx_field,APTx Neuron + Lambda-Psi,aptx,1,none,1,1,1,0.5,0.5,3,2026,0.001,0.0002,0.05,100,100,87,15,0.0001,64,384,256,192,3987922,3987922,4008.2973178410903,cuda,./results/lambda_psi_comparison/checkpoints/cifar10/aptx_field/cifar10__aptx_field__seed3__lr0p001__cfg9e62c70c48b0.pt,1.2993998594284057,59.62,94.84,,,,,,,1.2921719432830812,59.67,95.38,,,,,,,0.8778231739997864,0.7793076634407043,0.878484845161438,0.7929829955101013,0.8989465832710266,0.837663471698761,0.7372471690177917,0.6469452381134033
cifar10__aptx_field__seed4__lr0p001__cfg9e62c70c48b0,9e62c70c48b0,96b354dd2d4cd04c,2.12.1+cu130,0.27.1+cu130,1.9.0,2.5.2,0,4,2026-08-22T13:10:48.259370+00:00,ok,,cifar10,classification,aptx_field,APTx Neuron + Lambda-Psi,aptx,1,none,1,1,1,0.5,0.5,4,2026,0.001,0.0002,0.05,100,90,75,15,0.0001,64,384,256,192,3987922,3987922,3602.123134208843,cuda,./results/lambda_psi_comparison/checkpoints/cifar10/aptx_field/cifar10__aptx_field__seed4__lr0p001__cfg9e62c70c48b0.pt,1.307498552131653,58.96,95.02000000000001,,,,,,,1.297949492263794,59.63,95.07,,,,,,,0.8746997117996216,0.7714136838912964,0.8779744505882263,0.7974233627319336,0.895926296710968,0.8445121049880981,0.7359619736671448,0.6535812616348267
cifar10__aptx_field__seed0__lr0p002__cfg9e62c70c48b0,9e62c70c48b0,96b354dd2d4cd04c,2.12.1+cu130,0.27.1+cu130,1.9.0,2.5.2,0,4,2026-08-22T14:17:41.819453+00:00,ok,,cifar10,classification,aptx_field,APTx Neuron + Lambda-Psi,aptx,1,none,1,1,1,0.5,0.5,0,2026,0.002,0.0002,0.05,100,100,97,15,0.0001,64,384,256,192,3987922,3987922,4004.6911242671777,cuda,./results/lambda_psi_comparison/checkpoints/cifar10/aptx_field/cifar10__aptx_field__seed0__lr0p002__cfg9e62c70c48b0.pt,1.248915999031067,62.12,95.56,,,,,,,1.2637256795883178,61.01,95.55,,,,,,,0.9358928799629211,0.7392593622207642,0.9220728874206543,0.7489436864852905,0.9236559271812439,0.8070064783096313,0.6314681172370911,0.6766336560249329
cifar10__aptx_field__seed1__lr0p002__cfg9e62c70c48b0,9e62c70c48b0,96b354dd2d4cd04c,2.12.1+cu130,0.27.1+cu130,1.9.0,2.5.2,0,4,2026-08-22T15:23:51.421875+00:00,ok,,cifar10,classification,aptx_field,APTx Neuron + Lambda-Psi,aptx,1,none,1,1,1,0.5,0.5,1,2026,0.002,0.0002,0.05,100,99,84,15,0.0001,64,384,256,192,3987922,3987922,3961.104165369179,cuda,./results/lambda_psi_comparison/checkpoints/cifar10/aptx_field/cifar10__aptx_field__seed1__lr0p002__cfg9e62c70c48b0.pt,1.2481505491256715,61.739999999999995,95.28,,,,,,,1.2570237167358398,61.809999999999995,95.69,,,,,,,0.9349708557128906,0.7407962679862976,0.9221868515014648,0.7600243091583252,0.9193416237831116,0.8005154728889465,0.7486798167228699,0.5621380805969238
cifar10__aptx_field__seed2__lr0p002__cfg9e62c70c48b0,9e62c70c48b0,96b354dd2d4cd04c,2.12.1+cu130,0.27.1+cu130,1.9.0,2.5.2,0,4,2026-08-22T16:30:46.703700+00:00,ok,,cifar10,classification,aptx_field,APTx Neuron + Lambda-Psi,aptx,1,none,1,1,1,0.5,0.5,2,2026,0.002,0.0002,0.05,100,100,90,15,0.0001,64,384,256,192,3987922,3987922,4006.299516757019,cuda,./results/lambda_psi_comparison/checkpoints/cifar10/aptx_field/cifar10__aptx_field__seed2__lr0p002__cfg9e62c70c48b0.pt,1.2481174694061279,62.239999999999995,95.58,,,,,,,1.2560175756454468,61.89,95.95,,,,,,,0.9341568350791931,0.7384148836135864,0.9209564328193665,0.7669308185577393,0.92206871509552,0.798060417175293,0.7308943867683411,0.5573935508728027
cifar10__aptx_field__seed3__lr0p002__cfg9e62c70c48b0,9e62c70c48b0,96b354dd2d4cd04c,2.12.1+cu130,0.27.1+cu130,1.9.0,2.5.2,0,4,2026-08-22T17:37:38.877266+00:00,ok,,cifar10,classification,aptx_field,APTx Neuron + Lambda-Psi,aptx,1,none,1,1,1,0.5,0.5,3,2026,0.002,0.0002,0.05,100,100,98,15,0.0001,64,384,256,192,3987922,3987922,4003.2358932220377,cuda,./results/lambda_psi_comparison/checkpoints/cifar10/aptx_field/cifar10__aptx_field__seed3__lr0p002__cfg9e62c70c48b0.pt,1.2577837734222412,62.12,95.16,,,,,,,1.2551914768218995,61.79,95.82000000000001,,,,,,,0.9369334578514099,0.7288147211074829,0.9195118546485901,0.7700568437576294,0.9170864224433899,0.8058357238769531,0.7535689473152161,0.5476788878440857
cifar10__aptx_field__seed4__lr0p002__cfg9e62c70c48b0,9e62c70c48b0,96b354dd2d4cd04c,2.12.1+cu130,0.27.1+cu130,1.9.0,2.5.2,0,4,2026-08-22T18:40:29.502376+00:00,ok,,cifar10,classification,aptx_field,APTx Neuron + Lambda-Psi,aptx,1,none,1,1,1,0.5,0.5,4,2026,0.002,0.0002,0.05,100,94,79,15,0.0001,64,384,256,192,3987922,3987922,3761.9014143368695,cuda,./results/lambda_psi_comparison/checkpoints/cifar10/aptx_field/cifar10__aptx_field__seed4__lr0p002__cfg9e62c70c48b0.pt,1.2653419765472411,61.08,95.16,,,,,,,1.257184168815613,61.23,95.78,,,,,,,0.9347453713417053,0.7298397421836853,0.9205912351608276,0.7642196416854858,0.9244696497917175,0.8014216423034668,0.7560624480247498,0.5637064576148987
cifar10__aptx_field__seed0__lr0p003__cfg9e62c70c48b0,9e62c70c48b0,96b354dd2d4cd04c,2.12.1+cu130,0.27.1+cu130,1.9.0,2.5.2,0,4,2026-08-22T19:44:41.365134+00:00,ok,,cifar10,classification,aptx_field,APTx Neuron + Lambda-Psi,aptx,1,none,1,1,1,0.5,0.5,0,2026,0.003,0.0002,0.05,100,96,81,15,0.0001,64,384,256,192,3987922,3987922,3842.930042678956,cuda,./results/lambda_psi_comparison/checkpoints/cifar10/aptx_field/cifar10__aptx_field__seed0__lr0p003__cfg9e62c70c48b0.pt,1.2509316305160523,61.980000000000004,95.72,,,,,,,1.256456146812439,61.77,95.82000000000001,,,,,,,0.9540367722511292,0.6946637034416199,0.9470498561859131,0.745894193649292,0.9401938319206238,0.7880324721336365,0.7368837594985962,0.5205545425415039
cifar10__aptx_field__seed1__lr0p003__cfg9e62c70c48b0,9e62c70c48b0,96b354dd2d4cd04c,2.12.1+cu130,0.27.1+cu130,1.9.0,2.5.2,0,4,2026-08-22T20:50:17.388987+00:00,ok,,cifar10,classification,aptx_field,APTx Neuron + Lambda-Psi,aptx,1,none,1,1,1,0.5,0.5,1,2026,0.003,0.0002,0.05,100,98,83,15,0.0001,64,384,256,192,3987922,3987922,3927.3093332569115,cuda,./results/lambda_psi_comparison/checkpoints/cifar10/aptx_field/cifar10__aptx_field__seed1__lr0p003__cfg9e62c70c48b0.pt,1.243450958251953,62.46000000000001,95.52000000000001,,,,,,,1.2484429552078247,61.660000000000004,95.8,,,,,,,0.9546583890914917,0.6983054876327515,0.94370436668396,0.7498264312744141,0.9390489459037781,0.7749891877174377,0.775715708732605,0.4897356927394867
cifar10__aptx_field__seed2__lr0p003__cfg9e62c70c48b0,9e62c70c48b0,96b354dd2d4cd04c,2.12.1+cu130,0.27.1+cu130,1.9.0,2.5.2,0,4,2026-08-22T21:45:58.164020+00:00,ok,,cifar10,classification,aptx_field,APTx Neuron + Lambda-Psi,aptx,1,none,1,1,1,0.5,0.5,2,2026,0.003,0.0002,0.05,100,83,68,15,0.0001,64,384,256,192,3987922,3987922,3332.2915921411477,cuda,./results/lambda_psi_comparison/checkpoints/cifar10/aptx_field/cifar10__aptx_field__seed2__lr0p003__cfg9e62c70c48b0.pt,1.2438308727264404,62.18,95.76,,,,,,,1.2451363021850586,62.23,95.91,,,,,,,0.9564628005027771,0.6935358643531799,0.9467452764511108,0.7495399117469788,0.9429141283035278,0.7822268009185791,0.7545018792152405,0.5035450458526611
cifar10__aptx_field__seed3__lr0p003__cfg9e62c70c48b0,9e62c70c48b0,96b354dd2d4cd04c,2.12.1+cu130,0.27.1+cu130,1.9.0,2.5.2,0,4,2026-08-22T22:46:58.563142+00:00,ok,,cifar10,classification,aptx_field,APTx Neuron + Lambda-Psi,aptx,1,none,1,1,1,0.5,0.5,3,2026,0.003,0.0002,0.05,100,91,76,15,0.0001,64,384,256,192,3987922,3987922,3651.852350461064,cuda,./results/lambda_psi_comparison/checkpoints/cifar10/aptx_field/cifar10__aptx_field__seed3__lr0p003__cfg9e62c70c48b0.pt,1.2511999286651612,62.12,95.54,,,,,,,1.2618264917373658,61.919999999999995,95.8,,,,,,,0.9550663232803345,0.6942448616027832,0.9486076831817627,0.7380408048629761,0.9407474398612976,0.7813812494277954,0.764703094959259,0.5095053315162659
cifar10__aptx_field__seed4__lr0p003__cfg9e62c70c48b0,9e62c70c48b0,96b354dd2d4cd04c,2.12.1+cu130,0.27.1+cu130,1.9.0,2.5.2,0,4,2026-08-22T23:46:58.206868+00:00,ok,,cifar10,classification,aptx_field,APTx Neuron + Lambda-Psi,aptx,1,none,1,1,1,0.5,0.5,4,2026,0.003,0.0002,0.05,100,89,74,15,0.0001,64,384,256,192,3987922,3987922,3590.835945568979,cuda,./results/lambda_psi_comparison/checkpoints/cifar10/aptx_field/cifar10__aptx_field__seed4__lr0p003__cfg9e62c70c48b0.pt,1.2427890501976013,62.519999999999996,95.82000000000001,,,,,,,1.2522748126983643,62.01,95.7,,,,,,,0.95591801404953,0.7107698917388916,0.9427536725997925,0.7418711185455322,0.9387146830558777,0.7849106788635254,0.7549716234207153,0.5056874752044678
cifar10__aptx_field_relu__seed0__lr0p0003__cfg300cf5264d1d,300cf5264d1d,96b354dd2d4cd04c,2.12.1+cu130,0.27.1+cu130,1.9.0,2.5.2,0,4,2026-08-22T23:57:48.826927+00:00,ok,,cifar10,classification,aptx_field_relu,APTx Neuron + Lambda-Psi + ReLU,aptx,1,after_field,1,1,1,0.5,0.5,0,2026,0.0003,0.0002,0.05,100,16,1,15,0.0001,64,384,256,192,3987922,3987922,641.688483547885,cuda,./results/lambda_psi_comparison/checkpoints/cifar10/aptx_field_relu/cifar10__aptx_field_relu__seed0__lr0p0003__cfg300cf5264d1d.pt,2.495390991973877,10.0,49.4,,,,,,,2.557328945159912,9.94,49.79,,,,,,,0.5308846235275269,0.5296393632888794,0.5310362577438354,0.5286988615989685,0.531237006187439,0.5472690463066101,0.5312130451202393,0.5313985347747803
cifar10__aptx_field_relu__seed1__lr0p0003__cfg300cf5264d1d,300cf5264d1d,96b354dd2d4cd04c,2.12.1+cu130,0.27.1+cu130,1.9.0,2.5.2,0,4,2026-08-23T00:08:40.412893+00:00,ok,,cifar10,classification,aptx_field_relu,APTx Neuron + Lambda-Psi + ReLU,aptx,1,after_field,1,1,1,0.5,0.5,1,2026,0.0003,0.0002,0.05,100,16,1,15,0.0001,64,384,256,192,3987922,3987922,642.5778289739974,cuda,./results/lambda_psi_comparison/checkpoints/cifar10/aptx_field_relu/cifar10__aptx_field_relu__seed1__lr0p0003__cfg300cf5264d1d.pt,2.833100049972534,10.639999999999999,51.04,,,,,,,2.8796805671691894,11.61,51.870000000000005,,,,,,,0.5204153656959534,0.5184381604194641,0.5201501250267029,0.5170879364013672,0.5205146074295044,0.5333869457244873,0.5205338001251221,0.5206042528152466
cifar10__aptx_field_relu__seed2__lr0p0003__cfg300cf5264d1d,300cf5264d1d,96b354dd2d4cd04c,2.12.1+cu130,0.27.1+cu130,1.9.0,2.5.2,0,4,2026-08-23T00:19:31.301532+00:00,ok,,cifar10,classification,aptx_field_relu,APTx Neuron + Lambda-Psi + ReLU,aptx,1,after_field,1,1,1,0.5,0.5,2,2026,0.0003,0.0002,0.05,100,16,1,15,0.0001,64,384,256,192,3987922,3987922,641.9079633881338,cuda,./results/lambda_psi_comparison/checkpoints/cifar10/aptx_field_relu/cifar10__aptx_field_relu__seed2__lr0p0003__cfg300cf5264d1d.pt,2.4956074405670168,10.22,51.9,,,,,,,2.479702918624878,10.02,50.43,,,,,,,0.5261727571487427,0.5248928070068359,0.5259084105491638,0.5231133103370667,0.5261364579200745,0.5401583313941956,0.5262036919593811,0.5263243317604065
cifar10__aptx_field_relu__seed3__lr0p0003__cfg300cf5264d1d,300cf5264d1d,96b354dd2d4cd04c,2.12.1+cu130,0.27.1+cu130,1.9.0,2.5.2,0,4,2026-08-23T00:31:01.906531+00:00,ok,,cifar10,classification,aptx_field_relu,APTx Neuron + Lambda-Psi + ReLU,aptx,1,after_field,1,1,1,0.5,0.5,3,2026,0.0003,0.0002,0.05,100,17,2,15,0.0001,64,384,256,192,3987922,3987922,681.8317850979511,cuda,./results/lambda_psi_comparison/checkpoints/cifar10/aptx_field_relu/cifar10__aptx_field_relu__seed3__lr0p0003__cfg300cf5264d1d.pt,2.335595587539673,10.2,49.14,,,,,,,2.3577609191894533,10.01,50.07,,,,,,,0.5351593494415283,0.5332599878311157,0.5353062748908997,0.5318040251731873,0.5355124473571777,0.5545101761817932,0.5356298685073853,0.5358424186706543
cifar10__aptx_field_relu__seed4__lr0p0003__cfg300cf5264d1d,300cf5264d1d,96b354dd2d4cd04c,2.12.1+cu130,0.27.1+cu130,1.9.0,2.5.2,0,4,2026-08-23T00:42:31.361428+00:00,ok,,cifar10,classification,aptx_field_relu,APTx Neuron + Lambda-Psi + ReLU,aptx,1,after_field,1,1,1,0.5,0.5,4,2026,0.0003,0.0002,0.05,100,17,2,15,0.0001,64,384,256,192,3987922,3987922,680.711514193099,cuda,./results/lambda_psi_comparison/checkpoints/cifar10/aptx_field_relu/cifar10__aptx_field_relu__seed4__lr0p0003__cfg300cf5264d1d.pt,2.3564954597473147,9.379999999999999,49.64,,,,,,,2.3513959091186525,10.040000000000001,49.97,,,,,,,0.5192438364028931,0.518036425113678,0.5191633701324463,0.5168994069099426,0.5195420980453491,0.534616231918335,0.5195791721343994,0.5196618437767029
cifar10__aptx_field_relu__seed0__lr0p0005__cfg300cf5264d1d,300cf5264d1d,96b354dd2d4cd04c,2.12.1+cu130,0.27.1+cu130,1.9.0,2.5.2,0,4,2026-08-23T00:54:00.420470+00:00,ok,,cifar10,classification,aptx_field_relu,APTx Neuron + Lambda-Psi + ReLU,aptx,1,after_field,1,1,1,0.5,0.5,0,2026,0.0005,0.0002,0.05,100,17,2,15,0.0001,64,384,256,192,3987922,3987922,680.3197793429717,cuda,./results/lambda_psi_comparison/checkpoints/cifar10/aptx_field_relu/cifar10__aptx_field_relu__seed0__lr0p0005__cfg300cf5264d1d.pt,2.3194277671813963,9.98,48.72,,,,,,,2.327027554321289,9.969999999999999,49.86,,,,,,,0.5338793396949768,0.5321107506752014,0.5340036749839783,0.5299274921417236,0.5341132879257202,0.5537371635437012,0.5341567993164062,0.534457266330719
cifar10__aptx_field_relu__seed1__lr0p0005__cfg300cf5264d1d,300cf5264d1d,96b354dd2d4cd04c,2.12.1+cu130,0.27.1+cu130,1.9.0,2.5.2,0,4,2026-08-23T01:05:29.394983+00:00,ok,,cifar10,classification,aptx_field_relu,APTx Neuron + Lambda-Psi + ReLU,aptx,1,after_field,1,1,1,0.5,0.5,1,2026,0.0005,0.0002,0.05,100,17,2,15,0.0001,64,384,256,192,3987922,3987922,680.3034205490258,cuda,./results/lambda_psi_comparison/checkpoints/cifar10/aptx_field_relu/cifar10__aptx_field_relu__seed1__lr0p0005__cfg300cf5264d1d.pt,2.336877502822876,9.700000000000001,49.32,,,,,,,2.3398733894348145,10.03,50.029999999999994,,,,,,,0.5220832228660583,0.5200040936470032,0.5219647884368896,0.5177174806594849,0.522371768951416,0.5372925400733948,0.5224313735961914,0.5225332379341125
cifar10__aptx_field_relu__seed2__lr0p0005__cfg300cf5264d1d,300cf5264d1d,96b354dd2d4cd04c,2.12.1+cu130,0.27.1+cu130,1.9.0,2.5.2,0,4,2026-08-23T01:19:38.552832+00:00,ok,,cifar10,classification,aptx_field_relu,APTx Neuron + Lambda-Psi + ReLU,aptx,1,after_field,1,1,1,0.5,0.5,2,2026,0.0005,0.0002,0.05,100,21,6,15,0.0001,64,384,256,192,3987922,3987922,840.4373236589599,cuda,./results/lambda_psi_comparison/checkpoints/cifar10/aptx_field_relu/cifar10__aptx_field_relu__seed2__lr0p0005__cfg300cf5264d1d.pt,2.3031359142303467,9.959999999999999,49.2,,,,,,,2.3030551597595217,10.01,50.01,,,,,,,0.5304455161094666,0.5257930755615234,0.5301948189735413,0.5231466889381409,0.5304326415061951,0.551698625087738,0.5307318568229675,0.5311318039894104
cifar10__aptx_field_relu__seed3__lr0p0005__cfg300cf5264d1d,300cf5264d1d,96b354dd2d4cd04c,2.12.1+cu130,0.27.1+cu130,1.9.0,2.5.2,0,4,2026-08-23T01:31:07.552746+00:00,ok,,cifar10,classification,aptx_field_relu,APTx Neuron + Lambda-Psi + ReLU,aptx,1,after_field,1,1,1,0.5,0.5,3,2026,0.0005,0.0002,0.05,100,17,2,15,0.0001,64,384,256,192,3987922,3987922,680.2724610038567,cuda,./results/lambda_psi_comparison/checkpoints/cifar10/aptx_field_relu/cifar10__aptx_field_relu__seed3__lr0p0005__cfg300cf5264d1d.pt,2.318529997253418,10.02,49.8,,,,,,,2.330216443634033,9.9,49.94,,,,,,,0.5402398109436035,0.5377823710441589,0.5405487418174744,0.5358951687812805,0.5406005382537842,0.5628840327262878,0.5407552719116211,0.5410632491111755
cifar10__aptx_field_relu__seed4__lr0p0005__cfg300cf5264d1d,300cf5264d1d,96b354dd2d4cd04c,2.12.1+cu130,0.27.1+cu130,1.9.0,2.5.2,0,4,2026-08-23T01:42:36.443693+00:00,ok,,cifar10,classification,aptx_field_relu,APTx Neuron + Lambda-Psi + ReLU,aptx,1,after_field,1,1,1,0.5,0.5,4,2026,0.0005,0.0002,0.05,100,17,2,15,0.0001,64,384,256,192,3987922,3987922,680.1600324388128,cuda,./results/lambda_psi_comparison/checkpoints/cifar10/aptx_field_relu/cifar10__aptx_field_relu__seed4__lr0p0005__cfg300cf5264d1d.pt,2.3277264114379883,9.36,49.68,,,,,,,2.319635902786255,10.03,50.01,,,,,,,0.5214858651161194,0.519481897354126,0.5214254260063171,0.5187256336212158,0.5217674970626831,0.5375450253486633,0.5218695998191833,0.521992564201355
cifar10__aptx_field_relu__seed0__lr0p001__cfg300cf5264d1d,300cf5264d1d,96b354dd2d4cd04c,2.12.1+cu130,0.27.1+cu130,1.9.0,2.5.2,0,4,2026-08-23T01:53:25.184632+00:00,ok,,cifar10,classification,aptx_field_relu,APTx Neuron + Lambda-Psi + ReLU,aptx,1,after_field,1,1,1,0.5,0.5,0,2026,0.001,0.0002,0.05,100,16,1,15,0.0001,64,384,256,192,3987922,3987922,639.8666509790346,cuda,./results/lambda_psi_comparison/checkpoints/cifar10/aptx_field_relu/cifar10__aptx_field_relu__seed0__lr0p001__cfg300cf5264d1d.pt,2.314713673400879,10.040000000000001,48.68,,,,,,,2.318827825164795,9.93,49.95,,,,,,,0.539702296257019,0.5371484756469727,0.5398229360580444,0.5350396037101746,0.5398740172386169,0.5606700778007507,0.5399515628814697,0.5403746962547302
cifar10__aptx_field_relu__seed1__lr0p001__cfg300cf5264d1d,300cf5264d1d,96b354dd2d4cd04c,2.12.1+cu130,0.27.1+cu130,1.9.0,2.5.2,0,4,2026-08-23T02:07:34.110551+00:00,ok,,cifar10,classification,aptx_field_relu,APTx Neuron + Lambda-Psi + ReLU,aptx,1,after_field,1,1,1,0.5,0.5,1,2026,0.001,0.0002,0.05,100,21,6,15,0.0001,64,384,256,192,3987922,3987922,840.2233117411379,cuda,./results/lambda_psi_comparison/checkpoints/cifar10/aptx_field_relu/cifar10__aptx_field_relu__seed1__lr0p001__cfg300cf5264d1d.pt,2.3024892917633055,9.74,48.8,,,,,,,2.302596070098877,10.0,49.99,,,,,,,0.5262658596038818,0.5235245227813721,0.5262451171875,0.5198784470558167,0.5265898704528809,0.5472162365913391,0.5274201035499573,0.5282149910926819
cifar10__aptx_field_relu__seed2__lr0p001__cfg300cf5264d1d,300cf5264d1d,96b354dd2d4cd04c,2.12.1+cu130,0.27.1+cu130,1.9.0,2.5.2,0,4,2026-08-23T02:18:23.167998+00:00,ok,,cifar10,classification,aptx_field_relu,APTx Neuron + Lambda-Psi + ReLU,aptx,1,after_field,1,1,1,0.5,0.5,2,2026,0.001,0.0002,0.05,100,16,1,15,0.0001,64,384,256,192,3987922,3987922,640.1167966779321,cuda,./results/lambda_psi_comparison/checkpoints/cifar10/aptx_field_relu/cifar10__aptx_field_relu__seed2__lr0p001__cfg300cf5264d1d.pt,2.3102495502471925,10.14,51.38,,,,,,,2.3080404621124266,9.99,49.980000000000004,,,,,,,0.536389946937561,0.5340797901153564,0.5364015698432922,0.5288222432136536,0.5363407731056213,0.554284930229187,0.536448061466217,0.5367419719696045
cifar10__aptx_field_relu__seed3__lr0p001__cfg300cf5264d1d,300cf5264d1d,96b354dd2d4cd04c,2.12.1+cu130,0.27.1+cu130,1.9.0,2.5.2,0,4,2026-08-23T02:31:12.098422+00:00,ok,,cifar10,classification,aptx_field_relu,APTx Neuron + Lambda-Psi + ReLU,aptx,1,after_field,1,1,1,0.5,0.5,3,2026,0.001,0.0002,0.05,100,19,4,15,0.0001,64,384,256,192,3987922,3987922,760.4117428648751,cuda,./results/lambda_psi_comparison/checkpoints/cifar10/aptx_field_relu/cifar10__aptx_field_relu__seed3__lr0p001__cfg300cf5264d1d.pt,2.309193124008179,9.94,48.76,,,,,,,2.305173999404907,9.99,50.0,,,,,,,0.5381923317909241,0.533479630947113,0.5383859276771545,0.5308826565742493,0.5384166836738586,0.5626413226127625,0.5387954711914062,0.5392426252365112
cifar10__aptx_field_relu__seed4__lr0p001__cfg300cf5264d1d,300cf5264d1d,96b354dd2d4cd04c,2.12.1+cu130,0.27.1+cu130,1.9.0,2.5.2,0,4,2026-08-23T02:42:41.059940+00:00,ok,,cifar10,classification,aptx_field_relu,APTx Neuron + Lambda-Psi + ReLU,aptx,1,after_field,1,1,1,0.5,0.5,4,2026,0.001,0.0002,0.05,100,17,2,15,0.0001,64,384,256,192,3987922,3987922,680.1892269551754,cuda,./results/lambda_psi_comparison/checkpoints/cifar10/aptx_field_relu/cifar10__aptx_field_relu__seed4__lr0p001__cfg300cf5264d1d.pt,2.315594104385376,9.36,48.84,,,,,,,2.3033890396118166,10.01,50.029999999999994,,,,,,,0.5253387093544006,0.5237545371055603,0.5252326130867004,0.5218151807785034,0.525412917137146,0.5426399111747742,0.5255505442619324,0.5257676243782043
cifar10__aptx_field_relu__seed0__lr0p002__cfg300cf5264d1d,300cf5264d1d,96b354dd2d4cd04c,2.12.1+cu130,0.27.1+cu130,1.9.0,2.5.2,0,4,2026-08-23T02:55:29.918625+00:00,ok,,cifar10,classification,aptx_field_relu,APTx Neuron + Lambda-Psi + ReLU,aptx,1,after_field,1,1,1,0.5,0.5,0,2026,0.002,0.0002,0.05,100,19,4,15,0.0001,64,384,256,192,3987922,3987922,760.3440900868736,cuda,./results/lambda_psi_comparison/checkpoints/cifar10/aptx_field_relu/cifar10__aptx_field_relu__seed0__lr0p002__cfg300cf5264d1d.pt,2.302716709899902,10.5,50.86000000000001,,,,,,,2.3031746799468995,10.02,50.01,,,,,,,0.5456734895706177,0.5396485328674316,0.5452892780303955,0.5743070840835571,0.5223813652992249,0.5897647738456726,0.5682412385940552,0.5890194773674011
cifar10__aptx_field_relu__seed1__lr0p002__cfg300cf5264d1d,300cf5264d1d,96b354dd2d4cd04c,2.12.1+cu130,0.27.1+cu130,1.9.0,2.5.2,0,4,2026-08-23T03:14:19.049938+00:00,ok,,cifar10,classification,aptx_field_relu,APTx Neuron + Lambda-Psi + ReLU,aptx,1,after_field,1,1,1,0.5,0.5,1,2026,0.002,0.0002,0.05,100,28,13,15,0.0001,64,384,256,192,3987922,3987922,1120.1732284079771,cuda,./results/lambda_psi_comparison/checkpoints/cifar10/aptx_field_relu/cifar10__aptx_field_relu__seed1__lr0p002__cfg300cf5264d1d.pt,2.3026915306091307,10.08,48.92,,,,,,,2.3025862480163575,9.99,50.0,,,,,,,0.5332017540931702,0.5262978076934814,0.5333147644996643,0.5249170064926147,0.5334592461585999,0.5538171529769897,0.5774447321891785,0.6144938468933105
cifar10__aptx_field_relu__seed2__lr0p002__cfg300cf5264d1d,300cf5264d1d,96b354dd2d4cd04c,2.12.1+cu130,0.27.1+cu130,1.9.0,2.5.2,0,4,2026-08-23T03:25:48.140041+00:00,ok,,cifar10,classification,aptx_field_relu,APTx Neuron + Lambda-Psi + ReLU,aptx,1,after_field,1,1,1,0.5,0.5,2,2026,0.002,0.0002,0.05,100,17,2,15,0.0001,64,384,256,192,3987922,3987922,680.348412937019,cuda,./results/lambda_psi_comparison/checkpoints/cifar10/aptx_field_relu/cifar10__aptx_field_relu__seed2__lr0p002__cfg300cf5264d1d.pt,2.3051361278533937,9.98,49.8,,,,,,,2.309846433258057,9.99,49.97,,,,,,,0.5398389101028442,0.5439408421516418,0.5401126146316528,0.533428966999054,0.5401633381843567,0.5579144954681396,0.5407213568687439,0.5413174629211426
cifar10__aptx_field_relu__seed3__lr0p002__cfg300cf5264d1d,300cf5264d1d,96b354dd2d4cd04c,2.12.1+cu130,0.27.1+cu130,1.9.0,2.5.2,0,4,2026-08-23T03:39:57.143475+00:00,ok,,cifar10,classification,aptx_field_relu,APTx Neuron + Lambda-Psi + ReLU,aptx,1,after_field,1,1,1,0.5,0.5,3,2026,0.002,0.0002,0.05,100,21,6,15,0.0001,64,384,256,192,3987922,3987922,840.2988927168772,cuda,./results/lambda_psi_comparison/checkpoints/cifar10/aptx_field_relu/cifar10__aptx_field_relu__seed3__lr0p002__cfg300cf5264d1d.pt,2.303218939590454,10.08,49.18,,,,,,,2.3050815563201903,10.0,49.96,,,,,,,0.5490524768829346,0.5483777523040771,0.5501765012741089,0.5420085191726685,0.5500276684761047,0.5715500712394714,0.5534398555755615,0.5567489266395569
cifar10__aptx_field_relu__seed4__lr0p002__cfg300cf5264d1d,300cf5264d1d,96b354dd2d4cd04c,2.12.1+cu130,0.27.1+cu130,1.9.0,2.5.2,0,4,2026-08-23T03:56:06.119062+00:00,ok,,cifar10,classification,aptx_field_relu,APTx Neuron + Lambda-Psi + ReLU,aptx,1,after_field,1,1,1,0.5,0.5,4,2026,0.002,0.0002,0.05,100,24,9,15,0.0001,64,384,256,192,3987922,3987922,960.1333293309435,cuda,./results/lambda_psi_comparison/checkpoints/cifar10/aptx_field_relu/cifar10__aptx_field_relu__seed4__lr0p002__cfg300cf5264d1d.pt,2.302702900314331,9.92,49.02,,,,,,,2.302595291900635,10.0,50.0,,,,,,,0.5348497033119202,0.5267308950424194,0.5361568331718445,0.5209883451461792,0.5357632637023926,0.5638360381126404,0.5478576421737671,0.5582883358001709
cifar10__aptx_field_relu__seed0__lr0p003__cfg300cf5264d1d,300cf5264d1d,96b354dd2d4cd04c,2.12.1+cu130,0.27.1+cu130,1.9.0,2.5.2,0,4,2026-08-23T04:10:15.387757+00:00,ok,,cifar10,classification,aptx_field_relu,APTx Neuron + Lambda-Psi + ReLU,aptx,1,after_field,1,1,1,0.5,0.5,0,2026,0.003,0.0002,0.05,100,21,6,15,0.0001,64,384,256,192,3987922,3987922,840.4614888578653,cuda,./results/lambda_psi_comparison/checkpoints/cifar10/aptx_field_relu/cifar10__aptx_field_relu__seed0__lr0p003__cfg300cf5264d1d.pt,2.303441828155518,10.08,49.36,,,,,,,2.3024397159576417,10.01,50.019999999999996,,,,,,,0.5527080297470093,0.5417150259017944,0.5522964596748352,0.5759446024894714,0.48554491996765137,0.6324280500411987,0.5834706425666809,0.612648069858551
cifar10__aptx_field_relu__seed1__lr0p003__cfg300cf5264d1d,300cf5264d1d,96b354dd2d4cd04c,2.12.1+cu130,0.27.1+cu130,1.9.0,2.5.2,0,4,2026-08-23T04:28:24.533664+00:00,ok,,cifar10,classification,aptx_field_relu,APTx Neuron + Lambda-Psi + ReLU,aptx,1,after_field,1,1,1,0.5,0.5,1,2026,0.003,0.0002,0.05,100,27,12,15,0.0001,64,384,256,192,3987922,3987922,1080.6274299311917,cuda,./results/lambda_psi_comparison/checkpoints/cifar10/aptx_field_relu/cifar10__aptx_field_relu__seed1__lr0p003__cfg300cf5264d1d.pt,2.3026979431152346,10.08,48.96,,,,,,,2.3026026626586913,9.99,49.99,,,,,,,0.5393933653831482,0.5406870245933533,0.539629340171814,0.5280305743217468,0.5397225618362427,0.5556725263595581,0.6088917851448059,0.6738432049751282
cifar10__aptx_field_relu__seed2__lr0p003__cfg300cf5264d1d,300cf5264d1d,96b354dd2d4cd04c,2.12.1+cu130,0.27.1+cu130,1.9.0,2.5.2,0,4,2026-08-23T04:39:13.430840+00:00,ok,,cifar10,classification,aptx_field_relu,APTx Neuron + Lambda-Psi + ReLU,aptx,1,after_field,1,1,1,0.5,0.5,2,2026,0.003,0.0002,0.05,100,16,1,15,0.0001,64,384,256,192,3987922,3987922,639.9280834610108,cuda,./results/lambda_psi_comparison/checkpoints/cifar10/aptx_field_relu/cifar10__aptx_field_relu__seed2__lr0p003__cfg300cf5264d1d.pt,2.302815445327759,9.959999999999999,50.5,,,,,,,2.303379591369629,10.0,50.0,,,,,,,0.5473993420600891,0.5437971353530884,0.5473737716674805,0.5343757271766663,0.5471000671386719,0.5653273463249207,0.5475696921348572,0.5483091473579407
cifar10__aptx_field_relu__seed3__lr0p003__cfg300cf5264d1d,300cf5264d1d,96b354dd2d4cd04c,2.12.1+cu130,0.27.1+cu130,1.9.0,2.5.2,0,4,2026-08-23T04:53:22.629451+00:00,ok,,cifar10,classification,aptx_field_relu,APTx Neuron + Lambda-Psi + ReLU,aptx,1,after_field,1,1,1,0.5,0.5,3,2026,0.003,0.0002,0.05,100,21,6,15,0.0001,64,384,256,192,3987922,3987922,840.4094481340144,cuda,./results/lambda_psi_comparison/checkpoints/cifar10/aptx_field_relu/cifar10__aptx_field_relu__seed3__lr0p003__cfg300cf5264d1d.pt,2.3026740871429445,10.08,48.980000000000004,,,,,,,2.3025985683441164,10.0,50.0,,,,,,,0.5608242154121399,0.5520589351654053,0.5613046288490295,0.5535871386528015,0.5612611770629883,0.5890980362892151,0.5687273740768433,0.5764801502227783
cifar10__aptx_field_relu__seed4__lr0p003__cfg300cf5264d1d,300cf5264d1d,96b354dd2d4cd04c,2.12.1+cu130,0.27.1+cu130,1.9.0,2.5.2,0,4,2026-08-23T05:07:31.632439+00:00,ok,,cifar10,classification,aptx_field_relu,APTx Neuron + Lambda-Psi + ReLU,aptx,1,after_field,1,1,1,0.5,0.5,4,2026,0.003,0.0002,0.05,100,21,6,15,0.0001,64,384,256,192,3987922,3987922,840.2851448899601,cuda,./results/lambda_psi_comparison/checkpoints/cifar10/aptx_field_relu/cifar10__aptx_field_relu__seed4__lr0p003__cfg300cf5264d1d.pt,2.302654210281372,10.08,49.76,,,,,,,2.3026020278930663,10.0,50.0,,,,,,,0.5368485450744629,0.5381708145141602,0.5370534658432007,0.5302730202674866,0.5364997982978821,0.5519158840179443,0.5465789437294006,0.5555264949798584
cifar10__aptx_relu_field__seed0__lr0p0003__cfgdf40296430fa,df40296430fa,96b354dd2d4cd04c,2.12.1+cu130,0.27.1+cu130,1.9.0,2.5.2,0,4,2026-08-23T06:14:24.357636+00:00,ok,,cifar10,classification,aptx_relu_field,APTx Neuron + ReLU + Lambda-Psi,aptx,1,before_field,1,1,1,0.5,0.5,0,2026,0.0003,0.0002,0.05,100,100,97,15,0.0001,64,384,256,192,3987922,3987922,4003.8724043590482,cuda,./results/lambda_psi_comparison/checkpoints/cifar10/aptx_relu_field/cifar10__aptx_relu_field__seed0__lr0p0003__cfgdf40296430fa.pt,1.4505996908187866,53.0,92.47999999999999,,,,,,,1.4430066455841064,52.92,93.67999999999999,,,,,,,0.7441704273223877,0.7014496922492981,0.7450144290924072,0.6386902928352356,0.7643092274665833,0.6097497940063477,0.6908109188079834,0.6965457201004028
cifar10__aptx_relu_field__seed1__lr0p0003__cfgdf40296430fa,df40296430fa,96b354dd2d4cd04c,2.12.1+cu130,0.27.1+cu130,1.9.0,2.5.2,0,4,2026-08-23T07:21:17.683664+00:00,ok,,cifar10,classification,aptx_relu_field,APTx Neuron + ReLU + Lambda-Psi,aptx,1,before_field,1,1,1,0.5,0.5,1,2026,0.0003,0.0002,0.05,100,100,85,15,0.0001,64,384,256,192,3987922,3987922,4004.4492295510136,cuda,./results/lambda_psi_comparison/checkpoints/cifar10/aptx_relu_field/cifar10__aptx_relu_field__seed1__lr0p0003__cfgdf40296430fa.pt,1.4477813161849975,53.44,92.88,,,,,,,1.4510272718429564,53.059999999999995,93.23,,,,,,,0.7437019348144531,0.7045180797576904,0.7486221790313721,0.6805436611175537,0.7513178586959839,0.6315635442733765,0.7038891911506653,0.7078176140785217
cifar10__aptx_relu_field__seed2__lr0p0003__cfgdf40296430fa,df40296430fa,96b354dd2d4cd04c,2.12.1+cu130,0.27.1+cu130,1.9.0,2.5.2,0,4,2026-08-23T08:28:10.911499+00:00,ok,,cifar10,classification,aptx_relu_field,APTx Neuron + ReLU + Lambda-Psi,aptx,1,before_field,1,1,1,0.5,0.5,2,2026,0.0003,0.0002,0.05,100,100,87,15,0.0001,64,384,256,192,3987922,3987922,4004.3239180410746,cuda,./results/lambda_psi_comparison/checkpoints/cifar10/aptx_relu_field/cifar10__aptx_relu_field__seed2__lr0p0003__cfgdf40296430fa.pt,1.4609266017913818,52.580000000000005,92.74,,,,,,,1.4601612991333008,52.580000000000005,92.93,,,,,,,0.7612422704696655,0.7094565629959106,0.768774151802063,0.6545995473861694,0.7887058854103088,0.6447744369506836,0.7216553688049316,0.713362991809845
cifar10__aptx_relu_field__seed3__lr0p0003__cfgdf40296430fa,df40296430fa,96b354dd2d4cd04c,2.12.1+cu130,0.27.1+cu130,1.9.0,2.5.2,0,4,2026-08-23T09:34:23.145206+00:00,ok,,cifar10,classification,aptx_relu_field,APTx Neuron + ReLU + Lambda-Psi,aptx,1,before_field,1,1,1,0.5,0.5,3,2026,0.0003,0.0002,0.05,100,99,84,15,0.0001,64,384,256,192,3987922,3987922,3963.779168223031,cuda,./results/lambda_psi_comparison/checkpoints/cifar10/aptx_relu_field/cifar10__aptx_relu_field__seed3__lr0p0003__cfgdf40296430fa.pt,1.467164919090271,52.28,93.0,,,,,,,1.4603912208557128,52.16,93.05,,,,,,,0.7552939653396606,0.7238039970397949,0.7537007331848145,0.6623836159706116,0.7713832855224609,0.6418351531028748,0.7021828889846802,0.7097163796424866
cifar10__aptx_relu_field__seed4__lr0p0003__cfgdf40296430fa,df40296430fa,96b354dd2d4cd04c,2.12.1+cu130,0.27.1+cu130,1.9.0,2.5.2,0,4,2026-08-23T10:33:55.071059+00:00,ok,,cifar10,classification,aptx_relu_field,APTx Neuron + ReLU + Lambda-Psi,aptx,1,before_field,1,1,1,0.5,0.5,4,2026,0.0003,0.0002,0.05,100,89,74,15,0.0001,64,384,256,192,3987922,3987922,3563.0984562078957,cuda,./results/lambda_psi_comparison/checkpoints/cifar10/aptx_relu_field/cifar10__aptx_relu_field__seed4__lr0p0003__cfgdf40296430fa.pt,1.460096764945984,53.12,92.74,,,,,,,1.4536114074707032,52.959999999999994,93.02,,,,,,,0.7504857182502747,0.701580822467804,0.7549771666526794,0.662564218044281,0.7657671570777893,0.6513598561286926,0.7045127749443054,0.7124890089035034
cifar10__aptx_relu_field__seed0__lr0p0005__cfgdf40296430fa,df40296430fa,96b354dd2d4cd04c,2.12.1+cu130,0.27.1+cu130,1.9.0,2.5.2,0,4,2026-08-23T11:40:47.151204+00:00,ok,,cifar10,classification,aptx_relu_field,APTx Neuron + ReLU + Lambda-Psi,aptx,1,before_field,1,1,1,0.5,0.5,0,2026,0.0005,0.0002,0.05,100,100,88,15,0.0001,64,384,256,192,3987922,3987922,4003.160465904977,cuda,./results/lambda_psi_comparison/checkpoints/cifar10/aptx_relu_field/cifar10__aptx_relu_field__seed0__lr0p0005__cfgdf40296430fa.pt,1.4059404071807862,54.400000000000006,93.62,,,,,,,1.39711227684021,55.52,93.91000000000001,,,,,,,0.7891027927398682,0.7111365795135498,0.7738767862319946,0.6299737095832825,0.79140305519104,0.6092137098312378,0.6998177170753479,0.7071316242218018
cifar10__aptx_relu_field__seed1__lr0p0005__cfgdf40296430fa,df40296430fa,96b354dd2d4cd04c,2.12.1+cu130,0.27.1+cu130,1.9.0,2.5.2,0,4,2026-08-23T12:47:39.700693+00:00,ok,,cifar10,classification,aptx_relu_field,APTx Neuron + ReLU + Lambda-Psi,aptx,1,before_field,1,1,1,0.5,0.5,1,2026,0.0005,0.0002,0.05,100,100,89,15,0.0001,64,384,256,192,3987922,3987922,4003.6506988650654,cuda,./results/lambda_psi_comparison/checkpoints/cifar10/aptx_relu_field/cifar10__aptx_relu_field__seed1__lr0p0005__cfgdf40296430fa.pt,1.4092681051254272,55.120000000000005,93.47999999999999,,,,,,,1.3966131658554077,54.59,93.89,,,,,,,0.778457760810852,0.7047613263130188,0.7759010195732117,0.6467859745025635,0.7812455296516418,0.6328545212745667,0.6856821179389954,0.7046493291854858
cifar10__aptx_relu_field__seed2__lr0p0005__cfgdf40296430fa,df40296430fa,96b354dd2d4cd04c,2.12.1+cu130,0.27.1+cu130,1.9.0,2.5.2,0,4,2026-08-23T13:47:11.831545+00:00,ok,,cifar10,classification,aptx_relu_field,APTx Neuron + ReLU + Lambda-Psi,aptx,1,before_field,1,1,1,0.5,0.5,2,2026,0.0005,0.0002,0.05,100,89,74,15,0.0001,64,384,256,192,3987922,3987922,3563.373780858936,cuda,./results/lambda_psi_comparison/checkpoints/cifar10/aptx_relu_field/cifar10__aptx_relu_field__seed2__lr0p0005__cfgdf40296430fa.pt,1.419427495765686,53.839999999999996,93.84,,,,,,,1.4131177127838135,54.410000000000004,93.95,,,,,,,0.79739910364151,0.7014093995094299,0.7972354888916016,0.6371393203735352,0.8176061511039734,0.6378734111785889,0.7080298066139221,0.7023743987083435
cifar10__aptx_relu_field__seed3__lr0p0005__cfgdf40296430fa,df40296430fa,96b354dd2d4cd04c,2.12.1+cu130,0.27.1+cu130,1.9.0,2.5.2,0,4,2026-08-23T14:42:04.394452+00:00,ok,,cifar10,classification,aptx_relu_field,APTx Neuron + ReLU + Lambda-Psi,aptx,1,before_field,1,1,1,0.5,0.5,3,2026,0.0005,0.0002,0.05,100,82,67,15,0.0001,64,384,256,192,3987922,3987922,3283.893542609876,cuda,./results/lambda_psi_comparison/checkpoints/cifar10/aptx_relu_field/cifar10__aptx_relu_field__seed3__lr0p0005__cfgdf40296430fa.pt,1.4250779592514038,54.059999999999995,93.4,,,,,,,1.4250428457260131,53.68000000000001,93.8,,,,,,,0.7903069257736206,0.7097516059875488,0.7848343253135681,0.6386178135871887,0.8077136874198914,0.6427714824676514,0.7060458660125732,0.7200422883033752
cifar10__aptx_relu_field__seed4__lr0p0005__cfgdf40296430fa,df40296430fa,96b354dd2d4cd04c,2.12.1+cu130,0.27.1+cu130,1.9.0,2.5.2,0,4,2026-08-23T15:38:56.917468+00:00,ok,,cifar10,classification,aptx_relu_field,APTx Neuron + ReLU + Lambda-Psi,aptx,1,before_field,1,1,1,0.5,0.5,4,2026,0.0005,0.0002,0.05,100,85,70,15,0.0001,64,384,256,192,3987922,3987922,3403.846015305957,cuda,./results/lambda_psi_comparison/checkpoints/cifar10/aptx_relu_field/cifar10__aptx_relu_field__seed4__lr0p0005__cfgdf40296430fa.pt,1.4130020587921142,54.620000000000005,93.89999999999999,,,,,,,1.4110736322402955,54.169999999999995,93.81,,,,,,,0.7816846370697021,0.6898242831230164,0.7837468385696411,0.6480073928833008,0.791226863861084,0.6537708044052124,0.6945855021476746,0.7103320360183716
cifar10__aptx_relu_field__seed0__lr0p001__cfgdf40296430fa,df40296430fa,96b354dd2d4cd04c,2.12.1+cu130,0.27.1+cu130,1.9.0,2.5.2,0,4,2026-08-23T16:34:28.343234+00:00,ok,,cifar10,classification,aptx_relu_field,APTx Neuron + ReLU + Lambda-Psi,aptx,1,before_field,1,1,1,0.5,0.5,0,2026,0.001,0.0002,0.05,100,83,68,15,0.0001,64,384,256,192,3987922,3987922,3322.882145955926,cuda,./results/lambda_psi_comparison/checkpoints/cifar10/aptx_relu_field/cifar10__aptx_relu_field__seed0__lr0p001__cfgdf40296430fa.pt,1.3735679292678833,56.24,94.32000000000001,,,,,,,1.3633568880081177,56.279999999999994,94.37,,,,,,,0.8332011103630066,0.6192298531532288,0.8193245530128479,0.5731887221336365,0.8531754016876221,0.6257171630859375,0.6090427041053772,0.7437329292297363
cifar10__aptx_relu_field__seed1__lr0p001__cfgdf40296430fa,df40296430fa,96b354dd2d4cd04c,2.12.1+cu130,0.27.1+cu130,1.9.0,2.5.2,0,4,2026-08-23T17:26:00.068119+00:00,ok,,cifar10,classification,aptx_relu_field,APTx Neuron + ReLU + Lambda-Psi,aptx,1,before_field,1,1,1,0.5,0.5,1,2026,0.001,0.0002,0.05,100,77,62,15,0.0001,64,384,256,192,3987922,3987922,3082.932541443035,cuda,./results/lambda_psi_comparison/checkpoints/cifar10/aptx_relu_field/cifar10__aptx_relu_field__seed1__lr0p001__cfgdf40296430fa.pt,1.3815976634979248,56.42,94.12,,,,,,,1.383355058479309,55.54,94.33,,,,,,,0.8415319919586182,0.6460731029510498,0.8368894457817078,0.5605276823043823,0.8620785474777222,0.5631834864616394,0.6763041615486145,0.7087239027023315
cifar10__aptx_relu_field__seed2__lr0p001__cfgdf40296430fa,df40296430fa,96b354dd2d4cd04c,2.12.1+cu130,0.27.1+cu130,1.9.0,2.5.2,0,4,2026-08-23T18:10:12.067475+00:00,ok,,cifar10,classification,aptx_relu_field,APTx Neuron + ReLU + Lambda-Psi,aptx,1,before_field,1,1,1,0.5,0.5,2,2026,0.001,0.0002,0.05,100,66,51,15,0.0001,64,384,256,192,3987922,3987922,2643.3161946900655,cuda,./results/lambda_psi_comparison/checkpoints/cifar10/aptx_relu_field/cifar10__aptx_relu_field__seed2__lr0p001__cfgdf40296430fa.pt,1.4052295999526978,55.16,93.44,,,,,,,1.39759924659729,54.61,93.95,,,,,,,0.8631510138511658,0.6067019104957581,0.8560014367103577,0.5479000210762024,0.881615161895752,0.6280246376991272,0.7039019465446472,0.6847710013389587
cifar10__aptx_relu_field__seed3__lr0p001__cfgdf40296430fa,df40296430fa,96b354dd2d4cd04c,2.12.1+cu130,0.27.1+cu130,1.9.0,2.5.2,0,4,2026-08-23T19:04:24.395655+00:00,ok,,cifar10,classification,aptx_relu_field,APTx Neuron + ReLU + Lambda-Psi,aptx,1,before_field,1,1,1,0.5,0.5,3,2026,0.001,0.0002,0.05,100,81,66,15,0.0001,64,384,256,192,3987922,3987922,3243.646180144977,cuda,./results/lambda_psi_comparison/checkpoints/cifar10/aptx_relu_field/cifar10__aptx_relu_field__seed3__lr0p001__cfgdf40296430fa.pt,1.3707109523773193,56.06,94.14,,,,,,,1.3787499473571778,55.64,94.34,,,,,,,0.8616366982460022,0.6584963798522949,0.8433637022972107,0.5563835501670837,0.870841383934021,0.5929216742515564,0.6934428811073303,0.688090443611145
cifar10__aptx_relu_field__seed4__lr0p001__cfgdf40296430fa,df40296430fa,96b354dd2d4cd04c,2.12.1+cu130,0.27.1+cu130,1.9.0,2.5.2,0,4,2026-08-23T20:11:16.203531+00:00,ok,,cifar10,classification,aptx_relu_field,APTx Neuron + ReLU + Lambda-Psi,aptx,1,before_field,1,1,1,0.5,0.5,4,2026,0.001,0.0002,0.05,100,100,85,15,0.0001,64,384,256,192,3987922,3987922,4002.9468363190535,cuda,./results/lambda_psi_comparison/checkpoints/cifar10/aptx_relu_field/cifar10__aptx_relu_field__seed4__lr0p001__cfgdf40296430fa.pt,1.3513093811035157,56.96,94.34,,,,,,,1.3560122909545897,56.720000000000006,94.41000000000001,,,,,,,0.8492035865783691,0.6289569735527039,0.8408607244491577,0.5761234164237976,0.8673644661903381,0.6191697120666504,0.6712881326675415,0.6623306274414062
cifar10__aptx_relu_field__seed0__lr0p002__cfgdf40296430fa,df40296430fa,96b354dd2d4cd04c,2.12.1+cu130,0.27.1+cu130,1.9.0,2.5.2,0,4,2026-08-23T21:14:08.338534+00:00,ok,,cifar10,classification,aptx_relu_field,APTx Neuron + ReLU + Lambda-Psi,aptx,1,before_field,1,1,1,0.5,0.5,0,2026,0.002,0.0002,0.05,100,94,79,15,0.0001,64,384,256,192,3987922,3987922,3763.499662964139,cuda,./results/lambda_psi_comparison/checkpoints/cifar10/aptx_relu_field/cifar10__aptx_relu_field__seed0__lr0p002__cfgdf40296430fa.pt,1.3365226104736327,57.879999999999995,94.39999999999999,,,,,,,1.3352199827194213,57.379999999999995,94.69,,,,,,,0.8845393061637878,0.47674453258514404,0.8827881813049316,0.38991203904151917,0.9296392202377319,0.5099290013313293,0.3046664595603943,0.8606418371200562
cifar10__aptx_relu_field__seed1__lr0p002__cfgdf40296430fa,df40296430fa,96b354dd2d4cd04c,2.12.1+cu130,0.27.1+cu130,1.9.0,2.5.2,0,4,2026-08-23T22:21:00.122875+00:00,ok,,cifar10,classification,aptx_relu_field,APTx Neuron + ReLU + Lambda-Psi,aptx,1,before_field,1,1,1,0.5,0.5,1,2026,0.002,0.0002,0.05,100,100,85,15,0.0001,64,384,256,192,3987922,3987922,4002.900077746948,cuda,./results/lambda_psi_comparison/checkpoints/cifar10/aptx_relu_field/cifar10__aptx_relu_field__seed1__lr0p002__cfgdf40296430fa.pt,1.3527157327651977,56.220000000000006,94.56,,,,,,,1.346817233657837,56.989999999999995,94.58,,,,,,,0.882922887802124,0.49259939789772034,0.8687775731086731,0.4378780126571655,0.9434971809387207,0.5335220694541931,0.7694481015205383,0.5172620415687561
cifar10__aptx_relu_field__seed2__lr0p002__cfgdf40296430fa,df40296430fa,96b354dd2d4cd04c,2.12.1+cu130,0.27.1+cu130,1.9.0,2.5.2,0,4,2026-08-23T23:20:31.698271+00:00,ok,,cifar10,classification,aptx_relu_field,APTx Neuron + ReLU + Lambda-Psi,aptx,1,before_field,1,1,1,0.5,0.5,2,2026,0.002,0.0002,0.05,100,89,74,15,0.0001,64,384,256,192,3987922,3987922,3562.8560903761536,cuda,./results/lambda_psi_comparison/checkpoints/cifar10/aptx_relu_field/cifar10__aptx_relu_field__seed2__lr0p002__cfgdf40296430fa.pt,1.344629447555542,57.26,94.67999999999999,,,,,,,1.3431243745803834,57.18,94.81,,,,,,,0.8908312916755676,0.434808611869812,0.8811641931533813,0.32128795981407166,0.9330904483795166,0.4806640148162842,0.28903183341026306,0.8715543746948242
cifar10__aptx_relu_field__seed3__lr0p002__cfgdf40296430fa,df40296430fa,96b354dd2d4cd04c,2.12.1+cu130,0.27.1+cu130,1.9.0,2.5.2,0,4,2026-08-24T00:15:23.415667+00:00,ok,,cifar10,classification,aptx_relu_field,APTx Neuron + ReLU + Lambda-Psi,aptx,1,before_field,1,1,1,0.5,0.5,3,2026,0.002,0.0002,0.05,100,82,67,15,0.0001,64,384,256,192,3987922,3987922,3283.110052071046,cuda,./results/lambda_psi_comparison/checkpoints/cifar10/aptx_relu_field/cifar10__aptx_relu_field__seed3__lr0p002__cfgdf40296430fa.pt,1.3674283220291137,56.26,94.19999999999999,,,,,,,1.3618184852600097,56.3,94.84,,,,,,,0.8844397068023682,0.5568302273750305,0.8569619059562683,0.48100098967552185,0.9348364472389221,0.5667442083358765,0.7906790971755981,0.5197640657424927
cifar10__aptx_relu_field__seed4__lr0p002__cfgdf40296430fa,df40296430fa,96b354dd2d4cd04c,2.12.1+cu130,0.27.1+cu130,1.9.0,2.5.2,0,4,2026-08-24T01:00:14.256013+00:00,ok,,cifar10,classification,aptx_relu_field,APTx Neuron + ReLU + Lambda-Psi,aptx,1,before_field,1,1,1,0.5,0.5,4,2026,0.002,0.0002,0.05,100,67,52,15,0.0001,64,384,256,192,3987922,3987922,2682.3789574918337,cuda,./results/lambda_psi_comparison/checkpoints/cifar10/aptx_relu_field/cifar10__aptx_relu_field__seed4__lr0p002__cfgdf40296430fa.pt,1.3667072916030885,56.8,94.24,,,,,,,1.3832098140716553,55.02,94.31,,,,,,,0.9100813865661621,0.38696232438087463,0.9141077995300293,0.38402631878852844,0.93408203125,0.5436055660247803,0.6901120543479919,0.6226984858512878
cifar10__aptx_relu_field__seed0__lr0p003__cfgdf40296430fa,df40296430fa,96b354dd2d4cd04c,2.12.1+cu130,0.27.1+cu130,1.9.0,2.5.2,0,4,2026-08-24T02:04:27.424008+00:00,ok,,cifar10,classification,aptx_relu_field,APTx Neuron + ReLU + Lambda-Psi,aptx,1,before_field,1,1,1,0.5,0.5,0,2026,0.003,0.0002,0.05,100,96,81,15,0.0001,64,384,256,192,3987922,3987922,3844.194404667942,cuda,./results/lambda_psi_comparison/checkpoints/cifar10/aptx_relu_field/cifar10__aptx_relu_field__seed0__lr0p003__cfgdf40296430fa.pt,1.3403296951293946,57.46,94.67999999999999,,,,,,,1.3531313945770265,56.43,94.5,,,,,,,0.8820677399635315,0.2730817198753357,0.9057261347770691,0.315668523311615,0.9682852029800415,0.5620421767234802,0.8213687539100647,0.4110911786556244
cifar10__aptx_relu_field__seed1__lr0p003__cfgdf40296430fa,df40296430fa,96b354dd2d4cd04c,2.12.1+cu130,0.27.1+cu130,1.9.0,2.5.2,0,4,2026-08-24T03:11:19.654037+00:00,ok,,cifar10,classification,aptx_relu_field,APTx Neuron + ReLU + Lambda-Psi,aptx,1,before_field,1,1,1,0.5,0.5,1,2026,0.003,0.0002,0.05,100,100,97,15,0.0001,64,384,256,192,3987922,3987922,4003.3093217881396,cuda,./results/lambda_psi_comparison/checkpoints/cifar10/aptx_relu_field/cifar10__aptx_relu_field__seed1__lr0p003__cfgdf40296430fa.pt,1.3465146112442017,57.68,94.76,,,,,,,1.3484550792694092,57.18,94.59,,,,,,,0.9031548500061035,0.257527619600296,0.9117380380630493,0.26090842485427856,0.9657233357429504,0.5197376608848572,0.8300596475601196,0.423187792301178
cifar10__aptx_relu_field__seed2__lr0p003__cfgdf40296430fa,df40296430fa,96b354dd2d4cd04c,2.12.1+cu130,0.27.1+cu130,1.9.0,2.5.2,0,4,2026-08-24T04:18:11.783158+00:00,ok,,cifar10,classification,aptx_relu_field,APTx Neuron + ReLU + Lambda-Psi,aptx,1,before_field,1,1,1,0.5,0.5,2,2026,0.003,0.0002,0.05,100,100,93,15,0.0001,64,384,256,192,3987922,3987922,4003.236771682976,cuda,./results/lambda_psi_comparison/checkpoints/cifar10/aptx_relu_field/cifar10__aptx_relu_field__seed2__lr0p003__cfgdf40296430fa.pt,1.3434540786743163,57.18,94.38,,,,,,,1.345410756111145,56.96,94.59,,,,,,,0.9003726243972778,0.1365455836057663,0.9393293261528015,0.21392472088336945,0.9660387635231018,0.525479793548584,0.7300994992256165,0.5231803059577942
cifar10__aptx_relu_field__seed3__lr0p003__cfgdf40296430fa,df40296430fa,96b354dd2d4cd04c,2.12.1+cu130,0.27.1+cu130,1.9.0,2.5.2,0,4,2026-08-24T05:25:04.154496+00:00,ok,,cifar10,classification,aptx_relu_field,APTx Neuron + ReLU + Lambda-Psi,aptx,1,before_field,1,1,1,0.5,0.5,3,2026,0.003,0.0002,0.05,100,100,90,15,0.0001,64,384,256,192,3987922,3987922,4003.416208259994,cuda,./results/lambda_psi_comparison/checkpoints/cifar10/aptx_relu_field/cifar10__aptx_relu_field__seed3__lr0p003__cfgdf40296430fa.pt,1.3592052160263062,56.120000000000005,94.34,,,,,,,1.3672055215835572,56.16,94.28,,,,,,,0.9004523754119873,0.3423461616039276,0.8940831422805786,0.29427850246429443,0.9700283408164978,0.5883388519287109,0.825268030166626,0.4429682195186615
cifar10__aptx_relu_field__seed4__lr0p003__cfgdf40296430fa,df40296430fa,96b354dd2d4cd04c,2.12.1+cu130,0.27.1+cu130,1.9.0,2.5.2,0,4,2026-08-24T06:25:18.065094+00:00,ok,,cifar10,classification,aptx_relu_field,APTx Neuron + ReLU + Lambda-Psi,aptx,1,before_field,1,1,1,0.5,0.5,4,2026,0.003,0.0002,0.05,100,90,75,15,0.0001,64,384,256,192,3987922,3987922,3605.2018888941966,cuda,./results/lambda_psi_comparison/checkpoints/cifar10/aptx_relu_field/cifar10__aptx_relu_field__seed4__lr0p003__cfgdf40296430fa.pt,1.3602032682418823,56.10000000000001,94.06,,,,,,,1.3631416387557984,56.26,94.35,,,,,,,0.9011896848678589,0.10521403700113297,0.9466232657432556,0.25674593448638916,0.9719833731651306,0.5255334973335266,0.8028759956359863,0.4706507623195648
cifar100__traditional__seed0__lr0p0003__cfgac1c15dbef4b,ac1c15dbef4b,96b354dd2d4cd04c,2.12.1+cu130,0.27.1+cu130,1.9.0,2.5.2,0,4,2026-08-24T07:17:23.855340+00:00,ok,,cifar100,classification,traditional,Traditional neuron,traditional,0,none,0,1,1,0.5,0.5,0,2026,0.0003,0.0001,0.0,100,100,86,20,0.0001,64,384,256,192,1347236,1347236,505.7321084518917,cuda,./results/lambda_psi_comparison/checkpoints/cifar100/traditional/cifar100__traditional__seed0__lr0p0003__cfgac1c15dbef4b.pt,3.6368567012786865,18.18,41.980000000000004,,,,,,,3.66244990234375,17.669999999999998,40.81,,,,,,,,,,,,,,
cifar100__traditional__seed1__lr0p0003__cfgac1c15dbef4b,ac1c15dbef4b,96b354dd2d4cd04c,2.12.1+cu130,0.27.1+cu130,1.9.0,2.5.2,0,4,2026-08-24T07:21:52.356557+00:00,ok,,cifar100,classification,traditional,Traditional neuron,traditional,0,none,0,1,1,0.5,0.5,1,2026,0.0003,0.0001,0.0,100,52,32,20,0.0001,64,384,256,192,1347236,1347236,261.93172099185176,cuda,./results/lambda_psi_comparison/checkpoints/cifar100/traditional/cifar100__traditional__seed1__lr0p0003__cfgac1c15dbef4b.pt,3.6928991081237794,17.28,39.379999999999995,,,,,,,3.7267666229248047,16.259999999999998,39.17,,,,,,,,,,,,,,
cifar100__traditional__seed2__lr0p0003__cfgac1c15dbef4b,ac1c15dbef4b,96b354dd2d4cd04c,2.12.1+cu130,0.27.1+cu130,1.9.0,2.5.2,0,4,2026-08-24T07:28:18.142501+00:00,ok,,cifar100,classification,traditional,Traditional neuron,traditional,0,none,0,1,1,0.5,0.5,2,2026,0.0003,0.0001,0.0,100,77,57,20,0.0001,64,384,256,192,1347236,1347236,381.34305961593054,cuda,./results/lambda_psi_comparison/checkpoints/cifar100/traditional/cifar100__traditional__seed2__lr0p0003__cfgac1c15dbef4b.pt,3.655832977294922,17.919999999999998,41.160000000000004,,,,,,,3.6835955169677734,16.96,40.12,,,,,,,,,,,,,,
cifar100__traditional__seed3__lr0p0003__cfgac1c15dbef4b,ac1c15dbef4b,96b354dd2d4cd04c,2.12.1+cu130,0.27.1+cu130,1.9.0,2.5.2,0,4,2026-08-24T07:36:34.667924+00:00,ok,,cifar100,classification,traditional,Traditional neuron,traditional,0,none,0,1,1,0.5,0.5,3,2026,0.0003,0.0001,0.0,100,100,91,20,0.0001,64,384,256,192,1347236,1347236,492.6059925421141,cuda,./results/lambda_psi_comparison/checkpoints/cifar100/traditional/cifar100__traditional__seed3__lr0p0003__cfgac1c15dbef4b.pt,3.634663313293457,18.14,41.5,,,,,,,3.66194921875,17.740000000000002,41.07,,,,,,,,,,,,,,
cifar100__traditional__seed4__lr0p0003__cfgac1c15dbef4b,ac1c15dbef4b,96b354dd2d4cd04c,2.12.1+cu130,0.27.1+cu130,1.9.0,2.5.2,0,4,2026-08-24T07:42:44.700320+00:00,ok,,cifar100,classification,traditional,Traditional neuron,traditional,0,none,0,1,1,0.5,0.5,4,2026,0.0003,0.0001,0.0,100,74,54,20,0.0001,64,384,256,192,1347236,1347236,365.9288927069865,cuda,./results/lambda_psi_comparison/checkpoints/cifar100/traditional/cifar100__traditional__seed4__lr0p0003__cfgac1c15dbef4b.pt,3.6487153594970705,18.0,40.98,,,,,,,3.68082445602417,16.86,40.35,,,,,,,,,,,,,,
cifar100__traditional__seed0__lr0p0005__cfgac1c15dbef4b,ac1c15dbef4b,96b354dd2d4cd04c,2.12.1+cu130,0.27.1+cu130,1.9.0,2.5.2,0,4,2026-08-24T07:51:03.536952+00:00,ok,,cifar100,classification,traditional,Traditional neuron,traditional,0,none,0,1,1,0.5,0.5,0,2026,0.0005,0.0001,0.0,100,100,93,20,0.0001,64,384,256,192,1347236,1347236,494.63107818504795,cuda,./results/lambda_psi_comparison/checkpoints/cifar100/traditional/cifar100__traditional__seed0__lr0p0005__cfgac1c15dbef4b.pt,3.637999966049194,18.14,41.36,,,,,,,3.663641912841797,17.66,40.78,,,,,,,,,,,,,,
cifar100__traditional__seed1__lr0p0005__cfgac1c15dbef4b,ac1c15dbef4b,96b354dd2d4cd04c,2.12.1+cu130,0.27.1+cu130,1.9.0,2.5.2,0,4,2026-08-24T07:59:18.134732+00:00,ok,,cifar100,classification,traditional,Traditional neuron,traditional,0,none,0,1,1,0.5,0.5,1,2026,0.0005,0.0001,0.0,100,100,84,20,0.0001,64,384,256,192,1347236,1347236,490.88516261801124,cuda,./results/lambda_psi_comparison/checkpoints/cifar100/traditional/cifar100__traditional__seed1__lr0p0005__cfgac1c15dbef4b.pt,3.642012798690796,17.82,41.04,,,,,,,3.667568420410156,17.23,40.73,,,,,,,,,,,,,,
cifar100__traditional__seed2__lr0p0005__cfgac1c15dbef4b,ac1c15dbef4b,96b354dd2d4cd04c,2.12.1+cu130,0.27.1+cu130,1.9.0,2.5.2,0,4,2026-08-24T08:08:02.074324+00:00,ok,,cifar100,classification,traditional,Traditional neuron,traditional,0,none,0,1,1,0.5,0.5,2,2026,0.0005,0.0001,0.0,100,100,99,20,0.0001,64,384,256,192,1347236,1347236,519.9599279060494,cuda,./results/lambda_psi_comparison/checkpoints/cifar100/traditional/cifar100__traditional__seed2__lr0p0005__cfgac1c15dbef4b.pt,3.6359596115112303,18.02,41.54,,,,,,,3.6641380493164064,17.560000000000002,40.73,,,,,,,,,,,,,,
cifar100__traditional__seed3__lr0p0005__cfgac1c15dbef4b,ac1c15dbef4b,96b354dd2d4cd04c,2.12.1+cu130,0.27.1+cu130,1.9.0,2.5.2,0,4,2026-08-24T08:15:58.763361+00:00,ok,,cifar100,classification,traditional,Traditional neuron,traditional,0,none,0,1,1,0.5,0.5,3,2026,0.0005,0.0001,0.0,100,85,65,20,0.0001,64,384,256,192,1347236,1347236,472.56586517603137,cuda,./results/lambda_psi_comparison/checkpoints/cifar100/traditional/cifar100__traditional__seed3__lr0p0005__cfgac1c15dbef4b.pt,3.6479096714019774,17.84,41.44,,,,,,,3.6774868392944335,17.03,40.03,,,,,,,,,,,,,,
cifar100__traditional__seed4__lr0p0005__cfgac1c15dbef4b,ac1c15dbef4b,96b354dd2d4cd04c,2.12.1+cu130,0.27.1+cu130,1.9.0,2.5.2,0,4,2026-08-24T08:22:56.383657+00:00,ok,,cifar100,classification,traditional,Traditional neuron,traditional,0,none,0,1,1,0.5,0.5,4,2026,0.0005,0.0001,0.0,100,74,54,20,0.0001,64,384,256,192,1347236,1347236,412.7808309791144,cuda,./results/lambda_psi_comparison/checkpoints/cifar100/traditional/cifar100__traditional__seed4__lr0p0005__cfgac1c15dbef4b.pt,3.6575380992889404,17.82,40.88,,,,,,,3.6906081123352052,16.509999999999998,40.03,,,,,,,,,,,,,,
cifar100__traditional__seed0__lr0p001__cfgac1c15dbef4b,ac1c15dbef4b,96b354dd2d4cd04c,2.12.1+cu130,0.27.1+cu130,1.9.0,2.5.2,0,4,2026-08-24T08:31:34.983232+00:00,ok,,cifar100,classification,traditional,Traditional neuron,traditional,0,none,0,1,1,0.5,0.5,0,2026,0.001,0.0001,0.0,100,100,91,20,0.0001,64,384,256,192,1347236,1347236,514.2740065590478,cuda,./results/lambda_psi_comparison/checkpoints/cifar100/traditional/cifar100__traditional__seed0__lr0p001__cfgac1c15dbef4b.pt,3.645710726928711,17.84,41.38,,,,,,,3.6714636177062987,17.22,40.699999999999996,,,,,,,,,,,,,,
cifar100__traditional__seed1__lr0p001__cfgac1c15dbef4b,ac1c15dbef4b,96b354dd2d4cd04c,2.12.1+cu130,0.27.1+cu130,1.9.0,2.5.2,0,4,2026-08-24T08:39:36.698039+00:00,ok,,cifar100,classification,traditional,Traditional neuron,traditional,0,none,0,1,1,0.5,0.5,1,2026,0.001,0.0001,0.0,100,97,77,20,0.0001,64,384,256,192,1347236,1347236,477.8560934239067,cuda,./results/lambda_psi_comparison/checkpoints/cifar100/traditional/cifar100__traditional__seed1__lr0p001__cfgac1c15dbef4b.pt,3.6554888050079346,17.380000000000003,41.38,,,,,,,3.6811233001708983,16.919999999999998,40.38,,,,,,,,,,,,,,
cifar100__traditional__seed2__lr0p001__cfgac1c15dbef4b,ac1c15dbef4b,96b354dd2d4cd04c,2.12.1+cu130,0.27.1+cu130,1.9.0,2.5.2,0,4,2026-08-24T08:47:53.459747+00:00,ok,,cifar100,classification,traditional,Traditional neuron,traditional,0,none,0,1,1,0.5,0.5,2,2026,0.001,0.0001,0.0,100,100,99,20,0.0001,64,384,256,192,1347236,1347236,492.9035643308889,cuda,./results/lambda_psi_comparison/checkpoints/cifar100/traditional/cifar100__traditional__seed2__lr0p001__cfgac1c15dbef4b.pt,3.6447649017333985,17.740000000000002,41.54,,,,,,,3.6715496200561524,17.150000000000002,40.68,,,,,,,,,,,,,,
cifar100__traditional__seed3__lr0p001__cfgac1c15dbef4b,ac1c15dbef4b,96b354dd2d4cd04c,2.12.1+cu130,0.27.1+cu130,1.9.0,2.5.2,0,4,2026-08-24T08:54:11.404482+00:00,ok,,cifar100,classification,traditional,Traditional neuron,traditional,0,none,0,1,1,0.5,0.5,3,2026,0.001,0.0001,0.0,100,74,54,20,0.0001,64,384,256,192,1347236,1347236,373.94029197795317,cuda,./results/lambda_psi_comparison/checkpoints/cifar100/traditional/cifar100__traditional__seed3__lr0p001__cfgac1c15dbef4b.pt,3.6869081157684325,17.32,39.56,,,,,,,3.7112953475952146,16.08,38.84,,,,,,,,,,,,,,
cifar100__traditional__seed4__lr0p001__cfgac1c15dbef4b,ac1c15dbef4b,96b354dd2d4cd04c,2.12.1+cu130,0.27.1+cu130,1.9.0,2.5.2,0,4,2026-08-24T09:03:34.267313+00:00,ok,,cifar100,classification,traditional,Traditional neuron,traditional,0,none,0,1,1,0.5,0.5,4,2026,0.001,0.0001,0.0,100,100,95,20,0.0001,64,384,256,192,1347236,1347236,558.591813971987,cuda,./results/lambda_psi_comparison/checkpoints/cifar100/traditional/cifar100__traditional__seed4__lr0p001__cfgac1c15dbef4b.pt,3.647530181121826,17.68,41.46,,,,,,,3.670344593811035,17.5,40.67,,,,,,,,,,,,,,
cifar100__traditional__seed0__lr0p002__cfgac1c15dbef4b,ac1c15dbef4b,96b354dd2d4cd04c,2.12.1+cu130,0.27.1+cu130,1.9.0,2.5.2,0,4,2026-08-24T09:12:53.155532+00:00,ok,,cifar100,classification,traditional,Traditional neuron,traditional,0,none,0,1,1,0.5,0.5,0,2026,0.002,0.0001,0.0,100,100,98,20,0.0001,64,384,256,192,1347236,1347236,555.0503717451356,cuda,./results/lambda_psi_comparison/checkpoints/cifar100/traditional/cifar100__traditional__seed0__lr0p002__cfgac1c15dbef4b.pt,3.65046262512207,17.599999999999998,40.94,,,,,,,3.676654510498047,17.04,40.56,,,,,,,,,,,,,,
cifar100__traditional__seed1__lr0p002__cfgac1c15dbef4b,ac1c15dbef4b,96b354dd2d4cd04c,2.12.1+cu130,0.27.1+cu130,1.9.0,2.5.2,0,4,2026-08-24T09:21:06.996746+00:00,ok,,cifar100,classification,traditional,Traditional neuron,traditional,0,none,0,1,1,0.5,0.5,1,2026,0.002,0.0001,0.0,100,100,94,20,0.0001,64,384,256,192,1347236,1347236,490.04036619490944,cuda,./results/lambda_psi_comparison/checkpoints/cifar100/traditional/cifar100__traditional__seed1__lr0p002__cfgac1c15dbef4b.pt,3.651171310806274,17.34,40.78,,,,,,,3.6756274490356446,17.19,40.42,,,,,,,,,,,,,,
cifar100__traditional__seed2__lr0p002__cfgac1c15dbef4b,ac1c15dbef4b,96b354dd2d4cd04c,2.12.1+cu130,0.27.1+cu130,1.9.0,2.5.2,0,4,2026-08-24T09:29:23.311029+00:00,ok,,cifar100,classification,traditional,Traditional neuron,traditional,0,none,0,1,1,0.5,0.5,2,2026,0.002,0.0001,0.0,100,100,99,20,0.0001,64,384,256,192,1347236,1347236,492.48720773682,cuda,./results/lambda_psi_comparison/checkpoints/cifar100/traditional/cifar100__traditional__seed2__lr0p002__cfgac1c15dbef4b.pt,3.6512191997528074,17.54,40.96,,,,,,,3.677170930480957,16.99,40.38,,,,,,,,,,,,,,
cifar100__traditional__seed3__lr0p002__cfgac1c15dbef4b,ac1c15dbef4b,96b354dd2d4cd04c,2.12.1+cu130,0.27.1+cu130,1.9.0,2.5.2,0,4,2026-08-24T09:37:37.700251+00:00,ok,,cifar100,classification,traditional,Traditional neuron,traditional,0,none,0,1,1,0.5,0.5,3,2026,0.002,0.0001,0.0,100,100,94,20,0.0001,64,384,256,192,1347236,1347236,490.5397547900211,cuda,./results/lambda_psi_comparison/checkpoints/cifar100/traditional/cifar100__traditional__seed3__lr0p002__cfgac1c15dbef4b.pt,3.6522538219451905,17.560000000000002,41.06,,,,,,,3.6781638458251953,17.2,40.550000000000004,,,,,,,,,,,,,,
cifar100__traditional__seed4__lr0p002__cfgac1c15dbef4b,ac1c15dbef4b,96b354dd2d4cd04c,2.12.1+cu130,0.27.1+cu130,1.9.0,2.5.2,0,4,2026-08-24T09:46:30.979720+00:00,ok,,cifar100,classification,traditional,Traditional neuron,traditional,0,none,0,1,1,0.5,0.5,4,2026,0.002,0.0001,0.0,100,100,95,20,0.0001,64,384,256,192,1347236,1347236,529.4658571670298,cuda,./results/lambda_psi_comparison/checkpoints/cifar100/traditional/cifar100__traditional__seed4__lr0p002__cfgac1c15dbef4b.pt,3.651614490890503,17.66,41.02,,,,,,,3.677171661376953,17.18,40.37,,,,,,,,,,,,,,
cifar100__traditional__seed0__lr0p003__cfgac1c15dbef4b,ac1c15dbef4b,96b354dd2d4cd04c,2.12.1+cu130,0.27.1+cu130,1.9.0,2.5.2,0,4,2026-08-24T09:48:42.433439+00:00,ok,,cifar100,classification,traditional,Traditional neuron,traditional,0,none,0,1,1,0.5,0.5,0,2026,0.003,0.0001,0.0,100,25,5,20,0.0001,64,384,256,192,1347236,1347236,127.51701379800215,cuda,./results/lambda_psi_comparison/checkpoints/cifar100/traditional/cifar100__traditional__seed0__lr0p003__cfgac1c15dbef4b.pt,4.091240079498291,9.02,26.36,,,,,,,4.095718183898926,8.870000000000001,26.6,,,,,,,,,,,,,,
cifar100__traditional__seed1__lr0p003__cfgac1c15dbef4b,ac1c15dbef4b,96b354dd2d4cd04c,2.12.1+cu130,0.27.1+cu130,1.9.0,2.5.2,0,4,2026-08-24T09:56:59.964312+00:00,ok,,cifar100,classification,traditional,Traditional neuron,traditional,0,none,0,1,1,0.5,0.5,1,2026,0.003,0.0001,0.0,100,100,94,20,0.0001,64,384,256,192,1347236,1347236,493.70632036891766,cuda,./results/lambda_psi_comparison/checkpoints/cifar100/traditional/cifar100__traditional__seed1__lr0p003__cfgac1c15dbef4b.pt,3.6527658863067627,17.54,40.86,,,,,,,3.6783942481994627,17.05,40.33,,,,,,,,,,,,,,
cifar100__traditional__seed2__lr0p003__cfgac1c15dbef4b,ac1c15dbef4b,96b354dd2d4cd04c,2.12.1+cu130,0.27.1+cu130,1.9.0,2.5.2,0,4,2026-08-24T09:59:21.104357+00:00,ok,,cifar100,classification,traditional,Traditional neuron,traditional,0,none,0,1,1,0.5,0.5,2,2026,0.003,0.0001,0.0,100,28,8,20,0.0001,64,384,256,192,1347236,1347236,137.3339042388834,cuda,./results/lambda_psi_comparison/checkpoints/cifar100/traditional/cifar100__traditional__seed2__lr0p003__cfgac1c15dbef4b.pt,4.067617937850952,8.88,26.740000000000002,,,,,,,4.066168402099609,8.98,27.310000000000002,,,,,,,,,,,,,,
cifar100__traditional__seed3__lr0p003__cfgac1c15dbef4b,ac1c15dbef4b,96b354dd2d4cd04c,2.12.1+cu130,0.27.1+cu130,1.9.0,2.5.2,0,4,2026-08-24T10:09:12.647052+00:00,ok,,cifar100,classification,traditional,Traditional neuron,traditional,0,none,0,1,1,0.5,0.5,3,2026,0.003,0.0001,0.0,100,100,95,20,0.0001,64,384,256,192,1347236,1347236,587.0325025990605,cuda,./results/lambda_psi_comparison/checkpoints/cifar100/traditional/cifar100__traditional__seed3__lr0p003__cfgac1c15dbef4b.pt,3.6537532234191894,17.52,40.92,,,,,,,3.680829652404785,16.89,40.1,,,,,,,,,,,,,,
cifar100__traditional__seed4__lr0p003__cfgac1c15dbef4b,ac1c15dbef4b,96b354dd2d4cd04c,2.12.1+cu130,0.27.1+cu130,1.9.0,2.5.2,0,4,2026-08-24T10:14:02.621330+00:00,ok,,cifar100,classification,traditional,Traditional neuron,traditional,0,none,0,1,1,0.5,0.5,4,2026,0.003,0.0001,0.0,100,33,13,20,0.0001,64,384,256,192,1347236,1347236,285.38301392109133,cuda,./results/lambda_psi_comparison/checkpoints/cifar100/traditional/cifar100__traditional__seed4__lr0p003__cfgac1c15dbef4b.pt,4.04468685722351,10.08,26.740000000000002,,,,,,,4.064332318878174,9.75,26.69,,,,,,,,,,,,,,
cifar100__traditional_relu__seed0__lr0p0003__cfgb6f9c7b3b299,b6f9c7b3b299,96b354dd2d4cd04c,2.12.1+cu130,0.27.1+cu130,1.9.0,2.5.2,0,4,2026-08-24T10:26:27.301419+00:00,ok,,cifar100,classification,traditional_relu,Traditional neuron + ReLU,traditional,0,after_neuron,0,1,1,0.5,0.5,0,2026,0.0003,0.0001,0.0,100,83,63,20,0.0001,64,384,256,192,1347236,1347236,738.3252420681529,cuda,./results/lambda_psi_comparison/checkpoints/cifar100/traditional_relu/cifar100__traditional_relu__seed0__lr0p0003__cfgb6f9c7b3b299.pt,3.305097764968872,26.38,52.04,,,,,,,3.35405132522583,25.869999999999997,52.51,,,,,,,,,,,,,,
cifar100__traditional_relu__seed1__lr0p0003__cfgb6f9c7b3b299,b6f9c7b3b299,96b354dd2d4cd04c,2.12.1+cu130,0.27.1+cu130,1.9.0,2.5.2,0,4,2026-08-24T10:37:31.999425+00:00,ok,,cifar100,classification,traditional_relu,Traditional neuron + ReLU,traditional,0,after_neuron,0,1,1,0.5,0.5,1,2026,0.0003,0.0001,0.0,100,71,51,20,0.0001,64,384,256,192,1347236,1347236,660.1246307080146,cuda,./results/lambda_psi_comparison/checkpoints/cifar100/traditional_relu/cifar100__traditional_relu__seed1__lr0p0003__cfgb6f9c7b3b299.pt,3.3025806259155273,26.0,52.12,,,,,,,3.3251006301879884,25.36,52.1,,,,,,,,,,,,,,
cifar100__traditional_relu__seed2__lr0p0003__cfgb6f9c7b3b299,b6f9c7b3b299,96b354dd2d4cd04c,2.12.1+cu130,0.27.1+cu130,1.9.0,2.5.2,0,4,2026-08-24T10:49:08.646063+00:00,ok,,cifar100,classification,traditional_relu,Traditional neuron + ReLU,traditional,0,after_neuron,0,1,1,0.5,0.5,2,2026,0.0003,0.0001,0.0,100,84,64,20,0.0001,64,384,256,192,1347236,1347236,692.2273846019525,cuda,./results/lambda_psi_comparison/checkpoints/cifar100/traditional_relu/cifar100__traditional_relu__seed2__lr0p0003__cfgb6f9c7b3b299.pt,3.3791795486450193,25.679999999999996,51.88,,,,,,,3.3557922187805174,25.77,52.66,,,,,,,,,,,,,,
cifar100__traditional_relu__seed3__lr0p0003__cfgb6f9c7b3b299,b6f9c7b3b299,96b354dd2d4cd04c,2.12.1+cu130,0.27.1+cu130,1.9.0,2.5.2,0,4,2026-08-24T10:57:38.786585+00:00,ok,,cifar100,classification,traditional_relu,Traditional neuron + ReLU,traditional,0,after_neuron,0,1,1,0.5,0.5,3,2026,0.0003,0.0001,0.0,100,61,41,20,0.0001,64,384,256,192,1347236,1347236,505.7016570691485,cuda,./results/lambda_psi_comparison/checkpoints/cifar100/traditional_relu/cifar100__traditional_relu__seed3__lr0p0003__cfgb6f9c7b3b299.pt,3.226107579421997,25.759999999999998,51.339999999999996,,,,,,,3.255043056869507,25.35,51.92,,,,,,,,,,,,,,
cifar100__traditional_relu__seed4__lr0p0003__cfgb6f9c7b3b299,b6f9c7b3b299,96b354dd2d4cd04c,2.12.1+cu130,0.27.1+cu130,1.9.0,2.5.2,0,4,2026-08-24T11:07:46.018947+00:00,ok,,cifar100,classification,traditional_relu,Traditional neuron + ReLU,traditional,0,after_neuron,0,1,1,0.5,0.5,4,2026,0.0003,0.0001,0.0,100,89,69,20,0.0001,64,384,256,192,1347236,1347236,603.2064593201503,cuda,./results/lambda_psi_comparison/checkpoints/cifar100/traditional_relu/cifar100__traditional_relu__seed4__lr0p0003__cfgb6f9c7b3b299.pt,3.365597766876221,25.900000000000002,51.88,,,,,,,3.3844889877319337,26.21,52.21,,,,,,,,,,,,,,
cifar100__traditional_relu__seed0__lr0p0005__cfgb6f9c7b3b299,b6f9c7b3b299,96b354dd2d4cd04c,2.12.1+cu130,0.27.1+cu130,1.9.0,2.5.2,0,4,2026-08-24T11:17:07.535614+00:00,ok,,cifar100,classification,traditional_relu,Traditional neuron + ReLU,traditional,0,after_neuron,0,1,1,0.5,0.5,0,2026,0.0005,0.0001,0.0,100,100,84,20,0.0001,64,384,256,192,1347236,1347236,556.8357892408967,cuda,./results/lambda_psi_comparison/checkpoints/cifar100/traditional_relu/cifar100__traditional_relu__seed0__lr0p0005__cfgb6f9c7b3b299.pt,3.6665145606994627,25.0,51.4,,,,,,,3.7577527114868166,24.94,51.239999999999995,,,,,,,,,,,,,,
cifar100__traditional_relu__seed1__lr0p0005__cfgb6f9c7b3b299,b6f9c7b3b299,96b354dd2d4cd04c,2.12.1+cu130,0.27.1+cu130,1.9.0,2.5.2,0,4,2026-08-24T11:24:55.074538+00:00,ok,,cifar100,classification,traditional_relu,Traditional neuron + ReLU,traditional,0,after_neuron,0,1,1,0.5,0.5,1,2026,0.0005,0.0001,0.0,100,94,74,20,0.0001,64,384,256,192,1347236,1347236,463.57780418591574,cuda,./results/lambda_psi_comparison/checkpoints/cifar100/traditional_relu/cifar100__traditional_relu__seed1__lr0p0005__cfgb6f9c7b3b299.pt,3.6553235343933106,24.9,50.62,,,,,,,3.6645925415039065,24.64,50.7,,,,,,,,,,,,,,
cifar100__traditional_relu__seed2__lr0p0005__cfgb6f9c7b3b299,b6f9c7b3b299,96b354dd2d4cd04c,2.12.1+cu130,0.27.1+cu130,1.9.0,2.5.2,0,4,2026-08-24T11:33:17.852854+00:00,ok,,cifar100,classification,traditional_relu,Traditional neuron + ReLU,traditional,0,after_neuron,0,1,1,0.5,0.5,2,2026,0.0005,0.0001,0.0,100,63,43,20,0.0001,64,384,256,192,1347236,1347236,498.2873780038208,cuda,./results/lambda_psi_comparison/checkpoints/cifar100/traditional_relu/cifar100__traditional_relu__seed2__lr0p0005__cfgb6f9c7b3b299.pt,3.482045373916626,24.0,49.419999999999995,,,,,,,3.5449297916412355,23.72,48.82,,,,,,,,,,,,,,
cifar100__traditional_relu__seed3__lr0p0005__cfgb6f9c7b3b299,b6f9c7b3b299,96b354dd2d4cd04c,2.12.1+cu130,0.27.1+cu130,1.9.0,2.5.2,0,4,2026-08-24T11:45:15.174859+00:00,ok,,cifar100,classification,traditional_relu,Traditional neuron + ReLU,traditional,0,after_neuron,0,1,1,0.5,0.5,3,2026,0.0005,0.0001,0.0,100,87,67,20,0.0001,64,384,256,192,1347236,1347236,712.7501445119269,cuda,./results/lambda_psi_comparison/checkpoints/cifar100/traditional_relu/cifar100__traditional_relu__seed3__lr0p0005__cfgb6f9c7b3b299.pt,3.599490138244629,25.64,51.22,,,,,,,3.639711675262451,24.85,50.74999999999999,,,,,,,,,,,,,,
cifar100__traditional_relu__seed4__lr0p0005__cfgb6f9c7b3b299,b6f9c7b3b299,96b354dd2d4cd04c,2.12.1+cu130,0.27.1+cu130,1.9.0,2.5.2,0,4,2026-08-24T11:59:02.844409+00:00,ok,,cifar100,classification,traditional_relu,Traditional neuron + ReLU,traditional,0,after_neuron,0,1,1,0.5,0.5,4,2026,0.0005,0.0001,0.0,100,100,88,20,0.0001,64,384,256,192,1347236,1347236,823.0128155441489,cuda,./results/lambda_psi_comparison/checkpoints/cifar100/traditional_relu/cifar100__traditional_relu__seed4__lr0p0005__cfgb6f9c7b3b299.pt,3.770511633300781,24.22,50.06,,,,,,,3.7676619510650635,24.65,51.25999999999999,,,,,,,,,,,,,,
cifar100__traditional_relu__seed0__lr0p001__cfgb6f9c7b3b299,b6f9c7b3b299,96b354dd2d4cd04c,2.12.1+cu130,0.27.1+cu130,1.9.0,2.5.2,0,4,2026-08-24T12:08:20.101692+00:00,ok,,cifar100,classification,traditional_relu,Traditional neuron + ReLU,traditional,0,after_neuron,0,1,1,0.5,0.5,0,2026,0.001,0.0001,0.0,100,100,100,20,0.0001,64,384,256,192,1347236,1347236,553.302271845052,cuda,./results/lambda_psi_comparison/checkpoints/cifar100/traditional_relu/cifar100__traditional_relu__seed0__lr0p001__cfgb6f9c7b3b299.pt,3.633137657546997,24.12,49.94,,,,,,,3.7354696838378905,23.31,49.86,,,,,,,,,,,,,,
cifar100__traditional_relu__seed1__lr0p001__cfgb6f9c7b3b299,b6f9c7b3b299,96b354dd2d4cd04c,2.12.1+cu130,0.27.1+cu130,1.9.0,2.5.2,0,4,2026-08-24T12:16:40.319032+00:00,ok,,cifar100,classification,traditional_relu,Traditional neuron + ReLU,traditional,0,after_neuron,0,1,1,0.5,0.5,1,2026,0.001,0.0001,0.0,100,100,86,20,0.0001,64,384,256,192,1347236,1347236,496.4157782869879,cuda,./results/lambda_psi_comparison/checkpoints/cifar100/traditional_relu/cifar100__traditional_relu__seed1__lr0p001__cfgb6f9c7b3b299.pt,3.6292935947418212,24.12,49.74,,,,,,,3.6595553718566896,23.73,49.19,,,,,,,,,,,,,,
cifar100__traditional_relu__seed2__lr0p001__cfgb6f9c7b3b299,b6f9c7b3b299,96b354dd2d4cd04c,2.12.1+cu130,0.27.1+cu130,1.9.0,2.5.2,0,4,2026-08-24T12:29:08.313228+00:00,ok,,cifar100,classification,traditional_relu,Traditional neuron + ReLU,traditional,0,after_neuron,0,1,1,0.5,0.5,2,2026,0.001,0.0001,0.0,100,100,89,20,0.0001,64,384,256,192,1347236,1347236,743.5995544800535,cuda,./results/lambda_psi_comparison/checkpoints/cifar100/traditional_relu/cifar100__traditional_relu__seed2__lr0p001__cfgb6f9c7b3b299.pt,3.6275584465026856,23.78,50.8,,,,,,,3.667435025024414,23.76,49.57,,,,,,,,,,,,,,
cifar100__traditional_relu__seed3__lr0p001__cfgb6f9c7b3b299,b6f9c7b3b299,96b354dd2d4cd04c,2.12.1+cu130,0.27.1+cu130,1.9.0,2.5.2,0,4,2026-08-24T12:34:19.712456+00:00,ok,,cifar100,classification,traditional_relu,Traditional neuron + ReLU,traditional,0,after_neuron,0,1,1,0.5,0.5,3,2026,0.001,0.0001,0.0,100,37,17,20,0.0001,64,384,256,192,1347236,1347236,307.1465423221234,cuda,./results/lambda_psi_comparison/checkpoints/cifar100/traditional_relu/cifar100__traditional_relu__seed3__lr0p001__cfgb6f9c7b3b299.pt,3.4707124954223634,19.68,45.34,,,,,,,3.523994742202759,18.95,43.9,,,,,,,,,,,,,,
cifar100__traditional_relu__seed4__lr0p001__cfgb6f9c7b3b299,b6f9c7b3b299,96b354dd2d4cd04c,2.12.1+cu130,0.27.1+cu130,1.9.0,2.5.2,0,4,2026-08-24T12:48:11.576946+00:00,ok,,cifar100,classification,traditional_relu,Traditional neuron + ReLU,traditional,0,after_neuron,0,1,1,0.5,0.5,4,2026,0.001,0.0001,0.0,100,100,85,20,0.0001,64,384,256,192,1347236,1347236,827.3441018490121,cuda,./results/lambda_psi_comparison/checkpoints/cifar100/traditional_relu/cifar100__traditional_relu__seed4__lr0p001__cfgb6f9c7b3b299.pt,3.601469538116455,23.419999999999998,48.88,,,,,,,3.706261220932007,23.05,48.480000000000004,,,,,,,,,,,,,,
cifar100__traditional_relu__seed0__lr0p002__cfgb6f9c7b3b299,b6f9c7b3b299,96b354dd2d4cd04c,2.12.1+cu130,0.27.1+cu130,1.9.0,2.5.2,0,4,2026-08-24T12:51:29.474644+00:00,ok,,cifar100,classification,traditional_relu,Traditional neuron + ReLU,traditional,0,after_neuron,0,1,1,0.5,0.5,0,2026,0.002,0.0001,0.0,100,29,9,20,0.0001,64,384,256,192,1347236,1347236,194.07059999392368,cuda,./results/lambda_psi_comparison/checkpoints/cifar100/traditional_relu/cifar100__traditional_relu__seed0__lr0p002__cfgb6f9c7b3b299.pt,3.8371347648620606,13.200000000000001,34.599999999999994,,,,,,,3.8628314250946043,13.100000000000001,34.92,,,,,,,,,,,,,,
cifar100__traditional_relu__seed1__lr0p002__cfgb6f9c7b3b299,b6f9c7b3b299,96b354dd2d4cd04c,2.12.1+cu130,0.27.1+cu130,1.9.0,2.5.2,0,4,2026-08-24T13:00:03.885469+00:00,ok,,cifar100,classification,traditional_relu,Traditional neuron + ReLU,traditional,0,after_neuron,0,1,1,0.5,0.5,1,2026,0.002,0.0001,0.0,100,100,98,20,0.0001,64,384,256,192,1347236,1347236,510.60542056686245,cuda,./results/lambda_psi_comparison/checkpoints/cifar100/traditional_relu/cifar100__traditional_relu__seed1__lr0p002__cfgb6f9c7b3b299.pt,3.3362136825561524,22.5,49.84,,,,,,,3.3990422954559327,21.87,48.870000000000005,,,,,,,,,,,,,,
cifar100__traditional_relu__seed2__lr0p002__cfgb6f9c7b3b299,b6f9c7b3b299,96b354dd2d4cd04c,2.12.1+cu130,0.27.1+cu130,1.9.0,2.5.2,0,4,2026-08-24T13:08:34.857583+00:00,ok,,cifar100,classification,traditional_relu,Traditional neuron + ReLU,traditional,0,after_neuron,0,1,1,0.5,0.5,2,2026,0.002,0.0001,0.0,100,100,96,20,0.0001,64,384,256,192,1347236,1347236,507.1082250641193,cuda,./results/lambda_psi_comparison/checkpoints/cifar100/traditional_relu/cifar100__traditional_relu__seed2__lr0p002__cfgb6f9c7b3b299.pt,3.264257653427124,23.18,49.88,,,,,,,3.407285702896118,21.9,48.52,,,,,,,,,,,,,,
cifar100__traditional_relu__seed3__lr0p002__cfgb6f9c7b3b299,b6f9c7b3b299,96b354dd2d4cd04c,2.12.1+cu130,0.27.1+cu130,1.9.0,2.5.2,0,4,2026-08-24T13:17:06.319580+00:00,ok,,cifar100,classification,traditional_relu,Traditional neuron + ReLU,traditional,0,after_neuron,0,1,1,0.5,0.5,3,2026,0.002,0.0001,0.0,100,100,99,20,0.0001,64,384,256,192,1347236,1347236,507.587155043846,cuda,./results/lambda_psi_comparison/checkpoints/cifar100/traditional_relu/cifar100__traditional_relu__seed3__lr0p002__cfgb6f9c7b3b299.pt,3.3330755100250244,22.14,48.74,,,,,,,3.3771462448120118,21.88,48.22,,,,,,,,,,,,,,
cifar100__traditional_relu__seed4__lr0p002__cfgb6f9c7b3b299,b6f9c7b3b299,96b354dd2d4cd04c,2.12.1+cu130,0.27.1+cu130,1.9.0,2.5.2,0,4,2026-08-24T13:25:37.724702+00:00,ok,,cifar100,classification,traditional_relu,Traditional neuron + ReLU,traditional,0,after_neuron,0,1,1,0.5,0.5,4,2026,0.002,0.0001,0.0,100,100,93,20,0.0001,64,384,256,192,1347236,1347236,507.6184000100475,cuda,./results/lambda_psi_comparison/checkpoints/cifar100/traditional_relu/cifar100__traditional_relu__seed4__lr0p002__cfgb6f9c7b3b299.pt,3.3213051887512206,21.94,49.26,,,,,,,3.344415489578247,22.42,48.86,,,,,,,,,,,,,,
cifar100__traditional_relu__seed0__lr0p003__cfgb6f9c7b3b299,b6f9c7b3b299,96b354dd2d4cd04c,2.12.1+cu130,0.27.1+cu130,1.9.0,2.5.2,0,4,2026-08-24T13:28:08.693613+00:00,ok,,cifar100,classification,traditional_relu,Traditional neuron + ReLU,traditional,0,after_neuron,0,1,1,0.5,0.5,0,2026,0.003,0.0001,0.0,100,29,9,20,0.0001,64,384,256,192,1347236,1347236,147.14732197392732,cuda,./results/lambda_psi_comparison/checkpoints/cifar100/traditional_relu/cifar100__traditional_relu__seed0__lr0p003__cfgb6f9c7b3b299.pt,3.9399028182983398,11.26,29.880000000000003,,,,,,,3.982245188522339,10.040000000000001,29.13,,,,,,,,,,,,,,
cifar100__traditional_relu__seed1__lr0p003__cfgb6f9c7b3b299,b6f9c7b3b299,96b354dd2d4cd04c,2.12.1+cu130,0.27.1+cu130,1.9.0,2.5.2,0,4,2026-08-24T13:36:38.286608+00:00,ok,,cifar100,classification,traditional_relu,Traditional neuron + ReLU,traditional,0,after_neuron,0,1,1,0.5,0.5,1,2026,0.003,0.0001,0.0,100,100,97,20,0.0001,64,384,256,192,1347236,1347236,505.83066148497164,cuda,./results/lambda_psi_comparison/checkpoints/cifar100/traditional_relu/cifar100__traditional_relu__seed1__lr0p003__cfgb6f9c7b3b299.pt,3.4209330223083496,19.64,44.66,,,,,,,3.4730899616241455,18.52,44.3,,,,,,,,,,,,,,
cifar100__traditional_relu__seed2__lr0p003__cfgb6f9c7b3b299,b6f9c7b3b299,96b354dd2d4cd04c,2.12.1+cu130,0.27.1+cu130,1.9.0,2.5.2,0,4,2026-08-24T13:45:10.240045+00:00,ok,,cifar100,classification,traditional_relu,Traditional neuron + ReLU,traditional,0,after_neuron,0,1,1,0.5,0.5,2,2026,0.003,0.0001,0.0,100,100,96,20,0.0001,64,384,256,192,1347236,1347236,508.1601174639072,cuda,./results/lambda_psi_comparison/checkpoints/cifar100/traditional_relu/cifar100__traditional_relu__seed2__lr0p003__cfgb6f9c7b3b299.pt,3.3234720783233644,21.3,47.8,,,,,,,3.362311853027344,20.36,47.44,,,,,,,,,,,,,,
cifar100__traditional_relu__seed3__lr0p003__cfgb6f9c7b3b299,b6f9c7b3b299,96b354dd2d4cd04c,2.12.1+cu130,0.27.1+cu130,1.9.0,2.5.2,0,4,2026-08-24T13:47:24.829841+00:00,ok,,cifar100,classification,traditional_relu,Traditional neuron + ReLU,traditional,0,after_neuron,0,1,1,0.5,0.5,3,2026,0.003,0.0001,0.0,100,26,6,20,0.0001,64,384,256,192,1347236,1347236,130.8981913300231,cuda,./results/lambda_psi_comparison/checkpoints/cifar100/traditional_relu/cifar100__traditional_relu__seed3__lr0p003__cfgb6f9c7b3b299.pt,4.026100236129761,10.38,27.88,,,,,,,4.045091500473022,9.48,27.639999999999997,,,,,,,,,,,,,,
cifar100__traditional_relu__seed4__lr0p003__cfgb6f9c7b3b299,b6f9c7b3b299,96b354dd2d4cd04c,2.12.1+cu130,0.27.1+cu130,1.9.0,2.5.2,0,4,2026-08-24T13:55:57.042654+00:00,ok,,cifar100,classification,traditional_relu,Traditional neuron + ReLU,traditional,0,after_neuron,0,1,1,0.5,0.5,4,2026,0.003,0.0001,0.0,100,100,99,20,0.0001,64,384,256,192,1347236,1347236,508.4485737939831,cuda,./results/lambda_psi_comparison/checkpoints/cifar100/traditional_relu/cifar100__traditional_relu__seed4__lr0p003__cfgb6f9c7b3b299.pt,3.3822197647094727,19.54,45.76,,,,,,,3.434358805847168,19.45,45.22,,,,,,,,,,,,,,
cifar100__traditional_field__seed0__lr0p0003__cfgef9055c3d40e,ef9055c3d40e,96b354dd2d4cd04c,2.12.1+cu130,0.27.1+cu130,1.9.0,2.5.2,0,4,2026-08-24T14:09:19.689036+00:00,ok,,cifar100,classification,traditional_field,Traditional neuron + Lambda-Psi,traditional,1,none,1,1,1,0.5,0.5,0,2026,0.0003,0.0001,0.0,100,99,79,20,0.0001,64,384,256,192,1347244,1347244,798.801774910884,cuda,./results/lambda_psi_comparison/checkpoints/cifar100/traditional_field/cifar100__traditional_field__seed0__lr0p0003__cfgef9055c3d40e.pt,3.5895595100402833,17.96,41.339999999999996,,,,,,,3.624474838256836,17.61,40.67,,,,,,,0.7421018481254578,0.5109880566596985,0.6928682327270508,0.3829592168331146,0.6038424968719482,0.28929853439331055,0.3168724477291107,0.3571178913116455
cifar100__traditional_field__seed1__lr0p0003__cfgef9055c3d40e,ef9055c3d40e,96b354dd2d4cd04c,2.12.1+cu130,0.27.1+cu130,1.9.0,2.5.2,0,4,2026-08-24T14:20:52.477817+00:00,ok,,cifar100,classification,traditional_field,Traditional neuron + Lambda-Psi,traditional,1,none,1,1,1,0.5,0.5,1,2026,0.0003,0.0001,0.0,100,85,65,20,0.0001,64,384,256,192,1347244,1347244,688.9071124910843,cuda,./results/lambda_psi_comparison/checkpoints/cifar100/traditional_field/cifar100__traditional_field__seed1__lr0p0003__cfgef9055c3d40e.pt,3.6101879978179934,17.84,40.839999999999996,,,,,,,3.636503288269043,17.299999999999997,40.26,,,,,,,0.7134504318237305,0.5197076797485352,0.6827896237373352,0.39738303422927856,0.5933797955513,0.32464081048965454,0.35419750213623047,0.3922840356826782
cifar100__traditional_field__seed2__lr0p0003__cfgef9055c3d40e,ef9055c3d40e,96b354dd2d4cd04c,2.12.1+cu130,0.27.1+cu130,1.9.0,2.5.2,0,4,2026-08-24T14:32:01.742207+00:00,ok,,cifar100,classification,traditional_field,Traditional neuron + Lambda-Psi,traditional,1,none,1,1,1,0.5,0.5,2,2026,0.0003,0.0001,0.0,100,81,61,20,0.0001,64,384,256,192,1347244,1347244,665.4083766641561,cuda,./results/lambda_psi_comparison/checkpoints/cifar100/traditional_field/cifar100__traditional_field__seed2__lr0p0003__cfgef9055c3d40e.pt,3.620595309829712,18.26,40.72,,,,,,,3.649375064086914,17.29,39.87,,,,,,,0.7136761546134949,0.5081168413162231,0.6640893220901489,0.42370662093162537,0.6048945784568787,0.3354860246181488,0.3630020320415497,0.40097564458847046
cifar100__traditional_field__seed3__lr0p0003__cfgef9055c3d40e,ef9055c3d40e,96b354dd2d4cd04c,2.12.1+cu130,0.27.1+cu130,1.9.0,2.5.2,0,4,2026-08-24T14:42:44.758077+00:00,ok,,cifar100,classification,traditional_field,Traditional neuron + Lambda-Psi,traditional,1,none,1,1,1,0.5,0.5,3,2026,0.0003,0.0001,0.0,100,79,59,20,0.0001,64,384,256,192,1347244,1347244,639.2452387050726,cuda,./results/lambda_psi_comparison/checkpoints/cifar100/traditional_field/cifar100__traditional_field__seed3__lr0p0003__cfgef9055c3d40e.pt,3.6243598110198976,17.9,40.38,,,,,,,3.652041387939453,17.080000000000002,40.06,,,,,,,0.7000491619110107,0.5252915024757385,0.6656460165977478,0.41320210695266724,0.5975852608680725,0.3425661623477936,0.3750261068344116,0.40668150782585144
cifar100__traditional_field__seed4__lr0p0003__cfgef9055c3d40e,ef9055c3d40e,96b354dd2d4cd04c,2.12.1+cu130,0.27.1+cu130,1.9.0,2.5.2,0,4,2026-08-24T14:55:32.390732+00:00,ok,,cifar100,classification,traditional_field,Traditional neuron + Lambda-Psi,traditional,1,none,1,1,1,0.5,0.5,4,2026,0.0003,0.0001,0.0,100,94,74,20,0.0001,64,384,256,192,1347244,1347244,763.7291955710389,cuda,./results/lambda_psi_comparison/checkpoints/cifar100/traditional_field/cifar100__traditional_field__seed4__lr0p0003__cfgef9055c3d40e.pt,3.593850074005127,17.919999999999998,41.48,,,,,,,3.6287602874755858,17.52,40.550000000000004,,,,,,,0.7505583763122559,0.4959545433521271,0.6764976978302002,0.3934275805950165,0.5965251922607422,0.3042494058609009,0.3320453464984894,0.3746642768383026
cifar100__traditional_field__seed0__lr0p0005__cfgef9055c3d40e,ef9055c3d40e,96b354dd2d4cd04c,2.12.1+cu130,0.27.1+cu130,1.9.0,2.5.2,0,4,2026-08-24T15:09:13.088706+00:00,ok,,cifar100,classification,traditional_field,Traditional neuron + Lambda-Psi,traditional,1,none,1,1,1,0.5,0.5,0,2026,0.0005,0.0001,0.0,100,100,86,20,0.0001,64,384,256,192,1347244,1347244,816.8248825839255,cuda,./results/lambda_psi_comparison/checkpoints/cifar100/traditional_field/cifar100__traditional_field__seed0__lr0p0005__cfgef9055c3d40e.pt,3.406242549133301,20.04,45.56,,,,,,,3.423484829711914,19.68,45.22,,,,,,,0.8611443638801575,0.571988582611084,0.936615526676178,0.2212558090686798,0.6487194895744324,0.08632108569145203,0.09079079329967499,0.12488707900047302
cifar100__traditional_field__seed1__lr0p0005__cfgef9055c3d40e,ef9055c3d40e,96b354dd2d4cd04c,2.12.1+cu130,0.27.1+cu130,1.9.0,2.5.2,0,4,2026-08-24T15:22:51.982841+00:00,ok,,cifar100,classification,traditional_field,Traditional neuron + Lambda-Psi,traditional,1,none,1,1,1,0.5,0.5,1,2026,0.0005,0.0001,0.0,100,100,93,20,0.0001,64,384,256,192,1347244,1347244,815.1046239628922,cuda,./results/lambda_psi_comparison/checkpoints/cifar100/traditional_field/cifar100__traditional_field__seed1__lr0p0005__cfgef9055c3d40e.pt,3.405936075592041,19.32,45.82,,,,,,,3.41874475440979,19.42,45.09,,,,,,,0.8588839769363403,0.5602733492851257,0.9329730868339539,0.20473645627498627,0.6365793347358704,0.08877065032720566,0.09593303501605988,0.13026294112205505
cifar100__traditional_field__seed2__lr0p0005__cfgef9055c3d40e,ef9055c3d40e,96b354dd2d4cd04c,2.12.1+cu130,0.27.1+cu130,1.9.0,2.5.2,0,4,2026-08-24T15:36:27.512847+00:00,ok,,cifar100,classification,traditional_field,Traditional neuron + Lambda-Psi,traditional,1,none,1,1,1,0.5,0.5,2,2026,0.0005,0.0001,0.0,100,100,93,20,0.0001,64,384,256,192,1347244,1347244,811.6736997331027,cuda,./results/lambda_psi_comparison/checkpoints/cifar100/traditional_field/cifar100__traditional_field__seed2__lr0p0005__cfgef9055c3d40e.pt,3.4104775619506835,19.7,45.839999999999996,,,,,,,3.427157405090332,19.2,45.09,,,,,,,0.8731253147125244,0.5322428941726685,0.9236851930618286,0.23866955935955048,0.6768041253089905,0.08514993637800217,0.09429442882537842,0.12589533627033234
cifar100__traditional_field__seed3__lr0p0005__cfgef9055c3d40e,ef9055c3d40e,96b354dd2d4cd04c,2.12.1+cu130,0.27.1+cu130,1.9.0,2.5.2,0,4,2026-08-24T15:49:53.049725+00:00,ok,,cifar100,classification,traditional_field,Traditional neuron + Lambda-Psi,traditional,1,none,1,1,1,0.5,0.5,3,2026,0.0005,0.0001,0.0,100,100,80,20,0.0001,64,384,256,192,1347244,1347244,801.6850037840195,cuda,./results/lambda_psi_comparison/checkpoints/cifar100/traditional_field/cifar100__traditional_field__seed3__lr0p0005__cfgef9055c3d40e.pt,3.444627462005615,19.2,45.06,,,,,,,3.4663280731201174,18.75,44.019999999999996,,,,,,,0.8610209226608276,0.5695558190345764,0.9291897416114807,0.21689218282699585,0.6515345573425293,0.09804356098175049,0.10836578905582428,0.14093013107776642
cifar100__traditional_field__seed4__lr0p0005__cfgef9055c3d40e,ef9055c3d40e,96b354dd2d4cd04c,2.12.1+cu130,0.27.1+cu130,1.9.0,2.5.2,0,4,2026-08-24T16:03:10.925094+00:00,ok,,cifar100,classification,traditional_field,Traditional neuron + Lambda-Psi,traditional,1,none,1,1,1,0.5,0.5,4,2026,0.0005,0.0001,0.0,100,100,89,20,0.0001,64,384,256,192,1347244,1347244,794.0193793990184,cuda,./results/lambda_psi_comparison/checkpoints/cifar100/traditional_field/cifar100__traditional_field__seed4__lr0p0005__cfgef9055c3d40e.pt,3.373143115234375,19.72,46.48,,,,,,,3.3900857360839844,19.61,46.0,,,,,,,0.8929435610771179,0.5166220664978027,0.9270141124725342,0.23013083636760712,0.6422401666641235,0.09347415715456009,0.102251797914505,0.14065833389759064
cifar100__traditional_field__seed0__lr0p001__cfgef9055c3d40e,ef9055c3d40e,96b354dd2d4cd04c,2.12.1+cu130,0.27.1+cu130,1.9.0,2.5.2,0,4,2026-08-24T16:16:42.955075+00:00,ok,,cifar100,classification,traditional_field,Traditional neuron + Lambda-Psi,traditional,1,none,1,1,1,0.5,0.5,0,2026,0.001,0.0001,0.0,100,100,89,20,0.0001,64,384,256,192,1347244,1347244,808.1269546318799,cuda,./results/lambda_psi_comparison/checkpoints/cifar100/traditional_field/cifar100__traditional_field__seed0__lr0p001__cfgef9055c3d40e.pt,3.0715379653930666,25.779999999999998,53.36,,,,,,,3.0950856353759764,25.34,53.23,,,,,,,0.9542083740234375,0.7103869318962097,0.9835367798805237,0.11088422685861588,0.880122184753418,0.01371721550822258,0.007516743615269661,0.016812764108181
cifar100__traditional_field__seed1__lr0p001__cfgef9055c3d40e,ef9055c3d40e,96b354dd2d4cd04c,2.12.1+cu130,0.27.1+cu130,1.9.0,2.5.2,0,4,2026-08-24T16:30:15.194859+00:00,ok,,cifar100,classification,traditional_field,Traditional neuron + Lambda-Psi,traditional,1,none,1,1,1,0.5,0.5,1,2026,0.001,0.0001,0.0,100,100,86,20,0.0001,64,384,256,192,1347244,1347244,808.3888522440102,cuda,./results/lambda_psi_comparison/checkpoints/cifar100/traditional_field/cifar100__traditional_field__seed1__lr0p001__cfgef9055c3d40e.pt,3.121217199707031,23.84,52.339999999999996,,,,,,,3.1265318824768067,24.64,52.019999999999996,,,,,,,0.9492304921150208,0.7221117615699768,0.9810062646865845,0.11139815300703049,0.8912211060523987,0.011111995205283165,0.0071528092958033085,0.015347042120993137
cifar100__traditional_field__seed2__lr0p001__cfgef9055c3d40e,ef9055c3d40e,96b354dd2d4cd04c,2.12.1+cu130,0.27.1+cu130,1.9.0,2.5.2,0,4,2026-08-24T16:43:44.552059+00:00,ok,,cifar100,classification,traditional_field,Traditional neuron + Lambda-Psi,traditional,1,none,1,1,1,0.5,0.5,2,2026,0.001,0.0001,0.0,100,100,97,20,0.0001,64,384,256,192,1347244,1347244,805.5429565689992,cuda,./results/lambda_psi_comparison/checkpoints/cifar100/traditional_field/cifar100__traditional_field__seed2__lr0p001__cfgef9055c3d40e.pt,3.1064884651184084,25.1,52.42,,,,,,,3.116085531616211,24.86,52.28,,,,,,,0.9480706453323364,0.6870088577270508,0.9731748104095459,0.09477594494819641,0.9281455278396606,0.0032543810084462166,0.0029169158078730106,0.005635622423142195
cifar100__traditional_field__seed3__lr0p001__cfgef9055c3d40e,ef9055c3d40e,96b354dd2d4cd04c,2.12.1+cu130,0.27.1+cu130,1.9.0,2.5.2,0,4,2026-08-24T16:57:17.000392+00:00,ok,,cifar100,classification,traditional_field,Traditional neuron + Lambda-Psi,traditional,1,none,1,1,1,0.5,0.5,3,2026,0.001,0.0001,0.0,100,100,90,20,0.0001,64,384,256,192,1347244,1347244,808.6775580618996,cuda,./results/lambda_psi_comparison/checkpoints/cifar100/traditional_field/cifar100__traditional_field__seed3__lr0p001__cfgef9055c3d40e.pt,3.111847200012207,25.14,52.54,,,,,,,3.122285075378418,24.610000000000003,52.54,,,,,,,0.9519805312156677,0.693200409412384,0.9763191342353821,0.09383699297904968,0.9103820323944092,0.0055875107645988464,0.004718172363936901,0.009232972748577595
cifar100__traditional_field__seed4__lr0p001__cfgef9055c3d40e,ef9055c3d40e,96b354dd2d4cd04c,2.12.1+cu130,0.27.1+cu130,1.9.0,2.5.2,0,4,2026-08-24T17:10:46.002411+00:00,ok,,cifar100,classification,traditional_field,Traditional neuron + Lambda-Psi,traditional,1,none,1,1,1,0.5,0.5,4,2026,0.001,0.0001,0.0,100,100,94,20,0.0001,64,384,256,192,1347244,1347244,805.1428992010187,cuda,./results/lambda_psi_comparison/checkpoints/cifar100/traditional_field/cifar100__traditional_field__seed4__lr0p001__cfgef9055c3d40e.pt,3.050862926864624,25.88,54.279999999999994,,,,,,,3.0773259433746336,25.69,53.64,,,,,,,0.9631469249725342,0.6577692627906799,0.9841030836105347,0.10396865755319595,0.8791345953941345,0.012363296933472157,0.008092448115348816,0.01804366707801819
cifar100__traditional_field__seed0__lr0p002__cfgef9055c3d40e,ef9055c3d40e,96b354dd2d4cd04c,2.12.1+cu130,0.27.1+cu130,1.9.0,2.5.2,0,4,2026-08-24T17:24:08.533765+00:00,ok,,cifar100,classification,traditional_field,Traditional neuron + Lambda-Psi,traditional,1,none,1,1,1,0.5,0.5,0,2026,0.002,0.0001,0.0,100,100,92,20,0.0001,64,384,256,192,1347244,1347244,798.5466525808442,cuda,./results/lambda_psi_comparison/checkpoints/cifar100/traditional_field/cifar100__traditional_field__seed0__lr0p002__cfgef9055c3d40e.pt,3.0510070901870727,26.840000000000003,55.02,,,,,,,3.0718596954345703,26.56,54.400000000000006,,,,,,,0.9785277247428894,0.8632960319519043,0.9936834573745728,0.024502040818333626,0.9913433790206909,0.0008382297237403691,0.0005842836108058691,0.0019382114987820387
cifar100__traditional_field__seed1__lr0p002__cfgef9055c3d40e,ef9055c3d40e,96b354dd2d4cd04c,2.12.1+cu130,0.27.1+cu130,1.9.0,2.5.2,0,4,2026-08-24T17:37:38.433231+00:00,ok,,cifar100,classification,traditional_field,Traditional neuron + Lambda-Psi,traditional,1,none,1,1,1,0.5,0.5,1,2026,0.002,0.0001,0.0,100,100,90,20,0.0001,64,384,256,192,1347244,1347244,806.0737253990956,cuda,./results/lambda_psi_comparison/checkpoints/cifar100/traditional_field/cifar100__traditional_field__seed1__lr0p002__cfgef9055c3d40e.pt,3.066428430938721,26.22,54.400000000000006,,,,,,,3.076071169281006,26.450000000000003,54.39000000000001,,,,,,,0.9765312075614929,0.8665721416473389,0.9908984303474426,0.05270015448331833,0.9931836724281311,0.0004533561586868018,0.0003753607452381402,0.0011088844621554017
cifar100__traditional_field__seed2__lr0p002__cfgef9055c3d40e,ef9055c3d40e,96b354dd2d4cd04c,2.12.1+cu130,0.27.1+cu130,1.9.0,2.5.2,0,4,2026-08-24T17:50:33.680759+00:00,ok,,cifar100,classification,traditional_field,Traditional neuron + Lambda-Psi,traditional,1,none,1,1,1,0.5,0.5,2,2026,0.002,0.0001,0.0,100,96,76,20,0.0001,64,384,256,192,1347244,1347244,771.3205966360401,cuda,./results/lambda_psi_comparison/checkpoints/cifar100/traditional_field/cifar100__traditional_field__seed2__lr0p002__cfgef9055c3d40e.pt,3.0945424875259397,25.580000000000002,54.04,,,,,,,3.1059902839660642,25.779999999999998,53.349999999999994,,,,,,,0.9780260920524597,0.8526275157928467,0.9886360764503479,0.10013764351606369,0.9957674741744995,0.0007396173314191401,0.0008210904197767377,0.0021992914844304323
cifar100__traditional_field__seed3__lr0p002__cfgef9055c3d40e,ef9055c3d40e,96b354dd2d4cd04c,2.12.1+cu130,0.27.1+cu130,1.9.0,2.5.2,0,4,2026-08-24T18:04:00.523355+00:00,ok,,cifar100,classification,traditional_field,Traditional neuron + Lambda-Psi,traditional,1,none,1,1,1,0.5,0.5,3,2026,0.002,0.0001,0.0,100,100,80,20,0.0001,64,384,256,192,1347244,1347244,802.9724610708654,cuda,./results/lambda_psi_comparison/checkpoints/cifar100/traditional_field/cifar100__traditional_field__seed3__lr0p002__cfgef9055c3d40e.pt,3.093617930603027,25.14,53.42,,,,,,,3.106988537597656,25.380000000000003,53.86,,,,,,,0.9781832695007324,0.857886552810669,0.9886484742164612,0.07377449423074722,0.9949566721916199,0.0005991511279717088,0.0007893088040873408,0.001766244531609118
cifar100__traditional_field__seed4__lr0p002__cfgef9055c3d40e,ef9055c3d40e,96b354dd2d4cd04c,2.12.1+cu130,0.27.1+cu130,1.9.0,2.5.2,0,4,2026-08-24T18:17:32.849076+00:00,ok,,cifar100,classification,traditional_field,Traditional neuron + Lambda-Psi,traditional,1,none,1,1,1,0.5,0.5,4,2026,0.002,0.0001,0.0,100,100,98,20,0.0001,64,384,256,192,1347244,1347244,808.481145652011,cuda,./results/lambda_psi_comparison/checkpoints/cifar100/traditional_field/cifar100__traditional_field__seed4__lr0p002__cfgef9055c3d40e.pt,3.0822482915878298,26.419999999999998,52.959999999999994,,,,,,,3.078271417236328,25.72,54.71,,,,,,,0.9797238111495972,0.8567491173744202,0.9916085600852966,0.058998413383960724,0.9928718209266663,0.0007225488079711795,0.0006715590134263039,0.001987901981920004
cifar100__traditional_field__seed0__lr0p003__cfgef9055c3d40e,ef9055c3d40e,96b354dd2d4cd04c,2.12.1+cu130,0.27.1+cu130,1.9.0,2.5.2,0,4,2026-08-24T18:31:00.180604+00:00,ok,,cifar100,classification,traditional_field,Traditional neuron + Lambda-Psi,traditional,1,none,1,1,1,0.5,0.5,0,2026,0.003,0.0001,0.0,100,100,92,20,0.0001,64,384,256,192,1347244,1347244,803.4889154348057,cuda,./results/lambda_psi_comparison/checkpoints/cifar100/traditional_field/cifar100__traditional_field__seed0__lr0p003__cfgef9055c3d40e.pt,3.10214648475647,25.919999999999998,53.76,,,,,,,3.1353781467437742,25.69,54.03,,,,,,,0.9853242039680481,0.9145070910453796,0.9956550598144531,0.3004407584667206,0.9989157915115356,0.00563234556466341,0.011200109496712685,0.049070801585912704
cifar100__traditional_field__seed1__lr0p003__cfgef9055c3d40e,ef9055c3d40e,96b354dd2d4cd04c,2.12.1+cu130,0.27.1+cu130,1.9.0,2.5.2,0,4,2026-08-24T18:41:23.840768+00:00,ok,,cifar100,classification,traditional_field,Traditional neuron + Lambda-Psi,traditional,1,none,1,1,1,0.5,0.5,1,2026,0.003,0.0001,0.0,100,76,56,20,0.0001,64,384,256,192,1347244,1347244,619.8332191871013,cuda,./results/lambda_psi_comparison/checkpoints/cifar100/traditional_field/cifar100__traditional_field__seed1__lr0p003__cfgef9055c3d40e.pt,3.093584027481079,26.479999999999997,53.86,,,,,,,3.1323768657684328,25.330000000000002,53.32,,,,,,,0.9840719103813171,0.9090172052383423,0.9907172322273254,0.3873006999492645,0.999025821685791,0.02756010740995407,0.040384773164987564,0.152117520570755
cifar100__traditional_field__seed2__lr0p003__cfgef9055c3d40e,ef9055c3d40e,96b354dd2d4cd04c,2.12.1+cu130,0.27.1+cu130,1.9.0,2.5.2,0,4,2026-08-24T18:54:40.465751+00:00,ok,,cifar100,classification,traditional_field,Traditional neuron + Lambda-Psi,traditional,1,none,1,1,1,0.5,0.5,2,2026,0.003,0.0001,0.0,100,100,92,20,0.0001,64,384,256,192,1347244,1347244,792.739056087099,cuda,./results/lambda_psi_comparison/checkpoints/cifar100/traditional_field/cifar100__traditional_field__seed2__lr0p003__cfgef9055c3d40e.pt,3.1293510963439943,26.400000000000002,53.72,,,,,,,3.136799904251099,26.009999999999998,53.89000000000001,,,,,,,0.985396683216095,0.9075291752815247,0.9924628734588623,0.36293381452560425,0.9994581341743469,0.006765077821910381,0.014233849011361599,0.055441491305828094
cifar100__traditional_field__seed3__lr0p003__cfgef9055c3d40e,ef9055c3d40e,96b354dd2d4cd04c,2.12.1+cu130,0.27.1+cu130,1.9.0,2.5.2,0,4,2026-08-24T19:08:05.513552+00:00,ok,,cifar100,classification,traditional_field,Traditional neuron + Lambda-Psi,traditional,1,none,1,1,1,0.5,0.5,3,2026,0.003,0.0001,0.0,100,100,81,20,0.0001,64,384,256,192,1347244,1347244,801.192382432986,cuda,./results/lambda_psi_comparison/checkpoints/cifar100/traditional_field/cifar100__traditional_field__seed3__lr0p003__cfgef9055c3d40e.pt,3.0980658336639406,25.82,53.94,,,,,,,3.151829111480713,25.2,53.1,,,,,,,0.9858726263046265,0.9034551382064819,0.9904149770736694,0.4163062572479248,0.999405026435852,0.008237192407250404,0.02058291621506214,0.05183824896812439
cifar100__traditional_field__seed4__lr0p003__cfgef9055c3d40e,ef9055c3d40e,96b354dd2d4cd04c,2.12.1+cu130,0.27.1+cu130,1.9.0,2.5.2,0,4,2026-08-24T19:21:37.109800+00:00,ok,,cifar100,classification,traditional_field,Traditional neuron + Lambda-Psi,traditional,1,none,1,1,1,0.5,0.5,4,2026,0.003,0.0001,0.0,100,100,93,20,0.0001,64,384,256,192,1347244,1347244,807.7176456560846,cuda,./results/lambda_psi_comparison/checkpoints/cifar100/traditional_field/cifar100__traditional_field__seed4__lr0p003__cfgef9055c3d40e.pt,3.120702778625488,26.400000000000002,53.38,,,,,,,3.121168448257446,26.0,54.09,,,,,,,0.9861339926719666,0.9103644490242004,0.9932659864425659,0.3599322438240051,0.9991180300712585,0.0058738188818097115,0.011082937009632587,0.047539979219436646
cifar100__traditional_field_relu__seed0__lr0p0003__cfgada212ced702,ada212ced702,96b354dd2d4cd04c,2.12.1+cu130,0.27.1+cu130,1.9.0,2.5.2,0,4,2026-08-24T19:33:49.432151+00:00,ok,,cifar100,classification,traditional_field_relu,Traditional neuron + Lambda-Psi + ReLU,traditional,1,after_field,1,1,1,0.5,0.5,0,2026,0.0003,0.0001,0.0,100,89,69,20,0.0001,64,384,256,192,1347244,1347244,728.5270420159213,cuda,./results/lambda_psi_comparison/checkpoints/cifar100/traditional_field_relu/cifar100__traditional_field_relu__seed0__lr0p0003__cfgada212ced702.pt,3.2286079219818116,25.480000000000004,50.72,,,,,,,3.2685862747192385,24.6,51.31,,,,,,,0.22008387744426727,0.22223390638828278,0.22191455960273743,0.23125600814819336,0.22159041464328766,0.23307329416275024,0.22949834167957306,0.2320040911436081
cifar100__traditional_field_relu__seed1__lr0p0003__cfgada212ced702,ada212ced702,96b354dd2d4cd04c,2.12.1+cu130,0.27.1+cu130,1.9.0,2.5.2,0,4,2026-08-24T19:44:08.662948+00:00,ok,,cifar100,classification,traditional_field_relu,Traditional neuron + Lambda-Psi + ReLU,traditional,1,after_field,1,1,1,0.5,0.5,1,2026,0.0003,0.0001,0.0,100,76,56,20,0.0001,64,384,256,192,1347244,1347244,615.4230642651673,cuda,./results/lambda_psi_comparison/checkpoints/cifar100/traditional_field_relu/cifar100__traditional_field_relu__seed1__lr0p0003__cfgada212ced702.pt,3.191372817993164,25.22,51.44,,,,,,,3.2130542457580566,24.81,51.22,,,,,,,0.24270977079868317,0.2471006065607071,0.246760755777359,0.24444793164730072,0.24475380778312683,0.2525935471057892,0.2529463768005371,0.2538850009441376
cifar100__traditional_field_relu__seed2__lr0p0003__cfgada212ced702,ada212ced702,96b354dd2d4cd04c,2.12.1+cu130,0.27.1+cu130,1.9.0,2.5.2,0,4,2026-08-24T19:56:42.458468+00:00,ok,,cifar100,classification,traditional_field_relu,Traditional neuron + Lambda-Psi + ReLU,traditional,1,after_field,1,1,1,0.5,0.5,2,2026,0.0003,0.0001,0.0,100,93,73,20,0.0001,64,384,256,192,1347244,1347244,749.9873253670521,cuda,./results/lambda_psi_comparison/checkpoints/cifar100/traditional_field_relu/cifar100__traditional_field_relu__seed2__lr0p0003__cfgada212ced702.pt,3.234429704666138,24.88,51.459999999999994,,,,,,,3.2414159847259523,25.259999999999998,51.019999999999996,,,,,,,0.22325195372104645,0.2323162704706192,0.22757646441459656,0.22467875480651855,0.22480925917625427,0.23592031002044678,0.2331322878599167,0.23204554617404938
cifar100__traditional_field_relu__seed3__lr0p0003__cfgada212ced702,ada212ced702,96b354dd2d4cd04c,2.12.1+cu130,0.27.1+cu130,1.9.0,2.5.2,0,4,2026-08-24T20:08:28.034683+00:00,ok,,cifar100,classification,traditional_field_relu,Traditional neuron + Lambda-Psi + ReLU,traditional,1,after_field,1,1,1,0.5,0.5,3,2026,0.0003,0.0001,0.0,100,85,65,20,0.0001,64,384,256,192,1347244,1347244,701.7682514749467,cuda,./results/lambda_psi_comparison/checkpoints/cifar100/traditional_field_relu/cifar100__traditional_field_relu__seed3__lr0p0003__cfgada212ced702.pt,3.225556435394287,24.86,50.980000000000004,,,,,,,3.245262968444824,24.68,51.17,,,,,,,0.2295747995376587,0.23020769655704498,0.23641879856586456,0.22993071377277374,0.23248811066150665,0.2513848543167114,0.24190200865268707,0.24221032857894897
cifar100__traditional_field_relu__seed4__lr0p0003__cfgada212ced702,ada212ced702,96b354dd2d4cd04c,2.12.1+cu130,0.27.1+cu130,1.9.0,2.5.2,0,4,2026-08-24T20:20:50.896342+00:00,ok,,cifar100,classification,traditional_field_relu,Traditional neuron + Lambda-Psi + ReLU,traditional,1,after_field,1,1,1,0.5,0.5,4,2026,0.0003,0.0001,0.0,100,91,71,20,0.0001,64,384,256,192,1347244,1347244,739.0590379259083,cuda,./results/lambda_psi_comparison/checkpoints/cifar100/traditional_field_relu/cifar100__traditional_field_relu__seed4__lr0p0003__cfgada212ced702.pt,3.2260085762023927,25.34,51.739999999999995,,,,,,,3.256317106628418,25.3,51.129999999999995,,,,,,,0.21947352588176727,0.22501075267791748,0.2263413518667221,0.22554954886436462,0.22309890389442444,0.23428478837013245,0.23062363266944885,0.23293370008468628
cifar100__traditional_field_relu__seed0__lr0p0005__cfgada212ced702,ada212ced702,96b354dd2d4cd04c,2.12.1+cu130,0.27.1+cu130,1.9.0,2.5.2,0,4,2026-08-24T20:31:58.213558+00:00,ok,,cifar100,classification,traditional_field_relu,Traditional neuron + Lambda-Psi + ReLU,traditional,1,after_field,1,1,1,0.5,0.5,0,2026,0.0005,0.0001,0.0,100,81,61,20,0.0001,64,384,256,192,1347244,1347244,663.4999812429305,cuda,./results/lambda_psi_comparison/checkpoints/cifar100/traditional_field_relu/cifar100__traditional_field_relu__seed0__lr0p0005__cfgada212ced702.pt,3.3805191024780274,25.34,50.739999999999995,,,,,,,3.3920528232574463,24.72,50.83,,,,,,,0.2620990574359894,0.2782457172870636,0.2679746150970459,0.2941203713417053,0.26237669587135315,0.3037000000476837,0.26356497406959534,0.2682693898677826
cifar100__traditional_field_relu__seed1__lr0p0005__cfgada212ced702,ada212ced702,96b354dd2d4cd04c,2.12.1+cu130,0.27.1+cu130,1.9.0,2.5.2,0,4,2026-08-24T20:38:50.022900+00:00,ok,,cifar100,classification,traditional_field_relu,Traditional neuron + Lambda-Psi + ReLU,traditional,1,after_field,1,1,1,0.5,0.5,1,2026,0.0005,0.0001,0.0,100,50,30,20,0.0001,64,384,256,192,1347244,1347244,407.8912336837966,cuda,./results/lambda_psi_comparison/checkpoints/cifar100/traditional_field_relu/cifar100__traditional_field_relu__seed1__lr0p0005__cfgada212ced702.pt,3.1612969635009764,24.22,51.300000000000004,,,,,,,3.196604306793213,23.990000000000002,51.11,,,,,,,0.3086291253566742,0.3134388327598572,0.31454363465309143,0.3130050003528595,0.3124229609966278,0.3370422422885895,0.31254860758781433,0.31424248218536377
cifar100__traditional_field_relu__seed2__lr0p0005__cfgada212ced702,ada212ced702,96b354dd2d4cd04c,2.12.1+cu130,0.27.1+cu130,1.9.0,2.5.2,0,4,2026-08-24T20:49:46.351152+00:00,ok,,cifar100,classification,traditional_field_relu,Traditional neuron + Lambda-Psi + ReLU,traditional,1,after_field,1,1,1,0.5,0.5,2,2026,0.0005,0.0001,0.0,100,80,60,20,0.0001,64,384,256,192,1347244,1347244,652.5217819579411,cuda,./results/lambda_psi_comparison/checkpoints/cifar100/traditional_field_relu/cifar100__traditional_field_relu__seed2__lr0p0005__cfgada212ced702.pt,3.334344830322266,24.66,50.56,,,,,,,3.3440456726074217,25.03,51.449999999999996,,,,,,,0.2576185464859009,0.2873994708061218,0.26732102036476135,0.28699997067451477,0.2645796239376068,0.3033909797668457,0.2685146927833557,0.2666527032852173
cifar100__traditional_field_relu__seed3__lr0p0005__cfgada212ced702,ada212ced702,96b354dd2d4cd04c,2.12.1+cu130,0.27.1+cu130,1.9.0,2.5.2,0,4,2026-08-24T20:57:30.569118+00:00,ok,,cifar100,classification,traditional_field_relu,Traditional neuron + Lambda-Psi + ReLU,traditional,1,after_field,1,1,1,0.5,0.5,3,2026,0.0005,0.0001,0.0,100,57,37,20,0.0001,64,384,256,192,1347244,1347244,460.39400935615413,cuda,./results/lambda_psi_comparison/checkpoints/cifar100/traditional_field_relu/cifar100__traditional_field_relu__seed3__lr0p0005__cfgada212ced702.pt,3.2027520568847656,24.68,51.12,,,,,,,3.2348950870513917,24.41,50.56,,,,,,,0.29689741134643555,0.30360764265060425,0.30837327241897583,0.3074762523174286,0.30350902676582336,0.3334469795227051,0.3018048405647278,0.3047909736633301
cifar100__traditional_field_relu__seed4__lr0p0005__cfgada212ced702,ada212ced702,96b354dd2d4cd04c,2.12.1+cu130,0.27.1+cu130,1.9.0,2.5.2,0,4,2026-08-24T21:07:40.456425+00:00,ok,,cifar100,classification,traditional_field_relu,Traditional neuron + Lambda-Psi + ReLU,traditional,1,after_field,1,1,1,0.5,0.5,4,2026,0.0005,0.0001,0.0,100,73,53,20,0.0001,64,384,256,192,1347244,1347244,606.0852168160491,cuda,./results/lambda_psi_comparison/checkpoints/cifar100/traditional_field_relu/cifar100__traditional_field_relu__seed4__lr0p0005__cfgada212ced702.pt,3.341516776275635,24.44,50.03999999999999,,,,,,,3.321933731842041,24.610000000000003,50.690000000000005,,,,,,,0.27003213763237,0.2874860465526581,0.28192993998527527,0.2917966842651367,0.27489179372787476,0.31558728218078613,0.27270469069480896,0.2802068591117859
cifar100__traditional_field_relu__seed0__lr0p001__cfgada212ced702,ada212ced702,96b354dd2d4cd04c,2.12.1+cu130,0.27.1+cu130,1.9.0,2.5.2,0,4,2026-08-24T21:15:14.536448+00:00,ok,,cifar100,classification,traditional_field_relu,Traditional neuron + Lambda-Psi + ReLU,traditional,1,after_field,1,1,1,0.5,0.5,0,2026,0.001,0.0001,0.0,100,56,36,20,0.0001,64,384,256,192,1347244,1347244,450.26778810005635,cuda,./results/lambda_psi_comparison/checkpoints/cifar100/traditional_field_relu/cifar100__traditional_field_relu__seed0__lr0p001__cfgada212ced702.pt,3.336953810119629,23.68,49.84,,,,,,,3.311416349029541,23.580000000000002,50.22,,,,,,,0.44138506054878235,0.4346998929977417,0.44655391573905945,0.4227243661880493,0.43865397572517395,0.4158942997455597,0.3829596936702728,0.3762355446815491
cifar100__traditional_field_relu__seed1__lr0p001__cfgada212ced702,ada212ced702,96b354dd2d4cd04c,2.12.1+cu130,0.27.1+cu130,1.9.0,2.5.2,0,4,2026-08-24T21:21:27.420208+00:00,ok,,cifar100,classification,traditional_field_relu,Traditional neuron + Lambda-Psi + ReLU,traditional,1,after_field,1,1,1,0.5,0.5,1,2026,0.001,0.0001,0.0,100,46,26,20,0.0001,64,384,256,192,1347244,1347244,369.0972702309955,cuda,./results/lambda_psi_comparison/checkpoints/cifar100/traditional_field_relu/cifar100__traditional_field_relu__seed1__lr0p001__cfgada212ced702.pt,3.2346023551940917,24.16,49.6,,,,,,,3.284124620819092,23.7,49.45,,,,,,,0.43455788493156433,0.43207690119743347,0.44560790061950684,0.42257845401763916,0.44403815269470215,0.41807642579078674,0.39990726113319397,0.38637760281562805
cifar100__traditional_field_relu__seed2__lr0p001__cfgada212ced702,ada212ced702,96b354dd2d4cd04c,2.12.1+cu130,0.27.1+cu130,1.9.0,2.5.2,0,4,2026-08-24T21:29:16.900017+00:00,ok,,cifar100,classification,traditional_field_relu,Traditional neuron + Lambda-Psi + ReLU,traditional,1,after_field,1,1,1,0.5,0.5,2,2026,0.001,0.0001,0.0,100,58,38,20,0.0001,64,384,256,192,1347244,1347244,465.70158833195455,cuda,./results/lambda_psi_comparison/checkpoints/cifar100/traditional_field_relu/cifar100__traditional_field_relu__seed2__lr0p001__cfgada212ced702.pt,3.2787975112915038,24.92,49.96,,,,,,,3.308285004043579,24.32,49.9,,,,,,,0.4372654855251312,0.4460771679878235,0.451760470867157,0.42100444436073303,0.443962424993515,0.4113962948322296,0.3842305541038513,0.3742152452468872
cifar100__traditional_field_relu__seed3__lr0p001__cfgada212ced702,ada212ced702,96b354dd2d4cd04c,2.12.1+cu130,0.27.1+cu130,1.9.0,2.5.2,0,4,2026-08-24T21:38:02.589853+00:00,ok,,cifar100,classification,traditional_field_relu,Traditional neuron + Lambda-Psi + ReLU,traditional,1,after_field,1,1,1,0.5,0.5,3,2026,0.001,0.0001,0.0,100,64,44,20,0.0001,64,384,256,192,1347244,1347244,521.8997864869889,cuda,./results/lambda_psi_comparison/checkpoints/cifar100/traditional_field_relu/cifar100__traditional_field_relu__seed3__lr0p001__cfgada212ced702.pt,3.3170234504699705,24.4,50.94,,,,,,,3.3645325843811036,24.12,49.55,,,,,,,0.4371907413005829,0.436637818813324,0.4559423625469208,0.4194628596305847,0.4435732960700989,0.401354044675827,0.3738308250904083,0.3725951910018921
cifar100__traditional_field_relu__seed4__lr0p001__cfgada212ced702,ada212ced702,96b354dd2d4cd04c,2.12.1+cu130,0.27.1+cu130,1.9.0,2.5.2,0,4,2026-08-24T21:48:28.464845+00:00,ok,,cifar100,classification,traditional_field_relu,Traditional neuron + Lambda-Psi + ReLU,traditional,1,after_field,1,1,1,0.5,0.5,4,2026,0.001,0.0001,0.0,100,76,56,20,0.0001,64,384,256,192,1347244,1347244,622.0806369190104,cuda,./results/lambda_psi_comparison/checkpoints/cifar100/traditional_field_relu/cifar100__traditional_field_relu__seed4__lr0p001__cfgada212ced702.pt,3.3967805969238283,25.34,50.92,,,,,,,3.437130645751953,24.83,50.629999999999995,,,,,,,0.42433980107307434,0.43416205048561096,0.4441186487674713,0.4145199954509735,0.42566123604774475,0.3998722434043884,0.36927565932273865,0.36445584893226624
cifar100__traditional_field_relu__seed0__lr0p002__cfgada212ced702,ada212ced702,96b354dd2d4cd04c,2.12.1+cu130,0.27.1+cu130,1.9.0,2.5.2,0,4,2026-08-24T22:02:04.416254+00:00,ok,,cifar100,classification,traditional_field_relu,Traditional neuron + Lambda-Psi + ReLU,traditional,1,after_field,1,1,1,0.5,0.5,0,2026,0.002,0.0001,0.0,100,100,80,20,0.0001,64,384,256,192,1347244,1347244,812.1315925130621,cuda,./results/lambda_psi_comparison/checkpoints/cifar100/traditional_field_relu/cifar100__traditional_field_relu__seed0__lr0p002__cfgada212ced702.pt,3.524648226928711,24.8,51.1,,,,,,,3.5444788681030275,24.529999999999998,51.1,,,,,,,0.7001509666442871,0.5590842366218567,0.7201654314994812,0.4707886874675751,0.6269040703773499,0.4134588837623596,0.37249279022216797,0.3746884763240814
cifar100__traditional_field_relu__seed1__lr0p002__cfgada212ced702,ada212ced702,96b354dd2d4cd04c,2.12.1+cu130,0.27.1+cu130,1.9.0,2.5.2,0,4,2026-08-24T22:11:41.365969+00:00,ok,,cifar100,classification,traditional_field_relu,Traditional neuron + Lambda-Psi + ReLU,traditional,1,after_field,1,1,1,0.5,0.5,1,2026,0.002,0.0001,0.0,100,71,51,20,0.0001,64,384,256,192,1347244,1347244,573.1157233130652,cuda,./results/lambda_psi_comparison/checkpoints/cifar100/traditional_field_relu/cifar100__traditional_field_relu__seed1__lr0p002__cfgada212ced702.pt,3.323802138900757,25.3,51.6,,,,,,,3.3541274517059327,24.66,51.35999999999999,,,,,,,0.7037700414657593,0.5640425086021423,0.7351911067962646,0.46365728974342346,0.6587454080581665,0.4084264039993286,0.3860462009906769,0.4026491940021515
cifar100__traditional_field_relu__seed2__lr0p002__cfgada212ced702,ada212ced702,96b354dd2d4cd04c,2.12.1+cu130,0.27.1+cu130,1.9.0,2.5.2,0,4,2026-08-24T22:21:29.884023+00:00,ok,,cifar100,classification,traditional_field_relu,Traditional neuron + Lambda-Psi + ReLU,traditional,1,after_field,1,1,1,0.5,0.5,2,2026,0.002,0.0001,0.0,100,71,51,20,0.0001,64,384,256,192,1347244,1347244,584.7480635629036,cuda,./results/lambda_psi_comparison/checkpoints/cifar100/traditional_field_relu/cifar100__traditional_field_relu__seed2__lr0p002__cfgada212ced702.pt,3.3065122646331786,25.040000000000003,50.8,,,,,,,3.321400405883789,24.43,51.019999999999996,,,,,,,0.701064944267273,0.5680318474769592,0.7274724245071411,0.46334484219551086,0.655566930770874,0.4110219180583954,0.37686893343925476,0.40427812933921814
cifar100__traditional_field_relu__seed3__lr0p002__cfgada212ced702,ada212ced702,96b354dd2d4cd04c,2.12.1+cu130,0.27.1+cu130,1.9.0,2.5.2,0,4,2026-08-24T22:32:46.459117+00:00,ok,,cifar100,classification,traditional_field_relu,Traditional neuron + Lambda-Psi + ReLU,traditional,1,after_field,1,1,1,0.5,0.5,3,2026,0.002,0.0001,0.0,100,83,63,20,0.0001,64,384,256,192,1347244,1347244,672.7224800800905,cuda,./results/lambda_psi_comparison/checkpoints/cifar100/traditional_field_relu/cifar100__traditional_field_relu__seed3__lr0p002__cfgada212ced702.pt,3.4055446575164794,24.959999999999997,51.2,,,,,,,3.457768940734863,24.39,51.33,,,,,,,0.7047750353813171,0.5612479448318481,0.7223235964775085,0.4740220904350281,0.6503241658210754,0.40943771600723267,0.3524601459503174,0.38293302059173584
cifar100__traditional_field_relu__seed4__lr0p002__cfgada212ced702,ada212ced702,96b354dd2d4cd04c,2.12.1+cu130,0.27.1+cu130,1.9.0,2.5.2,0,4,2026-08-24T22:40:59.583615+00:00,ok,,cifar100,classification,traditional_field_relu,Traditional neuron + Lambda-Psi + ReLU,traditional,1,after_field,1,1,1,0.5,0.5,4,2026,0.002,0.0001,0.0,100,61,41,20,0.0001,64,384,256,192,1347244,1347244,489.26158964214846,cuda,./results/lambda_psi_comparison/checkpoints/cifar100/traditional_field_relu/cifar100__traditional_field_relu__seed4__lr0p002__cfgada212ced702.pt,3.261045531082153,25.119999999999997,50.580000000000005,,,,,,,3.2896564853668213,24.0,51.05,,,,,,,0.6981921195983887,0.5611727833747864,0.7294589877128601,0.4706595242023468,0.6559778451919556,0.4080860912799835,0.39101922512054443,0.4082595109939575
cifar100__traditional_field_relu__seed0__lr0p003__cfgada212ced702,ada212ced702,96b354dd2d4cd04c,2.12.1+cu130,0.27.1+cu130,1.9.0,2.5.2,0,4,2026-08-24T22:53:52.097996+00:00,ok,,cifar100,classification,traditional_field_relu,Traditional neuron + Lambda-Psi + ReLU,traditional,1,after_field,1,1,1,0.5,0.5,0,2026,0.003,0.0001,0.0,100,95,75,20,0.0001,64,384,256,192,1347244,1347244,768.6705316740554,cuda,./results/lambda_psi_comparison/checkpoints/cifar100/traditional_field_relu/cifar100__traditional_field_relu__seed0__lr0p003__cfgada212ced702.pt,3.376912020111084,25.319999999999997,52.239999999999995,,,,,,,3.4064871387481688,25.22,51.1,,,,,,,0.8102933168411255,0.5821987390518188,0.8587683439254761,0.4411170482635498,0.7397891879081726,0.38357776403427124,0.3582950830459595,0.39926671981811523
cifar100__traditional_field_relu__seed1__lr0p003__cfgada212ced702,ada212ced702,96b354dd2d4cd04c,2.12.1+cu130,0.27.1+cu130,1.9.0,2.5.2,0,4,2026-08-24T23:04:27.026348+00:00,ok,,cifar100,classification,traditional_field_relu,Traditional neuron + Lambda-Psi + ReLU,traditional,1,after_field,1,1,1,0.5,0.5,1,2026,0.003,0.0001,0.0,100,78,58,20,0.0001,64,384,256,192,1347244,1347244,631.1354170879349,cuda,./results/lambda_psi_comparison/checkpoints/cifar100/traditional_field_relu/cifar100__traditional_field_relu__seed1__lr0p003__cfgada212ced702.pt,3.2735150436401366,25.4,51.72,,,,,,,3.3101474208831787,25.080000000000002,51.71,,,,,,,0.8444311022758484,0.6108205914497375,0.8603568077087402,0.3728053569793701,0.7417184114456177,0.389734148979187,0.3943791687488556,0.3685571253299713
cifar100__traditional_field_relu__seed2__lr0p003__cfgada212ced702,ada212ced702,96b354dd2d4cd04c,2.12.1+cu130,0.27.1+cu130,1.9.0,2.5.2,0,4,2026-08-24T23:14:55.049580+00:00,ok,,cifar100,classification,traditional_field_relu,Traditional neuron + Lambda-Psi + ReLU,traditional,1,after_field,1,1,1,0.5,0.5,2,2026,0.003,0.0001,0.0,100,77,57,20,0.0001,64,384,256,192,1347244,1347244,624.2623782879673,cuda,./results/lambda_psi_comparison/checkpoints/cifar100/traditional_field_relu/cifar100__traditional_field_relu__seed2__lr0p003__cfgada212ced702.pt,3.3098941757202147,24.9,51.28,,,,,,,3.3525003746032715,24.59,51.15,,,,,,,0.8268915414810181,0.5841399431228638,0.8675745725631714,0.4317176938056946,0.7372668981552124,0.38171955943107605,0.3628140687942505,0.3950249254703522
cifar100__traditional_field_relu__seed3__lr0p003__cfgada212ced702,ada212ced702,96b354dd2d4cd04c,2.12.1+cu130,0.27.1+cu130,1.9.0,2.5.2,0,4,2026-08-24T23:25:54.251759+00:00,ok,,cifar100,classification,traditional_field_relu,Traditional neuron + Lambda-Psi + ReLU,traditional,1,after_field,1,1,1,0.5,0.5,3,2026,0.003,0.0001,0.0,100,81,61,20,0.0001,64,384,256,192,1347244,1347244,655.3613254600205,cuda,./results/lambda_psi_comparison/checkpoints/cifar100/traditional_field_relu/cifar100__traditional_field_relu__seed3__lr0p003__cfgada212ced702.pt,3.327217993927002,25.540000000000003,51.62,,,,,,,3.346703673553467,24.85,50.949999999999996,,,,,,,0.8353967666625977,0.5769118666648865,0.852819561958313,0.4279293715953827,0.7582154273986816,0.3882613182067871,0.39045482873916626,0.3691581189632416
cifar100__traditional_field_relu__seed4__lr0p003__cfgada212ced702,ada212ced702,96b354dd2d4cd04c,2.12.1+cu130,0.27.1+cu130,1.9.0,2.5.2,0,4,2026-08-24T23:38:19.026491+00:00,ok,,cifar100,classification,traditional_field_relu,Traditional neuron + Lambda-Psi + ReLU,traditional,1,after_field,1,1,1,0.5,0.5,4,2026,0.003,0.0001,0.0,100,90,70,20,0.0001,64,384,256,192,1347244,1347244,740.9217547820881,cuda,./results/lambda_psi_comparison/checkpoints/cifar100/traditional_field_relu/cifar100__traditional_field_relu__seed4__lr0p003__cfgada212ced702.pt,3.3417556510925293,26.200000000000003,51.339999999999996,,,,,,,3.347899680328369,25.91,52.28,,,,,,,0.8201334476470947,0.5950620174407959,0.8621187210083008,0.4082293212413788,0.7395975589752197,0.383497953414917,0.3752825856208801,0.39126473665237427
cifar100__traditional_relu_field__seed0__lr0p0003__cfg8011afc621f1,8011afc621f1,96b354dd2d4cd04c,2.12.1+cu130,0.27.1+cu130,1.9.0,2.5.2,0,4,2026-08-24T23:51:16.158262+00:00,ok,,cifar100,classification,traditional_relu_field,Traditional neuron + ReLU + Lambda-Psi,traditional,1,before_field,1,1,1,0.5,0.5,0,2026,0.0003,0.0001,0.0,100,95,75,20,0.0001,64,384,256,192,1347244,1347244,773.3095524068922,cuda,./results/lambda_psi_comparison/checkpoints/cifar100/traditional_relu_field/cifar100__traditional_relu_field__seed0__lr0p0003__cfg8011afc621f1.pt,3.1387282409667967,24.38,51.160000000000004,,,,,,,3.1893309982299805,23.86,50.849999999999994,,,,,,,0.25197169184684753,0.25439026951789856,0.2631179094314575,0.17756903171539307,0.2609156668186188,0.16125419735908508,0.28427380323410034,0.28195786476135254
cifar100__traditional_relu_field__seed1__lr0p0003__cfg8011afc621f1,8011afc621f1,96b354dd2d4cd04c,2.12.1+cu130,0.27.1+cu130,1.9.0,2.5.2,0,4,2026-08-25T00:04:42.938006+00:00,ok,,cifar100,classification,traditional_relu_field,Traditional neuron + ReLU + Lambda-Psi,traditional,1,before_field,1,1,1,0.5,0.5,1,2026,0.0003,0.0001,0.0,100,99,79,20,0.0001,64,384,256,192,1347244,1347244,802.8980665821582,cuda,./results/lambda_psi_comparison/checkpoints/cifar100/traditional_relu_field/cifar100__traditional_relu_field__seed1__lr0p0003__cfg8011afc621f1.pt,3.1554733367919923,24.14,51.22,,,,,,,3.1864478324890135,24.07,50.93,,,,,,,0.25213462114334106,0.24709749221801758,0.2575947046279907,0.1637965589761734,0.25228846073150635,0.15364542603492737,0.2854200303554535,0.27848052978515625
cifar100__traditional_relu_field__seed2__lr0p0003__cfg8011afc621f1,8011afc621f1,96b354dd2d4cd04c,2.12.1+cu130,0.27.1+cu130,1.9.0,2.5.2,0,4,2026-08-25T00:18:21.056827+00:00,ok,,cifar100,classification,traditional_relu_field,Traditional neuron + ReLU + Lambda-Psi,traditional,1,before_field,1,1,1,0.5,0.5,2,2026,0.0003,0.0001,0.0,100,100,85,20,0.0001,64,384,256,192,1347244,1347244,814.3198737769853,cuda,./results/lambda_psi_comparison/checkpoints/cifar100/traditional_relu_field/cifar100__traditional_relu_field__seed2__lr0p0003__cfg8011afc621f1.pt,3.1758512420654297,25.180000000000003,51.239999999999995,,,,,,,3.1828821754455565,24.83,51.080000000000005,,,,,,,0.24347834289073944,0.17885753512382507,0.25129494071006775,0.15685081481933594,0.24278201162815094,0.15175732970237732,0.27593740820884705,0.27200788259506226
cifar100__traditional_relu_field__seed3__lr0p0003__cfg8011afc621f1,8011afc621f1,96b354dd2d4cd04c,2.12.1+cu130,0.27.1+cu130,1.9.0,2.5.2,0,4,2026-08-25T00:31:02.727480+00:00,ok,,cifar100,classification,traditional_relu_field,Traditional neuron + ReLU + Lambda-Psi,traditional,1,before_field,1,1,1,0.5,0.5,3,2026,0.0003,0.0001,0.0,100,93,73,20,0.0001,64,384,256,192,1347244,1347244,757.8441853451077,cuda,./results/lambda_psi_comparison/checkpoints/cifar100/traditional_relu_field/cifar100__traditional_relu_field__seed3__lr0p0003__cfg8011afc621f1.pt,3.1480467166900636,25.0,51.339999999999996,,,,,,,3.1949192962646484,24.0,50.56,,,,,,,0.252199649810791,0.187485471367836,0.2601025700569153,0.16609248518943787,0.25369176268577576,0.15704889595508575,0.2912854850292206,0.27897483110427856
cifar100__traditional_relu_field__seed4__lr0p0003__cfg8011afc621f1,8011afc621f1,96b354dd2d4cd04c,2.12.1+cu130,0.27.1+cu130,1.9.0,2.5.2,0,4,2026-08-25T00:44:42.648690+00:00,ok,,cifar100,classification,traditional_relu_field,Traditional neuron + ReLU + Lambda-Psi,traditional,1,before_field,1,1,1,0.5,0.5,4,2026,0.0003,0.0001,0.0,100,100,85,20,0.0001,64,384,256,192,1347244,1347244,816.0740127409808,cuda,./results/lambda_psi_comparison/checkpoints/cifar100/traditional_relu_field/cifar100__traditional_relu_field__seed4__lr0p0003__cfg8011afc621f1.pt,3.1549025703430176,24.740000000000002,51.22,,,,,,,3.173596710205078,24.59,50.78,,,,,,,0.23873336613178253,0.19119125604629517,0.2482122778892517,0.1578146517276764,0.24268171191215515,0.15404146909713745,0.28152596950531006,0.2670169472694397
cifar100__traditional_relu_field__seed0__lr0p0005__cfg8011afc621f1,8011afc621f1,96b354dd2d4cd04c,2.12.1+cu130,0.27.1+cu130,1.9.0,2.5.2,0,4,2026-08-25T00:58:00.264655+00:00,ok,,cifar100,classification,traditional_relu_field,Traditional neuron + ReLU + Lambda-Psi,traditional,1,before_field,1,1,1,0.5,0.5,0,2026,0.0005,0.0001,0.0,100,97,77,20,0.0001,64,384,256,192,1347244,1347244,793.7500774909277,cuda,./results/lambda_psi_comparison/checkpoints/cifar100/traditional_relu_field/cifar100__traditional_relu_field__seed0__lr0p0005__cfg8011afc621f1.pt,3.093075621032715,25.66,53.059999999999995,,,,,,,3.132700355529785,25.130000000000003,52.290000000000006,,,,,,,0.2979312241077423,0.18353620171546936,0.32983019948005676,0.1511000096797943,0.32281264662742615,0.11589256674051285,0.37106794118881226,0.3555576205253601
cifar100__traditional_relu_field__seed1__lr0p0005__cfg8011afc621f1,8011afc621f1,96b354dd2d4cd04c,2.12.1+cu130,0.27.1+cu130,1.9.0,2.5.2,0,4,2026-08-25T01:11:41.965656+00:00,ok,,cifar100,classification,traditional_relu_field,Traditional neuron + ReLU + Lambda-Psi,traditional,1,before_field,1,1,1,0.5,0.5,1,2026,0.0005,0.0001,0.0,100,100,90,20,0.0001,64,384,256,192,1347244,1347244,817.8536340191495,cuda,./results/lambda_psi_comparison/checkpoints/cifar100/traditional_relu_field/cifar100__traditional_relu_field__seed1__lr0p0005__cfg8011afc621f1.pt,3.102646210098267,25.46,52.44,,,,,,,3.151931562042236,25.119999999999997,51.73,,,,,,,0.29573628306388855,0.18746066093444824,0.32352903485298157,0.1536950170993805,0.3043387234210968,0.1081799790263176,0.36942926049232483,0.355427086353302
cifar100__traditional_relu_field__seed2__lr0p0005__cfg8011afc621f1,8011afc621f1,96b354dd2d4cd04c,2.12.1+cu130,0.27.1+cu130,1.9.0,2.5.2,0,4,2026-08-25T01:25:18.616995+00:00,ok,,cifar100,classification,traditional_relu_field,Traditional neuron + ReLU + Lambda-Psi,traditional,1,before_field,1,1,1,0.5,0.5,2,2026,0.0005,0.0001,0.0,100,100,80,20,0.0001,64,384,256,192,1347244,1347244,812.8540867231786,cuda,./results/lambda_psi_comparison/checkpoints/cifar100/traditional_relu_field/cifar100__traditional_relu_field__seed2__lr0p0005__cfg8011afc621f1.pt,3.13788462600708,25.080000000000002,51.85999999999999,,,,,,,3.160864075469971,24.779999999999998,51.449999999999996,,,,,,,0.30404338240623474,0.14662954211235046,0.3255809545516968,0.14272911846637726,0.3155955374240875,0.11299547553062439,0.36709022521972656,0.35842210054397583
cifar100__traditional_relu_field__seed3__lr0p0005__cfg8011afc621f1,8011afc621f1,96b354dd2d4cd04c,2.12.1+cu130,0.27.1+cu130,1.9.0,2.5.2,0,4,2026-08-25T01:38:43.740947+00:00,ok,,cifar100,classification,traditional_relu_field,Traditional neuron + ReLU + Lambda-Psi,traditional,1,before_field,1,1,1,0.5,0.5,3,2026,0.0005,0.0001,0.0,100,100,86,20,0.0001,64,384,256,192,1347244,1347244,801.296081345994,cuda,./results/lambda_psi_comparison/checkpoints/cifar100/traditional_relu_field/cifar100__traditional_relu_field__seed3__lr0p0005__cfg8011afc621f1.pt,3.139856209564209,25.240000000000002,50.980000000000004,,,,,,,3.1416466373443606,25.47,52.64,,,,,,,0.29922404885292053,0.13949792087078094,0.32417234778404236,0.1429450660943985,0.31619954109191895,0.11226820200681686,0.35910919308662415,0.34869828820228577
cifar100__traditional_relu_field__seed4__lr0p0005__cfg8011afc621f1,8011afc621f1,96b354dd2d4cd04c,2.12.1+cu130,0.27.1+cu130,1.9.0,2.5.2,0,4,2026-08-25T01:52:34.529892+00:00,ok,,cifar100,classification,traditional_relu_field,Traditional neuron + ReLU + Lambda-Psi,traditional,1,before_field,1,1,1,0.5,0.5,4,2026,0.0005,0.0001,0.0,100,100,85,20,0.0001,64,384,256,192,1347244,1347244,826.8969160439447,cuda,./results/lambda_psi_comparison/checkpoints/cifar100/traditional_relu_field/cifar100__traditional_relu_field__seed4__lr0p0005__cfg8011afc621f1.pt,3.153300999069214,25.619999999999997,51.62,,,,,,,3.198894762802124,24.14,51.480000000000004,,,,,,,0.2858043313026428,0.14601804316043854,0.31725361943244934,0.13974016904830933,0.30582350492477417,0.1112239733338356,0.3575485050678253,0.3469904065132141
cifar100__traditional_relu_field__seed0__lr0p001__cfg8011afc621f1,8011afc621f1,96b354dd2d4cd04c,2.12.1+cu130,0.27.1+cu130,1.9.0,2.5.2,0,4,2026-08-25T02:06:25.177742+00:00,ok,,cifar100,classification,traditional_relu_field,Traditional neuron + ReLU + Lambda-Psi,traditional,1,before_field,1,1,1,0.5,0.5,0,2026,0.001,0.0001,0.0,100,100,89,20,0.0001,64,384,256,192,1347244,1347244,826.8228360849898,cuda,./results/lambda_psi_comparison/checkpoints/cifar100/traditional_relu_field/cifar100__traditional_relu_field__seed0__lr0p001__cfg8011afc621f1.pt,3.0582357833862304,25.86,53.879999999999995,,,,,,,3.0916306335449217,25.4,53.2,,,,,,,0.45264074206352234,0.10752134770154953,0.5360580682754517,0.14940908551216125,0.49289506673812866,0.057973675429821014,0.5231565237045288,0.5136899948120117
cifar100__traditional_relu_field__seed1__lr0p001__cfg8011afc621f1,8011afc621f1,96b354dd2d4cd04c,2.12.1+cu130,0.27.1+cu130,1.9.0,2.5.2,0,4,2026-08-25T02:18:50.526911+00:00,ok,,cifar100,classification,traditional_relu_field,Traditional neuron + ReLU + Lambda-Psi,traditional,1,before_field,1,1,1,0.5,0.5,1,2026,0.001,0.0001,0.0,100,91,71,20,0.0001,64,384,256,192,1347244,1347244,741.5966216581874,cuda,./results/lambda_psi_comparison/checkpoints/cifar100/traditional_relu_field/cifar100__traditional_relu_field__seed1__lr0p001__cfg8011afc621f1.pt,3.05882742805481,26.02,54.16,,,,,,,3.1145931884765625,25.480000000000004,53.12,,,,,,,0.46060770750045776,0.11501039564609528,0.5471513867378235,0.15035183727741241,0.49526819586753845,0.054989900439977646,0.5358276963233948,0.516318678855896
cifar100__traditional_relu_field__seed2__lr0p001__cfg8011afc621f1,8011afc621f1,96b354dd2d4cd04c,2.12.1+cu130,0.27.1+cu130,1.9.0,2.5.2,0,4,2026-08-25T02:30:27.032704+00:00,ok,,cifar100,classification,traditional_relu_field,Traditional neuron + ReLU + Lambda-Psi,traditional,1,before_field,1,1,1,0.5,0.5,2,2026,0.001,0.0001,0.0,100,86,66,20,0.0001,64,384,256,192,1347244,1347244,692.6409736229107,cuda,./results/lambda_psi_comparison/checkpoints/cifar100/traditional_relu_field/cifar100__traditional_relu_field__seed2__lr0p001__cfg8011afc621f1.pt,3.0581030338287354,26.540000000000003,53.72,,,,,,,3.112738877868652,25.56,52.93,,,,,,,0.4483795762062073,0.11145905405282974,0.5414170026779175,0.16657215356826782,0.4850524067878723,0.05710626393556595,0.5319300889968872,0.5140610337257385
cifar100__traditional_relu_field__seed3__lr0p001__cfg8011afc621f1,8011afc621f1,96b354dd2d4cd04c,2.12.1+cu130,0.27.1+cu130,1.9.0,2.5.2,0,4,2026-08-25T02:44:10.869157+00:00,ok,,cifar100,classification,traditional_relu_field,Traditional neuron + ReLU + Lambda-Psi,traditional,1,before_field,1,1,1,0.5,0.5,3,2026,0.001,0.0001,0.0,100,100,85,20,0.0001,64,384,256,192,1347244,1347244,820.0134355220944,cuda,./results/lambda_psi_comparison/checkpoints/cifar100/traditional_relu_field/cifar100__traditional_relu_field__seed3__lr0p001__cfg8011afc621f1.pt,3.082538466644287,24.72,53.18000000000001,,,,,,,3.107812707901001,25.03,52.42,,,,,,,0.45819783210754395,0.10341202467679977,0.5378183126449585,0.14998461306095123,0.49832040071487427,0.05799701064825058,0.5258662104606628,0.5013409852981567
cifar100__traditional_relu_field__seed4__lr0p001__cfg8011afc621f1,8011afc621f1,96b354dd2d4cd04c,2.12.1+cu130,0.27.1+cu130,1.9.0,2.5.2,0,4,2026-08-25T02:57:18.164921+00:00,ok,,cifar100,classification,traditional_relu_field,Traditional neuron + ReLU + Lambda-Psi,traditional,1,before_field,1,1,1,0.5,0.5,4,2026,0.001,0.0001,0.0,100,96,76,20,0.0001,64,384,256,192,1347244,1347244,783.4824783529621,cuda,./results/lambda_psi_comparison/checkpoints/cifar100/traditional_relu_field/cifar100__traditional_relu_field__seed4__lr0p001__cfg8011afc621f1.pt,3.055369948196411,26.479999999999997,53.86,,,,,,,3.0913590484619142,25.979999999999997,53.43,,,,,,,0.47289565205574036,0.10006378591060638,0.5642621517181396,0.1262708455324173,0.48112407326698303,0.051617104560136795,0.5276437997817993,0.5353567600250244
cifar100__traditional_relu_field__seed0__lr0p002__cfg8011afc621f1,8011afc621f1,96b354dd2d4cd04c,2.12.1+cu130,0.27.1+cu130,1.9.0,2.5.2,0,4,2026-08-25T03:10:42.123542+00:00,ok,,cifar100,classification,traditional_relu_field,Traditional neuron + ReLU + Lambda-Psi,traditional,1,before_field,1,1,1,0.5,0.5,0,2026,0.002,0.0001,0.0,100,98,78,20,0.0001,64,384,256,192,1347244,1347244,800.125830611214,cuda,./results/lambda_psi_comparison/checkpoints/cifar100/traditional_relu_field/cifar100__traditional_relu_field__seed0__lr0p002__cfg8011afc621f1.pt,3.0480285219192504,25.88,55.14,,,,,,,3.094031559753418,25.14,53.16,,,,,,,0.6689926385879517,0.05822884663939476,0.7617695927619934,0.13154083490371704,0.6456407904624939,0.012069950811564922,0.6728189587593079,0.6032416224479675
cifar100__traditional_relu_field__seed1__lr0p002__cfg8011afc621f1,8011afc621f1,96b354dd2d4cd04c,2.12.1+cu130,0.27.1+cu130,1.9.0,2.5.2,0,4,2026-08-25T03:24:35.457605+00:00,ok,,cifar100,classification,traditional_relu_field,Traditional neuron + ReLU + Lambda-Psi,traditional,1,before_field,1,1,1,0.5,0.5,1,2026,0.002,0.0001,0.0,100,100,89,20,0.0001,64,384,256,192,1347244,1347244,829.3690397150349,cuda,./results/lambda_psi_comparison/checkpoints/cifar100/traditional_relu_field/cifar100__traditional_relu_field__seed1__lr0p002__cfg8011afc621f1.pt,3.0550268001556398,25.619999999999997,54.26,,,,,,,3.107909736251831,25.130000000000003,52.800000000000004,,,,,,,0.6587290167808533,0.05827954038977623,0.7352551221847534,0.12025666981935501,0.6881139874458313,0.011695489287376404,0.6763115525245667,0.5641632676124573
cifar100__traditional_relu_field__seed2__lr0p002__cfg8011afc621f1,8011afc621f1,96b354dd2d4cd04c,2.12.1+cu130,0.27.1+cu130,1.9.0,2.5.2,0,4,2026-08-25T03:37:31.979314+00:00,ok,,cifar100,classification,traditional_relu_field,Traditional neuron + ReLU + Lambda-Psi,traditional,1,before_field,1,1,1,0.5,0.5,2,2026,0.002,0.0001,0.0,100,93,73,20,0.0001,64,384,256,192,1347244,1347244,772.7320386827923,cuda,./results/lambda_psi_comparison/checkpoints/cifar100/traditional_relu_field/cifar100__traditional_relu_field__seed2__lr0p002__cfg8011afc621f1.pt,3.030811002731323,26.46,55.059999999999995,,,,,,,3.0928945487976076,25.080000000000002,53.71,,,,,,,0.6656154990196228,0.06458358466625214,0.7429124116897583,0.1085236445069313,0.6954486966133118,0.009803121909499168,0.6860284209251404,0.5700175762176514
cifar100__traditional_relu_field__seed3__lr0p002__cfg8011afc621f1,8011afc621f1,96b354dd2d4cd04c,2.12.1+cu130,0.27.1+cu130,1.9.0,2.5.2,0,4,2026-08-25T03:51:08.821110+00:00,ok,,cifar100,classification,traditional_relu_field,Traditional neuron + ReLU + Lambda-Psi,traditional,1,before_field,1,1,1,0.5,0.5,3,2026,0.002,0.0001,0.0,100,100,97,20,0.0001,64,384,256,192,1347244,1347244,813.0045036538504,cuda,./results/lambda_psi_comparison/checkpoints/cifar100/traditional_relu_field/cifar100__traditional_relu_field__seed3__lr0p002__cfg8011afc621f1.pt,3.0715998489379883,25.3,53.66,,,,,,,3.138496286010742,24.42,52.53,,,,,,,0.6646461486816406,0.07205735892057419,0.7212234139442444,0.1265774667263031,0.6678858399391174,0.01215178333222866,0.6749638915061951,0.5549922585487366
cifar100__traditional_relu_field__seed4__lr0p002__cfg8011afc621f1,8011afc621f1,96b354dd2d4cd04c,2.12.1+cu130,0.27.1+cu130,1.9.0,2.5.2,0,4,2026-08-25T04:04:47.424619+00:00,ok,,cifar100,classification,traditional_relu_field,Traditional neuron + ReLU + Lambda-Psi,traditional,1,before_field,1,1,1,0.5,0.5,4,2026,0.002,0.0001,0.0,100,100,90,20,0.0001,64,384,256,192,1347244,1347244,814.7967479210347,cuda,./results/lambda_psi_comparison/checkpoints/cifar100/traditional_relu_field/cifar100__traditional_relu_field__seed4__lr0p002__cfg8011afc621f1.pt,3.0271790439605715,26.66,54.24,,,,,,,3.0860975322723387,25.53,53.7,,,,,,,0.6920834183692932,0.05987672135233879,0.7602795362472534,0.10229148715734482,0.6318917274475098,0.010872606188058853,0.6409100890159607,0.6306659579277039
cifar100__traditional_relu_field__seed0__lr0p003__cfg8011afc621f1,8011afc621f1,96b354dd2d4cd04c,2.12.1+cu130,0.27.1+cu130,1.9.0,2.5.2,0,4,2026-08-25T04:18:26.952311+00:00,ok,,cifar100,classification,traditional_relu_field,Traditional neuron + ReLU + Lambda-Psi,traditional,1,before_field,1,1,1,0.5,0.5,0,2026,0.003,0.0001,0.0,100,100,80,20,0.0001,64,384,256,192,1347244,1347244,815.6914056020323,cuda,./results/lambda_psi_comparison/checkpoints/cifar100/traditional_relu_field/cifar100__traditional_relu_field__seed0__lr0p003__cfg8011afc621f1.pt,3.212381647872925,22.56,50.36000000000001,,,,,,,3.276560097885132,20.849999999999998,49.3,,,,,,,0.7633921504020691,0.05841228738427162,0.7926272749900818,0.1568615436553955,0.6772730350494385,0.002928020665422082,0.7940624952316284,0.5567976832389832
cifar100__traditional_relu_field__seed1__lr0p003__cfg8011afc621f1,8011afc621f1,96b354dd2d4cd04c,2.12.1+cu130,0.27.1+cu130,1.9.0,2.5.2,0,4,2026-08-25T04:32:07.694721+00:00,ok,,cifar100,classification,traditional_relu_field,Traditional neuron + ReLU + Lambda-Psi,traditional,1,before_field,1,1,1,0.5,0.5,1,2026,0.003,0.0001,0.0,100,100,94,20,0.0001,64,384,256,192,1347244,1347244,816.8975150107872,cuda,./results/lambda_psi_comparison/checkpoints/cifar100/traditional_relu_field/cifar100__traditional_relu_field__seed1__lr0p003__cfg8011afc621f1.pt,3.1348054683685302,24.84,52.5,,,,,,,3.196525047302246,23.119999999999997,50.56,,,,,,,0.7716503739356995,0.0500299409031868,0.8160173892974854,0.12448913604021072,0.6916345357894897,0.0019602682441473007,0.7873451113700867,0.5555709004402161
cifar100__traditional_relu_field__seed2__lr0p003__cfg8011afc621f1,8011afc621f1,96b354dd2d4cd04c,2.12.1+cu130,0.27.1+cu130,1.9.0,2.5.2,0,4,2026-08-25T04:45:51.264692+00:00,ok,,cifar100,classification,traditional_relu_field,Traditional neuron + ReLU + Lambda-Psi,traditional,1,before_field,1,1,1,0.5,0.5,2,2026,0.003,0.0001,0.0,100,100,80,20,0.0001,64,384,256,192,1347244,1347244,819.757704946911,cuda,./results/lambda_psi_comparison/checkpoints/cifar100/traditional_relu_field/cifar100__traditional_relu_field__seed2__lr0p003__cfg8011afc621f1.pt,3.094329307937622,24.52,53.459999999999994,,,,,,,3.179880143737793,23.1,51.41,,,,,,,0.7617924213409424,0.036348044872283936,0.8177095055580139,0.07853543013334274,0.7365580201148987,0.001858562114648521,0.7910877466201782,0.562865138053894
cifar100__traditional_relu_field__seed3__lr0p003__cfg8011afc621f1,8011afc621f1,96b354dd2d4cd04c,2.12.1+cu130,0.27.1+cu130,1.9.0,2.5.2,0,4,2026-08-25T04:59:42.027349+00:00,ok,,cifar100,classification,traditional_relu_field,Traditional neuron + ReLU + Lambda-Psi,traditional,1,before_field,1,1,1,0.5,0.5,3,2026,0.003,0.0001,0.0,100,100,90,20,0.0001,64,384,256,192,1347244,1347244,826.9339612189215,cuda,./results/lambda_psi_comparison/checkpoints/cifar100/traditional_relu_field/cifar100__traditional_relu_field__seed3__lr0p003__cfg8011afc621f1.pt,3.3150151191711426,20.62,46.86,,,,,,,3.360420584487915,19.6,46.51,,,,,,,0.7597768902778625,0.08363385498523712,0.7957268953323364,0.19069814682006836,0.5968344211578369,0.003347138874232769,0.7651828527450562,0.5572400093078613
cifar100__traditional_relu_field__seed4__lr0p003__cfg8011afc621f1,8011afc621f1,96b354dd2d4cd04c,2.12.1+cu130,0.27.1+cu130,1.9.0,2.5.2,0,4,2026-08-25T05:13:37.733766+00:00,ok,,cifar100,classification,traditional_relu_field,Traditional neuron + ReLU + Lambda-Psi,traditional,1,before_field,1,1,1,0.5,0.5,4,2026,0.003,0.0001,0.0,100,100,82,20,0.0001,64,384,256,192,1347244,1347244,831.8339998819865,cuda,./results/lambda_psi_comparison/checkpoints/cifar100/traditional_relu_field/cifar100__traditional_relu_field__seed4__lr0p003__cfg8011afc621f1.pt,3.197917092132568,23.04,51.18000000000001,,,,,,,3.2591553005218508,22.040000000000003,49.82,,,,,,,0.7749373316764832,0.05746591091156006,0.7917383313179016,0.11525024473667145,0.6710606813430786,0.002786998637020588,0.7840117812156677,0.5715422630310059
cifar100__aptx__seed0__lr0p0003__cfg451f3a25362f,451f3a25362f,96b354dd2d4cd04c,2.12.1+cu130,0.27.1+cu130,1.9.0,2.5.2,0,4,2026-08-25T05:28:09.689438+00:00,ok,,cifar100,classification,aptx,APTx Neuron,aptx,0,none,0,1,1,0.5,0.5,0,2026,0.0003,0.0001,0.0,100,100,85,20,0.0001,64,384,256,192,4039844,4039844,868.0531115229242,cuda,./results/lambda_psi_comparison/checkpoints/cifar100/aptx/cifar100__aptx__seed0__lr0p0003__cfg451f3a25362f.pt,21616.625503125,11.940000000000001,30.06,,,,,,,22157.125875,11.26,29.509999999999998,,,,,,,,,,,,,,
cifar100__aptx__seed1__lr0p0003__cfg451f3a25362f,451f3a25362f,96b354dd2d4cd04c,2.12.1+cu130,0.27.1+cu130,1.9.0,2.5.2,0,4,2026-08-25T05:39:35.174596+00:00,ok,,cifar100,classification,aptx,APTx Neuron,aptx,0,none,0,1,1,0.5,0.5,1,2026,0.0003,0.0001,0.0,100,78,58,20,0.0001,64,384,256,192,4039844,4039844,681.536023742985,cuda,./results/lambda_psi_comparison/checkpoints/cifar100/aptx/cifar100__aptx__seed1__lr0p0003__cfg451f3a25362f.pt,29859.23379375,12.32,29.94,,,,,,,30144.402040625,11.4,29.580000000000002,,,,,,,,,,,,,,
cifar100__aptx__seed2__lr0p0003__cfg451f3a25362f,451f3a25362f,96b354dd2d4cd04c,2.12.1+cu130,0.27.1+cu130,1.9.0,2.5.2,0,4,2026-08-25T05:54:15.356756+00:00,ok,,cifar100,classification,aptx,APTx Neuron,aptx,0,none,0,1,1,0.5,0.5,2,2026,0.0003,0.0001,0.0,100,100,87,20,0.0001,64,384,256,192,4039844,4039844,876.2141356209759,cuda,./results/lambda_psi_comparison/checkpoints/cifar100/aptx/cifar100__aptx__seed2__lr0p0003__cfg451f3a25362f.pt,20796.228225,11.700000000000001,30.94,,,,,,,21511.4795875,11.49,29.94,,,,,,,,,,,,,,
cifar100__aptx__seed3__lr0p0003__cfg451f3a25362f,451f3a25362f,96b354dd2d4cd04c,2.12.1+cu130,0.27.1+cu130,1.9.0,2.5.2,0,4,2026-08-25T06:08:50.470155+00:00,ok,,cifar100,classification,aptx,APTx Neuron,aptx,0,none,0,1,1,0.5,0.5,3,2026,0.0003,0.0001,0.0,100,100,84,20,0.0001,64,384,256,192,4039844,4039844,871.1303683181759,cuda,./results/lambda_psi_comparison/checkpoints/cifar100/aptx/cifar100__aptx__seed3__lr0p0003__cfg451f3a25362f.pt,23097.8877375,11.360000000000001,29.12,,,,,,,23802.0470125,11.5,29.520000000000003,,,,,,,,,,,,,,
cifar100__aptx__seed4__lr0p0003__cfg451f3a25362f,451f3a25362f,96b354dd2d4cd04c,2.12.1+cu130,0.27.1+cu130,1.9.0,2.5.2,0,4,2026-08-25T06:21:21.650426+00:00,ok,,cifar100,classification,aptx,APTx Neuron,aptx,0,none,0,1,1,0.5,0.5,4,2026,0.0003,0.0001,0.0,100,87,67,20,0.0001,64,384,256,192,4039844,4039844,747.2184447250329,cuda,./results/lambda_psi_comparison/checkpoints/cifar100/aptx/cifar100__aptx__seed4__lr0p0003__cfg451f3a25362f.pt,28068.892509375,11.360000000000001,29.24,,,,,,,28212.01926875,11.33,28.99,,,,,,,,,,,,,,
cifar100__aptx__seed0__lr0p0005__cfg451f3a25362f,451f3a25362f,96b354dd2d4cd04c,2.12.1+cu130,0.27.1+cu130,1.9.0,2.5.2,0,4,2026-08-25T06:35:49.142527+00:00,ok,,cifar100,classification,aptx,APTx Neuron,aptx,0,none,0,1,1,0.5,0.5,0,2026,0.0005,0.0001,0.0,100,100,91,20,0.0001,64,384,256,192,4039844,4039844,863.5103384451941,cuda,./results/lambda_psi_comparison/checkpoints/cifar100/aptx/cifar100__aptx__seed0__lr0p0005__cfg451f3a25362f.pt,3879.159003125,13.719999999999999,32.64,,,,,,,4043.40352421875,12.509999999999998,31.0,,,,,,,,,,,,,,
cifar100__aptx__seed1__lr0p0005__cfg451f3a25362f,451f3a25362f,96b354dd2d4cd04c,2.12.1+cu130,0.27.1+cu130,1.9.0,2.5.2,0,4,2026-08-25T06:47:05.739827+00:00,ok,,cifar100,classification,aptx,APTx Neuron,aptx,0,none,0,1,1,0.5,0.5,1,2026,0.0005,0.0001,0.0,100,78,58,20,0.0001,64,384,256,192,4039844,4039844,672.6074239020236,cuda,./results/lambda_psi_comparison/checkpoints/cifar100/aptx/cifar100__aptx__seed1__lr0p0005__cfg451f3a25362f.pt,7991.192815625,12.6,30.759999999999998,,,,,,,8211.8337875,12.22,30.599999999999998,,,,,,,,,,,,,,
cifar100__aptx__seed2__lr0p0005__cfg451f3a25362f,451f3a25362f,96b354dd2d4cd04c,2.12.1+cu130,0.27.1+cu130,1.9.0,2.5.2,0,4,2026-08-25T06:59:52.080515+00:00,ok,,cifar100,classification,aptx,APTx Neuron,aptx,0,none,0,1,1,0.5,0.5,2,2026,0.0005,0.0001,0.0,100,88,68,20,0.0001,64,384,256,192,4039844,4039844,762.2959691220894,cuda,./results/lambda_psi_comparison/checkpoints/cifar100/aptx/cifar100__aptx__seed2__lr0p0005__cfg451f3a25362f.pt,5730.5926515625,12.740000000000002,31.5,,,,,,,5836.748621875,12.049999999999999,30.570000000000004,,,,,,,,,,,,,,
cifar100__aptx__seed3__lr0p0005__cfg451f3a25362f,451f3a25362f,96b354dd2d4cd04c,2.12.1+cu130,0.27.1+cu130,1.9.0,2.5.2,0,4,2026-08-25T07:14:24.705909+00:00,ok,,cifar100,classification,aptx,APTx Neuron,aptx,0,none,0,1,1,0.5,0.5,3,2026,0.0005,0.0001,0.0,100,100,91,20,0.0001,64,384,256,192,4039844,4039844,868.6024353879038,cuda,./results/lambda_psi_comparison/checkpoints/cifar100/aptx/cifar100__aptx__seed3__lr0p0005__cfg451f3a25362f.pt,3950.7282328125,13.38,32.14,,,,,,,4036.69745625,12.83,30.880000000000003,,,,,,,,,,,,,,
cifar100__aptx__seed4__lr0p0005__cfg451f3a25362f,451f3a25362f,96b354dd2d4cd04c,2.12.1+cu130,0.27.1+cu130,1.9.0,2.5.2,0,4,2026-08-25T07:29:08.975029+00:00,ok,,cifar100,classification,aptx,APTx Neuron,aptx,0,none,0,1,1,0.5,0.5,4,2026,0.0005,0.0001,0.0,100,100,95,20,0.0001,64,384,256,192,4039844,4039844,880.2092678099871,cuda,./results/lambda_psi_comparison/checkpoints/cifar100/aptx/cifar100__aptx__seed4__lr0p0005__cfg451f3a25362f.pt,4145.47595078125,13.3,31.019999999999996,,,,,,,4292.873215625,12.2,30.17,,,,,,,,,,,,,,
cifar100__aptx__seed0__lr0p001__cfg451f3a25362f,451f3a25362f,96b354dd2d4cd04c,2.12.1+cu130,0.27.1+cu130,1.9.0,2.5.2,0,4,2026-08-25T07:42:10.453552+00:00,ok,,cifar100,classification,aptx,APTx Neuron,aptx,0,none,0,1,1,0.5,0.5,0,2026,0.001,0.0001,0.0,100,49,29,20,0.0001,64,384,256,192,4039844,4039844,775.0685553769581,cuda,./results/lambda_psi_comparison/checkpoints/cifar100/aptx/cifar100__aptx__seed0__lr0p001__cfg451f3a25362f.pt,6575.4417484375,11.0,27.800000000000004,,,,,,,6786.9973765625,10.05,26.56,,,,,,,,,,,,,,
cifar100__aptx__seed1__lr0p001__cfg451f3a25362f,451f3a25362f,96b354dd2d4cd04c,2.12.1+cu130,0.27.1+cu130,1.9.0,2.5.2,0,4,2026-08-25T08:15:29.469334+00:00,ok,,cifar100,classification,aptx,APTx Neuron,aptx,0,none,0,1,1,0.5,0.5,1,2026,0.001,0.0001,0.0,100,100,100,20,0.0001,64,384,256,192,4039844,4039844,1994.349705643952,cuda,./results/lambda_psi_comparison/checkpoints/cifar100/aptx/cifar100__aptx__seed1__lr0p001__cfg451f3a25362f.pt,303.2569943359375,14.580000000000002,33.160000000000004,,,,,,,314.7085502441406,14.09,32.36,,,,,,,,,,,,,,
cifar100__aptx__seed2__lr0p001__cfg451f3a25362f,451f3a25362f,96b354dd2d4cd04c,2.12.1+cu130,0.27.1+cu130,1.9.0,2.5.2,0,4,2026-08-25T08:26:23.592441+00:00,ok,,cifar100,classification,aptx,APTx Neuron,aptx,0,none,0,1,1,0.5,0.5,2,2026,0.001,0.0001,0.0,100,71,51,20,0.0001,64,384,256,192,4039844,4039844,650.1408676288556,cuda,./results/lambda_psi_comparison/checkpoints/cifar100/aptx/cifar100__aptx__seed2__lr0p001__cfg451f3a25362f.pt,1928.91082890625,11.78,28.24,,,,,,,1967.339353515625,11.33,27.450000000000003,,,,,,,,,,,,,,
cifar100__aptx__seed3__lr0p001__cfg451f3a25362f,451f3a25362f,96b354dd2d4cd04c,2.12.1+cu130,0.27.1+cu130,1.9.0,2.5.2,0,4,2026-08-25T08:47:12.837247+00:00,ok,,cifar100,classification,aptx,APTx Neuron,aptx,0,none,0,1,1,0.5,0.5,3,2026,0.001,0.0001,0.0,100,100,98,20,0.0001,64,384,256,192,4039844,4039844,1245.2462954418734,cuda,./results/lambda_psi_comparison/checkpoints/cifar100/aptx/cifar100__aptx__seed3__lr0p001__cfg451f3a25362f.pt,274.6334768310547,14.34,33.739999999999995,,,,,,,288.5466483398437,13.450000000000001,33.09,,,,,,,,,,,,,,
cifar100__aptx__seed4__lr0p001__cfg451f3a25362f,451f3a25362f,96b354dd2d4cd04c,2.12.1+cu130,0.27.1+cu130,1.9.0,2.5.2,0,4,2026-08-25T09:01:55.737449+00:00,ok,,cifar100,classification,aptx,APTx Neuron,aptx,0,none,0,1,1,0.5,0.5,4,2026,0.001,0.0001,0.0,100,100,99,20,0.0001,64,384,256,192,4039844,4039844,878.9479394629598,cuda,./results/lambda_psi_comparison/checkpoints/cifar100/aptx/cifar100__aptx__seed4__lr0p001__cfg451f3a25362f.pt,291.42398974609375,14.38,33.28,,,,,,,305.38150224609376,14.04,32.58,,,,,,,,,,,,,,
cifar100__aptx__seed0__lr0p002__cfg451f3a25362f,451f3a25362f,96b354dd2d4cd04c,2.12.1+cu130,0.27.1+cu130,1.9.0,2.5.2,0,4,2026-08-25T09:06:17.914888+00:00,ok,,cifar100,classification,aptx,APTx Neuron,aptx,0,none,0,1,1,0.5,0.5,0,2026,0.002,0.0001,0.0,100,30,10,20,0.0001,64,384,256,192,4039844,4039844,258.1887701670639,cuda,./results/lambda_psi_comparison/checkpoints/cifar100/aptx/cifar100__aptx__seed0__lr0p002__cfg451f3a25362f.pt,22301.134184375,9.48,25.119999999999997,,,,,,,22558.90555,8.86,25.169999999999998,,,,,,,,,,,,,,
cifar100__aptx__seed1__lr0p002__cfg451f3a25362f,451f3a25362f,96b354dd2d4cd04c,2.12.1+cu130,0.27.1+cu130,1.9.0,2.5.2,0,4,2026-08-25T09:12:00.354495+00:00,ok,,cifar100,classification,aptx,APTx Neuron,aptx,0,none,0,1,1,0.5,0.5,1,2026,0.002,0.0001,0.0,100,39,19,20,0.0001,64,384,256,192,4039844,4039844,338.41734798508696,cuda,./results/lambda_psi_comparison/checkpoints/cifar100/aptx/cifar100__aptx__seed1__lr0p002__cfg451f3a25362f.pt,5238.98501171875,8.959999999999999,23.7,,,,,,,5427.18554375,8.72,23.29,,,,,,,,,,,,,,
cifar100__aptx__seed2__lr0p002__cfg451f3a25362f,451f3a25362f,96b354dd2d4cd04c,2.12.1+cu130,0.27.1+cu130,1.9.0,2.5.2,0,4,2026-08-25T09:21:20.963784+00:00,ok,,cifar100,classification,aptx,APTx Neuron,aptx,0,none,0,1,1,0.5,0.5,2,2026,0.002,0.0001,0.0,100,60,40,20,0.0001,64,384,256,192,4039844,4039844,556.3930067310575,cuda,./results/lambda_psi_comparison/checkpoints/cifar100/aptx/cifar100__aptx__seed2__lr0p002__cfg451f3a25362f.pt,908.0362086914063,9.42,23.3,,,,,,,935.7395390625,8.48,22.15,,,,,,,,,,,,,,
cifar100__aptx__seed3__lr0p002__cfg451f3a25362f,451f3a25362f,96b354dd2d4cd04c,2.12.1+cu130,0.27.1+cu130,1.9.0,2.5.2,0,4,2026-08-25T09:26:37.186775+00:00,ok,,cifar100,classification,aptx,APTx Neuron,aptx,0,none,0,1,1,0.5,0.5,3,2026,0.002,0.0001,0.0,100,33,13,20,0.0001,64,384,256,192,4039844,4039844,311.4748970968649,cuda,./results/lambda_psi_comparison/checkpoints/cifar100/aptx/cifar100__aptx__seed3__lr0p002__cfg451f3a25362f.pt,11180.1041609375,9.06,23.54,,,,,,,11408.6238359375,8.81,22.58,,,,,,,,,,,,,,
cifar100__aptx__seed4__lr0p002__cfg451f3a25362f,451f3a25362f,96b354dd2d4cd04c,2.12.1+cu130,0.27.1+cu130,1.9.0,2.5.2,0,4,2026-08-25T09:31:24.516670+00:00,ok,,cifar100,classification,aptx,APTx Neuron,aptx,0,none,0,1,1,0.5,0.5,4,2026,0.002,0.0001,0.0,100,30,10,20,0.0001,64,384,256,192,4039844,4039844,282.55958060803823,cuda,./results/lambda_psi_comparison/checkpoints/cifar100/aptx/cifar100__aptx__seed4__lr0p002__cfg451f3a25362f.pt,21809.671390625,9.34,25.22,,,,,,,22389.9824125,8.59,24.45,,,,,,,,,,,,,,
cifar100__aptx__seed0__lr0p003__cfg451f3a25362f,451f3a25362f,96b354dd2d4cd04c,2.12.1+cu130,0.27.1+cu130,1.9.0,2.5.2,0,4,2026-08-25T09:36:03.050775+00:00,ok,,cifar100,classification,aptx,APTx Neuron,aptx,0,none,0,1,1,0.5,0.5,0,2026,0.003,0.0001,0.0,100,29,9,20,0.0001,64,384,256,192,4039844,4039844,273.62107046786696,cuda,./results/lambda_psi_comparison/checkpoints/cifar100/aptx/cifar100__aptx__seed0__lr0p003__cfg451f3a25362f.pt,12445.0100375,9.04,24.02,,,,,,,13014.4267125,8.49,23.630000000000003,,,,,,,,,,,,,,
cifar100__aptx__seed1__lr0p003__cfg451f3a25362f,451f3a25362f,96b354dd2d4cd04c,2.12.1+cu130,0.27.1+cu130,1.9.0,2.5.2,0,4,2026-08-25T09:40:31.483395+00:00,ok,,cifar100,classification,aptx,APTx Neuron,aptx,0,none,0,1,1,0.5,0.5,1,2026,0.003,0.0001,0.0,100,28,8,20,0.0001,64,384,256,192,4039844,4039844,263.81484437710606,cuda,./results/lambda_psi_comparison/checkpoints/cifar100/aptx/cifar100__aptx__seed1__lr0p003__cfg451f3a25362f.pt,18158.737553125,8.62,23.62,,,,,,,18625.934478125,8.15,23.189999999999998,,,,,,,,,,,,,,
cifar100__aptx__seed2__lr0p003__cfg451f3a25362f,451f3a25362f,96b354dd2d4cd04c,2.12.1+cu130,0.27.1+cu130,1.9.0,2.5.2,0,4,2026-08-25T09:44:20.050365+00:00,ok,,cifar100,classification,aptx,APTx Neuron,aptx,0,none,0,1,1,0.5,0.5,2,2026,0.003,0.0001,0.0,100,26,6,20,0.0001,64,384,256,192,4039844,4039844,224.54688177001663,cuda,./results/lambda_psi_comparison/checkpoints/cifar100/aptx/cifar100__aptx__seed2__lr0p003__cfg451f3a25362f.pt,38733.066659375,8.36,22.64,,,,,,,40133.9660375,7.24,21.73,,,,,,,,,,,,,,
cifar100__aptx__seed3__lr0p003__cfg451f3a25362f,451f3a25362f,96b354dd2d4cd04c,2.12.1+cu130,0.27.1+cu130,1.9.0,2.5.2,0,4,2026-08-25T09:48:25.411398+00:00,ok,,cifar100,classification,aptx,APTx Neuron,aptx,0,none,0,1,1,0.5,0.5,3,2026,0.003,0.0001,0.0,100,28,8,20,0.0001,64,384,256,192,4039844,4039844,241.39083822001703,cuda,./results/lambda_psi_comparison/checkpoints/cifar100/aptx/cifar100__aptx__seed3__lr0p003__cfg451f3a25362f.pt,18258.1172140625,8.3,22.82,,,,,,,18631.513384375,8.4,22.869999999999997,,,,,,,,,,,,,,
cifar100__aptx__seed4__lr0p003__cfg451f3a25362f,451f3a25362f,96b354dd2d4cd04c,2.12.1+cu130,0.27.1+cu130,1.9.0,2.5.2,0,4,2026-08-25T09:52:46.785045+00:00,ok,,cifar100,classification,aptx,APTx Neuron,aptx,0,none,0,1,1,0.5,0.5,4,2026,0.003,0.0001,0.0,100,30,10,20,0.0001,64,384,256,192,4039844,4039844,257.33447750797495,cuda,./results/lambda_psi_comparison/checkpoints/cifar100/aptx/cifar100__aptx__seed4__lr0p003__cfg451f3a25362f.pt,10970.84170234375,7.920000000000001,21.52,,,,,,,11224.0864234375,7.28,21.51,,,,,,,,,,,,,,
cifar100__aptx_relu__seed0__lr0p0003__cfg5788e07d002b,5788e07d002b,96b354dd2d4cd04c,2.12.1+cu130,0.27.1+cu130,1.9.0,2.5.2,0,4,2026-08-25T09:56:02.027408+00:00,ok,,cifar100,classification,aptx_relu,APTx Neuron + ReLU,aptx,0,after_neuron,0,1,1,0.5,0.5,0,2026,0.0003,0.0001,0.0,100,22,2,20,0.0001,64,384,256,192,4039844,4039844,191.23252185503952,cuda,./results/lambda_psi_comparison/checkpoints/cifar100/aptx_relu/cifar100__aptx_relu__seed0__lr0p0003__cfg5788e07d002b.pt,495.5400725830078,1.0999999999999999,4.9799999999999995,,,,,,,411.353596648407,1.04,5.0,,,,,,,,,,,,,,
cifar100__aptx_relu__seed1__lr0p0003__cfg5788e07d002b,5788e07d002b,96b354dd2d4cd04c,2.12.1+cu130,0.27.1+cu130,1.9.0,2.5.2,0,4,2026-08-25T09:59:07.671280+00:00,ok,,cifar100,classification,aptx_relu,APTx Neuron + ReLU,aptx,0,after_neuron,0,1,1,0.5,0.5,1,2026,0.0003,0.0001,0.0,100,21,1,20,0.0001,64,384,256,192,4039844,4039844,181.65703786793165,cuda,./results/lambda_psi_comparison/checkpoints/cifar100/aptx_relu/cifar100__aptx_relu__seed1__lr0p0003__cfg5788e07d002b.pt,1869.027105078125,0.9199999999999999,5.16,,,,,,,1685.302226953125,0.9299999999999999,4.84,,,,,,,,,,,,,,
cifar100__aptx_relu__seed2__lr0p0003__cfg5788e07d002b,5788e07d002b,96b354dd2d4cd04c,2.12.1+cu130,0.27.1+cu130,1.9.0,2.5.2,0,4,2026-08-25T10:02:22.939085+00:00,ok,,cifar100,classification,aptx_relu,APTx Neuron + ReLU,aptx,0,after_neuron,0,1,1,0.5,0.5,2,2026,0.0003,0.0001,0.0,100,22,2,20,0.0001,64,384,256,192,4039844,4039844,191.26617167214863,cuda,./results/lambda_psi_comparison/checkpoints/cifar100/aptx_relu/cifar100__aptx_relu__seed2__lr0p0003__cfg5788e07d002b.pt,325.80598104934694,0.98,5.0200000000000005,,,,,,,294.7267473144531,0.9900000000000001,4.91,,,,,,,,,,,,,,
cifar100__aptx_relu__seed3__lr0p0003__cfg5788e07d002b,5788e07d002b,96b354dd2d4cd04c,2.12.1+cu130,0.27.1+cu130,1.9.0,2.5.2,0,4,2026-08-25T10:05:32.070351+00:00,ok,,cifar100,classification,aptx_relu,APTx Neuron + ReLU,aptx,0,after_neuron,0,1,1,0.5,0.5,3,2026,0.0003,0.0001,0.0,100,21,1,20,0.0001,64,384,256,192,4039844,4039844,185.1414496160578,cuda,./results/lambda_psi_comparison/checkpoints/cifar100/aptx_relu/cifar100__aptx_relu__seed3__lr0p0003__cfg5788e07d002b.pt,2774.75448984375,1.16,4.72,,,,,,,2549.3584,0.98,4.9,,,,,,,,,,,,,,
cifar100__aptx_relu__seed4__lr0p0003__cfg5788e07d002b,5788e07d002b,96b354dd2d4cd04c,2.12.1+cu130,0.27.1+cu130,1.9.0,2.5.2,0,4,2026-08-25T10:08:38.679871+00:00,ok,,cifar100,classification,aptx_relu,APTx Neuron + ReLU,aptx,0,after_neuron,0,1,1,0.5,0.5,4,2026,0.0003,0.0001,0.0,100,21,1,20,0.0001,64,384,256,192,4039844,4039844,182.58731719013304,cuda,./results/lambda_psi_comparison/checkpoints/cifar100/aptx_relu/cifar100__aptx_relu__seed4__lr0p0003__cfg5788e07d002b.pt,1466.454555078125,1.08,4.9399999999999995,,,,,,,1488.668686328125,1.0,5.1,,,,,,,,,,,,,,
cifar100__aptx_relu__seed0__lr0p0005__cfg5788e07d002b,5788e07d002b,96b354dd2d4cd04c,2.12.1+cu130,0.27.1+cu130,1.9.0,2.5.2,0,4,2026-08-25T10:11:46.161462+00:00,ok,,cifar100,classification,aptx_relu,APTx Neuron + ReLU,aptx,0,after_neuron,0,1,1,0.5,0.5,0,2026,0.0005,0.0001,0.0,100,21,1,20,0.0001,64,384,256,192,4039844,4039844,183.37826658808626,cuda,./results/lambda_psi_comparison/checkpoints/cifar100/aptx_relu/cifar100__aptx_relu__seed0__lr0p0005__cfg5788e07d002b.pt,595.7150673118591,1.16,5.18,,,,,,,475.76543035964966,1.03,5.140000000000001,,,,,,,,,,,,,,
cifar100__aptx_relu__seed1__lr0p0005__cfg5788e07d002b,5788e07d002b,96b354dd2d4cd04c,2.12.1+cu130,0.27.1+cu130,1.9.0,2.5.2,0,4,2026-08-25T10:14:53.177996+00:00,ok,,cifar100,classification,aptx_relu,APTx Neuron + ReLU,aptx,0,after_neuron,0,1,1,0.5,0.5,1,2026,0.0005,0.0001,0.0,100,21,1,20,0.0001,64,384,256,192,4039844,4039844,183.02512920298614,cuda,./results/lambda_psi_comparison/checkpoints/cifar100/aptx_relu/cifar100__aptx_relu__seed1__lr0p0005__cfg5788e07d002b.pt,466.2006207168579,1.08,4.68,,,,,,,450.63402912597655,1.0,4.9399999999999995,,,,,,,,,,,,,,
cifar100__aptx_relu__seed2__lr0p0005__cfg5788e07d002b,5788e07d002b,96b354dd2d4cd04c,2.12.1+cu130,0.27.1+cu130,1.9.0,2.5.2,0,4,2026-08-25T10:18:07.524576+00:00,ok,,cifar100,classification,aptx_relu,APTx Neuron + ReLU,aptx,0,after_neuron,0,1,1,0.5,0.5,2,2026,0.0005,0.0001,0.0,100,22,2,20,0.0001,64,384,256,192,4039844,4039844,190.28799379896373,cuda,./results/lambda_psi_comparison/checkpoints/cifar100/aptx_relu/cifar100__aptx_relu__seed2__lr0p0005__cfg5788e07d002b.pt,147.2866113632202,1.06,4.9399999999999995,,,,,,,161.238284286499,0.96,5.06,,,,,,,,,,,,,,
cifar100__aptx_relu__seed3__lr0p0005__cfg5788e07d002b,5788e07d002b,96b354dd2d4cd04c,2.12.1+cu130,0.27.1+cu130,1.9.0,2.5.2,0,4,2026-08-25T10:21:15.197670+00:00,ok,,cifar100,classification,aptx_relu,APTx Neuron + ReLU,aptx,0,after_neuron,0,1,1,0.5,0.5,3,2026,0.0005,0.0001,0.0,100,21,1,20,0.0001,64,384,256,192,4039844,4039844,183.62977236602455,cuda,./results/lambda_psi_comparison/checkpoints/cifar100/aptx_relu/cifar100__aptx_relu__seed3__lr0p0005__cfg5788e07d002b.pt,546.2345901229859,1.2,4.66,,,,,,,546.0953398406982,1.01,5.0,,,,,,,,,,,,,,
cifar100__aptx_relu__seed4__lr0p0005__cfg5788e07d002b,5788e07d002b,96b354dd2d4cd04c,2.12.1+cu130,0.27.1+cu130,1.9.0,2.5.2,0,4,2026-08-25T10:24:22.861523+00:00,ok,,cifar100,classification,aptx_relu,APTx Neuron + ReLU,aptx,0,after_neuron,0,1,1,0.5,0.5,4,2026,0.0005,0.0001,0.0,100,21,1,20,0.0001,64,384,256,192,4039844,4039844,183.61016756505705,cuda,./results/lambda_psi_comparison/checkpoints/cifar100/aptx_relu/cifar100__aptx_relu__seed4__lr0p0005__cfg5788e07d002b.pt,521.4766860595703,1.0,5.08,,,,,,,550.4719598999023,0.98,4.9799999999999995,,,,,,,,,,,,,,
cifar100__aptx_relu__seed0__lr0p001__cfg5788e07d002b,5788e07d002b,96b354dd2d4cd04c,2.12.1+cu130,0.27.1+cu130,1.9.0,2.5.2,0,4,2026-08-25T10:27:31.532470+00:00,ok,,cifar100,classification,aptx_relu,APTx Neuron + ReLU,aptx,0,after_neuron,0,1,1,0.5,0.5,0,2026,0.001,0.0001,0.0,100,21,1,20,0.0001,64,384,256,192,4039844,4039844,184.69597116392106,cuda,./results/lambda_psi_comparison/checkpoints/cifar100/aptx_relu/cifar100__aptx_relu__seed0__lr0p001__cfg5788e07d002b.pt,174.9074508918762,0.8999999999999999,4.84,,,,,,,128.72227175598144,0.9900000000000001,5.06,,,,,,,,,,,,,,
cifar100__aptx_relu__seed1__lr0p001__cfg5788e07d002b,5788e07d002b,96b354dd2d4cd04c,2.12.1+cu130,0.27.1+cu130,1.9.0,2.5.2,0,4,2026-08-25T10:30:36.585871+00:00,ok,,cifar100,classification,aptx_relu,APTx Neuron + ReLU,aptx,0,after_neuron,0,1,1,0.5,0.5,1,2026,0.001,0.0001,0.0,100,21,1,20,0.0001,64,384,256,192,4039844,4039844,181.05546167306602,cuda,./results/lambda_psi_comparison/checkpoints/cifar100/aptx_relu/cifar100__aptx_relu__seed1__lr0p001__cfg5788e07d002b.pt,195.28722912445068,0.9400000000000001,4.46,,,,,,,168.6357301422119,0.9900000000000001,4.9,,,,,,,,,,,,,,
cifar100__aptx_relu__seed2__lr0p001__cfg5788e07d002b,5788e07d002b,96b354dd2d4cd04c,2.12.1+cu130,0.27.1+cu130,1.9.0,2.5.2,0,4,2026-08-25T10:33:45.700056+00:00,ok,,cifar100,classification,aptx_relu,APTx Neuron + ReLU,aptx,0,after_neuron,0,1,1,0.5,0.5,2,2026,0.001,0.0001,0.0,100,21,1,20,0.0001,64,384,256,192,4039844,4039844,185.1061610330362,cuda,./results/lambda_psi_comparison/checkpoints/cifar100/aptx_relu/cifar100__aptx_relu__seed2__lr0p001__cfg5788e07d002b.pt,83.90444519805908,0.86,4.6,,,,,,,130.2649480163574,1.0,5.050000000000001,,,,,,,,,,,,,,
cifar100__aptx_relu__seed3__lr0p001__cfg5788e07d002b,5788e07d002b,96b354dd2d4cd04c,2.12.1+cu130,0.27.1+cu130,1.9.0,2.5.2,0,4,2026-08-25T10:37:44.218276+00:00,ok,,cifar100,classification,aptx_relu,APTx Neuron + ReLU,aptx,0,after_neuron,0,1,1,0.5,0.5,3,2026,0.001,0.0001,0.0,100,27,7,20,0.0001,64,384,256,192,4039844,4039844,234.51734572695568,cuda,./results/lambda_psi_comparison/checkpoints/cifar100/aptx_relu/cifar100__aptx_relu__seed3__lr0p001__cfg5788e07d002b.pt,36.43138488082886,0.84,4.0,,,,,,,29.043918119812012,1.0,4.97,,,,,,,,,,,,,,
cifar100__aptx_relu__seed4__lr0p001__cfg5788e07d002b,5788e07d002b,96b354dd2d4cd04c,2.12.1+cu130,0.27.1+cu130,1.9.0,2.5.2,0,4,2026-08-25T10:43:03.534497+00:00,ok,,cifar100,classification,aptx_relu,APTx Neuron + ReLU,aptx,0,after_neuron,0,1,1,0.5,0.5,4,2026,0.001,0.0001,0.0,100,36,16,20,0.0001,64,384,256,192,4039844,4039844,315.2622658549808,cuda,./results/lambda_psi_comparison/checkpoints/cifar100/aptx_relu/cifar100__aptx_relu__seed4__lr0p001__cfg5788e07d002b.pt,5.688062210083007,0.8,3.7800000000000002,,,,,,,7.398757765960694,1.0,5.0,,,,,,,,,,,,,,
cifar100__aptx_relu__seed0__lr0p002__cfg5788e07d002b,5788e07d002b,96b354dd2d4cd04c,2.12.1+cu130,0.27.1+cu130,1.9.0,2.5.2,0,4,2026-08-25T10:46:08.848459+00:00,ok,,cifar100,classification,aptx_relu,APTx Neuron + ReLU,aptx,0,after_neuron,0,1,1,0.5,0.5,0,2026,0.002,0.0001,0.0,100,21,1,20,0.0001,64,384,256,192,4039844,4039844,181.2557563961018,cuda,./results/lambda_psi_comparison/checkpoints/cifar100/aptx_relu/cifar100__aptx_relu__seed0__lr0p002__cfg5788e07d002b.pt,85.84493706054687,0.9400000000000001,4.68,,,,,,,64.84233724975586,1.02,5.029999999999999,,,,,,,,,,,,,,
cifar100__aptx_relu__seed1__lr0p002__cfg5788e07d002b,5788e07d002b,96b354dd2d4cd04c,2.12.1+cu130,0.27.1+cu130,1.9.0,2.5.2,0,4,2026-08-25T10:50:00.865770+00:00,ok,,cifar100,classification,aptx_relu,APTx Neuron + ReLU,aptx,0,after_neuron,0,1,1,0.5,0.5,1,2026,0.002,0.0001,0.0,100,26,6,20,0.0001,64,384,256,192,4039844,4039844,227.99474130291492,cuda,./results/lambda_psi_comparison/checkpoints/cifar100/aptx_relu/cifar100__aptx_relu__seed1__lr0p002__cfg5788e07d002b.pt,54.86910025558472,0.9199999999999999,4.1000000000000005,,,,,,,26.681136487579344,1.0,5.0,,,,,,,,,,,,,,
cifar100__aptx_relu__seed2__lr0p002__cfg5788e07d002b,5788e07d002b,96b354dd2d4cd04c,2.12.1+cu130,0.27.1+cu130,1.9.0,2.5.2,0,4,2026-08-25T10:53:08.231943+00:00,ok,,cifar100,classification,aptx_relu,APTx Neuron + ReLU,aptx,0,after_neuron,0,1,1,0.5,0.5,2,2026,0.002,0.0001,0.0,100,21,1,20,0.0001,64,384,256,192,4039844,4039844,183.27243553497829,cuda,./results/lambda_psi_comparison/checkpoints/cifar100/aptx_relu/cifar100__aptx_relu__seed2__lr0p002__cfg5788e07d002b.pt,96.13805321655273,1.04,4.82,,,,,,,106.67956443481445,0.98,4.96,,,,,,,,,,,,,,
cifar100__aptx_relu__seed3__lr0p002__cfg5788e07d002b,5788e07d002b,96b354dd2d4cd04c,2.12.1+cu130,0.27.1+cu130,1.9.0,2.5.2,0,4,2026-08-25T10:56:16.399393+00:00,ok,,cifar100,classification,aptx_relu,APTx Neuron + ReLU,aptx,0,after_neuron,0,1,1,0.5,0.5,3,2026,0.002,0.0001,0.0,100,21,1,20,0.0001,64,384,256,192,4039844,4039844,184.13847392005846,cuda,./results/lambda_psi_comparison/checkpoints/cifar100/aptx_relu/cifar100__aptx_relu__seed3__lr0p002__cfg5788e07d002b.pt,218.3821516395569,0.84,4.279999999999999,,,,,,,210.17450600280762,0.98,5.01,,,,,,,,,,,,,,
cifar100__aptx_relu__seed4__lr0p002__cfg5788e07d002b,5788e07d002b,96b354dd2d4cd04c,2.12.1+cu130,0.27.1+cu130,1.9.0,2.5.2,0,4,2026-08-25T11:00:06.064590+00:00,ok,,cifar100,classification,aptx_relu,APTx Neuron + ReLU,aptx,0,after_neuron,0,1,1,0.5,0.5,4,2026,0.002,0.0001,0.0,100,26,6,20,0.0001,64,384,256,192,4039844,4039844,225.68265708186664,cuda,./results/lambda_psi_comparison/checkpoints/cifar100/aptx_relu/cifar100__aptx_relu__seed4__lr0p002__cfg5788e07d002b.pt,6.37611926651001,0.84,4.0,,,,,,,11.714144555664063,1.0,4.99,,,,,,,,,,,,,,
cifar100__aptx_relu__seed0__lr0p003__cfg5788e07d002b,5788e07d002b,96b354dd2d4cd04c,2.12.1+cu130,0.27.1+cu130,1.9.0,2.5.2,0,4,2026-08-25T11:04:01.685273+00:00,ok,,cifar100,classification,aptx_relu,APTx Neuron + ReLU,aptx,0,after_neuron,0,1,1,0.5,0.5,0,2026,0.003,0.0001,0.0,100,27,7,20,0.0001,64,384,256,192,4039844,4039844,231.5253157671541,cuda,./results/lambda_psi_comparison/checkpoints/cifar100/aptx_relu/cifar100__aptx_relu__seed0__lr0p003__cfg5788e07d002b.pt,6.576673175048828,1.0,4.34,,,,,,,6.24601936340332,1.0,5.0,,,,,,,,,,,,,,
cifar100__aptx_relu__seed1__lr0p003__cfg5788e07d002b,5788e07d002b,96b354dd2d4cd04c,2.12.1+cu130,0.27.1+cu130,1.9.0,2.5.2,0,4,2026-08-25T11:07:08.116612+00:00,ok,,cifar100,classification,aptx_relu,APTx Neuron + ReLU,aptx,0,after_neuron,0,1,1,0.5,0.5,1,2026,0.003,0.0001,0.0,100,21,1,20,0.0001,64,384,256,192,4039844,4039844,182.44874730799347,cuda,./results/lambda_psi_comparison/checkpoints/cifar100/aptx_relu/cifar100__aptx_relu__seed1__lr0p003__cfg5788e07d002b.pt,68.0070897140503,1.06,4.24,,,,,,,56.56494680557251,1.02,5.06,,,,,,,,,,,,,,
cifar100__aptx_relu__seed2__lr0p003__cfg5788e07d002b,5788e07d002b,96b354dd2d4cd04c,2.12.1+cu130,0.27.1+cu130,1.9.0,2.5.2,0,4,2026-08-25T11:13:22.526128+00:00,ok,,cifar100,classification,aptx_relu,APTx Neuron + ReLU,aptx,0,after_neuron,0,1,1,0.5,0.5,2,2026,0.003,0.0001,0.0,100,43,23,20,0.0001,64,384,256,192,4039844,4039844,370.4451107138302,cuda,./results/lambda_psi_comparison/checkpoints/cifar100/aptx_relu/cifar100__aptx_relu__seed2__lr0p003__cfg5788e07d002b.pt,4.6075926071166995,1.06,4.34,,,,,,,4.605402772521972,1.0,5.0,,,,,,,,,,,,,,
cifar100__aptx_relu__seed3__lr0p003__cfg5788e07d002b,5788e07d002b,96b354dd2d4cd04c,2.12.1+cu130,0.27.1+cu130,1.9.0,2.5.2,0,4,2026-08-25T11:18:49.330028+00:00,ok,,cifar100,classification,aptx_relu,APTx Neuron + ReLU,aptx,0,after_neuron,0,1,1,0.5,0.5,3,2026,0.003,0.0001,0.0,100,37,17,20,0.0001,64,384,256,192,4039844,4039844,322.74368322012015,cuda,./results/lambda_psi_comparison/checkpoints/cifar100/aptx_relu/cifar100__aptx_relu__seed3__lr0p003__cfg5788e07d002b.pt,4.607336991882324,0.8999999999999999,4.16,,,,,,,4.605404335021973,1.0,5.0,,,,,,,,,,,,,,
cifar100__aptx_relu__seed4__lr0p003__cfg5788e07d002b,5788e07d002b,96b354dd2d4cd04c,2.12.1+cu130,0.27.1+cu130,1.9.0,2.5.2,0,4,2026-08-25T11:26:25.391933+00:00,ok,,cifar100,classification,aptx_relu,APTx Neuron + ReLU,aptx,0,after_neuron,0,1,1,0.5,0.5,4,2026,0.003,0.0001,0.0,100,52,32,20,0.0001,64,384,256,192,4039844,4039844,452.0559723780025,cuda,./results/lambda_psi_comparison/checkpoints/cifar100/aptx_relu/cifar100__aptx_relu__seed4__lr0p003__cfg5788e07d002b.pt,10.051520817565917,1.04,4.38,,,,,,,7.196677265930176,1.0,5.0,,,,,,,,,,,,,,
cifar100__aptx_field__seed0__lr0p0003__cfg95a9f79bda3a,95a9f79bda3a,96b354dd2d4cd04c,2.12.1+cu130,0.27.1+cu130,1.9.0,2.5.2,0,4,2026-08-25T11:44:37.984731+00:00,ok,,cifar100,classification,aptx_field,APTx Neuron + Lambda-Psi,aptx,1,none,1,1,1,0.5,0.5,0,2026,0.0003,0.0001,0.0,100,98,78,20,0.0001,64,384,256,192,4039852,4039852,1088.4822577410378,cuda,./results/lambda_psi_comparison/checkpoints/cifar100/aptx_field/cifar100__aptx_field__seed0__lr0p0003__cfg95a9f79bda3a.pt,3.121480228424072,25.419999999999998,53.18000000000001,,,,,,,3.1513529441833494,25.380000000000003,52.18000000000001,,,,,,,0.8264212608337402,0.80792236328125,0.8345820903778076,0.8122141361236572,0.8309506773948669,0.8116657733917236,0.7465390563011169,0.7500019669532776
cifar100__aptx_field__seed1__lr0p0003__cfg95a9f79bda3a,95a9f79bda3a,96b354dd2d4cd04c,2.12.1+cu130,0.27.1+cu130,1.9.0,2.5.2,0,4,2026-08-25T12:14:41.366977+00:00,ok,,cifar100,classification,aptx_field,APTx Neuron + Lambda-Psi,aptx,1,none,1,1,1,0.5,0.5,1,2026,0.0003,0.0001,0.0,100,100,88,20,0.0001,64,384,256,192,4039852,4039852,1799.2810964318924,cuda,./results/lambda_psi_comparison/checkpoints/cifar100/aptx_field/cifar100__aptx_field__seed1__lr0p0003__cfg95a9f79bda3a.pt,3.0879274467468263,25.96,53.52,,,,,,,3.1238240783691404,26.009999999999998,52.71,,,,,,,0.8232067823410034,0.8090110421180725,0.8284643292427063,0.8102725744247437,0.8327789306640625,0.8184627294540405,0.7468326687812805,0.7509648203849792
cifar100__aptx_field__seed2__lr0p0003__cfg95a9f79bda3a,95a9f79bda3a,96b354dd2d4cd04c,2.12.1+cu130,0.27.1+cu130,1.9.0,2.5.2,0,4,2026-08-25T12:35:04.113451+00:00,ok,,cifar100,classification,aptx_field,APTx Neuron + Lambda-Psi,aptx,1,none,1,1,1,0.5,0.5,2,2026,0.0003,0.0001,0.0,100,100,85,20,0.0001,64,384,256,192,4039852,4039852,1218.607019563904,cuda,./results/lambda_psi_comparison/checkpoints/cifar100/aptx_field/cifar100__aptx_field__seed2__lr0p0003__cfg95a9f79bda3a.pt,3.0898077812194824,25.8,53.2,,,,,,,3.1106074661254883,26.31,52.959999999999994,,,,,,,0.8212795853614807,0.8029177188873291,0.8309651613235474,0.8148294687271118,0.8285293579101562,0.8215129375457764,0.7466311454772949,0.7513984441757202
cifar100__aptx_field__seed3__lr0p0003__cfg95a9f79bda3a,95a9f79bda3a,96b354dd2d4cd04c,2.12.1+cu130,0.27.1+cu130,1.9.0,2.5.2,0,4,2026-08-25T12:51:02.203624+00:00,ok,,cifar100,classification,aptx_field,APTx Neuron + Lambda-Psi,aptx,1,none,1,1,1,0.5,0.5,3,2026,0.0003,0.0001,0.0,100,85,65,20,0.0001,64,384,256,192,4039852,4039852,954.0460771420039,cuda,./results/lambda_psi_comparison/checkpoints/cifar100/aptx_field/cifar100__aptx_field__seed3__lr0p0003__cfg95a9f79bda3a.pt,3.1233508167266844,25.259999999999998,52.080000000000005,,,,,,,3.151523429107666,24.91,52.11,,,,,,,0.8247658014297485,0.8086691498756409,0.8330384492874146,0.8185712695121765,0.8281285166740417,0.8106889724731445,0.7535321116447449,0.7567858695983887
cifar100__aptx_field__seed4__lr0p0003__cfg95a9f79bda3a,95a9f79bda3a,96b354dd2d4cd04c,2.12.1+cu130,0.27.1+cu130,1.9.0,2.5.2,0,4,2026-08-25T13:09:55.519377+00:00,ok,,cifar100,classification,aptx_field,APTx Neuron + Lambda-Psi,aptx,1,none,1,1,1,0.5,0.5,4,2026,0.0003,0.0001,0.0,100,100,90,20,0.0001,64,384,256,192,4039852,4039852,1129.2957843861077,cuda,./results/lambda_psi_comparison/checkpoints/cifar100/aptx_field/cifar100__aptx_field__seed4__lr0p0003__cfg95a9f79bda3a.pt,3.105283918762207,24.94,52.88,,,,,,,3.1303681713104248,25.7,52.76,,,,,,,0.8232191205024719,0.807411789894104,0.8321001529693604,0.8197298645973206,0.8288132548332214,0.8099721670150757,0.7515928149223328,0.7536370754241943
cifar100__aptx_field__seed0__lr0p0005__cfg95a9f79bda3a,95a9f79bda3a,96b354dd2d4cd04c,2.12.1+cu130,0.27.1+cu130,1.9.0,2.5.2,0,4,2026-08-25T13:28:29.458333+00:00,ok,,cifar100,classification,aptx_field,APTx Neuron + Lambda-Psi,aptx,1,none,1,1,1,0.5,0.5,0,2026,0.0005,0.0001,0.0,100,100,100,20,0.0001,64,384,256,192,4039852,4039852,1109.8670523851179,cuda,./results/lambda_psi_comparison/checkpoints/cifar100/aptx_field/cifar100__aptx_field__seed0__lr0p0005__cfg95a9f79bda3a.pt,2.970536054611206,28.660000000000004,56.2,,,,,,,3.0289311317443848,27.61,55.76,,,,,,,0.845142662525177,0.8088627457618713,0.8462004661560059,0.8127205967903137,0.838319718837738,0.8090084791183472,0.7269758582115173,0.7325475215911865
cifar100__aptx_field__seed1__lr0p0005__cfg95a9f79bda3a,95a9f79bda3a,96b354dd2d4cd04c,2.12.1+cu130,0.27.1+cu130,1.9.0,2.5.2,0,4,2026-08-25T13:46:57.928970+00:00,ok,,cifar100,classification,aptx_field,APTx Neuron + Lambda-Psi,aptx,1,none,1,1,1,0.5,0.5,1,2026,0.0005,0.0001,0.0,100,100,81,20,0.0001,64,384,256,192,4039852,4039852,1104.513104381971,cuda,./results/lambda_psi_comparison/checkpoints/cifar100/aptx_field/cifar100__aptx_field__seed1__lr0p0005__cfg95a9f79bda3a.pt,2.9632194004058836,28.299999999999997,56.99999999999999,,,,,,,3.010721098327637,28.199999999999996,55.85,,,,,,,0.8413587808609009,0.8092544078826904,0.839766800403595,0.8151987791061401,0.8463112115859985,0.8189190030097961,0.721329927444458,0.7275479435920715
cifar100__aptx_field__seed2__lr0p0005__cfg95a9f79bda3a,95a9f79bda3a,96b354dd2d4cd04c,2.12.1+cu130,0.27.1+cu130,1.9.0,2.5.2,0,4,2026-08-25T14:05:29.136901+00:00,ok,,cifar100,classification,aptx_field,APTx Neuron + Lambda-Psi,aptx,1,none,1,1,1,0.5,0.5,2,2026,0.0005,0.0001,0.0,100,100,84,20,0.0001,64,384,256,192,4039852,4039852,1107.1707623479888,cuda,./results/lambda_psi_comparison/checkpoints/cifar100/aptx_field/cifar100__aptx_field__seed2__lr0p0005__cfg95a9f79bda3a.pt,2.967372006225586,27.98,56.89999999999999,,,,,,,2.997968914794922,28.17,56.25,,,,,,,0.8400378823280334,0.8029366731643677,0.8462072610855103,0.8119198679924011,0.8392590880393982,0.8215951323509216,0.7217183113098145,0.72883141040802
cifar100__aptx_field__seed3__lr0p0005__cfg95a9f79bda3a,95a9f79bda3a,96b354dd2d4cd04c,2.12.1+cu130,0.27.1+cu130,1.9.0,2.5.2,0,4,2026-08-25T14:24:14.265891+00:00,ok,,cifar100,classification,aptx_field,APTx Neuron + Lambda-Psi,aptx,1,none,1,1,1,0.5,0.5,3,2026,0.0005,0.0001,0.0,100,100,95,20,0.0001,64,384,256,192,4039852,4039852,1121.1007519259583,cuda,./results/lambda_psi_comparison/checkpoints/cifar100/aptx_field/cifar100__aptx_field__seed3__lr0p0005__cfg95a9f79bda3a.pt,3.0027790733337403,27.58,56.44,,,,,,,3.0114394611358644,28.17,55.85,,,,,,,0.8411421179771423,0.8063116669654846,0.8452726006507874,0.8198897838592529,0.8389055132865906,0.8137384057044983,0.7236084342002869,0.7319469451904297
cifar100__aptx_field__seed4__lr0p0005__cfg95a9f79bda3a,95a9f79bda3a,96b354dd2d4cd04c,2.12.1+cu130,0.27.1+cu130,1.9.0,2.5.2,0,4,2026-08-25T14:42:45.559469+00:00,ok,,cifar100,classification,aptx_field,APTx Neuron + Lambda-Psi,aptx,1,none,1,1,1,0.5,0.5,4,2026,0.0005,0.0001,0.0,100,99,79,20,0.0001,64,384,256,192,4039852,4039852,1107.2109075360931,cuda,./results/lambda_psi_comparison/checkpoints/cifar100/aptx_field/cifar100__aptx_field__seed4__lr0p0005__cfg95a9f79bda3a.pt,2.969896514892578,27.96,56.8,,,,,,,3.0091065132141113,27.99,55.65,,,,,,,0.8400160074234009,0.8102125525474548,0.842330276966095,0.8202387690544128,0.8426376581192017,0.8098807334899902,0.7299037575721741,0.7325210571289062
cifar100__aptx_field__seed0__lr0p001__cfg95a9f79bda3a,95a9f79bda3a,96b354dd2d4cd04c,2.12.1+cu130,0.27.1+cu130,1.9.0,2.5.2,0,4,2026-08-25T15:01:44.912986+00:00,ok,,cifar100,classification,aptx_field,APTx Neuron + Lambda-Psi,aptx,1,none,1,1,1,0.5,0.5,0,2026,0.001,0.0001,0.0,100,100,82,20,0.0001,64,384,256,192,4039852,4039852,1135.3062437810004,cuda,./results/lambda_psi_comparison/checkpoints/cifar100/aptx_field/cifar100__aptx_field__seed0__lr0p001__cfg95a9f79bda3a.pt,2.907661520576477,30.0,59.06,,,,,,,2.948184794616699,30.18,58.41,,,,,,,0.8911802172660828,0.802436113357544,0.8723316192626953,0.805499792098999,0.8613190054893494,0.7976102232933044,0.683383584022522,0.6904754042625427
cifar100__aptx_field__seed1__lr0p001__cfg95a9f79bda3a,95a9f79bda3a,96b354dd2d4cd04c,2.12.1+cu130,0.27.1+cu130,1.9.0,2.5.2,0,4,2026-08-25T15:19:25.213964+00:00,ok,,cifar100,classification,aptx_field,APTx Neuron + Lambda-Psi,aptx,1,none,1,1,1,0.5,0.5,1,2026,0.001,0.0001,0.0,100,94,74,20,0.0001,64,384,256,192,4039852,4039852,1056.238085119985,cuda,./results/lambda_psi_comparison/checkpoints/cifar100/aptx_field/cifar100__aptx_field__seed1__lr0p001__cfg95a9f79bda3a.pt,2.880805257034302,30.28,59.18,,,,,,,2.9184343353271482,30.75,58.620000000000005,,,,,,,0.890722393989563,0.8012696504592896,0.8703188896179199,0.809343159198761,0.8652967214584351,0.792136549949646,0.6909559965133667,0.6940977573394775
cifar100__aptx_field__seed2__lr0p001__cfg95a9f79bda3a,95a9f79bda3a,96b354dd2d4cd04c,2.12.1+cu130,0.27.1+cu130,1.9.0,2.5.2,0,4,2026-08-25T15:38:11.292689+00:00,ok,,cifar100,classification,aptx_field,APTx Neuron + Lambda-Psi,aptx,1,none,1,1,1,0.5,0.5,2,2026,0.001,0.0001,0.0,100,100,80,20,0.0001,64,384,256,192,4039852,4039852,1122.0799084410537,cuda,./results/lambda_psi_comparison/checkpoints/cifar100/aptx_field/cifar100__aptx_field__seed2__lr0p001__cfg95a9f79bda3a.pt,2.9023601455688475,29.86,59.64,,,,,,,2.907051809692383,30.94,58.48,,,,,,,0.8851473927497864,0.8032826781272888,0.8715665936470032,0.807367742061615,0.8622972369194031,0.7999799847602844,0.680962085723877,0.6972787976264954
cifar100__aptx_field__seed3__lr0p001__cfg95a9f79bda3a,95a9f79bda3a,96b354dd2d4cd04c,2.12.1+cu130,0.27.1+cu130,1.9.0,2.5.2,0,4,2026-08-25T15:53:08.156013+00:00,ok,,cifar100,classification,aptx_field,APTx Neuron + Lambda-Psi,aptx,1,none,1,1,1,0.5,0.5,3,2026,0.001,0.0001,0.0,100,79,59,20,0.0001,64,384,256,192,4039852,4039852,892.8169857740868,cuda,./results/lambda_psi_comparison/checkpoints/cifar100/aptx_field/cifar100__aptx_field__seed3__lr0p001__cfg95a9f79bda3a.pt,2.905441799545288,29.4,58.68,,,,,,,2.9281567176818846,29.34,58.620000000000005,,,,,,,0.8895164728164673,0.7990077137947083,0.8731151223182678,0.8069198727607727,0.8678809404373169,0.7987962365150452,0.7056876420974731,0.7031863927841187
cifar100__aptx_field__seed4__lr0p001__cfg95a9f79bda3a,95a9f79bda3a,96b354dd2d4cd04c,2.12.1+cu130,0.27.1+cu130,1.9.0,2.5.2,0,4,2026-08-25T16:11:47.702267+00:00,ok,,cifar100,classification,aptx_field,APTx Neuron + Lambda-Psi,aptx,1,none,1,1,1,0.5,0.5,4,2026,0.001,0.0001,0.0,100,100,85,20,0.0001,64,384,256,192,4039852,4039852,1115.316355722025,cuda,./results/lambda_psi_comparison/checkpoints/cifar100/aptx_field/cifar100__aptx_field__seed4__lr0p001__cfg95a9f79bda3a.pt,2.8827543134689333,30.14,59.760000000000005,,,,,,,2.915486362075806,30.89,59.34,,,,,,,0.8893551826477051,0.8034902215003967,0.8705664873123169,0.8148785829544067,0.864830732345581,0.7894858717918396,0.6836232542991638,0.6851934194564819
cifar100__aptx_field__seed0__lr0p002__cfg95a9f79bda3a,95a9f79bda3a,96b354dd2d4cd04c,2.12.1+cu130,0.27.1+cu130,1.9.0,2.5.2,0,4,2026-08-25T16:30:41.199711+00:00,ok,,cifar100,classification,aptx_field,APTx Neuron + Lambda-Psi,aptx,1,none,1,1,1,0.5,0.5,0,2026,0.002,0.0001,0.0,100,100,86,20,0.0001,64,384,256,192,4039852,4039852,1129.4755507749505,cuda,./results/lambda_psi_comparison/checkpoints/cifar100/aptx_field/cifar100__aptx_field__seed0__lr0p002__cfg95a9f79bda3a.pt,2.9223540424346925,31.319999999999997,60.519999999999996,,,,,,,2.9392379928588865,31.97,60.419999999999995,,,,,,,0.9413730502128601,0.7803477048873901,0.9082576632499695,0.779371440410614,0.8903680443763733,0.7643365859985352,0.6636383533477783,0.6266087293624878
cifar100__aptx_field__seed1__lr0p002__cfg95a9f79bda3a,95a9f79bda3a,96b354dd2d4cd04c,2.12.1+cu130,0.27.1+cu130,1.9.0,2.5.2,0,4,2026-08-25T16:49:24.914099+00:00,ok,,cifar100,classification,aptx_field,APTx Neuron + Lambda-Psi,aptx,1,none,1,1,1,0.5,0.5,1,2026,0.002,0.0001,0.0,100,100,87,20,0.0001,64,384,256,192,4039852,4039852,1119.7315618309658,cuda,./results/lambda_psi_comparison/checkpoints/cifar100/aptx_field/cifar100__aptx_field__seed1__lr0p002__cfg95a9f79bda3a.pt,2.9109132919311524,32.16,60.440000000000005,,,,,,,2.9516517002105713,32.019999999999996,60.23,,,,,,,0.9413016438484192,0.7881759405136108,0.9075921177864075,0.7758195400238037,0.8835679292678833,0.7761479616165161,0.6485140323638916,0.6352827548980713
cifar100__aptx_field__seed2__lr0p002__cfg95a9f79bda3a,95a9f79bda3a,96b354dd2d4cd04c,2.12.1+cu130,0.27.1+cu130,1.9.0,2.5.2,0,4,2026-08-25T17:07:59.753529+00:00,ok,,cifar100,classification,aptx_field,APTx Neuron + Lambda-Psi,aptx,1,none,1,1,1,0.5,0.5,2,2026,0.002,0.0001,0.0,100,100,80,20,0.0001,64,384,256,192,4039852,4039852,1110.8460381529294,cuda,./results/lambda_psi_comparison/checkpoints/cifar100/aptx_field/cifar100__aptx_field__seed2__lr0p002__cfg95a9f79bda3a.pt,2.931339776420593,31.14,60.22,,,,,,,2.9247419891357422,32.45,60.67,,,,,,,0.9388449788093567,0.791930079460144,0.9077932834625244,0.7836757898330688,0.8894933462142944,0.7682705521583557,0.6506519317626953,0.6308207511901855
cifar100__aptx_field__seed3__lr0p002__cfg95a9f79bda3a,95a9f79bda3a,96b354dd2d4cd04c,2.12.1+cu130,0.27.1+cu130,1.9.0,2.5.2,0,4,2026-08-25T17:25:02.593933+00:00,ok,,cifar100,classification,aptx_field,APTx Neuron + Lambda-Psi,aptx,1,none,1,1,1,0.5,0.5,3,2026,0.002,0.0001,0.0,100,91,71,20,0.0001,64,384,256,192,4039852,4039852,1018.8628501510248,cuda,./results/lambda_psi_comparison/checkpoints/cifar100/aptx_field/cifar100__aptx_field__seed3__lr0p002__cfg95a9f79bda3a.pt,2.8687741176605224,31.840000000000003,60.3,,,,,,,2.8864812004089355,31.72,60.67,,,,,,,0.9418472647666931,0.7830838561058044,0.9113680720329285,0.7666831016540527,0.8981083035469055,0.7682744264602661,0.6873289346694946,0.6169546842575073
cifar100__aptx_field__seed4__lr0p002__cfg95a9f79bda3a,95a9f79bda3a,96b354dd2d4cd04c,2.12.1+cu130,0.27.1+cu130,1.9.0,2.5.2,0,4,2026-08-25T17:38:11.555937+00:00,ok,,cifar100,classification,aptx_field,APTx Neuron + Lambda-Psi,aptx,1,none,1,1,1,0.5,0.5,4,2026,0.002,0.0001,0.0,100,71,51,20,0.0001,64,384,256,192,4039852,4039852,784.9476161620114,cuda,./results/lambda_psi_comparison/checkpoints/cifar100/aptx_field/cifar100__aptx_field__seed4__lr0p002__cfg95a9f79bda3a.pt,2.8762713550567627,31.16,58.96,,,,,,,2.8980230415344237,30.570000000000004,59.57,,,,,,,0.9364655017852783,0.7812734246253967,0.9134860038757324,0.7815513610839844,0.9030364155769348,0.7717015147209167,0.7135327458381653,0.647743821144104
cifar100__aptx_field__seed0__lr0p003__cfg95a9f79bda3a,95a9f79bda3a,96b354dd2d4cd04c,2.12.1+cu130,0.27.1+cu130,1.9.0,2.5.2,0,4,2026-08-25T17:56:40.977987+00:00,ok,,cifar100,classification,aptx_field,APTx Neuron + Lambda-Psi,aptx,1,none,1,1,1,0.5,0.5,0,2026,0.003,0.0001,0.0,100,99,79,20,0.0001,64,384,256,192,4039852,4039852,1105.395000291057,cuda,./results/lambda_psi_comparison/checkpoints/cifar100/aptx_field/cifar100__aptx_field__seed0__lr0p003__cfg95a9f79bda3a.pt,2.9389261596679686,32.56,59.88,,,,,,,2.9644344284057618,31.96,61.040000000000006,,,,,,,0.9643279910087585,0.7515052556991577,0.9322093725204468,0.756493091583252,0.9031481742858887,0.7708424925804138,0.7239542007446289,0.5004552006721497
cifar100__aptx_field__seed1__lr0p003__cfg95a9f79bda3a,95a9f79bda3a,96b354dd2d4cd04c,2.12.1+cu130,0.27.1+cu130,1.9.0,2.5.2,0,4,2026-08-25T18:14:54.243095+00:00,ok,,cifar100,classification,aptx_field,APTx Neuron + Lambda-Psi,aptx,1,none,1,1,1,0.5,0.5,1,2026,0.003,0.0001,0.0,100,98,78,20,0.0001,64,384,256,192,4039852,4039852,1089.2543255430646,cuda,./results/lambda_psi_comparison/checkpoints/cifar100/aptx_field/cifar100__aptx_field__seed1__lr0p003__cfg95a9f79bda3a.pt,2.893853394126892,32.24,60.9,,,,,,,2.9554303730010987,32.34,60.6,,,,,,,0.9624428749084473,0.7541909217834473,0.9287749528884888,0.7649161219596863,0.9060580730438232,0.7710147500038147,0.729682445526123,0.5081357359886169
cifar100__aptx_field__seed2__lr0p003__cfg95a9f79bda3a,95a9f79bda3a,96b354dd2d4cd04c,2.12.1+cu130,0.27.1+cu130,1.9.0,2.5.2,0,4,2026-08-25T18:33:40.431360+00:00,ok,,cifar100,classification,aptx_field,APTx Neuron + Lambda-Psi,aptx,1,none,1,1,1,0.5,0.5,2,2026,0.003,0.0001,0.0,100,100,83,20,0.0001,64,384,256,192,4039852,4039852,1121.983631561976,cuda,./results/lambda_psi_comparison/checkpoints/cifar100/aptx_field/cifar100__aptx_field__seed2__lr0p003__cfg95a9f79bda3a.pt,2.9843418006896973,31.36,59.919999999999995,,,,,,,2.9948357357025146,32.18,60.36,,,,,,,0.9646350145339966,0.7376932501792908,0.9295991659164429,0.767176628112793,0.9102606177330017,0.7586752772331238,0.7085288763046265,0.5124216079711914
cifar100__aptx_field__seed3__lr0p003__cfg95a9f79bda3a,95a9f79bda3a,96b354dd2d4cd04c,2.12.1+cu130,0.27.1+cu130,1.9.0,2.5.2,0,4,2026-08-25T18:52:31.296942+00:00,ok,,cifar100,classification,aptx_field,APTx Neuron + Lambda-Psi,aptx,1,none,1,1,1,0.5,0.5,3,2026,0.003,0.0001,0.0,100,100,83,20,0.0001,64,384,256,192,4039852,4039852,1126.6782164468896,cuda,./results/lambda_psi_comparison/checkpoints/cifar100/aptx_field/cifar100__aptx_field__seed3__lr0p003__cfg95a9f79bda3a.pt,2.9651570293426515,31.7,60.919999999999995,,,,,,,2.963281034088135,32.64,60.940000000000005,,,,,,,0.9608256220817566,0.7691870927810669,0.9282064437866211,0.7565402388572693,0.9004103541374207,0.7767502665519714,0.7336273789405823,0.4753241539001465
cifar100__aptx_field__seed4__lr0p003__cfg95a9f79bda3a,95a9f79bda3a,96b354dd2d4cd04c,2.12.1+cu130,0.27.1+cu130,1.9.0,2.5.2,0,4,2026-08-25T19:11:39.296521+00:00,ok,,cifar100,classification,aptx_field,APTx Neuron + Lambda-Psi,aptx,1,none,1,1,1,0.5,0.5,4,2026,0.003,0.0001,0.0,100,100,87,20,0.0001,64,384,256,192,4039852,4039852,1143.9269739880692,cuda,./results/lambda_psi_comparison/checkpoints/cifar100/aptx_field/cifar100__aptx_field__seed4__lr0p003__cfg95a9f79bda3a.pt,2.9750063873291017,32.34,60.81999999999999,,,,,,,2.96047032661438,32.51,60.92999999999999,,,,,,,0.9620358347892761,0.7765083909034729,0.9247784614562988,0.7664833068847656,0.8952693939208984,0.7819749116897583,0.6960376501083374,0.5241468548774719
cifar100__aptx_field_relu__seed0__lr0p0003__cfg203634884fc8,203634884fc8,96b354dd2d4cd04c,2.12.1+cu130,0.27.1+cu130,1.9.0,2.5.2,0,4,2026-08-25T19:15:31.442187+00:00,ok,,cifar100,classification,aptx_field_relu,APTx Neuron + Lambda-Psi + ReLU,aptx,1,after_field,1,1,1,0.5,0.5,0,2026,0.0003,0.0001,0.0,100,21,1,20,0.0001,64,384,256,192,4039852,4039852,228.17092325305566,cuda,./results/lambda_psi_comparison/checkpoints/cifar100/aptx_field_relu/cifar100__aptx_field_relu__seed0__lr0p0003__cfg203634884fc8.pt,4.990733197021484,0.96,4.859999999999999,,,,,,,4.871137324523926,1.03,5.029999999999999,,,,,,,0.5170155167579651,0.5151317715644836,0.5170129537582397,0.5134339332580566,0.517063558101654,0.5280421376228333,0.5171766877174377,0.5172252058982849
cifar100__aptx_field_relu__seed1__lr0p0003__cfg203634884fc8,203634884fc8,96b354dd2d4cd04c,2.12.1+cu130,0.27.1+cu130,1.9.0,2.5.2,0,4,2026-08-25T19:19:28.338861+00:00,ok,,cifar100,classification,aptx_field_relu,APTx Neuron + Lambda-Psi + ReLU,aptx,1,after_field,1,1,1,0.5,0.5,1,2026,0.0003,0.0001,0.0,100,21,1,20,0.0001,64,384,256,192,4039852,4039852,232.7781234330032,cuda,./results/lambda_psi_comparison/checkpoints/cifar100/aptx_field_relu/cifar100__aptx_field_relu__seed1__lr0p0003__cfg203634884fc8.pt,4.923691781616211,0.86,4.84,,,,,,,4.9727778823852535,1.01,4.99,,,,,,,0.5144578814506531,0.5122241377830505,0.5143736600875854,0.5101928114891052,0.5146586298942566,0.524718165397644,0.5147444009780884,0.514783501625061
cifar100__aptx_field_relu__seed2__lr0p0003__cfg203634884fc8,203634884fc8,96b354dd2d4cd04c,2.12.1+cu130,0.27.1+cu130,1.9.0,2.5.2,0,4,2026-08-25T19:23:28.600566+00:00,ok,,cifar100,classification,aptx_field_relu,APTx Neuron + Lambda-Psi + ReLU,aptx,1,after_field,1,1,1,0.5,0.5,2,2026,0.0003,0.0001,0.0,100,21,1,20,0.0001,64,384,256,192,4039852,4039852,236.15932644414715,cuda,./results/lambda_psi_comparison/checkpoints/cifar100/aptx_field_relu/cifar100__aptx_field_relu__seed2__lr0p0003__cfg203634884fc8.pt,4.990960906982422,0.9400000000000001,4.5,,,,,,,4.92035958480835,1.0,4.97,,,,,,,0.5130934715270996,0.5114114284515381,0.5129103660583496,0.5095944404602051,0.513145923614502,0.5231471657752991,0.5132010579109192,0.5132355690002441
cifar100__aptx_field_relu__seed3__lr0p0003__cfg203634884fc8,203634884fc8,96b354dd2d4cd04c,2.12.1+cu130,0.27.1+cu130,1.9.0,2.5.2,0,4,2026-08-25T19:27:28.993720+00:00,ok,,cifar100,classification,aptx_field_relu,APTx Neuron + Lambda-Psi + ReLU,aptx,1,after_field,1,1,1,0.5,0.5,3,2026,0.0003,0.0001,0.0,100,21,1,20,0.0001,64,384,256,192,4039852,4039852,236.3513868348673,cuda,./results/lambda_psi_comparison/checkpoints/cifar100/aptx_field_relu/cifar100__aptx_field_relu__seed3__lr0p0003__cfg203634884fc8.pt,5.267855713653565,0.98,4.74,,,,,,,5.253443713378906,1.01,5.06,,,,,,,0.5236480236053467,0.5186042785644531,0.5236404538154602,0.5384652018547058,0.5195930600166321,0.5273205637931824,0.5245819091796875,0.5250688195228577
cifar100__aptx_field_relu__seed4__lr0p0003__cfg203634884fc8,203634884fc8,96b354dd2d4cd04c,2.12.1+cu130,0.27.1+cu130,1.9.0,2.5.2,0,4,2026-08-25T19:31:30.641218+00:00,ok,,cifar100,classification,aptx_field_relu,APTx Neuron + Lambda-Psi + ReLU,aptx,1,after_field,1,1,1,0.5,0.5,4,2026,0.0003,0.0001,0.0,100,21,1,20,0.0001,64,384,256,192,4039852,4039852,237.5714434289839,cuda,./results/lambda_psi_comparison/checkpoints/cifar100/aptx_field_relu/cifar100__aptx_field_relu__seed4__lr0p0003__cfg203634884fc8.pt,4.865497471618652,0.98,4.82,,,,,,,4.946652140045166,0.9900000000000001,5.0200000000000005,,,,,,,0.5120255351066589,0.5100749731063843,0.5119378566741943,0.5096807479858398,0.5120853781700134,0.5208649635314941,0.5121471285820007,0.512176513671875
cifar100__aptx_field_relu__seed0__lr0p0005__cfg203634884fc8,203634884fc8,96b354dd2d4cd04c,2.12.1+cu130,0.27.1+cu130,1.9.0,2.5.2,0,4,2026-08-25T19:35:32.272003+00:00,ok,,cifar100,classification,aptx_field_relu,APTx Neuron + Lambda-Psi + ReLU,aptx,1,after_field,1,1,1,0.5,0.5,0,2026,0.0005,0.0001,0.0,100,21,1,20,0.0001,64,384,256,192,4039852,4039852,237.57863434194587,cuda,./results/lambda_psi_comparison/checkpoints/cifar100/aptx_field_relu/cifar100__aptx_field_relu__seed0__lr0p0005__cfg203634884fc8.pt,4.7582943359375,0.9199999999999999,4.58,,,,,,,4.677400042724609,1.0,5.06,,,,,,,0.5212426781654358,0.5188090801239014,0.5212507843971252,0.5162885785102844,0.5212777256965637,0.533233642578125,0.5214678645133972,0.5215626955032349
cifar100__aptx_field_relu__seed1__lr0p0005__cfg203634884fc8,203634884fc8,96b354dd2d4cd04c,2.12.1+cu130,0.27.1+cu130,1.9.0,2.5.2,0,4,2026-08-25T19:39:33.048744+00:00,ok,,cifar100,classification,aptx_field_relu,APTx Neuron + Lambda-Psi + ReLU,aptx,1,after_field,1,1,1,0.5,0.5,1,2026,0.0005,0.0001,0.0,100,21,1,20,0.0001,64,384,256,192,4039852,4039852,236.7963387670461,cuda,./results/lambda_psi_comparison/checkpoints/cifar100/aptx_field_relu/cifar100__aptx_field_relu__seed1__lr0p0005__cfg203634884fc8.pt,4.723292498016358,0.84,4.24,,,,,,,4.7377298568725585,1.0,4.95,,,,,,,0.5157724022865295,0.5133994817733765,0.5157071352005005,0.5114473104476929,0.5159199833869934,0.5264907479286194,0.5160427689552307,0.5161042809486389
cifar100__aptx_field_relu__seed2__lr0p0005__cfg203634884fc8,203634884fc8,96b354dd2d4cd04c,2.12.1+cu130,0.27.1+cu130,1.9.0,2.5.2,0,4,2026-08-25T19:43:33.982764+00:00,ok,,cifar100,classification,aptx_field_relu,APTx Neuron + Lambda-Psi + ReLU,aptx,1,after_field,1,1,1,0.5,0.5,2,2026,0.0005,0.0001,0.0,100,21,1,20,0.0001,64,384,256,192,4039852,4039852,236.87647395883687,cuda,./results/lambda_psi_comparison/checkpoints/cifar100/aptx_field_relu/cifar100__aptx_field_relu__seed2__lr0p0005__cfg203634884fc8.pt,5.0097902938842775,1.06,4.78,,,,,,,4.937201497650147,1.02,5.07,,,,,,,0.5148306488990784,0.513065755367279,0.5147348046302795,0.5111821889877319,0.5149213671684265,0.5251699090003967,0.5150120258331299,0.5150781869888306
cifar100__aptx_field_relu__seed3__lr0p0005__cfg203634884fc8,203634884fc8,96b354dd2d4cd04c,2.12.1+cu130,0.27.1+cu130,1.9.0,2.5.2,0,4,2026-08-25T19:47:26.572649+00:00,ok,,cifar100,classification,aptx_field_relu,APTx Neuron + Lambda-Psi + ReLU,aptx,1,after_field,1,1,1,0.5,0.5,3,2026,0.0005,0.0001,0.0,100,21,1,20,0.0001,64,384,256,192,4039852,4039852,228.53987523610704,cuda,./results/lambda_psi_comparison/checkpoints/cifar100/aptx_field_relu/cifar100__aptx_field_relu__seed3__lr0p0005__cfg203634884fc8.pt,4.741249073791504,0.8,4.66,,,,,,,4.74861334991455,1.03,5.08,,,,,,,0.527156412601471,0.5249744653701782,0.5273875594139099,0.523009181022644,0.5274052023887634,0.5393130779266357,0.5276865363121033,0.5278112888336182
cifar100__aptx_field_relu__seed4__lr0p0005__cfg203634884fc8,203634884fc8,96b354dd2d4cd04c,2.12.1+cu130,0.27.1+cu130,1.9.0,2.5.2,0,4,2026-08-25T19:51:34.488439+00:00,ok,,cifar100,classification,aptx_field_relu,APTx Neuron + Lambda-Psi + ReLU,aptx,1,after_field,1,1,1,0.5,0.5,4,2026,0.0005,0.0001,0.0,100,21,1,20,0.0001,64,384,256,192,4039852,4039852,243.8889438980259,cuda,./results/lambda_psi_comparison/checkpoints/cifar100/aptx_field_relu/cifar100__aptx_field_relu__seed4__lr0p0005__cfg203634884fc8.pt,4.679787915802002,0.96,4.22,,,,,,,4.755681752777099,1.01,5.0,,,,,,,0.5138087868690491,0.5119156241416931,0.5138291716575623,0.5111772418022156,0.5139347314834595,0.5232256054878235,0.5140172243118286,0.514063835144043
cifar100__aptx_field_relu__seed0__lr0p001__cfg203634884fc8,203634884fc8,96b354dd2d4cd04c,2.12.1+cu130,0.27.1+cu130,1.9.0,2.5.2,0,4,2026-08-25T19:55:36.251413+00:00,ok,,cifar100,classification,aptx_field_relu,APTx Neuron + Lambda-Psi + ReLU,aptx,1,after_field,1,1,1,0.5,0.5,0,2026,0.001,0.0001,0.0,100,21,1,20,0.0001,64,384,256,192,4039852,4039852,237.68570120586082,cuda,./results/lambda_psi_comparison/checkpoints/cifar100/aptx_field_relu/cifar100__aptx_field_relu__seed0__lr0p001__cfg203634884fc8.pt,4.629100180053711,0.9400000000000001,4.88,,,,,,,4.62773639831543,1.0,5.01,,,,,,,0.5292671918869019,0.5258790850639343,0.5292911529541016,0.5226041674613953,0.529152512550354,0.5423895120620728,0.5296421051025391,0.5299236178398132
cifar100__aptx_field_relu__seed1__lr0p001__cfg203634884fc8,203634884fc8,96b354dd2d4cd04c,2.12.1+cu130,0.27.1+cu130,1.9.0,2.5.2,0,4,2026-08-25T19:59:34.465724+00:00,ok,,cifar100,classification,aptx_field_relu,APTx Neuron + Lambda-Psi + ReLU,aptx,1,after_field,1,1,1,0.5,0.5,1,2026,0.001,0.0001,0.0,100,21,1,20,0.0001,64,384,256,192,4039852,4039852,234.1652451849077,cuda,./results/lambda_psi_comparison/checkpoints/cifar100/aptx_field_relu/cifar100__aptx_field_relu__seed1__lr0p001__cfg203634884fc8.pt,4.6749378662109375,0.86,4.36,,,,,,,4.670308339691162,1.0,4.9799999999999995,,,,,,,0.5187512636184692,0.5143599510192871,0.518543541431427,0.5130243897438049,0.5186760425567627,0.5291234850883484,0.5189439654350281,0.5191091895103455
cifar100__aptx_field_relu__seed2__lr0p001__cfg203634884fc8,203634884fc8,96b354dd2d4cd04c,2.12.1+cu130,0.27.1+cu130,1.9.0,2.5.2,0,4,2026-08-25T20:03:39.531415+00:00,ok,,cifar100,classification,aptx_field_relu,APTx Neuron + Lambda-Psi + ReLU,aptx,1,after_field,1,1,1,0.5,0.5,2,2026,0.001,0.0001,0.0,100,21,1,20,0.0001,64,384,256,192,4039852,4039852,241.06549583002925,cuda,./results/lambda_psi_comparison/checkpoints/cifar100/aptx_field_relu/cifar100__aptx_field_relu__seed2__lr0p001__cfg203634884fc8.pt,4.635219847869873,0.76,4.14,,,,,,,4.6335122055053715,1.0,5.0,,,,,,,0.5180825591087341,0.51507568359375,0.5181121230125427,0.5122950077056885,0.5182737112045288,0.5295129418373108,0.5185332298278809,0.5187172293663025
cifar100__aptx_field_relu__seed3__lr0p001__cfg203634884fc8,203634884fc8,96b354dd2d4cd04c,2.12.1+cu130,0.27.1+cu130,1.9.0,2.5.2,0,4,2026-08-25T20:08:07.186002+00:00,ok,,cifar100,classification,aptx_field_relu,APTx Neuron + Lambda-Psi + ReLU,aptx,1,after_field,1,1,1,0.5,0.5,3,2026,0.001,0.0001,0.0,100,23,3,20,0.0001,64,384,256,192,4039852,4039852,263.6373990911525,cuda,./results/lambda_psi_comparison/checkpoints/cifar100/aptx_field_relu/cifar100__aptx_field_relu__seed3__lr0p001__cfg203634884fc8.pt,4.615942971801758,0.8200000000000001,4.34,,,,,,,4.625924993896485,1.0,5.01,,,,,,,0.5300032496452332,0.5217689871788025,0.5297319889068604,0.55021733045578,0.5021089911460876,0.5476661324501038,0.538215696811676,0.5440216660499573
cifar100__aptx_field_relu__seed4__lr0p001__cfg203634884fc8,203634884fc8,96b354dd2d4cd04c,2.12.1+cu130,0.27.1+cu130,1.9.0,2.5.2,0,4,2026-08-25T20:12:10.278803+00:00,ok,,cifar100,classification,aptx_field_relu,APTx Neuron + Lambda-Psi + ReLU,aptx,1,after_field,1,1,1,0.5,0.5,4,2026,0.001,0.0001,0.0,100,21,1,20,0.0001,64,384,256,192,4039852,4039852,239.09178375802003,cuda,./results/lambda_psi_comparison/checkpoints/cifar100/aptx_field_relu/cifar100__aptx_field_relu__seed4__lr0p001__cfg203634884fc8.pt,4.621447414398193,0.8,4.04,,,,,,,4.636053497314453,1.0,5.0,,,,,,,0.5169592499732971,0.5161188840866089,0.5169929265975952,0.5133415460586548,0.5170186758041382,0.5267602801322937,0.5172451138496399,0.5173903107643127
cifar100__aptx_field_relu__seed0__lr0p002__cfg203634884fc8,203634884fc8,96b354dd2d4cd04c,2.12.1+cu130,0.27.1+cu130,1.9.0,2.5.2,0,4,2026-08-25T20:16:06.449712+00:00,ok,,cifar100,classification,aptx_field_relu,APTx Neuron + Lambda-Psi + ReLU,aptx,1,after_field,1,1,1,0.5,0.5,0,2026,0.002,0.0001,0.0,100,21,1,20,0.0001,64,384,256,192,4039852,4039852,232.12929562409408,cuda,./results/lambda_psi_comparison/checkpoints/cifar100/aptx_field_relu/cifar100__aptx_field_relu__seed0__lr0p002__cfg203634884fc8.pt,4.612415625,0.86,4.72,,,,,,,4.6095921875,1.0,4.99,,,,,,,0.5365845561027527,0.5333803296089172,0.5367398858070374,0.5279644727706909,0.5366133451461792,0.5491238236427307,0.5375641584396362,0.5382876396179199
cifar100__aptx_field_relu__seed1__lr0p002__cfg203634884fc8,203634884fc8,96b354dd2d4cd04c,2.12.1+cu130,0.27.1+cu130,1.9.0,2.5.2,0,4,2026-08-25T20:20:02.697224+00:00,ok,,cifar100,classification,aptx_field_relu,APTx Neuron + Lambda-Psi + ReLU,aptx,1,after_field,1,1,1,0.5,0.5,1,2026,0.002,0.0001,0.0,100,21,1,20,0.0001,64,384,256,192,4039852,4039852,232.2020823948551,cuda,./results/lambda_psi_comparison/checkpoints/cifar100/aptx_field_relu/cifar100__aptx_field_relu__seed1__lr0p002__cfg203634884fc8.pt,4.607702185058594,0.86,4.06,,,,,,,4.6184117752075196,1.0,4.9799999999999995,,,,,,,0.5240636467933655,0.520472526550293,0.5240591764450073,0.5163371562957764,0.5241693258285522,0.5345641374588013,0.5250999927520752,0.5257399082183838
cifar100__aptx_field_relu__seed2__lr0p002__cfg203634884fc8,203634884fc8,96b354dd2d4cd04c,2.12.1+cu130,0.27.1+cu130,1.9.0,2.5.2,0,4,2026-08-25T20:24:04.620007+00:00,ok,,cifar100,classification,aptx_field_relu,APTx Neuron + Lambda-Psi + ReLU,aptx,1,after_field,1,1,1,0.5,0.5,2,2026,0.002,0.0001,0.0,100,21,1,20,0.0001,64,384,256,192,4039852,4039852,237.8621773540508,cuda,./results/lambda_psi_comparison/checkpoints/cifar100/aptx_field_relu/cifar100__aptx_field_relu__seed2__lr0p002__cfg203634884fc8.pt,4.621292192077637,0.8,4.26,,,,,,,4.61616848526001,1.0,5.01,,,,,,,0.524122953414917,0.5230429172515869,0.5239735245704651,0.5167787075042725,0.5239591002464294,0.5339944362640381,0.5248134136199951,0.5254262685775757
cifar100__aptx_field_relu__seed3__lr0p002__cfg203634884fc8,203634884fc8,96b354dd2d4cd04c,2.12.1+cu130,0.27.1+cu130,1.9.0,2.5.2,0,4,2026-08-25T20:28:04.480487+00:00,ok,,cifar100,classification,aptx_field_relu,APTx Neuron + Lambda-Psi + ReLU,aptx,1,after_field,1,1,1,0.5,0.5,3,2026,0.002,0.0001,0.0,100,21,1,20,0.0001,64,384,256,192,4039852,4039852,235.76633714605123,cuda,./results/lambda_psi_comparison/checkpoints/cifar100/aptx_field_relu/cifar100__aptx_field_relu__seed3__lr0p002__cfg203634884fc8.pt,4.721004145812988,0.8,4.6,,,,,,,4.700174224090576,1.01,5.01,,,,,,,0.537554144859314,0.5249280333518982,0.5372410416603088,0.5564115643501282,0.5121951699256897,0.5520358085632324,0.5428693294525146,0.5467114448547363
cifar100__aptx_field_relu__seed4__lr0p002__cfg203634884fc8,203634884fc8,96b354dd2d4cd04c,2.12.1+cu130,0.27.1+cu130,1.9.0,2.5.2,0,4,2026-08-25T20:32:00.750571+00:00,ok,,cifar100,classification,aptx_field_relu,APTx Neuron + Lambda-Psi + ReLU,aptx,1,after_field,1,1,1,0.5,0.5,4,2026,0.002,0.0001,0.0,100,21,1,20,0.0001,64,384,256,192,4039852,4039852,232.14146872400306,cuda,./results/lambda_psi_comparison/checkpoints/cifar100/aptx_field_relu/cifar100__aptx_field_relu__seed4__lr0p002__cfg203634884fc8.pt,4.607009037017822,0.76,4.14,,,,,,,4.606109169006348,1.0,4.99,,,,,,,0.522279679775238,0.5192877650260925,0.5223067402839661,0.5169395804405212,0.5222658514976501,0.5322420597076416,0.5231793522834778,0.5238054990768433
cifar100__aptx_field_relu__seed0__lr0p003__cfg203634884fc8,203634884fc8,96b354dd2d4cd04c,2.12.1+cu130,0.27.1+cu130,1.9.0,2.5.2,0,4,2026-08-25T20:36:01.116858+00:00,ok,,cifar100,classification,aptx_field_relu,APTx Neuron + Lambda-Psi + ReLU,aptx,1,after_field,1,1,1,0.5,0.5,0,2026,0.003,0.0001,0.0,100,21,1,20,0.0001,64,384,256,192,4039852,4039852,236.29526841291226,cuda,./results/lambda_psi_comparison/checkpoints/cifar100/aptx_field_relu/cifar100__aptx_field_relu__seed0__lr0p003__cfg203634884fc8.pt,4.6191634216308595,0.86,4.22,,,,,,,4.613401196289063,1.0,4.99,,,,,,,0.5439820885658264,0.5384042263031006,0.5439382791519165,0.5325286984443665,0.543656051158905,0.5571409463882446,0.5458430051803589,0.5473204851150513
cifar100__aptx_field_relu__seed1__lr0p003__cfg203634884fc8,203634884fc8,96b354dd2d4cd04c,2.12.1+cu130,0.27.1+cu130,1.9.0,2.5.2,0,4,2026-08-25T20:40:03.524900+00:00,ok,,cifar100,classification,aptx_field_relu,APTx Neuron + Lambda-Psi + ReLU,aptx,1,after_field,1,1,1,0.5,0.5,1,2026,0.003,0.0001,0.0,100,21,1,20,0.0001,64,384,256,192,4039852,4039852,238.36163082299754,cuda,./results/lambda_psi_comparison/checkpoints/cifar100/aptx_field_relu/cifar100__aptx_field_relu__seed1__lr0p003__cfg203634884fc8.pt,4.608785051727295,0.76,3.9,,,,,,,4.612275950622559,1.0,4.99,,,,,,,0.5297088027000427,0.5255467295646667,0.5294244885444641,0.5187324285507202,0.529269278049469,0.5397899746894836,0.5313429832458496,0.5327756404876709
cifar100__aptx_field_relu__seed2__lr0p003__cfg203634884fc8,203634884fc8,96b354dd2d4cd04c,2.12.1+cu130,0.27.1+cu130,1.9.0,2.5.2,0,4,2026-08-25T20:44:07.281864+00:00,ok,,cifar100,classification,aptx_field_relu,APTx Neuron + Lambda-Psi + ReLU,aptx,1,after_field,1,1,1,0.5,0.5,2,2026,0.003,0.0001,0.0,100,21,1,20,0.0001,64,384,256,192,4039852,4039852,239.71971245715395,cuda,./results/lambda_psi_comparison/checkpoints/cifar100/aptx_field_relu/cifar100__aptx_field_relu__seed2__lr0p003__cfg203634884fc8.pt,4.611889040374756,0.8200000000000001,4.24,,,,,,,4.6143062240600585,1.0,5.0,,,,,,,0.5296397805213928,0.5256198644638062,0.5295477509498596,0.5179061889648438,0.5293474197387695,0.5405691266059875,0.5312352776527405,0.5325767397880554
cifar100__aptx_field_relu__seed3__lr0p003__cfg203634884fc8,203634884fc8,96b354dd2d4cd04c,2.12.1+cu130,0.27.1+cu130,1.9.0,2.5.2,0,4,2026-08-25T20:48:01.205244+00:00,ok,,cifar100,classification,aptx_field_relu,APTx Neuron + Lambda-Psi + ReLU,aptx,1,after_field,1,1,1,0.5,0.5,3,2026,0.003,0.0001,0.0,100,21,1,20,0.0001,64,384,256,192,4039852,4039852,229.87698432710022,cuda,./results/lambda_psi_comparison/checkpoints/cifar100/aptx_field_relu/cifar100__aptx_field_relu__seed3__lr0p003__cfg203634884fc8.pt,4.607462329864502,0.8,4.5,,,,,,,4.6117995094299316,1.01,5.01,,,,,,,0.5351101756095886,0.5220600366592407,0.5342477560043335,0.5525184273719788,0.47297677397727966,0.5701046586036682,0.5477485656738281,0.5571060180664062
cifar100__aptx_field_relu__seed4__lr0p003__cfg203634884fc8,203634884fc8,96b354dd2d4cd04c,2.12.1+cu130,0.27.1+cu130,1.9.0,2.5.2,0,4,2026-08-25T20:52:03.014641+00:00,ok,,cifar100,classification,aptx_field_relu,APTx Neuron + Lambda-Psi + ReLU,aptx,1,after_field,1,1,1,0.5,0.5,4,2026,0.003,0.0001,0.0,100,21,1,20,0.0001,64,384,256,192,4039852,4039852,237.7735853830818,cuda,./results/lambda_psi_comparison/checkpoints/cifar100/aptx_field_relu/cifar100__aptx_field_relu__seed4__lr0p003__cfg203634884fc8.pt,4.606080278015137,0.76,3.8600000000000003,,,,,,,4.60787512588501,1.0,5.0,,,,,,,0.5261852145195007,0.5184835195541382,0.5261101126670837,0.5202839374542236,0.5259986519813538,0.5359319448471069,0.5281502604484558,0.5296511054039001
cifar100__aptx_relu_field__seed0__lr0p0003__cfg4809c0be52c8,4809c0be52c8,96b354dd2d4cd04c,2.12.1+cu130,0.27.1+cu130,1.9.0,2.5.2,0,4,2026-08-25T20:56:00.157332+00:00,ok,,cifar100,classification,aptx_relu_field,APTx Neuron + ReLU + Lambda-Psi,aptx,1,before_field,1,1,1,0.5,0.5,0,2026,0.0003,0.0001,0.0,100,21,1,20,0.0001,64,384,256,192,4039852,4039852,233.04492371203378,cuda,./results/lambda_psi_comparison/checkpoints/cifar100/aptx_relu_field/cifar100__aptx_relu_field__seed0__lr0p0003__cfg4809c0be52c8.pt,4.960480230712891,1.0999999999999999,4.760000000000001,,,,,,,4.944999652099609,1.0,4.9399999999999995,,,,,,,0.5268756151199341,0.5356811285018921,0.5269699692726135,0.5395463705062866,0.5243099331855774,0.5329351425170898,0.5286023616790771,0.5296503901481628
cifar100__aptx_relu_field__seed1__lr0p0003__cfg4809c0be52c8,4809c0be52c8,96b354dd2d4cd04c,2.12.1+cu130,0.27.1+cu130,1.9.0,2.5.2,0,4,2026-08-25T21:00:26.286979+00:00,ok,,cifar100,classification,aptx_relu_field,APTx Neuron + ReLU + Lambda-Psi,aptx,1,before_field,1,1,1,0.5,0.5,1,2026,0.0003,0.0001,0.0,100,23,3,20,0.0001,64,384,256,192,4039852,4039852,262.04867943609133,cuda,./results/lambda_psi_comparison/checkpoints/cifar100/aptx_relu_field/cifar100__aptx_relu_field__seed1__lr0p0003__cfg4809c0be52c8.pt,4.660107869720459,0.9199999999999999,4.38,,,,,,,4.674701191711426,1.0,4.99,,,,,,,0.5219790935516357,0.5324662327766418,0.5217328667640686,0.5365800261497498,0.5154609084129333,0.5332764983177185,0.526413083076477,0.5287333726882935
cifar100__aptx_relu_field__seed2__lr0p0003__cfg4809c0be52c8,4809c0be52c8,96b354dd2d4cd04c,2.12.1+cu130,0.27.1+cu130,1.9.0,2.5.2,0,4,2026-08-25T21:04:23.611008+00:00,ok,,cifar100,classification,aptx_relu_field,APTx Neuron + ReLU + Lambda-Psi,aptx,1,before_field,1,1,1,0.5,0.5,2,2026,0.0003,0.0001,0.0,100,21,1,20,0.0001,64,384,256,192,4039852,4039852,233.28053386183456,cuda,./results/lambda_psi_comparison/checkpoints/cifar100/aptx_relu_field/cifar100__aptx_relu_field__seed2__lr0p0003__cfg4809c0be52c8.pt,5.047859000396729,1.06,4.760000000000001,,,,,,,5.0112267639160155,1.02,5.08,,,,,,,0.5215935111045837,0.5308787822723389,0.5213696360588074,0.5336073040962219,0.5179338455200195,0.5302926898002625,0.5237148404121399,0.5250216126441956
cifar100__aptx_relu_field__seed3__lr0p0003__cfg4809c0be52c8,4809c0be52c8,96b354dd2d4cd04c,2.12.1+cu130,0.27.1+cu130,1.9.0,2.5.2,0,4,2026-08-25T21:08:25.554150+00:00,ok,,cifar100,classification,aptx_relu_field,APTx Neuron + ReLU + Lambda-Psi,aptx,1,before_field,1,1,1,0.5,0.5,3,2026,0.0003,0.0001,0.0,100,21,1,20,0.0001,64,384,256,192,4039852,4039852,237.95148765295744,cuda,./results/lambda_psi_comparison/checkpoints/cifar100/aptx_relu_field/cifar100__aptx_relu_field__seed3__lr0p0003__cfg4809c0be52c8.pt,6.27356169052124,1.06,4.9,,,,,,,6.233879531860351,1.0999999999999999,5.21,,,,,,,0.535483181476593,0.5513418912887573,0.5344142317771912,0.541755199432373,0.5343279838562012,0.540412425994873,0.5359535217285156,0.5366552472114563
cifar100__aptx_relu_field__seed4__lr0p0003__cfg4809c0be52c8,4809c0be52c8,96b354dd2d4cd04c,2.12.1+cu130,0.27.1+cu130,1.9.0,2.5.2,0,4,2026-08-25T21:12:28.078207+00:00,ok,,cifar100,classification,aptx_relu_field,APTx Neuron + ReLU + Lambda-Psi,aptx,1,before_field,1,1,1,0.5,0.5,4,2026,0.0003,0.0001,0.0,100,21,1,20,0.0001,64,384,256,192,4039852,4039852,238.48803300387226,cuda,./results/lambda_psi_comparison/checkpoints/cifar100/aptx_relu_field/cifar100__aptx_relu_field__seed4__lr0p0003__cfg4809c0be52c8.pt,5.009553140258789,1.08,4.7,,,,,,,5.0601940444946285,1.0,4.96,,,,,,,0.5170978307723999,0.5261468291282654,0.5171002745628357,0.5273616909980774,0.5116643905639648,0.5271697044372559,0.5211685299873352,0.5232216119766235
cifar100__aptx_relu_field__seed0__lr0p0005__cfg4809c0be52c8,4809c0be52c8,96b354dd2d4cd04c,2.12.1+cu130,0.27.1+cu130,1.9.0,2.5.2,0,4,2026-08-25T21:16:59.477684+00:00,ok,,cifar100,classification,aptx_relu_field,APTx Neuron + ReLU + Lambda-Psi,aptx,1,before_field,1,1,1,0.5,0.5,0,2026,0.0005,0.0001,0.0,100,24,4,20,0.0001,64,384,256,192,4039852,4039852,267.3611186761409,cuda,./results/lambda_psi_comparison/checkpoints/cifar100/aptx_relu_field/cifar100__aptx_relu_field__seed0__lr0p0005__cfg4809c0be52c8.pt,4.621746187591553,1.04,4.5600000000000005,,,,,,,4.617799999237061,0.98,5.0,,,,,,,0.5300815105438232,0.542603611946106,0.5302335619926453,0.546890377998352,0.5178875923156738,0.5477064251899719,0.5381482839584351,0.5435311198234558
cifar100__aptx_relu_field__seed1__lr0p0005__cfg4809c0be52c8,4809c0be52c8,96b354dd2d4cd04c,2.12.1+cu130,0.27.1+cu130,1.9.0,2.5.2,0,4,2026-08-25T21:21:51.867667+00:00,ok,,cifar100,classification,aptx_relu_field,APTx Neuron + ReLU + Lambda-Psi,aptx,1,before_field,1,1,1,0.5,0.5,1,2026,0.0005,0.0001,0.0,100,26,6,20,0.0001,64,384,256,192,4039852,4039852,288.33634570706636,cuda,./results/lambda_psi_comparison/checkpoints/cifar100/aptx_relu_field/cifar100__aptx_relu_field__seed1__lr0p0005__cfg4809c0be52c8.pt,4.613925328826904,0.9199999999999999,4.4799999999999995,,,,,,,4.615236166381836,1.0,5.0,,,,,,,0.5247518420219421,0.538475751876831,0.5247744917869568,0.5461016893386841,0.4981072247028351,0.5616481304168701,0.5436658263206482,0.5542142987251282
cifar100__aptx_relu_field__seed2__lr0p0005__cfg4809c0be52c8,4809c0be52c8,96b354dd2d4cd04c,2.12.1+cu130,0.27.1+cu130,1.9.0,2.5.2,0,4,2026-08-25T21:26:35.396905+00:00,ok,,cifar100,classification,aptx_relu_field,APTx Neuron + ReLU + Lambda-Psi,aptx,1,before_field,1,1,1,0.5,0.5,2,2026,0.0005,0.0001,0.0,100,25,5,20,0.0001,64,384,256,192,4039852,4039852,279.4288898841478,cuda,./results/lambda_psi_comparison/checkpoints/cifar100/aptx_relu_field/cifar100__aptx_relu_field__seed2__lr0p0005__cfg4809c0be52c8.pt,4.612120974731445,1.04,4.66,,,,,,,4.617217533111572,1.0,4.97,,,,,,,0.5245933532714844,0.5369277000427246,0.5242339968681335,0.5402480363845825,0.5050090551376343,0.5530107021331787,0.5366417169570923,0.5447028279304504
cifar100__aptx_relu_field__seed3__lr0p0005__cfg4809c0be52c8,4809c0be52c8,96b354dd2d4cd04c,2.12.1+cu130,0.27.1+cu130,1.9.0,2.5.2,0,4,2026-08-25T21:31:19.244298+00:00,ok,,cifar100,classification,aptx_relu_field,APTx Neuron + ReLU + Lambda-Psi,aptx,1,before_field,1,1,1,0.5,0.5,3,2026,0.0005,0.0001,0.0,100,24,4,20,0.0001,64,384,256,192,4039852,4039852,279.8838919738773,cuda,./results/lambda_psi_comparison/checkpoints/cifar100/aptx_relu_field/cifar100__aptx_relu_field__seed3__lr0p0005__cfg4809c0be52c8.pt,4.636749790191651,1.0,4.5,,,,,,,4.648002395629883,1.0,4.99,,,,,,,0.5441184639930725,0.5735395550727844,0.5384984612464905,0.552135705947876,0.535595715045929,0.5621940493583679,0.5515222549438477,0.5581095814704895
cifar100__aptx_relu_field__seed4__lr0p0005__cfg4809c0be52c8,4809c0be52c8,96b354dd2d4cd04c,2.12.1+cu130,0.27.1+cu130,1.9.0,2.5.2,0,4,2026-08-25T21:35:10.028247+00:00,ok,,cifar100,classification,aptx_relu_field,APTx Neuron + ReLU + Lambda-Psi,aptx,1,before_field,1,1,1,0.5,0.5,4,2026,0.0005,0.0001,0.0,100,21,1,20,0.0001,64,384,256,192,4039852,4039852,226.78393213800155,cuda,./results/lambda_psi_comparison/checkpoints/cifar100/aptx_relu_field/cifar100__aptx_relu_field__seed4__lr0p0005__cfg4809c0be52c8.pt,4.759402288818359,1.06,4.44,,,,,,,4.723828694915771,1.0,5.0200000000000005,,,,,,,0.5190969109535217,0.528773844242096,0.5191376209259033,0.5299508571624756,0.5127277970314026,0.5302568078041077,0.5238629579544067,0.5263784527778625
cifar100__aptx_relu_field__seed0__lr0p001__cfg4809c0be52c8,4809c0be52c8,96b354dd2d4cd04c,2.12.1+cu130,0.27.1+cu130,1.9.0,2.5.2,0,4,2026-08-25T21:39:28.497436+00:00,ok,,cifar100,classification,aptx_relu_field,APTx Neuron + ReLU + Lambda-Psi,aptx,1,before_field,1,1,1,0.5,0.5,0,2026,0.001,0.0001,0.0,100,23,3,20,0.0001,64,384,256,192,4039852,4039852,254.40308564086445,cuda,./results/lambda_psi_comparison/checkpoints/cifar100/aptx_relu_field/cifar100__aptx_relu_field__seed0__lr0p001__cfg4809c0be52c8.pt,4.614839926147461,1.08,4.82,,,,,,,4.615530613708496,1.0,5.0,,,,,,,0.5349916219711304,0.5450379252433777,0.535298228263855,0.5498308539390564,0.508142352104187,0.5707538723945618,0.5531797409057617,0.5653365254402161
cifar100__aptx_relu_field__seed1__lr0p001__cfg4809c0be52c8,4809c0be52c8,96b354dd2d4cd04c,2.12.1+cu130,0.27.1+cu130,1.9.0,2.5.2,0,4,2026-08-25T21:43:28.520041+00:00,ok,,cifar100,classification,aptx_relu_field,APTx Neuron + ReLU + Lambda-Psi,aptx,1,before_field,1,1,1,0.5,0.5,1,2026,0.001,0.0001,0.0,100,21,1,20,0.0001,64,384,256,192,4039852,4039852,235.95510793081485,cuda,./results/lambda_psi_comparison/checkpoints/cifar100/aptx_relu_field/cifar100__aptx_relu_field__seed1__lr0p001__cfg4809c0be52c8.pt,4.6653640182495115,1.1199999999999999,5.06,,,,,,,4.662821507263184,1.01,4.9799999999999995,,,,,,,0.5288340449333191,0.537939190864563,0.52874356508255,0.5428438186645508,0.5202803015708923,0.5422074198722839,0.5347365736961365,0.5378690361976624
cifar100__aptx_relu_field__seed2__lr0p001__cfg4809c0be52c8,4809c0be52c8,96b354dd2d4cd04c,2.12.1+cu130,0.27.1+cu130,1.9.0,2.5.2,0,4,2026-08-25T21:47:36.100592+00:00,ok,,cifar100,classification,aptx_relu_field,APTx Neuron + ReLU + Lambda-Psi,aptx,1,before_field,1,1,1,0.5,0.5,2,2026,0.001,0.0001,0.0,100,22,2,20,0.0001,64,384,256,192,4039852,4039852,243.55976585298777,cuda,./results/lambda_psi_comparison/checkpoints/cifar100/aptx_relu_field/cifar100__aptx_relu_field__seed2__lr0p001__cfg4809c0be52c8.pt,4.625740309906006,1.1199999999999999,4.92,,,,,,,4.6252952003479,1.0,4.97,,,,,,,0.5296838283538818,0.5414544939994812,0.5291447043418884,0.5455872416496277,0.5129238367080688,0.5530800223350525,0.5396652817726135,0.5464941263198853
cifar100__aptx_relu_field__seed3__lr0p001__cfg4809c0be52c8,4809c0be52c8,96b354dd2d4cd04c,2.12.1+cu130,0.27.1+cu130,1.9.0,2.5.2,0,4,2026-08-25T21:52:22.576146+00:00,ok,,cifar100,classification,aptx_relu_field,APTx Neuron + ReLU + Lambda-Psi,aptx,1,before_field,1,1,1,0.5,0.5,3,2026,0.001,0.0001,0.0,100,25,5,20,0.0001,64,384,256,192,4039852,4039852,282.48658714303747,cuda,./results/lambda_psi_comparison/checkpoints/cifar100/aptx_relu_field/cifar100__aptx_relu_field__seed3__lr0p001__cfg4809c0be52c8.pt,4.6081199478149415,0.96,4.54,,,,,,,4.606549224853516,1.0,5.0,,,,,,,0.548424482345581,0.5629249215126038,0.549096941947937,0.5743522047996521,0.49332448840141296,0.6171143651008606,0.581455409526825,0.6070882081985474
cifar100__aptx_relu_field__seed4__lr0p001__cfg4809c0be52c8,4809c0be52c8,96b354dd2d4cd04c,2.12.1+cu130,0.27.1+cu130,1.9.0,2.5.2,0,4,2026-08-25T21:56:36.554755+00:00,ok,,cifar100,classification,aptx_relu_field,APTx Neuron + ReLU + Lambda-Psi,aptx,1,before_field,1,1,1,0.5,0.5,4,2026,0.001,0.0001,0.0,100,22,2,20,0.0001,64,384,256,192,4039852,4039852,250.01254435488954,cuda,./results/lambda_psi_comparison/checkpoints/cifar100/aptx_relu_field/cifar100__aptx_relu_field__seed4__lr0p001__cfg4809c0be52c8.pt,4.6313651733398435,1.0999999999999999,4.72,,,,,,,4.635843359375,1.0,5.01,,,,,,,0.523862361907959,0.5351870656013489,0.5239877104759216,0.5375975966453552,0.502916157245636,0.5535498857498169,0.5381999611854553,0.547021210193634
cifar100__aptx_relu_field__seed0__lr0p002__cfg4809c0be52c8,4809c0be52c8,96b354dd2d4cd04c,2.12.1+cu130,0.27.1+cu130,1.9.0,2.5.2,0,4,2026-08-25T22:00:35.057759+00:00,ok,,cifar100,classification,aptx_relu_field,APTx Neuron + ReLU + Lambda-Psi,aptx,1,before_field,1,1,1,0.5,0.5,0,2026,0.002,0.0001,0.0,100,21,1,20,0.0001,64,384,256,192,4039852,4039852,234.49788030586205,cuda,./results/lambda_psi_comparison/checkpoints/cifar100/aptx_relu_field/cifar100__aptx_relu_field__seed0__lr0p002__cfg4809c0be52c8.pt,4.623544058990478,1.18,4.84,,,,,,,4.6163114654541015,1.0,5.01,,,,,,,0.5491933822631836,0.5600709319114685,0.5497884750366211,0.5683023929595947,0.5302029252052307,0.5754436254501343,0.5624882578849792,0.5713270902633667
cifar100__aptx_relu_field__seed1__lr0p002__cfg4809c0be52c8,4809c0be52c8,96b354dd2d4cd04c,2.12.1+cu130,0.27.1+cu130,1.9.0,2.5.2,0,4,2026-08-25T22:04:37.822387+00:00,ok,,cifar100,classification,aptx_relu_field,APTx Neuron + ReLU + Lambda-Psi,aptx,1,before_field,1,1,1,0.5,0.5,1,2026,0.002,0.0001,0.0,100,21,1,20,0.0001,64,384,256,192,4039852,4039852,238.73684394801967,cuda,./results/lambda_psi_comparison/checkpoints/cifar100/aptx_relu_field/cifar100__aptx_relu_field__seed1__lr0p002__cfg4809c0be52c8.pt,4.690288729095459,1.1400000000000001,4.9,,,,,,,4.663683949279785,1.0,5.01,,,,,,,0.5335906147956848,0.5427113175392151,0.5334134101867676,0.5476449728012085,0.5089756846427917,0.5683175921440125,0.5523951649665833,0.561887800693512
cifar100__aptx_relu_field__seed2__lr0p002__cfg4809c0be52c8,4809c0be52c8,96b354dd2d4cd04c,2.12.1+cu130,0.27.1+cu130,1.9.0,2.5.2,0,4,2026-08-25T22:08:46.879954+00:00,ok,,cifar100,classification,aptx_relu_field,APTx Neuron + ReLU + Lambda-Psi,aptx,1,before_field,1,1,1,0.5,0.5,2,2026,0.002,0.0001,0.0,100,22,2,20,0.0001,64,384,256,192,4039852,4039852,245.06139342905954,cuda,./results/lambda_psi_comparison/checkpoints/cifar100/aptx_relu_field/cifar100__aptx_relu_field__seed2__lr0p002__cfg4809c0be52c8.pt,4.625320774841309,1.02,4.96,,,,,,,4.625223075866699,0.9900000000000001,5.01,,,,,,,0.5373084545135498,0.5465013980865479,0.5371204018592834,0.5550796389579773,0.48439857363700867,0.6072287559509277,0.572744607925415,0.5961856842041016
cifar100__aptx_relu_field__seed3__lr0p002__cfg4809c0be52c8,4809c0be52c8,96b354dd2d4cd04c,2.12.1+cu130,0.27.1+cu130,1.9.0,2.5.2,0,4,2026-08-25T22:12:53.835248+00:00,ok,,cifar100,classification,aptx_relu_field,APTx Neuron + ReLU + Lambda-Psi,aptx,1,before_field,1,1,1,0.5,0.5,3,2026,0.002,0.0001,0.0,100,22,2,20,0.0001,64,384,256,192,4039852,4039852,242.91343028401025,cuda,./results/lambda_psi_comparison/checkpoints/cifar100/aptx_relu_field/cifar100__aptx_relu_field__seed3__lr0p002__cfg4809c0be52c8.pt,4.617531488037109,0.98,4.7,,,,,,,4.634546249389649,1.01,5.01,,,,,,,0.5556216835975647,0.5822933912277222,0.5513196587562561,0.5615635514259338,0.512345552444458,0.616159975528717,0.5854860544204712,0.6079338788986206
cifar100__aptx_relu_field__seed4__lr0p002__cfg4809c0be52c8,4809c0be52c8,96b354dd2d4cd04c,2.12.1+cu130,0.27.1+cu130,1.9.0,2.5.2,0,4,2026-08-25T22:17:04.669206+00:00,ok,,cifar100,classification,aptx_relu_field,APTx Neuron + ReLU + Lambda-Psi,aptx,1,before_field,1,1,1,0.5,0.5,4,2026,0.002,0.0001,0.0,100,22,2,20,0.0001,64,384,256,192,4039852,4039852,246.79422113206238,cuda,./results/lambda_psi_comparison/checkpoints/cifar100/aptx_relu_field/cifar100__aptx_relu_field__seed4__lr0p002__cfg4809c0be52c8.pt,4.612830900573731,1.0999999999999999,4.96,,,,,,,4.6278246284484865,1.0,5.0,,,,,,,0.5307183265686035,0.5405092835426331,0.5305917859077454,0.5471087098121643,0.4688478410243988,0.609745442867279,0.5714483857154846,0.5982174277305603
cifar100__aptx_relu_field__seed0__lr0p003__cfg4809c0be52c8,4809c0be52c8,96b354dd2d4cd04c,2.12.1+cu130,0.27.1+cu130,1.9.0,2.5.2,0,4,2026-08-25T22:21:04.029764+00:00,ok,,cifar100,classification,aptx_relu_field,APTx Neuron + ReLU + Lambda-Psi,aptx,1,before_field,1,1,1,0.5,0.5,0,2026,0.003,0.0001,0.0,100,21,1,20,0.0001,64,384,256,192,4039852,4039852,235.30136719811708,cuda,./results/lambda_psi_comparison/checkpoints/cifar100/aptx_relu_field/cifar100__aptx_relu_field__seed0__lr0p003__cfg4809c0be52c8.pt,4.6203283630371095,1.24,5.1,,,,,,,4.622706259918213,0.9900000000000001,5.01,,,,,,,0.5697599053382874,0.6027677655220032,0.5692492127418518,0.5744612812995911,0.5360579490661621,0.6145749092102051,0.5935913920402527,0.6102443933486938
cifar100__aptx_relu_field__seed1__lr0p003__cfg4809c0be52c8,4809c0be52c8,96b354dd2d4cd04c,2.12.1+cu130,0.27.1+cu130,1.9.0,2.5.2,0,4,2026-08-25T22:24:57.863282+00:00,ok,,cifar100,classification,aptx_relu_field,APTx Neuron + ReLU + Lambda-Psi,aptx,1,before_field,1,1,1,0.5,0.5,1,2026,0.003,0.0001,0.0,100,21,1,20,0.0001,64,384,256,192,4039852,4039852,229.78217097208835,cuda,./results/lambda_psi_comparison/checkpoints/cifar100/aptx_relu_field/cifar100__aptx_relu_field__seed1__lr0p003__cfg4809c0be52c8.pt,4.616352113342285,1.1199999999999999,4.9,,,,,,,4.61152419128418,1.0,5.0,,,,,,,0.542652428150177,0.5492289066314697,0.5426664352416992,0.557584285736084,0.49826309084892273,0.6027916073799133,0.5779638886451721,0.5961325764656067
cifar100__aptx_relu_field__seed2__lr0p003__cfg4809c0be52c8,4809c0be52c8,96b354dd2d4cd04c,2.12.1+cu130,0.27.1+cu130,1.9.0,2.5.2,0,4,2026-08-25T22:29:01.145577+00:00,ok,,cifar100,classification,aptx_relu_field,APTx Neuron + ReLU + Lambda-Psi,aptx,1,before_field,1,1,1,0.5,0.5,2,2026,0.003,0.0001,0.0,100,22,2,20,0.0001,64,384,256,192,4039852,4039852,239.2476764379535,cuda,./results/lambda_psi_comparison/checkpoints/cifar100/aptx_relu_field/cifar100__aptx_relu_field__seed2__lr0p003__cfg4809c0be52c8.pt,4.61090513305664,1.1199999999999999,4.92,,,,,,,4.609316233062744,1.01,5.01,,,,,,,0.5426574349403381,0.5560986399650574,0.542510449886322,0.5644875764846802,0.4502863585948944,0.6624933481216431,0.6074419021606445,0.6493632197380066
cifar100__aptx_relu_field__seed3__lr0p003__cfg4809c0be52c8,4809c0be52c8,96b354dd2d4cd04c,2.12.1+cu130,0.27.1+cu130,1.9.0,2.5.2,0,4,2026-08-25T22:33:03.465636+00:00,ok,,cifar100,classification,aptx_relu_field,APTx Neuron + ReLU + Lambda-Psi,aptx,1,before_field,1,1,1,0.5,0.5,3,2026,0.003,0.0001,0.0,100,21,1,20,0.0001,64,384,256,192,4039852,4039852,238.26265968801454,cuda,./results/lambda_psi_comparison/checkpoints/cifar100/aptx_relu_field/cifar100__aptx_relu_field__seed3__lr0p003__cfg4809c0be52c8.pt,4.625099118804932,0.96,4.18,,,,,,,4.618948305511474,1.0,5.029999999999999,,,,,,,0.5614988207817078,0.5886361002922058,0.56022047996521,0.5667456984519958,0.5268946886062622,0.6091127991676331,0.5848856568336487,0.6022202968597412
cifar100__aptx_relu_field__seed4__lr0p003__cfg4809c0be52c8,4809c0be52c8,96b354dd2d4cd04c,2.12.1+cu130,0.27.1+cu130,1.9.0,2.5.2,0,4,2026-08-25T22:37:20.636399+00:00,ok,,cifar100,classification,aptx_relu_field,APTx Neuron + ReLU + Lambda-Psi,aptx,1,before_field,1,1,1,0.5,0.5,4,2026,0.003,0.0001,0.0,100,22,2,20,0.0001,64,384,256,192,4039852,4039852,253.15299834194593,cuda,./results/lambda_psi_comparison/checkpoints/cifar100/aptx_relu_field/cifar100__aptx_relu_field__seed4__lr0p003__cfg4809c0be52c8.pt,4.6138907768249515,1.08,4.68,,,,,,,4.621792276000977,1.01,5.0200000000000005,,,,,,,0.5355615615844727,0.5435651540756226,0.5354169011116028,0.5474357008934021,0.4290145933628082,0.6684731245040894,0.6060962677001953,0.6532629132270813
california_housing__traditional__seed0__lr0p0003__cfg0c7184fb0802,0c7184fb0802,96b354dd2d4cd04c,2.12.1+cu130,0.27.1+cu130,1.9.0,2.5.2,0,4,2026-08-25T22:38:33.303586+00:00,ok,,california_housing,regression,traditional,Traditional neuron,traditional,0,none,0,1,1,0.5,0.5,0,2026,0.0003,0.0001,0.0,200,56,36,20,0.0001,128,128,64,32,11521,11521,71.7666971210856,cuda,./results/lambda_psi_comparison/checkpoints/california_housing/traditional/california_housing__traditional__seed0__lr0p0003__cfg0c7184fb0802.pt,0.5066197221131288,,,0.5066197164304331,0.7117722363442066,71177.22363442066,0.5108946417566649,51089.464175666486,0.6426745714326922,0.6885942802872769,,,0.6885942736438392,0.8298158070583129,82981.5807058313,0.5153917978344442,51539.17978344442,0.46718888655014146,,,,,,,,
california_housing__traditional__seed1__lr0p0003__cfg0c7184fb0802,0c7184fb0802,96b354dd2d4cd04c,2.12.1+cu130,0.27.1+cu130,1.9.0,2.5.2,0,4,2026-08-25T22:39:46.537210+00:00,ok,,california_housing,regression,traditional,Traditional neuron,traditional,0,none,0,1,1,0.5,0.5,1,2026,0.0003,0.0001,0.0,200,56,36,20,0.0001,128,128,64,32,11521,11521,72.36743927607313,cuda,./results/lambda_psi_comparison/checkpoints/california_housing/traditional/california_housing__traditional__seed1__lr0p0003__cfg0c7184fb0802.pt,0.5060872412467188,,,0.5060872324766217,0.7113980829863275,71139.80829863275,0.5211472917896832,52114.72917896832,0.6430501392418995,0.6734206320703492,,,0.6734206483543727,0.8206221105687883,82062.21105687883,0.5240152331336235,52401.523313362355,0.478929727993347,,,,,,,,
california_housing__traditional__seed2__lr0p0003__cfg0c7184fb0802,0c7184fb0802,96b354dd2d4cd04c,2.12.1+cu130,0.27.1+cu130,1.9.0,2.5.2,0,4,2026-08-25T22:40:41.904471+00:00,ok,,california_housing,regression,traditional,Traditional neuron,traditional,0,none,0,1,1,0.5,0.5,2,2026,0.0003,0.0001,0.0,200,43,23,20,0.0001,128,128,64,32,11521,11521,54.46070059295744,cuda,./results/lambda_psi_comparison/checkpoints/california_housing/traditional/california_housing__traditional__seed2__lr0p0003__cfg0c7184fb0802.pt,0.5081813206044279,,,0.5081813172091526,0.7128683729898196,71286.83729898196,0.5150565238842784,51505.652388427836,0.6415731542366965,0.6574206777321275,,,0.6574206869131006,0.8108148289918609,81081.48289918608,0.5184096527581875,51840.96527581875,0.49130996058745113,,,,,,,,
california_housing__traditional__seed3__lr0p0003__cfg0c7184fb0802,0c7184fb0802,96b354dd2d4cd04c,2.12.1+cu130,0.27.1+cu130,1.9.0,2.5.2,0,4,2026-08-25T22:41:48.819973+00:00,ok,,california_housing,regression,traditional,Traditional neuron,traditional,0,none,0,1,1,0.5,0.5,3,2026,0.0003,0.0001,0.0,200,51,31,20,0.0001,128,128,64,32,11521,11521,66.06665995903313,cuda,./results/lambda_psi_comparison/checkpoints/california_housing/traditional/california_housing__traditional__seed3__lr0p0003__cfg0c7184fb0802.pt,0.5076941612154938,,,0.5076941476627496,0.7125265943547298,71252.65943547298,0.5124088748134383,51240.88748134383,0.641916761209161,0.667206135831138,,,0.6672061359089246,0.8168268702172601,81682.68702172601,0.5157221394244494,51572.21394244494,0.4837383089274948,,,,,,,,
california_housing__traditional__seed4__lr0p0003__cfg0c7184fb0802,0c7184fb0802,96b354dd2d4cd04c,2.12.1+cu130,0.27.1+cu130,1.9.0,2.5.2,0,4,2026-08-25T22:43:32.792645+00:00,ok,,california_housing,regression,traditional,Traditional neuron,traditional,0,none,0,1,1,0.5,0.5,4,2026,0.0003,0.0001,0.0,200,79,59,20,0.0001,128,128,64,32,11521,11521,103.06368291680701,cuda,./results/lambda_psi_comparison/checkpoints/california_housing/traditional/california_housing__traditional__seed4__lr0p0003__cfg0c7184fb0802.pt,0.5054755067640497,,,0.5054755136025171,0.7109680116591162,71096.80116591162,0.5193088883461878,51930.88883461878,0.6434815924636418,0.680600131204886,,,0.6806001355277177,0.8249849304852287,82498.49304852287,0.5226298463133763,52262.984631337626,0.473374482036121,,,,,,,,
california_housing__traditional__seed0__lr0p0005__cfg0c7184fb0802,0c7184fb0802,96b354dd2d4cd04c,2.12.1+cu130,0.27.1+cu130,1.9.0,2.5.2,0,4,2026-08-25T22:44:45.090394+00:00,ok,,california_housing,regression,traditional,Traditional neuron,traditional,0,none,0,1,1,0.5,0.5,0,2026,0.0005,0.0001,0.0,200,56,36,20,0.0001,128,128,64,32,11521,11521,71.39727155584842,cuda,./results/lambda_psi_comparison/checkpoints/california_housing/traditional/california_housing__traditional__seed0__lr0p0005__cfg0c7184fb0802.pt,0.5065526867559714,,,0.5065526930445967,0.7117251527412789,71172.51527412789,0.5114946139095596,51149.46139095596,0.6427218438922735,0.6906307658483816,,,0.6906307676463438,0.8310419770663476,83104.19770663476,0.5162965221287206,51629.65221287205,0.46561311591344046,,,,,,,,
california_housing__traditional__seed1__lr0p0005__cfg0c7184fb0802,0c7184fb0802,96b354dd2d4cd04c,2.12.1+cu130,0.27.1+cu130,1.9.0,2.5.2,0,4,2026-08-25T22:45:58.352686+00:00,ok,,california_housing,regression,traditional,Traditional neuron,traditional,0,none,0,1,1,0.5,0.5,1,2026,0.0005,0.0001,0.0,200,56,36,20,0.0001,128,128,64,32,11521,11521,72.38105250406079,cuda,./results/lambda_psi_comparison/checkpoints/california_housing/traditional/california_housing__traditional__seed1__lr0p0005__cfg0c7184fb0802.pt,0.5057810290839321,,,0.5057810243093886,0.7111828346560318,71118.28346560318,0.5187953568186409,51879.53568186409,0.6432661118166707,0.679585900417594,,,0.6795858957870183,0.8243699993249501,82436.99993249502,0.5218667944337335,52186.67944337335,0.47415926667089214,,,,,,,,
california_housing__traditional__seed2__lr0p0005__cfg0c7184fb0802,0c7184fb0802,96b354dd2d4cd04c,2.12.1+cu130,0.27.1+cu130,1.9.0,2.5.2,0,4,2026-08-25T22:47:46.920777+00:00,ok,,california_housing,regression,traditional,Traditional neuron,traditional,0,none,0,1,1,0.5,0.5,2,2026,0.0005,0.0001,0.0,200,84,64,20,0.0001,128,128,64,32,11521,11521,107.73694818397053,cuda,./results/lambda_psi_comparison/checkpoints/california_housing/traditional/california_housing__traditional__seed2__lr0p0005__cfg0c7184fb0802.pt,0.5058197940504828,,,0.5058197958857283,0.7112100926489502,71121.00926489502,0.5144703741033756,51447.03741033756,0.6432387657231758,0.6870381037394205,,,0.6870381219574043,0.8288776278543198,82887.76278543199,0.5179747783347907,51797.47783347907,0.4683929844412823,,,,,,,,
california_housing__traditional__seed3__lr0p0005__cfg0c7184fb0802,0c7184fb0802,96b354dd2d4cd04c,2.12.1+cu130,0.27.1+cu130,1.9.0,2.5.2,0,4,2026-08-25T22:49:59.768844+00:00,ok,,california_housing,regression,traditional,Traditional neuron,traditional,0,none,0,1,1,0.5,0.5,3,2026,0.0005,0.0001,0.0,200,104,84,20,0.0001,128,128,64,32,11521,11521,132.00343431392685,cuda,./results/lambda_psi_comparison/checkpoints/california_housing/traditional/california_housing__traditional__seed3__lr0p0005__cfg0c7184fb0802.pt,0.5063710619312848,,,0.5063710593802294,0.7115975403135043,71159.75403135043,0.5127419864888801,51274.198648888014,0.6428499524613983,0.6808014867841735,,,0.6808014840058214,0.8251069530708255,82510.69530708255,0.5160970239206976,51609.702392069754,0.47321868534870115,,,,,,,,
california_housing__traditional__seed4__lr0p0005__cfg0c7184fb0802,0c7184fb0802,96b354dd2d4cd04c,2.12.1+cu130,0.27.1+cu130,1.9.0,2.5.2,0,4,2026-08-25T22:52:31.191607+00:00,ok,,california_housing,regression,traditional,Traditional neuron,traditional,0,none,0,1,1,0.5,0.5,4,2026,0.0005,0.0001,0.0,200,117,97,20,0.0001,128,128,64,32,11521,11521,150.51498719514348,cuda,./results/lambda_psi_comparison/checkpoints/california_housing/traditional/california_housing__traditional__seed4__lr0p0005__cfg0c7184fb0802.pt,0.5044237677903138,,,0.5044237696326694,0.7102279701846932,71022.79701846933,0.51323356485182,51323.356485182005,0.644223401067967,0.7391390440075897,,,0.7391390459748866,0.8597319617036967,85973.19617036967,0.5180921806563992,51809.218065639914,0.42807903993137,,,,,,,,
california_housing__traditional__seed0__lr0p001__cfg0c7184fb0802,0c7184fb0802,96b354dd2d4cd04c,2.12.1+cu130,0.27.1+cu130,1.9.0,2.5.2,0,4,2026-08-25T22:53:42.947339+00:00,ok,,california_housing,regression,traditional,Traditional neuron,traditional,0,none,0,1,1,0.5,0.5,0,2026,0.001,0.0001,0.0,200,56,36,20,0.0001,128,128,64,32,11521,11521,70.86003753193654,cuda,./results/lambda_psi_comparison/checkpoints/california_housing/traditional/california_housing__traditional__seed0__lr0p001__cfg0c7184fb0802.pt,0.5064692395602086,,,0.5064692402751234,0.7116665232221644,71166.65232221644,0.5163168627913146,51631.68627913146,0.6427807042083056,0.7192670287087907,,,0.7192670288120361,0.8480961200312357,84809.61200312356,0.5221257308216463,52212.57308216463,0.443455339148911,,,,,,,,
california_housing__traditional__seed1__lr0p001__cfg0c7184fb0802,0c7184fb0802,96b354dd2d4cd04c,2.12.1+cu130,0.27.1+cu130,1.9.0,2.5.2,0,4,2026-08-25T22:54:55.265971+00:00,ok,,california_housing,regression,traditional,Traditional neuron,traditional,0,none,0,1,1,0.5,0.5,1,2026,0.001,0.0001,0.0,200,56,36,20,0.0001,128,128,64,32,11521,11521,71.4036822610069,cuda,./results/lambda_psi_comparison/checkpoints/california_housing/traditional/california_housing__traditional__seed1__lr0p001__cfg0c7184fb0802.pt,0.505100316779558,,,0.5051003193822978,0.7107041011435756,71070.41011435757,0.5147144254802387,51471.44254802387,0.6437462217924812,0.6894331930219665,,,0.6894332026913444,0.8303211443118527,83032.11443118527,0.5182530269885883,51825.30269885883,0.4665397514396483,,,,,,,,
california_housing__traditional__seed2__lr0p001__cfg0c7184fb0802,0c7184fb0802,96b354dd2d4cd04c,2.12.1+cu130,0.27.1+cu130,1.9.0,2.5.2,0,4,2026-08-25T22:55:55.939033+00:00,ok,,california_housing,regression,traditional,Traditional neuron,traditional,0,none,0,1,1,0.5,0.5,2,2026,0.001,0.0001,0.0,200,46,26,20,0.0001,128,128,64,32,11521,11521,59.8095354209654,cuda,./results/lambda_psi_comparison/checkpoints/california_housing/traditional/california_housing__traditional__seed2__lr0p001__cfg0c7184fb0802.pt,0.5072653654009797,,,0.507265358211729,0.7122256371485999,71222.56371485999,0.5141358843015492,51413.58843015492,0.642219191946422,0.6911723003831021,,,0.6911723009765117,0.8313677290925549,83136.77290925548,0.5176886167131769,51768.86167131769,0.46519409561707614,,,,,,,,
california_housing__traditional__seed3__lr0p001__cfg0c7184fb0802,0c7184fb0802,96b354dd2d4cd04c,2.12.1+cu130,0.27.1+cu130,1.9.0,2.5.2,0,4,2026-08-25T22:57:35.158847+00:00,ok,,california_housing,regression,traditional,Traditional neuron,traditional,0,none,0,1,1,0.5,0.5,3,2026,0.001,0.0001,0.0,200,76,56,20,0.0001,128,128,64,32,11521,11521,98.35466091800481,cuda,./results/lambda_psi_comparison/checkpoints/california_housing/traditional/california_housing__traditional__seed3__lr0p001__cfg0c7184fb0802.pt,0.5059977118359056,,,0.5059977108607733,0.7113351607089117,71133.51607089117,0.5165272879508115,51652.72879508115,0.6431132799936539,0.7158292097638744,,,0.7158291993848087,0.8460669000645331,84606.69000645331,0.5214557753615948,52145.57753615948,0.4461154160549805,,,,,,,,
california_housing__traditional__seed4__lr0p001__cfg0c7184fb0802,0c7184fb0802,96b354dd2d4cd04c,2.12.1+cu130,0.27.1+cu130,1.9.0,2.5.2,0,4,2026-08-25T22:59:03.826655+00:00,ok,,california_housing,regression,traditional,Traditional neuron,traditional,0,none,0,1,1,0.5,0.5,4,2026,0.001,0.0001,0.0,200,67,47,20,0.0001,128,128,64,32,11521,11521,87.74193776701577,cuda,./results/lambda_psi_comparison/checkpoints/california_housing/traditional/california_housing__traditional__seed4__lr0p001__cfg0c7184fb0802.pt,0.5049115705859754,,,0.5049115638833831,0.7105712940186812,71057.12940186812,0.5142080496722298,51420.804967222975,0.6438793534834848,0.7379091844078183,,,0.737909192513556,0.8590164099209956,85901.64099209956,0.5193994732378701,51939.947323787004,0.4290306592189427,,,,,,,,
california_housing__traditional__seed0__lr0p002__cfg0c7184fb0802,0c7184fb0802,96b354dd2d4cd04c,2.12.1+cu130,0.27.1+cu130,1.9.0,2.5.2,0,4,2026-08-25T23:00:49.796830+00:00,ok,,california_housing,regression,traditional,Traditional neuron,traditional,0,none,0,1,1,0.5,0.5,0,2026,0.002,0.0001,0.0,200,81,61,20,0.0001,128,128,64,32,11521,11521,105.08202780294232,cuda,./results/lambda_psi_comparison/checkpoints/california_housing/traditional/california_housing__traditional__seed0__lr0p002__cfg0c7184fb0802.pt,0.5042057282240816,,,0.5042057303205576,0.710074454068415,71007.44540684149,0.5078222839840392,50782.22839840392,0.6443771870105943,0.7887168919393258,,,0.7887168989124782,0.888097347655356,88809.7347655356,0.5139530922120162,51395.30922120163,0.38971736305254867,,,,,,,,
california_housing__traditional__seed1__lr0p002__cfg0c7184fb0802,0c7184fb0802,96b354dd2d4cd04c,2.12.1+cu130,0.27.1+cu130,1.9.0,2.5.2,0,4,2026-08-25T23:02:02.947767+00:00,ok,,california_housing,regression,traditional,Traditional neuron,traditional,0,none,0,1,1,0.5,0.5,1,2026,0.002,0.0001,0.0,200,56,36,20,0.0001,128,128,64,32,11521,11521,72.25205729808658,cuda,./results/lambda_psi_comparison/checkpoints/california_housing/traditional/california_housing__traditional__seed1__lr0p002__cfg0c7184fb0802.pt,0.5017227068427921,,,0.5017227049953671,0.7083238701295949,70832.38701295949,0.5151562286584184,51515.62286584184,0.6461284968386417,0.7740673847900804,,,0.7740673918514958,0.8798109978009457,87981.09978009458,0.5224763985521109,52247.63985521109,0.4010526594199576,,,,,,,,
california_housing__traditional__seed2__lr0p002__cfg0c7184fb0802,0c7184fb0802,96b354dd2d4cd04c,2.12.1+cu130,0.27.1+cu130,1.9.0,2.5.2,0,4,2026-08-25T23:03:57.907956+00:00,ok,,california_housing,regression,traditional,Traditional neuron,traditional,0,none,0,1,1,0.5,0.5,2,2026,0.002,0.0001,0.0,200,88,68,20,0.0001,128,128,64,32,11521,11521,114.06706696702167,cuda,./results/lambda_psi_comparison/checkpoints/california_housing/traditional/california_housing__traditional__seed2__lr0p002__cfg0c7184fb0802.pt,0.5032573906026145,,,0.503257387080709,0.7094063624472993,70940.63624472993,0.5100212232606818,51002.12232606818,0.6450460657447176,0.8585104669711386,,,0.8585104593919517,0.9265583950253495,92655.83950253496,0.5173328226258935,51733.28226258935,0.3357134508882538,,,,,,,,
california_housing__traditional__seed3__lr0p002__cfg0c7184fb0802,0c7184fb0802,96b354dd2d4cd04c,2.12.1+cu130,0.27.1+cu130,1.9.0,2.5.2,0,4,2026-08-25T23:05:11.966083+00:00,ok,,california_housing,regression,traditional,Traditional neuron,traditional,0,none,0,1,1,0.5,0.5,3,2026,0.002,0.0001,0.0,200,52,32,20,0.0001,128,128,64,32,11521,11521,72.89772763103247,cuda,./results/lambda_psi_comparison/checkpoints/california_housing/traditional/california_housing__traditional__seed3__lr0p002__cfg0c7184fb0802.pt,0.5063873554847037,,,0.5063873569279512,0.7116089916013929,71160.89916013929,0.5154006752914698,51540.06752914698,0.642838457590521,0.7117955629215684,,,0.7117955304011325,0.8436797558322308,84367.97558322307,0.5207332819447557,52073.328194475565,0.4492365335907216,,,,,,,,
california_housing__traditional__seed4__lr0p002__cfg0c7184fb0802,0c7184fb0802,96b354dd2d4cd04c,2.12.1+cu130,0.27.1+cu130,1.9.0,2.5.2,0,4,2026-08-25T23:07:00.419902+00:00,ok,,california_housing,regression,traditional,Traditional neuron,traditional,0,none,0,1,1,0.5,0.5,4,2026,0.002,0.0001,0.0,200,79,59,20,0.0001,128,128,64,32,11521,11521,107.08033896517009,cuda,./results/lambda_psi_comparison/checkpoints/california_housing/traditional/california_housing__traditional__seed4__lr0p002__cfg0c7184fb0802.pt,0.5032471071842105,,,0.5032470981360025,0.7093991106112288,70939.91106112288,0.5174659811422344,51746.59811422344,0.6450533226702921,0.8285416937613672,,,0.8285416946718143,0.9102426570271327,91024.26570271327,0.5254153870731997,52541.53870731997,0.3589022741335546,,,,,,,,
california_housing__traditional__seed0__lr0p003__cfg0c7184fb0802,0c7184fb0802,96b354dd2d4cd04c,2.12.1+cu130,0.27.1+cu130,1.9.0,2.5.2,0,4,2026-08-25T23:09:26.636996+00:00,ok,,california_housing,regression,traditional,Traditional neuron,traditional,0,none,0,1,1,0.5,0.5,0,2026,0.003,0.0001,0.0,200,88,68,20,0.0001,128,128,64,32,11521,11521,144.15055414894596,cuda,./results/lambda_psi_comparison/checkpoints/california_housing/traditional/california_housing__traditional__seed0__lr0p003__cfg0c7184fb0802.pt,0.5036357075206993,,,0.5036357060514768,0.7096729571087493,70967.29571087494,0.5035103958735402,50351.03958735402,0.6447792324889626,0.9037847648295321,,,0.9037847748149173,0.9506759567880726,95067.59567880727,0.5131275781950112,51312.75781950112,0.3006817067473385,,,,,,,,
california_housing__traditional__seed1__lr0p003__cfg0c7184fb0802,0c7184fb0802,96b354dd2d4cd04c,2.12.1+cu130,0.27.1+cu130,1.9.0,2.5.2,0,4,2026-08-25T23:10:41.298934+00:00,ok,,california_housing,regression,traditional,Traditional neuron,traditional,0,none,0,1,1,0.5,0.5,1,2026,0.003,0.0001,0.0,200,56,36,20,0.0001,128,128,64,32,11521,11521,73.59976831707172,cuda,./results/lambda_psi_comparison/checkpoints/california_housing/traditional/california_housing__traditional__seed1__lr0p003__cfg0c7184fb0802.pt,0.5016783055408981,,,0.5016783007016108,0.7082925248099198,70829.25248099197,0.5176060621648334,51760.60621648334,0.6461598157604722,0.810212396836096,,,0.8102123764106595,0.9001179791619871,90011.79791619872,0.5254094340268147,52540.94340268147,0.37308488477279733,,,,,,,,
california_housing__traditional__seed2__lr0p003__cfg0c7184fb0802,0c7184fb0802,96b354dd2d4cd04c,2.12.1+cu130,0.27.1+cu130,1.9.0,2.5.2,0,4,2026-08-25T23:11:38.060620+00:00,ok,,california_housing,regression,traditional,Traditional neuron,traditional,0,none,0,1,1,0.5,0.5,2,2026,0.003,0.0001,0.0,200,43,23,20,0.0001,128,128,64,32,11521,11521,55.87496736506,cuda,./results/lambda_psi_comparison/checkpoints/california_housing/traditional/california_housing__traditional__seed2__lr0p003__cfg0c7184fb0802.pt,0.505094054133393,,,0.5050940485675555,0.710699689438201,71069.9689438201,0.5040792302524512,50407.923025245116,0.6437506446791014,0.8271586109501446,,,0.827158583892945,0.9094825913083466,90948.25913083466,0.5118685343317225,51186.853433172255,0.3599724787842761,,,,,,,,
california_housing__traditional__seed3__lr0p003__cfg0c7184fb0802,0c7184fb0802,96b354dd2d4cd04c,2.12.1+cu130,0.27.1+cu130,1.9.0,2.5.2,0,4,2026-08-25T23:13:53.143246+00:00,ok,,california_housing,regression,traditional,Traditional neuron,traditional,0,none,0,1,1,0.5,0.5,3,2026,0.003,0.0001,0.0,200,103,83,20,0.0001,128,128,64,32,11521,11521,134.18796490691602,cuda,./results/lambda_psi_comparison/checkpoints/california_housing/traditional/california_housing__traditional__seed3__lr0p003__cfg0c7184fb0802.pt,0.5030567331831585,,,0.5030567341019043,0.7092649251879753,70926.49251879753,0.5090904417917017,50909.044179170174,0.6451875888819335,0.8593379443930101,,,0.8593379730989092,0.92700483984654,92700.483984654,0.5162211962210289,51622.11962210289,0.33507314858474224,,,,,,,,
california_housing__traditional__seed4__lr0p003__cfg0c7184fb0802,0c7184fb0802,96b354dd2d4cd04c,2.12.1+cu130,0.27.1+cu130,1.9.0,2.5.2,0,4,2026-08-25T23:14:48.721003+00:00,ok,,california_housing,regression,traditional,Traditional neuron,traditional,0,none,0,1,1,0.5,0.5,4,2026,0.003,0.0001,0.0,200,42,22,20,0.0001,128,128,64,32,11521,11521,54.695016549900174,cuda,./results/lambda_psi_comparison/checkpoints/california_housing/traditional/california_housing__traditional__seed4__lr0p003__cfg0c7184fb0802.pt,0.5068625419638878,,,0.5068625252112219,0.7119427822593765,71194.27822593764,0.5112634592566841,51126.345925668415,0.6425033152639301,0.6942146933355997,,,0.6942146972024982,0.8331954735849795,83319.54735849795,0.5165235665554628,51652.35665554628,0.46283999163630163,,,,,,,,
california_housing__traditional_relu__seed0__lr0p0003__cfga3c9ff6fac65,a3c9ff6fac65,96b354dd2d4cd04c,2.12.1+cu130,0.27.1+cu130,1.9.0,2.5.2,0,4,2026-08-25T23:18:24.456562+00:00,ok,,california_housing,regression,traditional_relu,Traditional neuron + ReLU,traditional,0,after_neuron,0,1,1,0.5,0.5,0,2026,0.0003,0.0001,0.0,200,164,144,20,0.0001,128,128,64,32,11521,11521,214.81309557007626,cuda,./results/lambda_psi_comparison/checkpoints/california_housing/traditional_relu/california_housing__traditional_relu__seed0__lr0p0003__cfga3c9ff6fac65.pt,0.26691432955653166,,,0.26691432792971415,0.5166375208303343,51663.75208303343,0.3488721810570059,34887.21810570059,0.8117418775363897,0.27763353392135265,,,0.2776335338022759,0.5269094170749616,52690.94170749617,0.3510893130776032,35108.93130776032,0.7851764995177388,,,,,,,,
california_housing__traditional_relu__seed1__lr0p0003__cfga3c9ff6fac65,a3c9ff6fac65,96b354dd2d4cd04c,2.12.1+cu130,0.27.1+cu130,1.9.0,2.5.2,0,4,2026-08-25T23:21:20.851792+00:00,ok,,california_housing,regression,traditional_relu,Traditional neuron + ReLU,traditional,0,after_neuron,0,1,1,0.5,0.5,1,2026,0.0003,0.0001,0.0,200,134,114,20,0.0001,128,128,64,32,11521,11521,175.51768536004238,cuda,./results/lambda_psi_comparison/checkpoints/california_housing/traditional_relu/california_housing__traditional_relu__seed1__lr0p0003__cfga3c9ff6fac65.pt,0.2641142093858054,,,0.2641142121854801,0.5139204337107838,51392.04337107838,0.35038400994426055,35038.400994426054,0.8137168353319454,0.2755586819131245,,,0.27555867998594136,0.5249368342819366,52493.68342819366,0.35500115984978603,35500.115984978605,0.7867819516895626,,,,,,,,
california_housing__traditional_relu__seed2__lr0p0003__cfga3c9ff6fac65,a3c9ff6fac65,96b354dd2d4cd04c,2.12.1+cu130,0.27.1+cu130,1.9.0,2.5.2,0,4,2026-08-25T23:23:50.714582+00:00,ok,,california_housing,regression,traditional_relu,Traditional neuron + ReLU,traditional,0,after_neuron,0,1,1,0.5,0.5,2,2026,0.0003,0.0001,0.0,200,113,93,20,0.0001,128,128,64,32,11521,11521,148.9332990681287,cuda,./results/lambda_psi_comparison/checkpoints/california_housing/traditional_relu/california_housing__traditional_relu__seed2__lr0p0003__cfga3c9ff6fac65.pt,0.2624121719552565,,,0.2624121727142476,0.5122618204729371,51226.18204729371,0.3478001078893972,34780.01078893972,0.8149173057514185,0.27688602329224576,,,0.2768860248451015,0.526199605515912,52619.960551591204,0.35401596887715797,35401.596887715794,0.7857548968338801,,,,,,,,
california_housing__traditional_relu__seed3__lr0p0003__cfga3c9ff6fac65,a3c9ff6fac65,96b354dd2d4cd04c,2.12.1+cu130,0.27.1+cu130,1.9.0,2.5.2,0,4,2026-08-25T23:26:45.594490+00:00,ok,,california_housing,regression,traditional_relu,Traditional neuron + ReLU,traditional,0,after_neuron,0,1,1,0.5,0.5,3,2026,0.0003,0.0001,0.0,200,133,113,20,0.0001,128,128,64,32,11521,11521,173.92612162209116,cuda,./results/lambda_psi_comparison/checkpoints/california_housing/traditional_relu/california_housing__traditional_relu__seed3__lr0p0003__cfga3c9ff6fac65.pt,0.26649261814679287,,,0.2664926222534722,0.5162292342104157,51622.92342104157,0.35309433118375233,35309.43311837524,0.8120393119958185,0.2828352961891381,,,0.28283529554987213,0.5318226166212491,53182.26166212491,0.36065452817336535,36065.45281733653,0.7811515510470358,,,,,,,,
california_housing__traditional_relu__seed4__lr0p0003__cfga3c9ff6fac65,a3c9ff6fac65,96b354dd2d4cd04c,2.12.1+cu130,0.27.1+cu130,1.9.0,2.5.2,0,4,2026-08-25T23:30:30.954720+00:00,ok,,california_housing,regression,traditional_relu,Traditional neuron + ReLU,traditional,0,after_neuron,0,1,1,0.5,0.5,4,2026,0.0003,0.0001,0.0,200,171,151,20,0.0001,128,128,64,32,11521,11521,224.40484294691123,cuda,./results/lambda_psi_comparison/checkpoints/california_housing/traditional_relu/california_housing__traditional_relu__seed4__lr0p0003__cfga3c9ff6fac65.pt,0.2659665775853534,,,0.2659665818166236,0.5157194797723115,51571.947977231146,0.34726509866268596,34726.50986626859,0.812410335109299,0.27232248630634576,,,0.2723224879868538,0.5218452720748304,52184.52720748304,0.3486933534921602,34869.33534921602,0.7892860083283827,,,,,,,,
california_housing__traditional_relu__seed0__lr0p0005__cfga3c9ff6fac65,a3c9ff6fac65,96b354dd2d4cd04c,2.12.1+cu130,0.27.1+cu130,1.9.0,2.5.2,0,4,2026-08-25T23:32:27.796306+00:00,ok,,california_housing,regression,traditional_relu,Traditional neuron + ReLU,traditional,0,after_neuron,0,1,1,0.5,0.5,0,2026,0.0005,0.0001,0.0,200,88,68,20,0.0001,128,128,64,32,11521,11521,115.97069666697644,cuda,./results/lambda_psi_comparison/checkpoints/california_housing/traditional_relu/california_housing__traditional_relu__seed0__lr0p0005__cfga3c9ff6fac65.pt,0.26688016662301944,,,0.26688016465944797,0.5166044566778804,51660.44566778804,0.3532669137614642,35326.69137614642,0.8117659733320984,0.28058417961578963,,,0.2805841820949786,0.5297019747886339,52970.19747886339,0.36026049964129925,36026.049964129925,0.7828933870051782,,,,,,,,
california_housing__traditional_relu__seed1__lr0p0005__cfga3c9ff6fac65,a3c9ff6fac65,96b354dd2d4cd04c,2.12.1+cu130,0.27.1+cu130,1.9.0,2.5.2,0,4,2026-08-25T23:34:40.159236+00:00,ok,,california_housing,regression,traditional_relu,Traditional neuron + ReLU,traditional,0,after_neuron,0,1,1,0.5,0.5,1,2026,0.0005,0.0001,0.0,200,99,79,20,0.0001,128,128,64,32,11521,11521,131.39510108786635,cuda,./results/lambda_psi_comparison/checkpoints/california_housing/traditional_relu/california_housing__traditional_relu__seed1__lr0p0005__cfga3c9ff6fac65.pt,0.26518814831741094,,,0.2651881457315939,0.5149642179138215,51496.42179138215,0.35087842377292555,35087.84237729255,0.8129593761329199,0.27718384991320527,,,0.277183850641221,0.5264825264348485,52648.25264348485,0.35384118316565144,35384.118316565146,0.7855244492392395,,,,,,,,
california_housing__traditional_relu__seed2__lr0p0005__cfga3c9ff6fac65,a3c9ff6fac65,96b354dd2d4cd04c,2.12.1+cu130,0.27.1+cu130,1.9.0,2.5.2,0,4,2026-08-25T23:36:48.727762+00:00,ok,,california_housing,regression,traditional_relu,Traditional neuron + ReLU,traditional,0,after_neuron,0,1,1,0.5,0.5,2,2026,0.0005,0.0001,0.0,200,99,79,20,0.0001,128,128,64,32,11521,11521,127.68741722521372,cuda,./results/lambda_psi_comparison/checkpoints/california_housing/traditional_relu/california_housing__traditional_relu__seed2__lr0p0005__cfga3c9ff6fac65.pt,0.2606630519379017,,,0.26066305214290053,0.510551713485422,51055.17134854221,0.34463684953922447,34463.68495392245,0.8161509830788155,0.2721428381380185,,,0.272142838930344,0.5216731150158536,52167.311501585355,0.3477671896721157,34776.718967211564,0.7894250147324335,,,,,,,,
california_housing__traditional_relu__seed3__lr0p0005__cfga3c9ff6fac65,a3c9ff6fac65,96b354dd2d4cd04c,2.12.1+cu130,0.27.1+cu130,1.9.0,2.5.2,0,4,2026-08-25T23:39:47.910534+00:00,ok,,california_housing,regression,traditional_relu,Traditional neuron + ReLU,traditional,0,after_neuron,0,1,1,0.5,0.5,3,2026,0.0005,0.0001,0.0,200,134,114,20,0.0001,128,128,64,32,11521,11521,178.26968095987104,cuda,./results/lambda_psi_comparison/checkpoints/california_housing/traditional_relu/california_housing__traditional_relu__seed3__lr0p0005__cfga3c9ff6fac65.pt,0.25930480555046437,,,0.2593048050913522,0.5092198003724444,50921.980037244444,0.3478213945302621,34782.13945302621,0.8171089722648945,0.27149594476980754,,,0.2714959417984627,0.52105272458597,52105.272458597,0.35251073763785207,35251.07376378521,0.7899255619985345,,,,,,,,
california_housing__traditional_relu__seed4__lr0p0005__cfga3c9ff6fac65,a3c9ff6fac65,96b354dd2d4cd04c,2.12.1+cu130,0.27.1+cu130,1.9.0,2.5.2,0,4,2026-08-25T23:42:27.906536+00:00,ok,,california_housing,regression,traditional_relu,Traditional neuron + ReLU,traditional,0,after_neuron,0,1,1,0.5,0.5,4,2026,0.0005,0.0001,0.0,200,121,101,20,0.0001,128,128,64,32,11521,11521,159.1069014929235,cuda,./results/lambda_psi_comparison/checkpoints/california_housing/traditional_relu/california_housing__traditional_relu__seed4__lr0p0005__cfga3c9ff6fac65.pt,0.26588857035304225,,,0.26588857035103786,0.5156438406022493,51564.38406022493,0.3461928064682225,34619.28064682225,0.8124653576034293,0.27134825069774954,,,0.27134825122628997,0.5209109820557539,52091.09820557539,0.3478875800158626,34788.75800158626,0.7900398400011512,,,,,,,,
california_housing__traditional_relu__seed0__lr0p001__cfga3c9ff6fac65,a3c9ff6fac65,96b354dd2d4cd04c,2.12.1+cu130,0.27.1+cu130,1.9.0,2.5.2,0,4,2026-08-25T23:43:37.739521+00:00,ok,,california_housing,regression,traditional_relu,Traditional neuron + ReLU,traditional,0,after_neuron,0,1,1,0.5,0.5,0,2026,0.001,0.0001,0.0,200,52,32,20,0.0001,128,128,64,32,11521,11521,68.93061735294759,cuda,./results/lambda_psi_comparison/checkpoints/california_housing/traditional_relu/california_housing__traditional_relu__seed0__lr0p001__cfga3c9ff6fac65.pt,0.26753546540127243,,,0.26753546894445673,0.517238309625705,51723.83096257051,0.353623782638316,35362.378263831604,0.8113037787571762,0.2916055705196174,,,0.2916055685070087,0.5400051560003929,54000.51560003929,0.36540627250693336,36540.62725069334,0.774365408497776,,,,,,,,
california_housing__traditional_relu__seed1__lr0p001__cfga3c9ff6fac65,a3c9ff6fac65,96b354dd2d4cd04c,2.12.1+cu130,0.27.1+cu130,1.9.0,2.5.2,0,4,2026-08-25T23:45:47.964483+00:00,ok,,california_housing,regression,traditional_relu,Traditional neuron + ReLU,traditional,0,after_neuron,0,1,1,0.5,0.5,1,2026,0.001,0.0001,0.0,200,98,78,20,0.0001,128,128,64,32,11521,11521,129.30754213011824,cuda,./results/lambda_psi_comparison/checkpoints/california_housing/traditional_relu/california_housing__traditional_relu__seed1__lr0p001__cfga3c9ff6fac65.pt,0.25298728741878684,,,0.2529872873899427,0.5029784164255388,50297.841642553874,0.3390089156640361,33900.89156640361,0.8215647990851436,0.25778289959412215,,,0.2577828970611683,0.5077232484938702,50772.32484938702,0.3396858837989758,33968.58837989758,0.800536255283278,,,,,,,,
california_housing__traditional_relu__seed2__lr0p001__cfga3c9ff6fac65,a3c9ff6fac65,96b354dd2d4cd04c,2.12.1+cu130,0.27.1+cu130,1.9.0,2.5.2,0,4,2026-08-25T23:48:49.261438+00:00,ok,,california_housing,regression,traditional_relu,Traditional neuron + ReLU,traditional,0,after_neuron,0,1,1,0.5,0.5,2,2026,0.001,0.0001,0.0,200,135,115,20,0.0001,128,128,64,32,11521,11521,180.42405840498395,cuda,./results/lambda_psi_comparison/checkpoints/california_housing/traditional_relu/california_housing__traditional_relu__seed2__lr0p001__cfga3c9ff6fac65.pt,0.2506854256918264,,,0.2506854293832767,0.5006849602127836,50068.49602127836,0.33411960944879887,33411.96094487989,0.8231883292638116,0.2629966793596282,,,0.26299668122500525,0.512832020475521,51283.2020475521,0.340320099145174,34032.0099145174,0.7965020042708189,,,,,,,,
california_housing__traditional_relu__seed3__lr0p001__cfga3c9ff6fac65,a3c9ff6fac65,96b354dd2d4cd04c,2.12.1+cu130,0.27.1+cu130,1.9.0,2.5.2,0,4,2026-08-25T23:51:01.829926+00:00,ok,,california_housing,regression,traditional_relu,Traditional neuron + ReLU,traditional,0,after_neuron,0,1,1,0.5,0.5,3,2026,0.001,0.0001,0.0,200,100,80,20,0.0001,128,128,64,32,11521,11521,131.68210499593988,cuda,./results/lambda_psi_comparison/checkpoints/california_housing/traditional_relu/california_housing__traditional_relu__seed3__lr0p001__cfga3c9ff6fac65.pt,0.25569354563720464,,,0.25569354563369373,0.5056614931292412,50566.14931292413,0.3410472289420838,34104.722894208375,0.8196560401967695,0.2578220429808594,,,0.25782204317026086,0.5077617976672338,50776.179766723384,0.338532885868651,33853.2885868651,0.8005059653392992,,,,,,,,
california_housing__traditional_relu__seed4__lr0p001__cfga3c9ff6fac65,a3c9ff6fac65,96b354dd2d4cd04c,2.12.1+cu130,0.27.1+cu130,1.9.0,2.5.2,0,4,2026-08-25T23:52:49.453747+00:00,ok,,california_housing,regression,traditional_relu,Traditional neuron + ReLU,traditional,0,after_neuron,0,1,1,0.5,0.5,4,2026,0.001,0.0001,0.0,200,80,60,20,0.0001,128,128,64,32,11521,11521,106.75969974813052,cuda,./results/lambda_psi_comparison/checkpoints/california_housing/traditional_relu/california_housing__traditional_relu__seed4__lr0p001__cfga3c9ff6fac65.pt,0.26882815072240757,,,0.2688281483616427,0.5184864013275977,51848.64013275977,0.35273052025730756,35273.05202573076,0.810392035270364,0.27374997711920923,,,0.273749975879499,0.5232112153609658,52321.12153609658,0.3494703901729496,34947.03901729496,0.7881814661580104,,,,,,,,
california_housing__traditional_relu__seed0__lr0p002__cfga3c9ff6fac65,a3c9ff6fac65,96b354dd2d4cd04c,2.12.1+cu130,0.27.1+cu130,1.9.0,2.5.2,0,4,2026-08-25T23:54:13.984443+00:00,ok,,california_housing,regression,traditional_relu,Traditional neuron + ReLU,traditional,0,after_neuron,0,1,1,0.5,0.5,0,2026,0.002,0.0001,0.0,200,63,43,20,0.0001,128,128,64,32,11521,11521,83.64390967809595,cuda,./results/lambda_psi_comparison/checkpoints/california_housing/traditional_relu/california_housing__traditional_relu__seed0__lr0p002__cfga3c9ff6fac65.pt,0.26145992676417035,,,0.2614599264689583,0.5113315230542298,51133.15230542298,0.34297244042851205,34297.244042851205,0.815588937325683,0.2721127373303554,,,0.2721127380612021,0.52164426390137,52164.426390137,0.3427737938211292,34277.37938211292,0.7894483057736419,,,,,,,,
california_housing__traditional_relu__seed1__lr0p002__cfga3c9ff6fac65,a3c9ff6fac65,96b354dd2d4cd04c,2.12.1+cu130,0.27.1+cu130,1.9.0,2.5.2,0,4,2026-08-25T23:55:26.889208+00:00,ok,,california_housing,regression,traditional_relu,Traditional neuron + ReLU,traditional,0,after_neuron,0,1,1,0.5,0.5,1,2026,0.002,0.0001,0.0,200,54,34,20,0.0001,128,128,64,32,11521,11521,72.03204763494432,cuda,./results/lambda_psi_comparison/checkpoints/california_housing/traditional_relu/california_housing__traditional_relu__seed1__lr0p002__cfga3c9ff6fac65.pt,0.264394130355628,,,0.26439413176460924,0.5141926990580566,51419.26990580567,0.3539673682128967,35396.73682128967,0.8135194044378589,0.27166023226671443,,,0.2716602325548151,0.5212103534608796,52121.03534608796,0.35366477077292613,35366.47707729261,0.7897984393311349,,,,,,,,
california_housing__traditional_relu__seed2__lr0p002__cfga3c9ff6fac65,a3c9ff6fac65,96b354dd2d4cd04c,2.12.1+cu130,0.27.1+cu130,1.9.0,2.5.2,0,4,2026-08-25T23:57:53.073500+00:00,ok,,california_housing,regression,traditional_relu,Traditional neuron + ReLU,traditional,0,after_neuron,0,1,1,0.5,0.5,2,2026,0.002,0.0001,0.0,200,110,90,20,0.0001,128,128,64,32,11521,11521,145.29890575585887,cuda,./results/lambda_psi_comparison/checkpoints/california_housing/traditional_relu/california_housing__traditional_relu__seed2__lr0p002__cfga3c9ff6fac65.pt,0.25555781384771187,,,0.2555578115353169,0.5055272609220168,50552.72609220168,0.34116057956288026,34116.05795628802,0.8197517752092467,0.2610179444616155,,,0.26101794442221066,0.5108991528885233,51089.91528885233,0.34093590902323406,34093.590902323405,0.7980330843269196,,,,,,,,
california_housing__traditional_relu__seed3__lr0p002__cfga3c9ff6fac65,a3c9ff6fac65,96b354dd2d4cd04c,2.12.1+cu130,0.27.1+cu130,1.9.0,2.5.2,0,4,2026-08-25T23:59:49.581096+00:00,ok,,california_housing,regression,traditional_relu,Traditional neuron + ReLU,traditional,0,after_neuron,0,1,1,0.5,0.5,3,2026,0.002,0.0001,0.0,200,87,67,20,0.0001,128,128,64,32,11521,11521,115.60093076317571,cuda,./results/lambda_psi_comparison/checkpoints/california_housing/traditional_relu/california_housing__traditional_relu__seed3__lr0p002__cfga3c9ff6fac65.pt,0.2615488984788111,,,0.26154890136303105,0.5114185187916361,51141.851879163616,0.3434238875530256,34342.38875530256,0.8155261821838574,0.2604319725849832,,,0.2604319739708733,0.5103253608932965,51032.53608932965,0.3403649089078224,34036.49089078224,0.7984864885746396,,,,,,,,
california_housing__traditional_relu__seed4__lr0p002__cfga3c9ff6fac65,a3c9ff6fac65,96b354dd2d4cd04c,2.12.1+cu130,0.27.1+cu130,1.9.0,2.5.2,0,4,2026-08-26T00:01:33.852306+00:00,ok,,california_housing,regression,traditional_relu,Traditional neuron + ReLU,traditional,0,after_neuron,0,1,1,0.5,0.5,4,2026,0.002,0.0001,0.0,200,79,59,20,0.0001,128,128,64,32,11521,11521,103.39540472789668,cuda,./results/lambda_psi_comparison/checkpoints/california_housing/traditional_relu/california_housing__traditional_relu__seed4__lr0p002__cfga3c9ff6fac65.pt,0.2519460387470186,,,0.2519460401440835,0.5019422677401092,50194.22677401092,0.34053981994358146,34053.981994358146,0.8222992042144833,0.262990814770839,,,0.2629908144492911,0.5128263004656558,51282.63004656558,0.3424621216895044,34246.21216895044,0.7965065437847536,,,,,,,,
california_housing__traditional_relu__seed0__lr0p003__cfga3c9ff6fac65,a3c9ff6fac65,96b354dd2d4cd04c,2.12.1+cu130,0.27.1+cu130,1.9.0,2.5.2,0,4,2026-08-26T00:03:20.892423+00:00,ok,,california_housing,regression,traditional_relu,Traditional neuron + ReLU,traditional,0,after_neuron,0,1,1,0.5,0.5,0,2026,0.003,0.0001,0.0,200,81,61,20,0.0001,128,128,64,32,11521,11521,106.15358437993564,cuda,./results/lambda_psi_comparison/checkpoints/california_housing/traditional_relu/california_housing__traditional_relu__seed0__lr0p003__cfga3c9ff6fac65.pt,0.2508753152318703,,,0.2508753177684836,0.5008745529256639,50087.45529256639,0.3400724310168,34007.243101680004,0.8230543985334758,0.26571051048678024,,,0.26571051043480526,0.5154711538338544,51547.11538338545,0.34773381631243827,34773.38163124383,0.7944021344079246,,,,,,,,
california_housing__traditional_relu__seed1__lr0p003__cfga3c9ff6fac65,a3c9ff6fac65,96b354dd2d4cd04c,2.12.1+cu130,0.27.1+cu130,1.9.0,2.5.2,0,4,2026-08-26T00:05:14.397465+00:00,ok,,california_housing,regression,traditional_relu,Traditional neuron + ReLU,traditional,0,after_neuron,0,1,1,0.5,0.5,1,2026,0.003,0.0001,0.0,200,86,66,20,0.0001,128,128,64,32,11521,11521,112.6191202539485,cuda,./results/lambda_psi_comparison/checkpoints/california_housing/traditional_relu/california_housing__traditional_relu__seed1__lr0p003__cfga3c9ff6fac65.pt,0.2529734717321026,,,0.2529734722202407,0.5029646828756873,50296.46828756873,0.3349955062735681,33499.55062735681,0.8215745431027457,0.2526490577431612,,,0.25264905741494154,0.5026420768448873,50264.20768448873,0.3300359486566149,33003.59486566149,0.8045086479139985,,,,,,,,
california_housing__traditional_relu__seed2__lr0p003__cfga3c9ff6fac65,a3c9ff6fac65,96b354dd2d4cd04c,2.12.1+cu130,0.27.1+cu130,1.9.0,2.5.2,0,4,2026-08-26T00:07:16.128212+00:00,ok,,california_housing,regression,traditional_relu,Traditional neuron + ReLU,traditional,0,after_neuron,0,1,1,0.5,0.5,2,2026,0.003,0.0001,0.0,200,92,72,20,0.0001,128,128,64,32,11521,11521,120.83268698421307,cuda,./results/lambda_psi_comparison/checkpoints/california_housing/traditional_relu/california_housing__traditional_relu__seed2__lr0p003__cfga3c9ff6fac65.pt,0.2539655422979547,,,0.2539655422863872,0.5039499402583427,50394.99402583427,0.3391919293866832,33919.19293866832,0.8208748232733394,0.2629811322504236,,,0.2629811325280207,0.5128168606120714,51281.68606120715,0.3453044771079638,34530.44771079638,0.7965140353301381,,,,,,,,
california_housing__traditional_relu__seed3__lr0p003__cfga3c9ff6fac65,a3c9ff6fac65,96b354dd2d4cd04c,2.12.1+cu130,0.27.1+cu130,1.9.0,2.5.2,0,4,2026-08-26T00:08:50.898949+00:00,ok,,california_housing,regression,traditional_relu,Traditional neuron + ReLU,traditional,0,after_neuron,0,1,1,0.5,0.5,3,2026,0.003,0.0001,0.0,200,70,50,20,0.0001,128,128,64,32,11521,11521,93.89447872899473,cuda,./results/lambda_psi_comparison/checkpoints/california_housing/traditional_relu/california_housing__traditional_relu__seed3__lr0p003__cfga3c9ff6fac65.pt,0.2567434301672056,,,0.2567434287669975,0.5066985580865585,50669.85580865585,0.340175467088472,34017.5467088472,0.8189155440644899,0.26434777457584707,,,0.2643477750048427,0.5141476198572184,51414.76198572184,0.3391061877514156,33910.61877514156,0.7954565732982362,,,,,,,,
california_housing__traditional_relu__seed4__lr0p003__cfga3c9ff6fac65,a3c9ff6fac65,96b354dd2d4cd04c,2.12.1+cu130,0.27.1+cu130,1.9.0,2.5.2,0,4,2026-08-26T00:10:36.376540+00:00,ok,,california_housing,regression,traditional_relu,Traditional neuron + ReLU,traditional,0,after_neuron,0,1,1,0.5,0.5,4,2026,0.003,0.0001,0.0,200,79,59,20,0.0001,128,128,64,32,11521,11521,104.59735692502,cuda,./results/lambda_psi_comparison/checkpoints/california_housing/traditional_relu/california_housing__traditional_relu__seed4__lr0p003__cfga3c9ff6fac65.pt,0.2571026061394418,,,0.25710260161934917,0.5070528588020673,50705.28588020673,0.3419797174603671,34197.97174603671,0.8186622148133099,0.26774351587591244,,,0.267743512796999,0.5174393807945032,51743.93807945032,0.3447539041670718,34475.39041670718,0.7928290654851835,,,,,,,,
california_housing__traditional_field__seed0__lr0p0003__cfg5a97e6821322,5a97e6821322,96b354dd2d4cd04c,2.12.1+cu130,0.27.1+cu130,1.9.0,2.5.2,0,4,2026-08-26T00:16:28.808711+00:00,ok,,california_housing,regression,traditional_field,Traditional neuron + Lambda-Psi,traditional,1,none,1,1,1,0.5,0.5,0,2026,0.0003,0.0001,0.0,200,175,155,20,0.0001,128,128,64,32,11529,11529,351.45972665096633,cuda,./results/lambda_psi_comparison/checkpoints/california_housing/traditional_field/california_housing__traditional_field__seed0__lr0p0003__cfg5a97e6821322.pt,0.5256684524144313,,,0.5256684483698795,0.7250299637738288,72502.99637738288,0.530740789520417,53074.0789520417,0.6292392547973968,0.5222916099452233,,,0.5222916094292673,0.722697453592627,72269.7453592627,0.5271189508475941,52711.89508475941,0.5958683006570245,0.5270646810531616,0.48425859212875366,0.5000481605529785,0.4776284694671631,0.42232629656791687,0.4649517834186554,0.4579642415046692,0.8415260910987854
california_housing__traditional_field__seed1__lr0p0003__cfg5a97e6821322,5a97e6821322,96b354dd2d4cd04c,2.12.1+cu130,0.27.1+cu130,1.9.0,2.5.2,0,4,2026-08-26T00:22:01.995209+00:00,ok,,california_housing,regression,traditional_field,Traditional neuron + Lambda-Psi,traditional,1,none,1,1,1,0.5,0.5,1,2026,0.0003,0.0001,0.0,200,171,151,20,0.0001,128,128,64,32,11529,11529,332.2270389490295,cuda,./results/lambda_psi_comparison/checkpoints/california_housing/traditional_field/california_housing__traditional_field__seed1__lr0p0003__cfg5a97e6821322.pt,0.527631052242693,,,0.5276310523634686,0.7263821668815037,72638.21668815037,0.5331830798554443,53318.30798554443,0.6278550048553332,0.5244660114133081,,,0.5244660118386723,0.7242002567236995,72420.02567236994,0.529490242917957,52949.0242917957,0.5941858211285318,0.5224885940551758,0.4851136803627014,0.5009737014770508,0.48193123936653137,0.4251801073551178,0.4628777801990509,0.45670846104621887,0.841665506362915
california_housing__traditional_field__seed2__lr0p0003__cfg5a97e6821322,5a97e6821322,96b354dd2d4cd04c,2.12.1+cu130,0.27.1+cu130,1.9.0,2.5.2,0,4,2026-08-26T00:27:41.339604+00:00,ok,,california_housing,regression,traditional_field,Traditional neuron + Lambda-Psi,traditional,1,none,1,1,1,0.5,0.5,2,2026,0.0003,0.0001,0.0,200,172,152,20,0.0001,128,128,64,32,11529,11529,338.4020098480396,cuda,./results/lambda_psi_comparison/checkpoints/california_housing/traditional_field/california_housing__traditional_field__seed2__lr0p0003__cfg5a97e6821322.pt,0.5258774147477261,,,0.5258774160374984,0.725174059131667,72517.4059131667,0.5301972957140253,53019.72957140253,0.629091867202783,0.5217458277709724,,,0.5217458281341684,0.7223197547721981,72231.9754772198,0.5263123764699802,52631.23764699802,0.5962906078859287,0.5247532725334167,0.4870908856391907,0.49910402297973633,0.4794214069843292,0.4334293007850647,0.4781033396720886,0.4611641764640808,0.8387712240219116
california_housing__traditional_field__seed3__lr0p0003__cfg5a97e6821322,5a97e6821322,96b354dd2d4cd04c,2.12.1+cu130,0.27.1+cu130,1.9.0,2.5.2,0,4,2026-08-26T00:33:13.648745+00:00,ok,,california_housing,regression,traditional_field,Traditional neuron + Lambda-Psi,traditional,1,none,1,1,1,0.5,0.5,3,2026,0.0003,0.0001,0.0,200,169,149,20,0.0001,128,128,64,32,11529,11529,331.32105510192923,cuda,./results/lambda_psi_comparison/checkpoints/california_housing/traditional_field/california_housing__traditional_field__seed3__lr0p0003__cfg5a97e6821322.pt,0.5262606606002926,,,0.526260652315081,0.7254382484506046,72543.82484506046,0.5311725450347561,53117.25450347561,0.6288215657070287,0.5228055687837823,,,0.5228055669959157,0.723052948957347,72305.2948957347,0.5275328521934417,52753.28521934417,0.595470617559977,0.5194128751754761,0.4870445430278778,0.4999054968357086,0.48157793283462524,0.429454505443573,0.4686885476112366,0.45688825845718384,0.8381993770599365
california_housing__traditional_field__seed4__lr0p0003__cfg5a97e6821322,5a97e6821322,96b354dd2d4cd04c,2.12.1+cu130,0.27.1+cu130,1.9.0,2.5.2,0,4,2026-08-26T00:38:42.145684+00:00,ok,,california_housing,regression,traditional_field,Traditional neuron + Lambda-Psi,traditional,1,none,1,1,1,0.5,0.5,4,2026,0.0003,0.0001,0.0,200,171,151,20,0.0001,128,128,64,32,11529,11529,327.5619660709053,cuda,./results/lambda_psi_comparison/checkpoints/california_housing/traditional_field/california_housing__traditional_field__seed4__lr0p0003__cfg5a97e6821322.pt,0.5254677633444468,,,0.5254677630679474,0.7248915526255961,72489.15526255961,0.5322927879241779,53229.27879241779,0.6293808007325321,0.5231189067049544,,,0.5231189109741834,0.7232695977117961,72326.95977117961,0.5290987404648128,52909.87404648127,0.5952281625173724,0.529759407043457,0.4883975088596344,0.5008801817893982,0.4816659390926361,0.42083024978637695,0.46044909954071045,0.45406651496887207,0.8412425518035889
california_housing__traditional_field__seed0__lr0p0005__cfg5a97e6821322,5a97e6821322,96b354dd2d4cd04c,2.12.1+cu130,0.27.1+cu130,1.9.0,2.5.2,0,4,2026-08-26T00:45:01.656988+00:00,ok,,california_housing,regression,traditional_field,Traditional neuron + Lambda-Psi,traditional,1,none,1,1,1,0.5,0.5,0,2026,0.0005,0.0001,0.0,200,194,174,20,0.0001,128,128,64,32,11529,11529,378.539171152981,cuda,./results/lambda_psi_comparison/checkpoints/california_housing/traditional_field/california_housing__traditional_field__seed0__lr0p0005__cfg5a97e6821322.pt,0.5161886543266533,,,0.5161886493783344,0.7184626986687161,71846.26986687162,0.524331064317231,52433.1064317231,0.6359254794497904,0.5127656778623891,,,0.5127656816435078,0.7160765892301659,71607.6589230166,0.520660916137574,52066.0916137574,0.6032391435240663,0.5638287663459778,0.4842293858528137,0.5338304042816162,0.45866888761520386,0.4089653789997101,0.4649377763271332,0.4496769309043884,0.93809974193573
california_housing__traditional_field__seed1__lr0p0005__cfg5a97e6821322,5a97e6821322,96b354dd2d4cd04c,2.12.1+cu130,0.27.1+cu130,1.9.0,2.5.2,0,4,2026-08-26T00:51:09.443064+00:00,ok,,california_housing,regression,traditional_field,Traditional neuron + Lambda-Psi,traditional,1,none,1,1,1,0.5,0.5,1,2026,0.0005,0.0001,0.0,200,185,165,20,0.0001,128,128,64,32,11529,11529,366.7807174490299,cuda,./results/lambda_psi_comparison/checkpoints/california_housing/traditional_field/california_housing__traditional_field__seed1__lr0p0005__cfg5a97e6821322.pt,0.5202129947584729,,,0.5202129996458542,0.7212579286537197,72125.79286537197,0.5275471699676773,52754.716996767726,0.6330870532349988,0.5173536465149517,,,0.5173536471614716,0.7192729990493676,71927.29990493676,0.5240920424035411,52409.20424035411,0.5996891299534333,0.5625829696655273,0.48884275555610657,0.5293986201286316,0.47016653418540955,0.40705692768096924,0.4549412131309509,0.4469301104545593,0.9390764236450195
california_housing__traditional_field__seed2__lr0p0005__cfg5a97e6821322,5a97e6821322,96b354dd2d4cd04c,2.12.1+cu130,0.27.1+cu130,1.9.0,2.5.2,0,4,2026-08-26T00:57:42.419891+00:00,ok,,california_housing,regression,traditional_field,Traditional neuron + Lambda-Psi,traditional,1,none,1,1,1,0.5,0.5,2,2026,0.0005,0.0001,0.0,200,196,176,20,0.0001,128,128,64,32,11529,11529,392.0363244980108,cuda,./results/lambda_psi_comparison/checkpoints/california_housing/traditional_field/california_housing__traditional_field__seed2__lr0p0005__cfg5a97e6821322.pt,0.5153418603793595,,,0.5153418545586611,0.7178731465646706,71787.31465646706,0.5228962782163953,52289.62782163953,0.6365227347717513,0.5118854637293853,,,0.5118854653763447,0.7154617148222151,71546.17148222151,0.5193616260572286,51936.16260572286,0.6039202252979563,0.5624690055847168,0.491589218378067,0.531170129776001,0.46439129114151,0.4247632920742035,0.48057612776756287,0.45428603887557983,0.9380083680152893
california_housing__traditional_field__seed3__lr0p0005__cfg5a97e6821322,5a97e6821322,96b354dd2d4cd04c,2.12.1+cu130,0.27.1+cu130,1.9.0,2.5.2,0,4,2026-08-26T01:03:52.717847+00:00,ok,,california_housing,regression,traditional_field,Traditional neuron + Lambda-Psi,traditional,1,none,1,1,1,0.5,0.5,3,2026,0.0005,0.0001,0.0,200,191,171,20,0.0001,128,128,64,32,11529,11529,369.3374191049952,cuda,./results/lambda_psi_comparison/checkpoints/california_housing/traditional_field/california_housing__traditional_field__seed3__lr0p0005__cfg5a97e6821322.pt,0.518783029659774,,,0.5187830246096655,0.7202659401982475,72026.59401982476,0.5262394681890574,52623.946818905744,0.6340956330949514,0.5155337790186091,,,0.5155337741975424,0.7180068065119873,71800.68065119874,0.5227837464772165,52278.37464772165,0.6010972865085514,0.5544444918632507,0.4929421842098236,0.5318722128868103,0.4686301052570343,0.4206824004650116,0.4665791094303131,0.44962120056152344,0.9382762312889099
california_housing__traditional_field__seed4__lr0p0005__cfg5a97e6821322,5a97e6821322,96b354dd2d4cd04c,2.12.1+cu130,0.27.1+cu130,1.9.0,2.5.2,0,4,2026-08-26T01:09:29.556462+00:00,ok,,california_housing,regression,traditional_field,Traditional neuron + Lambda-Psi,traditional,1,none,1,1,1,0.5,0.5,4,2026,0.0005,0.0001,0.0,200,171,151,20,0.0001,128,128,64,32,11529,11529,335.8742119651288,cuda,./results/lambda_psi_comparison/checkpoints/california_housing/traditional_field/california_housing__traditional_field__seed4__lr0p0005__cfg5a97e6821322.pt,0.5179950220640316,,,0.5179950306682078,0.7197187163525817,71971.87163525817,0.528229239866022,52822.923986602196,0.6346514153981427,0.5164933934692264,,,0.5164933950033421,0.7186747491065357,71867.47491065357,0.5255698526545262,52556.98526545262,0.6003547641705103,0.56866455078125,0.4948018789291382,0.5285793542861938,0.4709526300430298,0.40336874127388,0.45238882303237915,0.44377022981643677,0.934819757938385
california_housing__traditional_field__seed0__lr0p001__cfg5a97e6821322,5a97e6821322,96b354dd2d4cd04c,2.12.1+cu130,0.27.1+cu130,1.9.0,2.5.2,0,4,2026-08-26T01:16:04.861833+00:00,ok,,california_housing,regression,traditional_field,Traditional neuron + Lambda-Psi,traditional,1,none,1,1,1,0.5,0.5,0,2026,0.001,0.0001,0.0,200,200,186,20,0.0001,128,128,64,32,11529,11529,394.39559723297134,cuda,./results/lambda_psi_comparison/checkpoints/california_housing/traditional_field/california_housing__traditional_field__seed0__lr0p001__cfg5a97e6821322.pt,0.4288056081579637,,,0.42880560708402615,0.6548325030754247,65483.250307542476,0.46561257494974506,46561.2574949745,0.6975578676587015,0.44992309115653817,,,0.44992309202853836,0.6707630669830729,67076.3066983073,0.46872811685785537,46872.811685785535,0.6518646279731903,0.6547836661338806,0.48575663566589355,0.7351934313774109,0.40853485465049744,0.4094935357570648,0.4503850042819977,0.4270647466182709,0.9791752696037292
california_housing__traditional_field__seed1__lr0p001__cfg5a97e6821322,5a97e6821322,96b354dd2d4cd04c,2.12.1+cu130,0.27.1+cu130,1.9.0,2.5.2,0,4,2026-08-26T01:22:40.249754+00:00,ok,,california_housing,regression,traditional_field,Traditional neuron + Lambda-Psi,traditional,1,none,1,1,1,0.5,0.5,1,2026,0.001,0.0001,0.0,200,200,186,20,0.0001,128,128,64,32,11529,11529,394.4395016641356,cuda,./results/lambda_psi_comparison/checkpoints/california_housing/traditional_field/california_housing__traditional_field__seed1__lr0p001__cfg5a97e6821322.pt,0.4581701743972394,,,0.45817016786555764,0.6768826839752644,67688.26839752644,0.48391278088092804,48391.278088092804,0.6768466637208019,0.45827279072399285,,,0.45827278847419467,0.676958483567637,67695.8483567637,0.4843025002628565,48430.25002628565,0.6454039133979199,0.6876574158668518,0.4433690011501312,0.6980000138282776,0.40818658471107483,0.38602784276008606,0.44851258397102356,0.4288477301597595,0.986078143119812
california_housing__traditional_field__seed2__lr0p001__cfg5a97e6821322,5a97e6821322,96b354dd2d4cd04c,2.12.1+cu130,0.27.1+cu130,1.9.0,2.5.2,0,4,2026-08-26T01:29:05.130870+00:00,ok,,california_housing,regression,traditional_field,Traditional neuron + Lambda-Psi,traditional,1,none,1,1,1,0.5,0.5,2,2026,0.001,0.0001,0.0,200,200,188,20,0.0001,128,128,64,32,11529,11529,383.9126259100158,cuda,./results/lambda_psi_comparison/checkpoints/california_housing/traditional_field/california_housing__traditional_field__seed2__lr0p001__cfg5a97e6821322.pt,0.43790525475213693,,,0.4379052627629534,0.6617441067081394,66174.41067081394,0.47067363532765427,47067.36353276543,0.6911397629939295,0.44821648634681405,,,0.4482164863400142,0.6694897208621012,66948.97208621012,0.47251350677377263,47251.35067737726,0.6531851421161714,0.6653863191604614,0.4923076927661896,0.6898089647293091,0.42278391122817993,0.4141796827316284,0.45593541860580444,0.4342244565486908,0.9843806028366089
california_housing__traditional_field__seed3__lr0p001__cfg5a97e6821322,5a97e6821322,96b354dd2d4cd04c,2.12.1+cu130,0.27.1+cu130,1.9.0,2.5.2,0,4,2026-08-26T01:35:36.347844+00:00,ok,,california_housing,regression,traditional_field,Traditional neuron + Lambda-Psi,traditional,1,none,1,1,1,0.5,0.5,3,2026,0.001,0.0001,0.0,200,200,185,20,0.0001,128,128,64,32,11529,11529,390.25215526483953,cuda,./results/lambda_psi_comparison/checkpoints/california_housing/traditional_field/california_housing__traditional_field__seed3__lr0p001__cfg5a97e6821322.pt,0.45031630207401835,,,0.45031630044742893,0.6710561082707086,67105.61082707086,0.4787476511830969,47874.76511830969,0.6823860978369218,0.44890932057255,,,0.4489093206071119,0.670006955640844,67000.6955640844,0.4794456093290517,47944.56093290517,0.6526490502382428,0.6506311297416687,0.4710666537284851,0.7326430678367615,0.3990098834037781,0.3951917886734009,0.4560406506061554,0.4252982437610626,0.9852759838104248
california_housing__traditional_field__seed4__lr0p001__cfg5a97e6821322,5a97e6821322,96b354dd2d4cd04c,2.12.1+cu130,0.27.1+cu130,1.9.0,2.5.2,0,4,2026-08-26T01:42:21.780809+00:00,ok,,california_housing,regression,traditional_field,Traditional neuron + Lambda-Psi,traditional,1,none,1,1,1,0.5,0.5,4,2026,0.001,0.0001,0.0,200,200,192,20,0.0001,128,128,64,32,11529,11529,404.45554676488973,cuda,./results/lambda_psi_comparison/checkpoints/california_housing/traditional_field/california_housing__traditional_field__seed4__lr0p001__cfg5a97e6821322.pt,0.4176334426846615,,,0.4176334465042312,0.6462456549209683,64624.56549209683,0.4573671507338683,45736.71507338683,0.7054377367947188,0.45377308176469433,,,0.45377308435265623,0.6736268138610993,67362.68138610994,0.46072204745295203,46072.2047452952,0.648885633265419,0.6749461889266968,0.49361634254455566,0.6973761916160583,0.4246802031993866,0.4057167172431946,0.4255814552307129,0.41155925393104553,0.9812286496162415
california_housing__traditional_field__seed0__lr0p002__cfg5a97e6821322,5a97e6821322,96b354dd2d4cd04c,2.12.1+cu130,0.27.1+cu130,1.9.0,2.5.2,0,4,2026-08-26T01:43:07.606857+00:00,ok,,california_housing,regression,traditional_field,Traditional neuron + Lambda-Psi,traditional,1,none,1,1,1,0.5,0.5,0,2026,0.002,0.0001,0.0,200,23,3,20,0.0001,128,128,64,32,11529,11529,44.866854907013476,cuda,./results/lambda_psi_comparison/checkpoints/california_housing/traditional_field/california_housing__traditional_field__seed0__lr0p002__cfg5a97e6821322.pt,0.5273906613967215,,,0.5273906686110033,0.726216681584087,72621.6681584087,0.5278886883959982,52788.868839599825,0.6280245506203017,0.5479352525038312,,,0.5479352586982269,0.740226491486374,74022.6491486374,0.5277841867691324,52778.41867691324,0.5760261064319546,0.5081216096878052,0.4869033098220825,0.498640775680542,0.48544836044311523,0.4715677797794342,0.4834921956062317,0.5018376708030701,0.5313000082969666
california_housing__traditional_field__seed1__lr0p002__cfg5a97e6821322,5a97e6821322,96b354dd2d4cd04c,2.12.1+cu130,0.27.1+cu130,1.9.0,2.5.2,0,4,2026-08-26T01:49:34.013161+00:00,ok,,california_housing,regression,traditional_field,Traditional neuron + Lambda-Psi,traditional,1,none,1,1,1,0.5,0.5,1,2026,0.002,0.0001,0.0,200,198,178,20,0.0001,128,128,64,32,11529,11529,385.4471251280047,cuda,./results/lambda_psi_comparison/checkpoints/california_housing/traditional_field/california_housing__traditional_field__seed1__lr0p002__cfg5a97e6821322.pt,0.3458131560983584,,,0.3458131562464137,0.5880588033916453,58805.88033916453,0.40903411808517554,40903.41180851755,0.7560935150123971,0.34433433760044185,,,0.3443343416056007,0.5868000865759997,58680.00865759997,0.40661052793495417,40661.052793495415,0.7335656554634702,0.7276173830032349,0.3834258019924164,0.8793681263923645,0.3270684480667114,0.33805790543556213,0.4657927453517914,0.4050426483154297,0.9889933466911316
california_housing__traditional_field__seed2__lr0p002__cfg5a97e6821322,5a97e6821322,96b354dd2d4cd04c,2.12.1+cu130,0.27.1+cu130,1.9.0,2.5.2,0,4,2026-08-26T01:55:56.567827+00:00,ok,,california_housing,regression,traditional_field,Traditional neuron + Lambda-Psi,traditional,1,none,1,1,1,0.5,0.5,2,2026,0.002,0.0001,0.0,200,200,183,20,0.0001,128,128,64,32,11529,11529,381.6121256048791,cuda,./results/lambda_psi_comparison/checkpoints/california_housing/traditional_field/california_housing__traditional_field__seed2__lr0p002__cfg5a97e6821322.pt,0.3390570659508077,,,0.33905707308763045,0.5822860749559708,58228.60749559708,0.40406629646038134,40406.629646038135,0.760858667713437,0.3455046798831733,,,0.34550468188791744,0.5877964629766986,58779.64629766986,0.406290270637201,40629.0270637201,0.7326600854742855,0.7420403957366943,0.4537181556224823,0.8326854109764099,0.43237584829330444,0.47538265585899353,0.4342755079269409,0.3961975872516632,0.9842095375061035
california_housing__traditional_field__seed3__lr0p002__cfg5a97e6821322,5a97e6821322,96b354dd2d4cd04c,2.12.1+cu130,0.27.1+cu130,1.9.0,2.5.2,0,4,2026-08-26T02:02:20.140125+00:00,ok,,california_housing,regression,traditional_field,Traditional neuron + Lambda-Psi,traditional,1,none,1,1,1,0.5,0.5,3,2026,0.002,0.0001,0.0,200,197,177,20,0.0001,128,128,64,32,11529,11529,382.6111361430958,cuda,./results/lambda_psi_comparison/checkpoints/california_housing/traditional_field/california_housing__traditional_field__seed3__lr0p002__cfg5a97e6821322.pt,0.3399114754310874,,,0.3399114706986038,0.5830192712926424,58301.927129264244,0.40895721974039034,40895.721974039036,0.7602560500445886,0.3399312034133793,,,0.3399312026649838,0.583036193271896,58303.619327189605,0.4071754371790692,40717.54371790692,0.7369726564383839,0.589474081993103,0.37988096475601196,0.8706680536270142,0.373091459274292,0.4065806567668915,0.46604228019714355,0.4245108962059021,0.9882410168647766
california_housing__traditional_field__seed4__lr0p002__cfg5a97e6821322,5a97e6821322,96b354dd2d4cd04c,2.12.1+cu130,0.27.1+cu130,1.9.0,2.5.2,0,4,2026-08-26T02:08:30.094329+00:00,ok,,california_housing,regression,traditional_field,Traditional neuron + Lambda-Psi,traditional,1,none,1,1,1,0.5,0.5,4,2026,0.002,0.0001,0.0,200,182,162,20,0.0001,128,128,64,32,11529,11529,369.03466211189516,cuda,./results/lambda_psi_comparison/checkpoints/california_housing/traditional_field/california_housing__traditional_field__seed4__lr0p002__cfg5a97e6821322.pt,0.3320824790370557,,,0.3320824782564531,0.5762659787428485,57626.597874284846,0.4033163131265215,40331.63131265215,0.7657779395189117,0.3406067832495815,,,0.3406067806358759,0.583615267651452,58361.5267651452,0.4058585017630758,40585.850176307584,0.7364499169026797,0.6976442933082581,0.4574783742427826,0.8533797860145569,0.465109646320343,0.43603938817977905,0.40931907296180725,0.3958897590637207,0.9743881821632385
california_housing__traditional_field__seed0__lr0p003__cfg5a97e6821322,5a97e6821322,96b354dd2d4cd04c,2.12.1+cu130,0.27.1+cu130,1.9.0,2.5.2,0,4,2026-08-26T02:15:09.565298+00:00,ok,,california_housing,regression,traditional_field,Traditional neuron + Lambda-Psi,traditional,1,none,1,1,1,0.5,0.5,0,2026,0.003,0.0001,0.0,200,200,183,20,0.0001,128,128,64,32,11529,11529,398.54325038706884,cuda,./results/lambda_psi_comparison/checkpoints/california_housing/traditional_field/california_housing__traditional_field__seed0__lr0p003__cfg5a97e6821322.pt,0.28108642336934114,,,0.2810864238453579,0.5301758423819006,53017.584238190066,0.3589052115097757,35890.52115097757,0.8017461152663483,0.28302149994428766,,,0.28302150311672386,0.5319976533000158,53199.76533000158,0.35851195051746315,35851.19505174631,0.7810074698880363,0.6998651027679443,0.17454993724822998,0.9742152690887451,0.38021349906921387,0.4371151030063629,0.44330745935440063,0.415190726518631,0.9934996366500854
california_housing__traditional_field__seed1__lr0p003__cfg5a97e6821322,5a97e6821322,96b354dd2d4cd04c,2.12.1+cu130,0.27.1+cu130,1.9.0,2.5.2,0,4,2026-08-26T02:21:33.861838+00:00,ok,,california_housing,regression,traditional_field,Traditional neuron + Lambda-Psi,traditional,1,none,1,1,1,0.5,0.5,1,2026,0.003,0.0001,0.0,200,198,178,20,0.0001,128,128,64,32,11529,11529,383.3038775869645,cuda,./results/lambda_psi_comparison/checkpoints/california_housing/traditional_field/california_housing__traditional_field__seed1__lr0p003__cfg5a97e6821322.pt,0.2832271229158076,,,0.2832271183434739,0.5321908664600267,53219.08664600267,0.3581952492944723,35819.52492944723,0.8002362557915522,0.2874594617259595,,,0.28745946347473356,0.5361524629009304,53615.24629009304,0.3610652268416602,36106.52268416602,0.7775735252702793,0.6601109504699707,0.1638147085905075,0.9372371435165405,0.3900468349456787,0.4917578399181366,0.4186823070049286,0.40977492928504944,0.9937545657157898
california_housing__traditional_field__seed2__lr0p003__cfg5a97e6821322,5a97e6821322,96b354dd2d4cd04c,2.12.1+cu130,0.27.1+cu130,1.9.0,2.5.2,0,4,2026-08-26T02:28:08.959097+00:00,ok,,california_housing,regression,traditional_field,Traditional neuron + Lambda-Psi,traditional,1,none,1,1,1,0.5,0.5,2,2026,0.003,0.0001,0.0,200,200,183,20,0.0001,128,128,64,32,11529,11529,394.12026169593446,cuda,./results/lambda_psi_comparison/checkpoints/california_housing/traditional_field/california_housing__traditional_field__seed2__lr0p003__cfg5a97e6821322.pt,0.28617132380027177,,,0.2861713222540841,0.5349498315301016,53494.98315301016,0.3559350187839695,35593.50187839695,0.7981596707514735,0.2822447511576867,,,0.2822447531570989,0.5312671203425814,53126.71203425814,0.35507414377720437,35507.41437772044,0.78160849290943,0.7327125072479248,0.13142961263656616,0.9250559210777283,0.37602245807647705,0.5350633859634399,0.4361245930194855,0.3947733938694,0.9936321377754211
california_housing__traditional_field__seed3__lr0p003__cfg5a97e6821322,5a97e6821322,96b354dd2d4cd04c,2.12.1+cu130,0.27.1+cu130,1.9.0,2.5.2,0,4,2026-08-26T02:34:19.507993+00:00,ok,,california_housing,regression,traditional_field,Traditional neuron + Lambda-Psi,traditional,1,none,1,1,1,0.5,0.5,3,2026,0.003,0.0001,0.0,200,197,177,20,0.0001,128,128,64,32,11529,11529,369.5363308680244,cuda,./results/lambda_psi_comparison/checkpoints/california_housing/traditional_field/california_housing__traditional_field__seed3__lr0p003__cfg5a97e6821322.pt,0.27919747639996134,,,0.2791974753082555,0.5283914035147198,52839.14035147198,0.36218992710229037,36218.99271022904,0.8030784150637533,0.28660191537797913,,,0.28660191131693064,0.5353521376784917,53535.21376784916,0.36201307228080526,36201.30722808053,0.7782370703178187,0.63411545753479,0.21538782119750977,0.9420220255851746,0.3302569091320038,0.49291959404945374,0.4841116964817047,0.43647801876068115,0.9936665892601013
california_housing__traditional_field__seed4__lr0p003__cfg5a97e6821322,5a97e6821322,96b354dd2d4cd04c,2.12.1+cu130,0.27.1+cu130,1.9.0,2.5.2,0,4,2026-08-26T02:40:47.641526+00:00,ok,,california_housing,regression,traditional_field,Traditional neuron + Lambda-Psi,traditional,1,none,1,1,1,0.5,0.5,4,2026,0.003,0.0001,0.0,200,199,179,20,0.0001,128,128,64,32,11529,11529,387.1890542740002,cuda,./results/lambda_psi_comparison/checkpoints/california_housing/traditional_field/california_housing__traditional_field__seed4__lr0p003__cfg5a97e6821322.pt,0.2964322488437327,,,0.2964322500708891,0.5444559211459539,54445.59211459538,0.3744412342577364,37444.12342577364,0.7909225058510003,0.30603885650634766,,,0.30603885954439547,0.5532077905673378,55320.77905673378,0.37500163202368936,37500.16320236894,0.7631974128249663,0.7334511876106262,0.33364275097846985,0.9312576651573181,0.47937077283859253,0.45855650305747986,0.4182850420475006,0.41329845786094666,0.9887816309928894
california_housing__traditional_field_relu__seed0__lr0p0003__cfga0b05fc8e950,a0b05fc8e950,96b354dd2d4cd04c,2.12.1+cu130,0.27.1+cu130,1.9.0,2.5.2,0,4,2026-08-26T02:47:17.706016+00:00,ok,,california_housing,regression,traditional_field_relu,Traditional neuron + Lambda-Psi + ReLU,traditional,1,after_field,1,1,1,0.5,0.5,0,2026,0.0003,0.0001,0.0,200,193,173,20,0.0001,128,128,64,32,11529,11529,389.0912845679559,cuda,./results/lambda_psi_comparison/checkpoints/california_housing/traditional_field_relu/california_housing__traditional_field_relu__seed0__lr0p0003__cfga0b05fc8e950.pt,0.30216914230538894,,,0.30216914009516554,0.5496991359781872,54969.91359781872,0.3762773192783659,37627.73192783659,0.7868762032297528,0.30875432260276736,,,0.3087543226506309,0.5556566589636364,55565.66589636364,0.3788774763703231,37887.74763703231,0.7610962787079062,0.44416818022727966,0.42669957876205444,0.43384310603141785,0.4386167824268341,0.43919771909713745,0.4412909746170044,0.45081284642219543,0.5283524394035339
california_housing__traditional_field_relu__seed1__lr0p0003__cfga0b05fc8e950,a0b05fc8e950,96b354dd2d4cd04c,2.12.1+cu130,0.27.1+cu130,1.9.0,2.5.2,0,4,2026-08-26T02:53:55.973501+00:00,ok,,california_housing,regression,traditional_field_relu,Traditional neuron + Lambda-Psi + ReLU,traditional,1,after_field,1,1,1,0.5,0.5,1,2026,0.0003,0.0001,0.0,200,198,178,20,0.0001,128,128,64,32,11529,11529,397.30573085695505,cuda,./results/lambda_psi_comparison/checkpoints/california_housing/traditional_field_relu/california_housing__traditional_field_relu__seed1__lr0p0003__cfga0b05fc8e950.pt,0.2968941049058308,,,0.29689410256116405,0.544879897372957,54487.98973729569,0.3745437806486621,37454.378064866214,0.7905967553251716,0.3037980647050133,,,0.3037980653374525,0.5511787961609668,55117.879616096674,0.3749924968321656,37499.24968321656,0.7649312640957522,0.4186638593673706,0.43601346015930176,0.43536898493766785,0.4471212327480316,0.4383164942264557,0.4434003233909607,0.4461454451084137,0.5415629148483276
california_housing__traditional_field_relu__seed2__lr0p0003__cfga0b05fc8e950,a0b05fc8e950,96b354dd2d4cd04c,2.12.1+cu130,0.27.1+cu130,1.9.0,2.5.2,0,4,2026-08-26T03:00:15.397243+00:00,ok,,california_housing,regression,traditional_field_relu,Traditional neuron + Lambda-Psi + ReLU,traditional,1,after_field,1,1,1,0.5,0.5,2,2026,0.0003,0.0001,0.0,200,193,173,20,0.0001,128,128,64,32,11529,11529,378.43600382399745,cuda,./results/lambda_psi_comparison/checkpoints/california_housing/traditional_field_relu/california_housing__traditional_field_relu__seed2__lr0p0003__cfga0b05fc8e950.pt,0.3065878113572912,,,0.306587807277391,0.5537037179551814,55370.371795518135,0.3803419220268495,38034.19220268495,0.7837596602027469,0.3162243130595185,,,0.31622431187613365,0.5623382539683155,56233.82539683155,0.38249327299408903,38249.327299408906,0.7553162520230529,0.44340255856513977,0.4361315667629242,0.4469360113143921,0.4549209773540497,0.4416183531284332,0.43961820006370544,0.449898898601532,0.5073307752609253
california_housing__traditional_field_relu__seed3__lr0p0003__cfga0b05fc8e950,a0b05fc8e950,96b354dd2d4cd04c,2.12.1+cu130,0.27.1+cu130,1.9.0,2.5.2,0,4,2026-08-26T03:06:23.592164+00:00,ok,,california_housing,regression,traditional_field_relu,Traditional neuron + Lambda-Psi + ReLU,traditional,1,after_field,1,1,1,0.5,0.5,3,2026,0.0003,0.0001,0.0,200,188,168,20,0.0001,128,128,64,32,11529,11529,367.31130748288706,cuda,./results/lambda_psi_comparison/checkpoints/california_housing/traditional_field_relu/california_housing__traditional_field_relu__seed3__lr0p0003__cfga0b05fc8e950.pt,0.2940671658793161,,,0.29406716451103,0.5422795999399479,54227.95999399479,0.3739471692996201,37394.71692996201,0.7925906312394662,0.3016756828441176,,,0.3016756817596285,0.5492501085658777,54925.010856587774,0.3756425947297451,37564.25947297451,0.7665734932001044,0.4386101961135864,0.42053353786468506,0.43958142399787903,0.45769792795181274,0.4386748969554901,0.4387081265449524,0.4479134976863861,0.5262627601623535
california_housing__traditional_field_relu__seed4__lr0p0003__cfga0b05fc8e950,a0b05fc8e950,96b354dd2d4cd04c,2.12.1+cu130,0.27.1+cu130,1.9.0,2.5.2,0,4,2026-08-26T03:12:52.470357+00:00,ok,,california_housing,regression,traditional_field_relu,Traditional neuron + Lambda-Psi + ReLU,traditional,1,after_field,1,1,1,0.5,0.5,4,2026,0.0003,0.0001,0.0,200,199,179,20,0.0001,128,128,64,32,11529,11529,387.92380496300757,cuda,./results/lambda_psi_comparison/checkpoints/california_housing/traditional_field_relu/california_housing__traditional_field_relu__seed4__lr0p0003__cfga0b05fc8e950.pt,0.2992123850556307,,,0.2992123805277772,0.5470030900532256,54700.30900532255,0.3759141800593036,37591.41800593036,0.7889616439367029,0.30659313326658205,,,0.3065931346421039,0.5537085285979474,55370.85285979474,0.3779898772319389,37798.98772319389,0.762768533376979,0.44303205609321594,0.42950984835624695,0.4307798445224762,0.44499585032463074,0.4386224150657654,0.4413093626499176,0.44654586911201477,0.5350890159606934
california_housing__traditional_field_relu__seed0__lr0p0005__cfga0b05fc8e950,a0b05fc8e950,96b354dd2d4cd04c,2.12.1+cu130,0.27.1+cu130,1.9.0,2.5.2,0,4,2026-08-26T03:19:17.734927+00:00,ok,,california_housing,regression,traditional_field_relu,Traditional neuron + Lambda-Psi + ReLU,traditional,1,after_field,1,1,1,0.5,0.5,0,2026,0.0005,0.0001,0.0,200,197,177,20,0.0001,128,128,64,32,11529,11529,384.3137204670347,cuda,./results/lambda_psi_comparison/checkpoints/california_housing/traditional_field_relu/california_housing__traditional_field_relu__seed0__lr0p0005__cfga0b05fc8e950.pt,0.27572704123896224,,,0.27572704240551216,0.5250971742501688,52509.717425016875,0.35692863761223564,35692.86376122356,0.8055261562077898,0.28634903227636055,,,0.2863490325665355,0.5351159057312121,53511.59057312121,0.3600671280088813,36006.71280088813,0.7784327393986155,0.42502301931381226,0.4043888747692108,0.4260513186454773,0.4264330565929413,0.42911025881767273,0.4297967553138733,0.43844547867774963,0.49451744556427
california_housing__traditional_field_relu__seed1__lr0p0005__cfga0b05fc8e950,a0b05fc8e950,96b354dd2d4cd04c,2.12.1+cu130,0.27.1+cu130,1.9.0,2.5.2,0,4,2026-08-26T03:25:37.797388+00:00,ok,,california_housing,regression,traditional_field_relu,Traditional neuron + Lambda-Psi + ReLU,traditional,1,after_field,1,1,1,0.5,0.5,1,2026,0.0005,0.0001,0.0,200,185,165,20,0.0001,128,128,64,32,11529,11529,379.04974513687193,cuda,./results/lambda_psi_comparison/checkpoints/california_housing/traditional_field_relu/california_housing__traditional_field_relu__seed1__lr0p0005__cfga0b05fc8e950.pt,0.28191448343816655,,,0.281914481805224,0.5309561957499168,53095.61957499168,0.36314107919501704,36314.1079195017,0.8011620752935804,0.28643362050832705,,,0.2864336244337633,0.5351949405905883,53519.49405905882,0.359732208607444,35973.2208607444,0.7783672850538852,0.41273948550224304,0.42331284284591675,0.4289693832397461,0.44496554136276245,0.42755600810050964,0.4328880310058594,0.4339418411254883,0.5472856760025024
california_housing__traditional_field_relu__seed2__lr0p0005__cfga0b05fc8e950,a0b05fc8e950,96b354dd2d4cd04c,2.12.1+cu130,0.27.1+cu130,1.9.0,2.5.2,0,4,2026-08-26T03:32:20.317669+00:00,ok,,california_housing,regression,traditional_field_relu,Traditional neuron + Lambda-Psi + ReLU,traditional,1,after_field,1,1,1,0.5,0.5,2,2026,0.0005,0.0001,0.0,200,199,179,20,0.0001,128,128,64,32,11529,11529,401.5149920079857,cuda,./results/lambda_psi_comparison/checkpoints/california_housing/traditional_field_relu/california_housing__traditional_field_relu__seed2__lr0p0005__cfga0b05fc8e950.pt,0.2874438092690106,,,0.28744380844045014,0.5361378632781406,53613.786327814065,0.36087530393644357,36087.53039364436,0.7972621698111373,0.29133646640666694,,,0.2913364659074842,0.5397559317946253,53975.593179462536,0.36123198006562024,36123.19800656202,0.7745736310479377,0.4358179271221161,0.41155314445495605,0.43860819935798645,0.4486195147037506,0.4303853511810303,0.4256536662578583,0.43516474962234497,0.5026058554649353
california_housing__traditional_field_relu__seed3__lr0p0005__cfga0b05fc8e950,a0b05fc8e950,96b354dd2d4cd04c,2.12.1+cu130,0.27.1+cu130,1.9.0,2.5.2,0,4,2026-08-26T03:38:32.031028+00:00,ok,,california_housing,regression,traditional_field_relu,Traditional neuron + Lambda-Psi + ReLU,traditional,1,after_field,1,1,1,0.5,0.5,3,2026,0.0005,0.0001,0.0,200,188,168,20,0.0001,128,128,64,32,11529,11529,370.79598383791745,cuda,./results/lambda_psi_comparison/checkpoints/california_housing/traditional_field_relu/california_housing__traditional_field_relu__seed3__lr0p0005__cfga0b05fc8e950.pt,0.27610781950544017,,,0.2761078142289975,0.5254596218825929,52545.96218825929,0.35962541602089887,35962.541602089885,0.8052575929233368,0.2879642072574113,,,0.28796420629790037,0.5366229647507647,53662.296475076466,0.3619974951887893,36199.74951887893,0.7771829722321395,0.42622268199920654,0.41913092136383057,0.4407123923301697,0.44520407915115356,0.42912617325782776,0.4251435697078705,0.4343731999397278,0.5058791637420654
california_housing__traditional_field_relu__seed4__lr0p0005__cfga0b05fc8e950,a0b05fc8e950,96b354dd2d4cd04c,2.12.1+cu130,0.27.1+cu130,1.9.0,2.5.2,0,4,2026-08-26T03:45:05.529986+00:00,ok,,california_housing,regression,traditional_field_relu,Traditional neuron + Lambda-Psi + ReLU,traditional,1,after_field,1,1,1,0.5,0.5,4,2026,0.0005,0.0001,0.0,200,199,179,20,0.0001,128,128,64,32,11529,11529,392.5738931449596,cuda,./results/lambda_psi_comparison/checkpoints/california_housing/traditional_field_relu/california_housing__traditional_field_relu__seed4__lr0p0005__cfga0b05fc8e950.pt,0.279752955880276,,,0.2797529553316177,0.5289167754303296,52891.67754303296,0.35962167922263,35962.167922263,0.8026866278297172,0.28663924267125684,,,0.28663924390752316,0.5353870038649828,53538.70038649828,0.35992538352143166,35992.538352143165,0.7782081836135243,0.4342731535434723,0.4053138494491577,0.42818567156791687,0.43185895681381226,0.4295612573623657,0.43090754747390747,0.434537798166275,0.5122947692871094
california_housing__traditional_field_relu__seed0__lr0p001__cfga0b05fc8e950,a0b05fc8e950,96b354dd2d4cd04c,2.12.1+cu130,0.27.1+cu130,1.9.0,2.5.2,0,4,2026-08-26T03:50:42.769315+00:00,ok,,california_housing,regression,traditional_field_relu,Traditional neuron + Lambda-Psi + ReLU,traditional,1,after_field,1,1,1,0.5,0.5,0,2026,0.001,0.0001,0.0,200,175,155,20,0.0001,128,128,64,32,11529,11529,336.2956108779181,cuda,./results/lambda_psi_comparison/checkpoints/california_housing/traditional_field_relu/california_housing__traditional_field_relu__seed0__lr0p001__cfga0b05fc8e950.pt,0.27024195152659747,,,0.27024194996946377,0.5198480066033376,51984.80066033376,0.3524688134590785,35246.88134590785,0.8093948627383052,0.28387487766354585,,,0.2838748759667835,0.5327990953134056,53279.90953134056,0.35806727618729883,35806.727618729885,0.7803471586484116,0.43005284667015076,0.41521793603897095,0.4394363462924957,0.40264832973480225,0.432413250207901,0.4270152151584625,0.4388159215450287,0.4663205146789551
california_housing__traditional_field_relu__seed1__lr0p001__cfga0b05fc8e950,a0b05fc8e950,96b354dd2d4cd04c,2.12.1+cu130,0.27.1+cu130,1.9.0,2.5.2,0,4,2026-08-26T03:56:38.879087+00:00,ok,,california_housing,regression,traditional_field_relu,Traditional neuron + Lambda-Psi + ReLU,traditional,1,after_field,1,1,1,0.5,0.5,1,2026,0.001,0.0001,0.0,200,185,165,20,0.0001,128,128,64,32,11529,11529,355.1627954049036,cuda,./results/lambda_psi_comparison/checkpoints/california_housing/traditional_field_relu/california_housing__traditional_field_relu__seed1__lr0p001__cfga0b05fc8e950.pt,0.2656651776890422,,,0.2656651756450248,0.5154271778292495,51542.71778292495,0.34703833270500334,34703.833270500334,0.8126229207745357,0.27274544386900673,,,0.2727454412341128,0.5222503625983546,52225.036259835455,0.3475607274851018,34756.07274851018,0.7889587413161016,0.39619481563568115,0.4297238886356354,0.4306519031524658,0.4223468005657196,0.42625725269317627,0.42232322692871094,0.4315684735774994,0.5595834255218506
california_housing__traditional_field_relu__seed2__lr0p001__cfga0b05fc8e950,a0b05fc8e950,96b354dd2d4cd04c,2.12.1+cu130,0.27.1+cu130,1.9.0,2.5.2,0,4,2026-08-26T04:01:00.540913+00:00,ok,,california_housing,regression,traditional_field_relu,Traditional neuron + Lambda-Psi + ReLU,traditional,1,after_field,1,1,1,0.5,0.5,2,2026,0.001,0.0001,0.0,200,140,120,20,0.0001,128,128,64,32,11529,11529,260.636615752941,cuda,./results/lambda_psi_comparison/checkpoints/california_housing/traditional_field_relu/california_housing__traditional_field_relu__seed2__lr0p001__cfga0b05fc8e950.pt,0.2665082179298697,,,0.2665082206632467,0.5162443420157229,51624.43420157229,0.3476163246199604,34761.632461996036,0.812028310235964,0.2769782330638679,,,0.2769782279390402,0.5262872105030106,52628.721050301065,0.34928713777181947,34928.71377718195,0.785683553177644,0.4196509122848511,0.4357779026031494,0.435274213552475,0.4444965422153473,0.4383062422275543,0.4267602264881134,0.4415585398674011,0.5273430943489075
california_housing__traditional_field_relu__seed3__lr0p001__cfga0b05fc8e950,a0b05fc8e950,96b354dd2d4cd04c,2.12.1+cu130,0.27.1+cu130,1.9.0,2.5.2,0,4,2026-08-26T04:07:00.019965+00:00,ok,,california_housing,regression,traditional_field_relu,Traditional neuron + Lambda-Psi + ReLU,traditional,1,after_field,1,1,1,0.5,0.5,3,2026,0.001,0.0001,0.0,200,188,168,20,0.0001,128,128,64,32,11529,11529,358.4877081210725,cuda,./results/lambda_psi_comparison/checkpoints/california_housing/traditional_field_relu/california_housing__traditional_field_relu__seed3__lr0p001__cfga0b05fc8e950.pt,0.26368162497993586,,,0.263681621572073,0.5134993880931826,51349.938809318264,0.34660276939529316,34660.276939529314,0.8140219470781265,0.2742637234140736,,,0.27426372191005194,0.5237019399525382,52370.19399525382,0.3472644372142909,34726.44372142909,0.7877839467404862,0.4128912389278412,0.4280376434326172,0.4506644308567047,0.42627933621406555,0.43187135457992554,0.41753891110420227,0.4321886897087097,0.48835980892181396
california_housing__traditional_field_relu__seed4__lr0p001__cfga0b05fc8e950,a0b05fc8e950,96b354dd2d4cd04c,2.12.1+cu130,0.27.1+cu130,1.9.0,2.5.2,0,4,2026-08-26T04:12:44.349680+00:00,ok,,california_housing,regression,traditional_field_relu,Traditional neuron + Lambda-Psi + ReLU,traditional,1,after_field,1,1,1,0.5,0.5,4,2026,0.001,0.0001,0.0,200,178,158,20,0.0001,128,128,64,32,11529,11529,343.3512577340007,cuda,./results/lambda_psi_comparison/checkpoints/california_housing/traditional_field_relu/california_housing__traditional_field_relu__seed4__lr0p001__cfga0b05fc8e950.pt,0.2655615497005078,,,0.26556155115631713,0.5153266451061085,51532.66451061085,0.34673298820275666,34673.29882027567,0.8126960084646445,0.2734257611193398,,,0.27342575745726344,0.5229012884448301,52290.128844483006,0.34751319731477387,34751.319731477386,0.7884323354799961,0.4177517890930176,0.41145622730255127,0.44253161549568176,0.4195225238800049,0.42888763546943665,0.4244110882282257,0.43232595920562744,0.5129677057266235
california_housing__traditional_field_relu__seed0__lr0p002__cfga0b05fc8e950,a0b05fc8e950,96b354dd2d4cd04c,2.12.1+cu130,0.27.1+cu130,1.9.0,2.5.2,0,4,2026-08-26T04:17:36.565299+00:00,ok,,california_housing,regression,traditional_field_relu,Traditional neuron + Lambda-Psi + ReLU,traditional,1,after_field,1,1,1,0.5,0.5,0,2026,0.002,0.0001,0.0,200,143,123,20,0.0001,128,128,64,32,11529,11529,291.26169612281956,cuda,./results/lambda_psi_comparison/checkpoints/california_housing/traditional_field_relu/california_housing__traditional_field_relu__seed0__lr0p002__cfga0b05fc8e950.pt,0.26414093259693117,,,0.2641409336508777,0.5139464307210214,51394.64307210214,0.3417433760482673,34174.33760482673,0.8136979883373151,0.2664365523545317,,,0.26643654924986643,0.5161749211748538,51617.49211748537,0.3382693989736627,33826.93989736627,0.7938403499663934,0.4154869318008423,0.480297327041626,0.4770735800266266,0.3814803659915924,0.45331138372421265,0.4271165430545807,0.45718833804130554,0.4429778754711151
california_housing__traditional_field_relu__seed1__lr0p002__cfga0b05fc8e950,a0b05fc8e950,96b354dd2d4cd04c,2.12.1+cu130,0.27.1+cu130,1.9.0,2.5.2,0,4,2026-08-26T04:21:10.361536+00:00,ok,,california_housing,regression,traditional_field_relu,Traditional neuron + Lambda-Psi + ReLU,traditional,1,after_field,1,1,1,0.5,0.5,1,2026,0.002,0.0001,0.0,200,110,90,20,0.0001,128,128,64,32,11529,11529,212.82434367993847,cuda,./results/lambda_psi_comparison/checkpoints/california_housing/traditional_field_relu/california_housing__traditional_field_relu__seed1__lr0p002__cfga0b05fc8e950.pt,0.258669095445973,,,0.2586690913198568,0.508595213622638,50859.521362263804,0.34029093487260414,34029.09348726041,0.8175573493976407,0.2725103215653767,,,0.2725103220754356,0.522025212107074,52202.5212107074,0.3435644372474662,34356.44372474662,0.7891406686215166,0.38678035140037537,0.4779604375362396,0.4402504563331604,0.43460795283317566,0.45811209082603455,0.44086259603500366,0.4667724072933197,0.5472302436828613
california_housing__traditional_field_relu__seed2__lr0p002__cfga0b05fc8e950,a0b05fc8e950,96b354dd2d4cd04c,2.12.1+cu130,0.27.1+cu130,1.9.0,2.5.2,0,4,2026-08-26T04:24:47.411219+00:00,ok,,california_housing,regression,traditional_field_relu,Traditional neuron + Lambda-Psi + ReLU,traditional,1,after_field,1,1,1,0.5,0.5,2,2026,0.002,0.0001,0.0,200,110,90,20,0.0001,128,128,64,32,11529,11529,216.08585501485504,cuda,./results/lambda_psi_comparison/checkpoints/california_housing/traditional_field_relu/california_housing__traditional_field_relu__seed2__lr0p002__cfga0b05fc8e950.pt,0.25723489991916243,,,0.2572348976321033,0.5071832978639017,50718.32978639017,0.3437062947209491,34370.62947209491,0.8185689047270224,0.2703902030638022,,,0.2703902018092887,0.5199905785774284,51999.05785774284,0.3468815948698641,34688.159486986406,0.7907811464513359,0.41894131898880005,0.47406914830207825,0.461574912071228,0.43201205134391785,0.4691566526889801,0.4394832253456116,0.4683760702610016,0.5358925461769104
california_housing__traditional_field_relu__seed3__lr0p002__cfga0b05fc8e950,a0b05fc8e950,96b354dd2d4cd04c,2.12.1+cu130,0.27.1+cu130,1.9.0,2.5.2,0,4,2026-08-26T04:29:47.659705+00:00,ok,,california_housing,regression,traditional_field_relu,Traditional neuron + Lambda-Psi + ReLU,traditional,1,after_field,1,1,1,0.5,0.5,3,2026,0.002,0.0001,0.0,200,148,128,20,0.0001,128,128,64,32,11529,11529,299.3226848479826,cuda,./results/lambda_psi_comparison/checkpoints/california_housing/traditional_field_relu/california_housing__traditional_field_relu__seed3__lr0p002__cfga0b05fc8e950.pt,0.25315371282802995,,,0.253153708918418,0.5031438252810204,50314.38252810204,0.33913148649383423,33913.14864938342,0.8214474198319155,0.2644658123337945,,,0.26446581366071203,0.5142623976733202,51426.239767332016,0.3395415885633854,33954.15885633854,0.7953652389522052,0.3903754949569702,0.48083582520484924,0.4697999954223633,0.4031272232532501,0.4578588604927063,0.4234650135040283,0.45162591338157654,0.4732966125011444
california_housing__traditional_field_relu__seed4__lr0p002__cfga0b05fc8e950,a0b05fc8e950,96b354dd2d4cd04c,2.12.1+cu130,0.27.1+cu130,1.9.0,2.5.2,0,4,2026-08-26T04:35:08.426835+00:00,ok,,california_housing,regression,traditional_field_relu,Traditional neuron + Lambda-Psi + ReLU,traditional,1,after_field,1,1,1,0.5,0.5,4,2026,0.002,0.0001,0.0,200,162,142,20,0.0001,128,128,64,32,11529,11529,319.82394062005915,cuda,./results/lambda_psi_comparison/checkpoints/california_housing/traditional_field_relu/california_housing__traditional_field_relu__seed4__lr0p002__cfga0b05fc8e950.pt,0.25964886019396227,,,0.25964885941863414,0.5095575133570637,50955.751335706365,0.3437179447144501,34371.79447144501,0.8168663063046894,0.26631160669548565,,,0.26631160144521543,0.5160538745569259,51605.38745569259,0.34276876721329,34276.876721329005,0.7939370303796169,0.4198373854160309,0.4738314151763916,0.4775467813014984,0.3958827257156372,0.44317004084587097,0.4235491156578064,0.4426572918891907,0.5072101950645447
california_housing__traditional_field_relu__seed0__lr0p003__cfga0b05fc8e950,a0b05fc8e950,96b354dd2d4cd04c,2.12.1+cu130,0.27.1+cu130,1.9.0,2.5.2,0,4,2026-08-26T04:38:22.087358+00:00,ok,,california_housing,regression,traditional_field_relu,Traditional neuron + Lambda-Psi + ReLU,traditional,1,after_field,1,1,1,0.5,0.5,0,2026,0.003,0.0001,0.0,200,97,77,20,0.0001,128,128,64,32,11529,11529,192.74474948015995,cuda,./results/lambda_psi_comparison/checkpoints/california_housing/traditional_field_relu/california_housing__traditional_field_relu__seed0__lr0p003__cfga0b05fc8e950.pt,0.26312478984049126,,,0.26312478906510384,0.5129569076102825,51295.69076102824,0.34756440329979094,34756.440329979094,0.8144146882363169,0.26587811597557953,,,0.26587811710590153,0.5156337043928583,51563.37043928583,0.34411276599695517,34411.27659969552,0.7942724459971049,0.40163877606391907,0.5128992199897766,0.5061930418014526,0.37991780042648315,0.47702181339263916,0.44129061698913574,0.48240378499031067,0.5142748355865479
california_housing__traditional_field_relu__seed1__lr0p003__cfga0b05fc8e950,a0b05fc8e950,96b354dd2d4cd04c,2.12.1+cu130,0.27.1+cu130,1.9.0,2.5.2,0,4,2026-08-26T04:41:50.494590+00:00,ok,,california_housing,regression,traditional_field_relu,Traditional neuron + Lambda-Psi + ReLU,traditional,1,after_field,1,1,1,0.5,0.5,1,2026,0.003,0.0001,0.0,200,110,90,20,0.0001,128,128,64,32,11529,11529,207.4550353710074,cuda,./results/lambda_psi_comparison/checkpoints/california_housing/traditional_field_relu/california_housing__traditional_field_relu__seed1__lr0p003__cfga0b05fc8e950.pt,0.25431784051795336,,,0.25431783892257426,0.5042993544736839,50429.93544736839,0.3363214421497528,33632.14421497528,0.8206263439062209,0.2664086451364118,,,0.26640864727954816,0.5161478928364894,51614.78928364894,0.33891912212580905,33891.91221258091,0.7938619395735711,0.3795234262943268,0.5044941306114197,0.4469349682331085,0.4142224192619324,0.473978191614151,0.44800102710723877,0.4838259816169739,0.4964444637298584
california_housing__traditional_field_relu__seed2__lr0p003__cfga0b05fc8e950,a0b05fc8e950,96b354dd2d4cd04c,2.12.1+cu130,0.27.1+cu130,1.9.0,2.5.2,0,4,2026-08-26T04:45:39.371281+00:00,ok,,california_housing,regression,traditional_field_relu,Traditional neuron + Lambda-Psi + ReLU,traditional,1,after_field,1,1,1,0.5,0.5,2,2026,0.003,0.0001,0.0,200,117,97,20,0.0001,128,128,64,32,11529,11529,227.8961127800867,cuda,./results/lambda_psi_comparison/checkpoints/california_housing/traditional_field_relu/california_housing__traditional_field_relu__seed2__lr0p003__cfga0b05fc8e950.pt,0.25534485315167627,,,0.25534485746192886,0.505316591318679,50531.6591318679,0.3464816238211338,34648.162382113376,0.8199019744673307,0.2623319447964661,,,0.26233194269856025,0.5121835049067475,51218.35049067475,0.3484327666634737,34843.276666347374,0.7970163566085953,0.4025590717792511,0.4930539131164551,0.4713774025440216,0.39668723940849304,0.4842914640903473,0.4386707544326782,0.48138150572776794,0.4867062568664551
california_housing__traditional_field_relu__seed3__lr0p003__cfga0b05fc8e950,a0b05fc8e950,96b354dd2d4cd04c,2.12.1+cu130,0.27.1+cu130,1.9.0,2.5.2,0,4,2026-08-26T04:51:06.671406+00:00,ok,,california_housing,regression,traditional_field_relu,Traditional neuron + Lambda-Psi + ReLU,traditional,1,after_field,1,1,1,0.5,0.5,3,2026,0.003,0.0001,0.0,200,163,143,20,0.0001,128,128,64,32,11529,11529,326.35718860896304,cuda,./results/lambda_psi_comparison/checkpoints/california_housing/traditional_field_relu/california_housing__traditional_field_relu__seed3__lr0p003__cfga0b05fc8e950.pt,0.2584860440372497,,,0.2584860477765996,0.5084152316528289,50841.52316528289,0.3369116115622049,33691.16115622049,0.8176864523725539,0.2585493243017862,,,0.25854932502020206,0.5084774577306275,50847.74577306275,0.3369883279236712,33698.832792367124,0.7999432190791415,0.36264899373054504,0.4772796034812927,0.4386330842971802,0.36747390031814575,0.46926000714302063,0.4251592457294464,0.46493756771087646,0.5215500593185425
california_housing__traditional_field_relu__seed4__lr0p003__cfga0b05fc8e950,a0b05fc8e950,96b354dd2d4cd04c,2.12.1+cu130,0.27.1+cu130,1.9.0,2.5.2,0,4,2026-08-26T04:54:56.198131+00:00,ok,,california_housing,regression,traditional_field_relu,Traditional neuron + Lambda-Psi + ReLU,traditional,1,after_field,1,1,1,0.5,0.5,4,2026,0.003,0.0001,0.0,200,117,97,20,0.0001,128,128,64,32,11529,11529,228.5366576910019,cuda,./results/lambda_psi_comparison/checkpoints/california_housing/traditional_field_relu/california_housing__traditional_field_relu__seed4__lr0p003__cfga0b05fc8e950.pt,0.2570350819317869,,,0.25703507983623786,0.5069862718419877,50698.62718419878,0.3371008772027585,33710.08772027585,0.8187098387989256,0.26221783101096635,,,0.2622178330516556,0.5120720975132853,51207.20975132853,0.3342750195428267,33427.50195428267,0.7971046508194968,0.4164707064628601,0.511273205280304,0.5303939580917358,0.37674060463905334,0.46806132793426514,0.43562501668930054,0.4643521010875702,0.5605151653289795
california_housing__traditional_relu_field__seed0__lr0p0003__cfg6221bec91165,6221bec91165,96b354dd2d4cd04c,2.12.1+cu130,0.27.1+cu130,1.9.0,2.5.2,0,4,2026-08-26T05:01:27.099957+00:00,ok,,california_housing,regression,traditional_relu_field,Traditional neuron + ReLU + Lambda-Psi,traditional,1,before_field,1,1,1,0.5,0.5,0,2026,0.0003,0.0001,0.0,200,196,176,20,0.0001,128,128,64,32,11529,11529,389.9582462660037,cuda,./results/lambda_psi_comparison/checkpoints/california_housing/traditional_relu_field/california_housing__traditional_relu_field__seed0__lr0p0003__cfg6221bec91165.pt,0.3051121983417245,,,0.3051121986833481,0.552369621434188,55236.9621434188,0.38592776039600835,38592.77603960084,0.7848004260003734,0.31811177268508795,,,0.31811176881655095,0.5640139792740522,56401.39792740522,0.38707932367805364,38707.93236780536,0.753855801257625,0.42306581139564514,0.385524719953537,0.33200711011886597,0.524325966835022,0.40797916054725647,0.46143779158592224,0.4318077266216278,0.3572898507118225
california_housing__traditional_relu_field__seed1__lr0p0003__cfg6221bec91165,6221bec91165,96b354dd2d4cd04c,2.12.1+cu130,0.27.1+cu130,1.9.0,2.5.2,0,4,2026-08-26T05:07:47.725301+00:00,ok,,california_housing,regression,traditional_relu_field,Traditional neuron + ReLU + Lambda-Psi,traditional,1,before_field,1,1,1,0.5,0.5,1,2026,0.0003,0.0001,0.0,200,198,178,20,0.0001,128,128,64,32,11529,11529,379.6800082528498,cuda,./results/lambda_psi_comparison/checkpoints/california_housing/traditional_relu_field/california_housing__traditional_relu_field__seed1__lr0p0003__cfg6221bec91165.pt,0.30905533437581023,,,0.3090553399456251,0.5559274592477198,55592.74592477198,0.38701801303802996,38701.801303803,0.7820192775457255,0.3210336727689403,,,0.32103367166939395,0.5665983336274419,56659.8333627442,0.38866196378574586,38866.19637857458,0.7515949310006341,0.42216557264328003,0.39295291900634766,0.32477009296417236,0.5132721662521362,0.41285601258277893,0.46501651406288147,0.43242156505584717,0.37568917870521545
california_housing__traditional_relu_field__seed2__lr0p0003__cfg6221bec91165,6221bec91165,96b354dd2d4cd04c,2.12.1+cu130,0.27.1+cu130,1.9.0,2.5.2,0,4,2026-08-26T05:14:12.154523+00:00,ok,,california_housing,regression,traditional_relu_field,Traditional neuron + ReLU + Lambda-Psi,traditional,1,before_field,1,1,1,0.5,0.5,2,2026,0.0003,0.0001,0.0,200,193,173,20,0.0001,128,128,64,32,11529,11529,383.4643891651649,cuda,./results/lambda_psi_comparison/checkpoints/california_housing/traditional_relu_field/california_housing__traditional_relu_field__seed2__lr0p0003__cfg6221bec91165.pt,0.30161404101423517,,,0.3016140426242365,0.5491939936163145,54919.39936163145,0.3829273191215687,38292.731912156865,0.7872677206446176,0.31628994378008585,,,0.3162899459227761,0.5623966090960862,56239.660909608625,0.384014865997168,38401.4865997168,0.7552654666029437,0.41734907031059265,0.3895682692527771,0.31972646713256836,0.5207369923591614,0.409513384103775,0.4689200222492218,0.4296477735042572,0.35638970136642456
california_housing__traditional_relu_field__seed3__lr0p0003__cfg6221bec91165,6221bec91165,96b354dd2d4cd04c,2.12.1+cu130,0.27.1+cu130,1.9.0,2.5.2,0,4,2026-08-26T05:20:19.755627+00:00,ok,,california_housing,regression,traditional_relu_field,Traditional neuron + ReLU + Lambda-Psi,traditional,1,before_field,1,1,1,0.5,0.5,3,2026,0.0003,0.0001,0.0,200,191,171,20,0.0001,128,128,64,32,11529,11529,366.62090226681903,cuda,./results/lambda_psi_comparison/checkpoints/california_housing/traditional_relu_field/california_housing__traditional_relu_field__seed3__lr0p0003__cfg6221bec91165.pt,0.2994005901868953,,,0.29940058850106693,0.5471750985754623,54717.50985754623,0.38218763206414014,38218.76320641401,0.7888288984225935,0.3162453105283338,,,0.31624530991435185,0.5623569239498629,56235.69239498629,0.38551679212426726,38551.67921242672,0.755300004446575,0.42785826325416565,0.3856898248195648,0.31649312376976013,0.5280320048332214,0.4127994775772095,0.47021958231925964,0.4296392798423767,0.3617510199546814
california_housing__traditional_relu_field__seed4__lr0p0003__cfg6221bec91165,6221bec91165,96b354dd2d4cd04c,2.12.1+cu130,0.27.1+cu130,1.9.0,2.5.2,0,4,2026-08-26T05:26:46.859134+00:00,ok,,california_housing,regression,traditional_relu_field,Traditional neuron + ReLU + Lambda-Psi,traditional,1,before_field,1,1,1,0.5,0.5,4,2026,0.0003,0.0001,0.0,200,199,179,20,0.0001,128,128,64,32,11529,11529,386.1065897298977,cuda,./results/lambda_psi_comparison/checkpoints/california_housing/traditional_relu_field/california_housing__traditional_relu_field__seed4__lr0p0003__cfg6221bec91165.pt,0.3146611595338629,,,0.3146611561453239,0.5609466606954033,56094.66606954033,0.3913347865057777,39133.47865057777,0.7780654229856613,0.32651804352915564,,,0.3265180454697226,0.5714175753944943,57141.757539449434,0.3927925815444815,39279.25815444815,0.7473513068187697,0.42259377241134644,0.40014591813087463,0.3326604962348938,0.5138247609138489,0.40971434116363525,0.4619532525539398,0.43446415662765503,0.3673175275325775
california_housing__traditional_relu_field__seed0__lr0p0005__cfg6221bec91165,6221bec91165,96b354dd2d4cd04c,2.12.1+cu130,0.27.1+cu130,1.9.0,2.5.2,0,4,2026-08-26T05:33:10.016299+00:00,ok,,california_housing,regression,traditional_relu_field,Traditional neuron + ReLU + Lambda-Psi,traditional,1,before_field,1,1,1,0.5,0.5,0,2026,0.0005,0.0001,0.0,200,197,177,20,0.0001,128,128,64,32,11529,11529,382.24310715985484,cuda,./results/lambda_psi_comparison/checkpoints/california_housing/traditional_relu_field/california_housing__traditional_relu_field__seed0__lr0p0005__cfg6221bec91165.pt,0.28369697293107826,,,0.2836969697248187,0.5326321148079777,53263.21148079777,0.36942550937045915,36942.55093704591,0.799904863544553,0.29919729306716325,,,0.2991972950441919,0.5469893006670166,54698.93006670166,0.37337592945888987,37337.59294588899,0.7684911855712931,0.4068838953971863,0.3690049946308136,0.2886037528514862,0.5253446102142334,0.38987332582473755,0.4601982533931732,0.41818371415138245,0.3391212522983551
california_housing__traditional_relu_field__seed1__lr0p0005__cfg6221bec91165,6221bec91165,96b354dd2d4cd04c,2.12.1+cu130,0.27.1+cu130,1.9.0,2.5.2,0,4,2026-08-26T05:39:20.651599+00:00,ok,,california_housing,regression,traditional_relu_field,Traditional neuron + ReLU + Lambda-Psi,traditional,1,before_field,1,1,1,0.5,0.5,1,2026,0.0005,0.0001,0.0,200,185,165,20,0.0001,128,128,64,32,11529,11529,369.6542505780235,cuda,./results/lambda_psi_comparison/checkpoints/california_housing/traditional_relu_field/california_housing__traditional_relu_field__seed1__lr0p0005__cfg6221bec91165.pt,0.285227098206217,,,0.28522709597607426,0.5340665651171905,53406.656511719055,0.36989840508489186,36989.840508489186,0.7988256457392446,0.30021681134090866,,,0.3002168137995838,0.5479204447723992,54792.04447723992,0.3730335014532934,37303.350145329336,0.767702316212318,0.4015370309352875,0.37496495246887207,0.28477203845977783,0.5017555356025696,0.3931419551372528,0.4601514935493469,0.4167766273021698,0.3580748438835144
california_housing__traditional_relu_field__seed2__lr0p0005__cfg6221bec91165,6221bec91165,96b354dd2d4cd04c,2.12.1+cu130,0.27.1+cu130,1.9.0,2.5.2,0,4,2026-08-26T05:45:45.732505+00:00,ok,,california_housing,regression,traditional_relu_field,Traditional neuron + ReLU + Lambda-Psi,traditional,1,before_field,1,1,1,0.5,0.5,2,2026,0.0005,0.0001,0.0,200,189,169,20,0.0001,128,128,64,32,11529,11529,384.10067835007794,cuda,./results/lambda_psi_comparison/checkpoints/california_housing/traditional_relu_field/california_housing__traditional_relu_field__seed2__lr0p0005__cfg6221bec91165.pt,0.27946556492369307,,,0.2794655647447244,0.5286450271635252,52864.50271635252,0.36390855390029825,36390.85539002983,0.8028893281220616,0.29542550051859184,,,0.2954254988972423,0.543530586901273,54353.0586901273,0.36769726771370387,36769.726771370384,0.7714096747044188,0.40814217925071716,0.37349292635917664,0.2781597971916199,0.5229776501655579,0.39335572719573975,0.45902496576309204,0.414985328912735,0.3372476100921631
california_housing__traditional_relu_field__seed3__lr0p0005__cfg6221bec91165,6221bec91165,96b354dd2d4cd04c,2.12.1+cu130,0.27.1+cu130,1.9.0,2.5.2,0,4,2026-08-26T05:52:12.433159+00:00,ok,,california_housing,regression,traditional_relu_field,Traditional neuron + ReLU + Lambda-Psi,traditional,1,before_field,1,1,1,0.5,0.5,3,2026,0.0005,0.0001,0.0,200,188,168,20,0.0001,128,128,64,32,11529,11529,385.1163384420797,cuda,./results/lambda_psi_comparison/checkpoints/california_housing/traditional_relu_field/california_housing__traditional_relu_field__seed3__lr0p0005__cfg6221bec91165.pt,0.2806618101606073,,,0.2806618087871337,0.5297752436525641,52977.52436525641,0.3680590422203143,36805.90422203143,0.8020456017504614,0.29897712228834167,,,0.2989771236419636,0.5467880061248268,54678.80061248268,0.3729034901863729,37290.349018637295,0.768661546804985,0.4138862192630768,0.36668774485588074,0.28047212958335876,0.5225732922554016,0.3971629738807678,0.4666918218135834,0.41668274998664856,0.3396444320678711
california_housing__traditional_relu_field__seed4__lr0p0005__cfg6221bec91165,6221bec91165,96b354dd2d4cd04c,2.12.1+cu130,0.27.1+cu130,1.9.0,2.5.2,0,4,2026-08-26T06:02:17.050263+00:00,ok,,california_housing,regression,traditional_relu_field,Traditional neuron + ReLU + Lambda-Psi,traditional,1,before_field,1,1,1,0.5,0.5,4,2026,0.0005,0.0001,0.0,200,199,179,20,0.0001,128,128,64,32,11529,11529,603.0920125520788,cuda,./results/lambda_psi_comparison/checkpoints/california_housing/traditional_relu_field/california_housing__traditional_relu_field__seed4__lr0p0005__cfg6221bec91165.pt,0.2853183108706807,,,0.28531831061677193,0.534151954612891,53415.1954612891,0.3690358010055714,36903.580100557134,0.7987613108752001,0.29931540267412055,,,0.2993154011814715,0.5470972502046336,54709.72502046336,0.373261476022213,37326.147602221296,0.7683997990104143,0.40366145968437195,0.3839530944824219,0.283633291721344,0.5123665928840637,0.3881320655345917,0.45658645033836365,0.4179367423057556,0.33779436349868774
california_housing__traditional_relu_field__seed0__lr0p001__cfg6221bec91165,6221bec91165,96b354dd2d4cd04c,2.12.1+cu130,0.27.1+cu130,1.9.0,2.5.2,0,4,2026-08-26T06:11:00.976337+00:00,ok,,california_housing,regression,traditional_relu_field,Traditional neuron + ReLU + Lambda-Psi,traditional,1,before_field,1,1,1,0.5,0.5,0,2026,0.001,0.0001,0.0,200,171,151,20,0.0001,128,128,64,32,11529,11529,522.4784584171139,cuda,./results/lambda_psi_comparison/checkpoints/california_housing/traditional_relu_field/california_housing__traditional_relu_field__seed0__lr0p001__cfg6221bec91165.pt,0.2657157858443815,,,0.2657157836295841,0.5154762687356074,51547.62687356074,0.3522608806487433,35226.088064874326,0.8125872263094662,0.2816290906233381,,,0.2816290888766426,0.5306873739563083,53068.73739563083,0.3585002239678026,35850.02239678026,0.7820848732444645,0.37267112731933594,0.344953328371048,0.25018927454948425,0.5286343097686768,0.37436607480049133,0.45442721247673035,0.4069579541683197,0.31067579984664917
california_housing__traditional_relu_field__seed1__lr0p001__cfg6221bec91165,6221bec91165,96b354dd2d4cd04c,2.12.1+cu130,0.27.1+cu130,1.9.0,2.5.2,0,4,2026-08-26T06:18:54.596350+00:00,ok,,california_housing,regression,traditional_relu_field,Traditional neuron + ReLU + Lambda-Psi,traditional,1,before_field,1,1,1,0.5,0.5,1,2026,0.001,0.0001,0.0,200,153,133,20,0.0001,128,128,64,32,11529,11529,472.1084156050347,cuda,./results/lambda_psi_comparison/checkpoints/california_housing/traditional_relu_field/california_housing__traditional_relu_field__seed1__lr0p001__cfg6221bec91165.pt,0.27187774116678753,,,0.27187774333719056,0.5214189710177322,52141.89710177322,0.35675983816789564,35675.983816789565,0.8082411165511476,0.28350692502287933,,,0.2835069234691038,0.5324536819941278,53245.36819941278,0.3608107042910401,36081.07042910401,0.780631867928592,0.3751031756401062,0.35109397768974304,0.25172513723373413,0.5001921057701111,0.3798339366912842,0.45423102378845215,0.4071521461009979,0.34112152457237244
california_housing__traditional_relu_field__seed2__lr0p001__cfg6221bec91165,6221bec91165,96b354dd2d4cd04c,2.12.1+cu130,0.27.1+cu130,1.9.0,2.5.2,0,4,2026-08-26T06:27:23.248026+00:00,ok,,california_housing,regression,traditional_relu_field,Traditional neuron + ReLU + Lambda-Psi,traditional,1,before_field,1,1,1,0.5,0.5,2,2026,0.001,0.0001,0.0,200,186,166,20,0.0001,128,128,64,32,11529,11529,507.6717424900271,cuda,./results/lambda_psi_comparison/checkpoints/california_housing/traditional_relu_field/california_housing__traditional_relu_field__seed2__lr0p001__cfg6221bec91165.pt,0.2664066853449326,,,0.26640669031689906,0.5161459970947164,51614.599709471644,0.34853480827034444,34853.480827034444,0.8120999209004224,0.2782788690208465,,,0.2782788708478447,0.5275214411261827,52752.14411261827,0.35323793467047604,35323.7934670476,0.7846771593940105,0.3788383901119232,0.35285064578056335,0.24882793426513672,0.5317324995994568,0.3844640254974365,0.4645260274410248,0.409146249294281,0.3147146999835968
california_housing__traditional_relu_field__seed3__lr0p001__cfg6221bec91165,6221bec91165,96b354dd2d4cd04c,2.12.1+cu130,0.27.1+cu130,1.9.0,2.5.2,0,4,2026-08-26T06:35:11.901497+00:00,ok,,california_housing,regression,traditional_relu_field,Traditional neuron + ReLU + Lambda-Psi,traditional,1,before_field,1,1,1,0.5,0.5,3,2026,0.001,0.0001,0.0,200,188,168,20,0.0001,128,128,64,32,11529,11529,467.19155013305135,cuda,./results/lambda_psi_comparison/checkpoints/california_housing/traditional_relu_field/california_housing__traditional_relu_field__seed3__lr0p001__cfg6221bec91165.pt,0.26474341472914054,,,0.26474340985046846,0.514532224307155,51453.2224307155,0.3515906682916621,35159.06682916621,0.8132730540932687,0.283171790052754,,,0.28317178972412227,0.5321388819886423,53213.88819886423,0.3597728630831075,35977.28630831075,0.7808911831605838,0.3814493417739868,0.3414752185344696,0.25070494413375854,0.5252189040184021,0.3865055739879608,0.4629983603954315,0.40902775526046753,0.3145403265953064
california_housing__traditional_relu_field__seed4__lr0p001__cfg6221bec91165,6221bec91165,96b354dd2d4cd04c,2.12.1+cu130,0.27.1+cu130,1.9.0,2.5.2,0,4,2026-08-26T06:43:26.962620+00:00,ok,,california_housing,regression,traditional_relu_field,Traditional neuron + ReLU + Lambda-Psi,traditional,1,before_field,1,1,1,0.5,0.5,4,2026,0.001,0.0001,0.0,200,159,139,20,0.0001,128,128,64,32,11529,11529,493.4367657660041,cuda,./results/lambda_psi_comparison/checkpoints/california_housing/traditional_relu_field/california_housing__traditional_relu_field__seed4__lr0p001__cfg6221bec91165.pt,0.2669656038746353,,,0.2669656034273831,0.5166871426960256,51668.714269602555,0.3502713989812967,35027.13989812967,0.8117057122657036,0.2765976500141528,,,0.27659764794701663,0.5259255155884878,52592.551558848776,0.3537337183663549,35373.371836635495,0.785978033188687,0.3601111173629761,0.36226534843444824,0.2388983517885208,0.5042235255241394,0.36289355158805847,0.44993868470191956,0.4002576470375061,0.3043798506259918
california_housing__traditional_relu_field__seed0__lr0p002__cfg6221bec91165,6221bec91165,96b354dd2d4cd04c,2.12.1+cu130,0.27.1+cu130,1.9.0,2.5.2,0,4,2026-08-26T06:52:27.325974+00:00,ok,,california_housing,regression,traditional_relu_field,Traditional neuron + ReLU + Lambda-Psi,traditional,1,before_field,1,1,1,0.5,0.5,0,2026,0.002,0.0001,0.0,200,175,155,20,0.0001,128,128,64,32,11529,11529,538.9949537687935,cuda,./results/lambda_psi_comparison/checkpoints/california_housing/traditional_relu_field/california_housing__traditional_relu_field__seed0__lr0p002__cfg6221bec91165.pt,0.2537743971329327,,,0.25377439485330583,0.5037602553331355,50376.02553331355,0.34204971393238204,34204.97139323821,0.8210096420264006,0.269222894380259,,,0.2692228944596433,0.5188669332879513,51886.69332879513,0.3450743654786154,34507.436547861544,0.7916843696591207,0.31878024339675903,0.30535805225372314,0.23579031229019165,0.5211100578308105,0.37235721945762634,0.4515548348426819,0.41131967306137085,0.2809735834598541
california_housing__traditional_relu_field__seed1__lr0p002__cfg6221bec91165,6221bec91165,96b354dd2d4cd04c,2.12.1+cu130,0.27.1+cu130,1.9.0,2.5.2,0,4,2026-08-26T07:02:08.577762+00:00,ok,,california_housing,regression,traditional_relu_field,Traditional neuron + ReLU + Lambda-Psi,traditional,1,before_field,1,1,1,0.5,0.5,1,2026,0.002,0.0001,0.0,200,185,165,20,0.0001,128,128,64,32,11529,11529,580.1663018909749,cuda,./results/lambda_psi_comparison/checkpoints/california_housing/traditional_relu_field/california_housing__traditional_relu_field__seed1__lr0p002__cfg6221bec91165.pt,0.2627200283283411,,,0.26272003233054525,0.5125622228866904,51256.22228866904,0.3483285239009663,34832.85239009663,0.814700168388295,0.2680641588314559,,,0.26806415826018404,0.5177491267594606,51774.91267594606,0.3472864236105089,34728.64236105089,0.7925809607988662,0.3140278458595276,0.32386377453804016,0.24636238813400269,0.5026409029960632,0.39700591564178467,0.45785412192344666,0.4246022701263428,0.3205838203430176
california_housing__traditional_relu_field__seed2__lr0p002__cfg6221bec91165,6221bec91165,96b354dd2d4cd04c,2.12.1+cu130,0.27.1+cu130,1.9.0,2.5.2,0,4,2026-08-26T07:09:26.015935+00:00,ok,,california_housing,regression,traditional_relu_field,Traditional neuron + ReLU + Lambda-Psi,traditional,1,before_field,1,1,1,0.5,0.5,2,2026,0.002,0.0001,0.0,200,186,166,20,0.0001,128,128,64,32,11529,11529,436.2923717829399,cuda,./results/lambda_psi_comparison/checkpoints/california_housing/traditional_relu_field/california_housing__traditional_relu_field__seed2__lr0p002__cfg6221bec91165.pt,0.25223349277363266,,,0.2522334900010636,0.5022285236832568,50222.85236832568,0.33952600455503595,33952.6004555036,0.8220964621181814,0.2645845630372217,,,0.26458456624421733,0.51437784385043,51437.78438504299,0.3435974526688341,34359.745266883416,0.7952733521929564,0.31951704621315,0.3255360722541809,0.249342143535614,0.5337702035903931,0.3973790407180786,0.4668988883495331,0.4239116907119751,0.3293645679950714
california_housing__traditional_relu_field__seed3__lr0p002__cfg6221bec91165,6221bec91165,96b354dd2d4cd04c,2.12.1+cu130,0.27.1+cu130,1.9.0,2.5.2,0,4,2026-08-26T07:15:45.239153+00:00,ok,,california_housing,regression,traditional_relu_field,Traditional neuron + ReLU + Lambda-Psi,traditional,1,before_field,1,1,1,0.5,0.5,3,2026,0.002,0.0001,0.0,200,196,176,20,0.0001,128,128,64,32,11529,11529,378.18106631794944,cuda,./results/lambda_psi_comparison/checkpoints/california_housing/traditional_relu_field/california_housing__traditional_relu_field__seed3__lr0p002__cfg6221bec91165.pt,0.2522961053737374,,,0.25229610632859173,0.5022908582968555,50229.08582968555,0.3402478072445753,34024.78072445753,0.8220522980137384,0.2711676957533341,,,0.2711676928365188,0.5207376429993503,52073.764299935036,0.3465168133897837,34651.68133897837,0.7901795500167278,0.3308120369911194,0.31194496154785156,0.24724970757961273,0.5243755578994751,0.40208154916763306,0.46473509073257446,0.4239843189716339,0.2746143341064453
california_housing__traditional_relu_field__seed4__lr0p002__cfg6221bec91165,6221bec91165,96b354dd2d4cd04c,2.12.1+cu130,0.27.1+cu130,1.9.0,2.5.2,0,4,2026-08-26T07:22:09.561412+00:00,ok,,california_housing,regression,traditional_relu_field,Traditional neuron + ReLU + Lambda-Psi,traditional,1,before_field,1,1,1,0.5,0.5,4,2026,0.002,0.0001,0.0,200,199,179,20,0.0001,128,128,64,32,11529,11529,383.31325969914906,cuda,./results/lambda_psi_comparison/checkpoints/california_housing/traditional_relu_field/california_housing__traditional_relu_field__seed4__lr0p002__cfg6221bec91165.pt,0.2550656033116718,,,0.2550656034077264,0.5050401997937654,50504.019979376535,0.3432076279536005,34320.762795360046,0.8200989359580917,0.2639387691205786,,,0.2639387667139687,0.5137497121303025,51374.97121303025,0.3416405141411364,34164.05141411364,0.7957730501717913,0.3026423156261444,0.3274596929550171,0.23241789638996124,0.4953209459781647,0.36618414521217346,0.4503897428512573,0.41056329011917114,0.272266149520874
california_housing__traditional_relu_field__seed0__lr0p003__cfg6221bec91165,6221bec91165,96b354dd2d4cd04c,2.12.1+cu130,0.27.1+cu130,1.9.0,2.5.2,0,4,2026-08-26T07:26:13.507030+00:00,ok,,california_housing,regression,traditional_relu_field,Traditional neuron + ReLU + Lambda-Psi,traditional,1,before_field,1,1,1,0.5,0.5,0,2026,0.003,0.0001,0.0,200,122,102,20,0.0001,128,128,64,32,11529,11529,242.93177233706228,cuda,./results/lambda_psi_comparison/checkpoints/california_housing/traditional_relu_field/california_housing__traditional_relu_field__seed0__lr0p003__cfg6221bec91165.pt,0.25567588672157404,,,0.2556758868114155,0.5056440317173886,50564.40317173886,0.3411893576470225,34118.935764702255,0.8196684951921712,0.27067719919736993,,,0.27067719931379247,0.5202664695267152,52026.646952671515,0.3442287661294027,34422.876612940265,0.790559077424937,0.2615843713283539,0.29160788655281067,0.2994813919067383,0.5291612148284912,0.41346728801727295,0.4662378430366516,0.4539684057235718,0.2821737825870514
california_housing__traditional_relu_field__seed1__lr0p003__cfg6221bec91165,6221bec91165,96b354dd2d4cd04c,2.12.1+cu130,0.27.1+cu130,1.9.0,2.5.2,0,4,2026-08-26T07:31:11.419801+00:00,ok,,california_housing,regression,traditional_relu_field,Traditional neuron + ReLU + Lambda-Psi,traditional,1,before_field,1,1,1,0.5,0.5,1,2026,0.003,0.0001,0.0,200,153,133,20,0.0001,128,128,64,32,11529,11529,296.8779770710971,cuda,./results/lambda_psi_comparison/checkpoints/california_housing/traditional_relu_field/california_housing__traditional_relu_field__seed1__lr0p003__cfg6221bec91165.pt,0.25656338521214417,,,0.2565633880462395,0.5065208663483071,50652.08663483071,0.3426651859785928,34266.51859785928,0.8190425291099155,0.2671885231668635,,,0.2671885211102691,0.5169028159241049,51690.281592410494,0.3434501124704762,34345.011247047616,0.7932584994056795,0.2607946991920471,0.29037219285964966,0.2525268793106079,0.49691423773765564,0.41353920102119446,0.4606662392616272,0.44392144680023193,0.37402188777923584
california_housing__traditional_relu_field__seed2__lr0p003__cfg6221bec91165,6221bec91165,96b354dd2d4cd04c,2.12.1+cu130,0.27.1+cu130,1.9.0,2.5.2,0,4,2026-08-26T07:39:49.996112+00:00,ok,,california_housing,regression,traditional_relu_field,Traditional neuron + ReLU + Lambda-Psi,traditional,1,before_field,1,1,1,0.5,0.5,2,2026,0.003,0.0001,0.0,200,186,166,20,0.0001,128,128,64,32,11529,11529,517.0635814000852,cuda,./results/lambda_psi_comparison/checkpoints/california_housing/traditional_relu_field/california_housing__traditional_relu_field__seed2__lr0p003__cfg6221bec91165.pt,0.24827518343001373,,,0.24827518593381503,0.49827220064319766,49827.220064319765,0.3350738849086586,33507.38849086586,0.8248883050949904,0.26248056782308476,,,0.26248057123279156,0.5123285774117929,51232.857741179294,0.34078919920752676,34078.919920752676,0.7969013528424513,0.2610609233379364,0.29368844628334045,0.2559323012828827,0.527536928653717,0.4142671525478363,0.46967753767967224,0.443435937166214,0.34718161821365356
california_housing__traditional_relu_field__seed3__lr0p003__cfg6221bec91165,6221bec91165,96b354dd2d4cd04c,2.12.1+cu130,0.27.1+cu130,1.9.0,2.5.2,0,4,2026-08-26T07:47:30.210736+00:00,ok,,california_housing,regression,traditional_relu_field,Traditional neuron + ReLU + Lambda-Psi,traditional,1,before_field,1,1,1,0.5,0.5,3,2026,0.003,0.0001,0.0,200,148,128,20,0.0001,128,128,64,32,11529,11529,458.7055573761463,cuda,./results/lambda_psi_comparison/checkpoints/california_housing/traditional_relu_field/california_housing__traditional_relu_field__seed3__lr0p003__cfg6221bec91165.pt,0.2488294110972752,,,0.24882941556484173,0.49882804207947423,49882.804207947425,0.3361130021368117,33611.30021368117,0.8244973997788163,0.26342683683994206,,,0.26342683765384733,0.5132512422331263,51325.12422331263,0.34079620331641314,34079.620331641316,0.7961691636786423,0.2872335910797119,0.28989648818969727,0.2736439108848572,0.53294837474823,0.4341902732849121,0.47124946117401123,0.45855769515037537,0.22584520280361176
california_housing__traditional_relu_field__seed4__lr0p003__cfg6221bec91165,6221bec91165,96b354dd2d4cd04c,2.12.1+cu130,0.27.1+cu130,1.9.0,2.5.2,0,4,2026-08-26T07:55:37.402729+00:00,ok,,california_housing,regression,traditional_relu_field,Traditional neuron + ReLU + Lambda-Psi,traditional,1,before_field,1,1,1,0.5,0.5,4,2026,0.003,0.0001,0.0,200,156,136,20,0.0001,128,128,64,32,11529,11529,485.49480959097855,cuda,./results/lambda_psi_comparison/checkpoints/california_housing/traditional_relu_field/california_housing__traditional_relu_field__seed4__lr0p003__cfg6221bec91165.pt,0.25531689891981524,,,0.25531689742824154,0.5052889247037199,50528.89247037199,0.34454703901338485,34454.703901338486,0.8199216950401708,0.26380173873531726,,,0.26380173490591474,0.5136163304509649,51361.63304509649,0.3440421469827262,34404.214698272626,0.7958790807808478,0.28005751967430115,0.3038969933986664,0.2529304027557373,0.49918872117996216,0.3947505056858063,0.459399551153183,0.4387095272541046,0.3100039064884186
california_housing__aptx__seed0__lr0p0003__cfgcb06821ce71d,cb06821ce71d,96b354dd2d4cd04c,2.12.1+cu130,0.27.1+cu130,1.9.0,2.5.2,0,4,2026-08-26T08:02:57.573542+00:00,ok,,california_housing,regression,aptx,APTx Neuron,aptx,0,none,0,1,1,0.5,0.5,0,2026,0.0003,0.0001,0.0,200,200,188,20,0.0001,128,128,64,32,34113,34113,439.2075190299656,cuda,./results/lambda_psi_comparison/checkpoints/california_housing/aptx/california_housing__aptx__seed0__lr0p0003__cfgcb06821ce71d.pt,2437.5291284368946,,,2437.529111039333,49.37133896340399,4937133.896340399,31.089975827510735,3108997.5827510734,-1718.2207606610573,5493.79833984375,,,5493.798356540434,74.12016160627574,7412016.160627575,33.18843721556513,3318843.721556513,-4249.916586813386,,,,,,,,
california_housing__aptx__seed1__lr0p0003__cfgcb06821ce71d,cb06821ce71d,96b354dd2d4cd04c,2.12.1+cu130,0.27.1+cu130,1.9.0,2.5.2,0,4,2026-08-26T08:07:51.985864+00:00,ok,,california_housing,regression,aptx,APTx Neuron,aptx,0,none,0,1,1,0.5,0.5,1,2026,0.0003,0.0001,0.0,200,200,196,20,0.0001,128,128,64,32,34113,34113,293.4126227910165,cuda,./results/lambda_psi_comparison/checkpoints/california_housing/aptx/california_housing__aptx__seed1__lr0p0003__cfgcb06821ce71d.pt,1161.3916394137598,,,1161.3916371421803,34.079196544845075,3407919.6544845076,22.46366809857215,2246366.809857215,-818.1445200757441,3601.1875264958817,,,3601.1876173753876,60.00989599537219,6000989.599537219,23.936993931600636,2393699.393160064,-2785.477985072612,,,,,,,,
california_housing__aptx__seed2__lr0p0003__cfgcb06821ce71d,cb06821ce71d,96b354dd2d4cd04c,2.12.1+cu130,0.27.1+cu130,1.9.0,2.5.2,0,4,2026-08-26T08:12:45.119854+00:00,ok,,california_housing,regression,aptx,APTx Neuron,aptx,0,none,0,1,1,0.5,0.5,2,2026,0.0003,0.0001,0.0,200,200,186,20,0.0001,128,128,64,32,34113,34113,292.114078653045,cuda,./results/lambda_psi_comparison/checkpoints/california_housing/aptx/california_housing__aptx__seed2__lr0p0003__cfgcb06821ce71d.pt,2645.7598744473717,,,2645.759796588791,51.43694972088441,5143694.97208844,31.820105620161737,3182010.5620161737,-1865.0885523038273,4630.757651632146,,,4630.757418894891,68.04966876403508,6804966.876403508,33.12917904538471,3312917.904538471,-3582.1245058447125,,,,,,,,
california_housing__aptx__seed3__lr0p0003__cfgcb06821ce71d,cb06821ce71d,96b354dd2d4cd04c,2.12.1+cu130,0.27.1+cu130,1.9.0,2.5.2,0,4,2026-08-26T08:17:40.191466+00:00,ok,,california_housing,regression,aptx,APTx Neuron,aptx,0,none,0,1,1,0.5,0.5,3,2026,0.0003,0.0001,0.0,200,200,193,20,0.0001,128,128,64,32,34113,34113,294.156752493931,cuda,./results/lambda_psi_comparison/checkpoints/california_housing/aptx/california_housing__aptx__seed3__lr0p0003__cfgcb06821ce71d.pt,1433.4912932639897,,,1433.491311475946,37.86147529449884,3786147.529449884,23.205945127463156,2320594.5127463154,-1010.0599343225338,2161.2899501120396,,,2161.289888777647,46.489675077135644,4648967.507713565,22.40135556426217,2240135.556426217,-1671.3335005878348,,,,,,,,
california_housing__aptx__seed4__lr0p0003__cfgcb06821ce71d,cb06821ce71d,96b354dd2d4cd04c,2.12.1+cu130,0.27.1+cu130,1.9.0,2.5.2,0,4,2026-08-26T08:22:33.811609+00:00,ok,,california_housing,regression,aptx,APTx Neuron,aptx,0,none,0,1,1,0.5,0.5,4,2026,0.0003,0.0001,0.0,200,199,179,20,0.0001,128,128,64,32,34113,34113,292.64641112601385,cuda,./results/lambda_psi_comparison/checkpoints/california_housing/aptx/california_housing__aptx__seed4__lr0p0003__cfgcb06821ce71d.pt,7787.688656355984,,,7787.688468211837,88.24788081428265,8824788.081428265,48.40658468683792,4840658.468683791,-5491.757248097722,11470.231044089147,,,11470.230947133228,107.09916408232712,10709916.408232711,49.81722215645362,4981722.215645362,-8874.279328317662,,,,,,,,
california_housing__aptx__seed0__lr0p0005__cfgcb06821ce71d,cb06821ce71d,96b354dd2d4cd04c,2.12.1+cu130,0.27.1+cu130,1.9.0,2.5.2,0,4,2026-08-26T08:27:27.018651+00:00,ok,,california_housing,regression,aptx,APTx Neuron,aptx,0,none,0,1,1,0.5,0.5,0,2026,0.0005,0.0001,0.0,200,200,190,20,0.0001,128,128,64,32,34113,34113,292.1987670820672,cuda,./results/lambda_psi_comparison/checkpoints/california_housing/aptx/california_housing__aptx__seed0__lr0p0005__cfgcb06821ce71d.pt,1393.8841072496518,,,1393.8841038326557,37.33475731583983,3733475.731583983,23.021855368358334,2302185.5368358335,-982.1244592778382,3621.046857966933,,,3621.0469763504325,60.17513586482736,6017513.586482736,25.38244699487506,2538244.699487506,-2800.8444898097205,,,,,,,,
california_housing__aptx__seed1__lr0p0005__cfgcb06821ce71d,cb06821ce71d,96b354dd2d4cd04c,2.12.1+cu130,0.27.1+cu130,1.9.0,2.5.2,0,4,2026-08-26T08:32:22.924328+00:00,ok,,california_housing,regression,aptx,APTx Neuron,aptx,0,none,0,1,1,0.5,0.5,1,2026,0.0005,0.0001,0.0,200,200,189,20,0.0001,128,128,64,32,34113,34113,294.9640424880199,cuda,./results/lambda_psi_comparison/checkpoints/california_housing/aptx/california_housing__aptx__seed1__lr0p0005__cfgcb06821ce71d.pt,515.1086092217024,,,515.108612522283,22.696004329447135,2269600.4329447136,15.025558726313387,1502555.8726313387,-362.31275660786594,1103.743299853894,,,1103.7432878954412,33.22263216386446,3322263.2163864463,16.020729193521678,1602072.9193521678,-853.0394724376595,,,,,,,,
california_housing__aptx__seed2__lr0p0005__cfgcb06821ce71d,cb06821ce71d,96b354dd2d4cd04c,2.12.1+cu130,0.27.1+cu130,1.9.0,2.5.2,0,4,2026-08-26T08:37:16.165190+00:00,ok,,california_housing,regression,aptx,APTx Neuron,aptx,0,none,0,1,1,0.5,0.5,2,2026,0.0005,0.0001,0.0,200,200,194,20,0.0001,128,128,64,32,34113,34113,292.25711980392225,cuda,./results/lambda_psi_comparison/checkpoints/california_housing/aptx/california_housing__aptx__seed2__lr0p0005__cfgcb06821ce71d.pt,1295.028985548389,,,1295.028975542789,35.986511022087,3598651.1022087,21.903196520958993,2190319.6520958995,-912.4006606638867,1978.176327254421,,,1978.1763144273373,44.47669405910625,4447669.405910625,23.63286223188909,2363286.223188909,-1529.6463690334483,,,,,,,,
california_housing__aptx__seed3__lr0p0005__cfgcb06821ce71d,cb06821ce71d,96b354dd2d4cd04c,2.12.1+cu130,0.27.1+cu130,1.9.0,2.5.2,0,4,2026-08-26T08:42:09.580245+00:00,ok,,california_housing,regression,aptx,APTx Neuron,aptx,0,none,0,1,1,0.5,0.5,3,2026,0.0005,0.0001,0.0,200,200,193,20,0.0001,128,128,64,32,34113,34113,292.3864766189363,cuda,./results/lambda_psi_comparison/checkpoints/california_housing/aptx/california_housing__aptx__seed3__lr0p0005__cfgcb06821ce71d.pt,700.7544806428658,,,700.754470505486,26.471767423152652,2647176.7423152654,15.505974915744954,1550597.4915744953,-493.2511777040424,1542.82232902586,,,1542.8223270311373,39.27877705620603,3927877.705620603,16.1302530714419,1613025.30714419,-1192.784080676136,,,,,,,,
california_housing__aptx__seed4__lr0p0005__cfgcb06821ce71d,cb06821ce71d,96b354dd2d4cd04c,2.12.1+cu130,0.27.1+cu130,1.9.0,2.5.2,0,4,2026-08-26T08:46:59.247266+00:00,ok,,california_housing,regression,aptx,APTx Neuron,aptx,0,none,0,1,1,0.5,0.5,4,2026,0.0005,0.0001,0.0,200,197,177,20,0.0001,128,128,64,32,34113,34113,288.6907624930609,cuda,./results/lambda_psi_comparison/checkpoints/california_housing/aptx/california_housing__aptx__seed4__lr0p0005__cfgcb06821ce71d.pt,4955.14924278555,,,4955.149364464204,70.3928218248438,7039282.182484379,35.80001854749266,3580001.854749266,-3493.930838356595,6012.809097171754,,,6012.809319802916,77.54230664484335,7754230.664484335,36.75562117050236,3675562.1170502356,-4651.509832376155,,,,,,,,
california_housing__aptx__seed0__lr0p001__cfgcb06821ce71d,cb06821ce71d,96b354dd2d4cd04c,2.12.1+cu130,0.27.1+cu130,1.9.0,2.5.2,0,4,2026-08-26T08:52:23.660089+00:00,ok,,california_housing,regression,aptx,APTx Neuron,aptx,0,none,0,1,1,0.5,0.5,0,2026,0.001,0.0001,0.0,200,200,195,20,0.0001,128,128,64,32,34113,34113,323.4709322839044,cuda,./results/lambda_psi_comparison/checkpoints/california_housing/aptx/california_housing__aptx__seed0__lr0p001__cfgcb06821ce71d.pt,394.3054057276526,,,394.30540654682505,19.85712483082143,1985712.4830821431,12.300369970457153,1230036.9970457153,-277.10869536124324,1270.185888009478,,,1270.185882663007,35.63966726364048,3563966.726364048,12.949631248044875,1294963.1248044875,-981.8271601050413,,,,,,,,
california_housing__aptx__seed1__lr0p001__cfgcb06821ce71d,cb06821ce71d,96b354dd2d4cd04c,2.12.1+cu130,0.27.1+cu130,1.9.0,2.5.2,0,4,2026-08-26T08:57:17.041820+00:00,ok,,california_housing,regression,aptx,APTx Neuron,aptx,0,none,0,1,1,0.5,0.5,1,2026,0.001,0.0001,0.0,200,200,194,20,0.0001,128,128,64,32,34113,34113,292.3491585799493,cuda,./results/lambda_psi_comparison/checkpoints/california_housing/aptx/california_housing__aptx__seed1__lr0p001__cfgcb06821ce71d.pt,202.64200172128602,,,202.64200415929102,14.235238113895075,1423523.8113895075,7.440167654507844,744016.7654507844,-141.9260224851508,980.1878889216933,,,980.1878339620754,31.307951609169123,3130795.1609169124,8.086663812045153,808666.3812045152,-757.4364134190633,,,,,,,,
california_housing__aptx__seed2__lr0p001__cfgcb06821ce71d,cb06821ce71d,96b354dd2d4cd04c,2.12.1+cu130,0.27.1+cu130,1.9.0,2.5.2,0,4,2026-08-26T09:02:12.584402+00:00,ok,,california_housing,regression,aptx,APTx Neuron,aptx,0,none,0,1,1,0.5,0.5,2,2026,0.001,0.0001,0.0,200,200,189,20,0.0001,128,128,64,32,34113,34113,294.56146229594015,cuda,./results/lambda_psi_comparison/checkpoints/california_housing/aptx/california_housing__aptx__seed2__lr0p001__cfgcb06821ce71d.pt,583.9594026314196,,,583.9594170461863,24.165252265312404,2416525.22653124,13.407441493008257,1340744.1493008258,-410.87411818899574,706.3743676473928,,,706.374365414168,26.57770429164581,2657770.429164581,13.640359503137626,1364035.9503137625,-545.5687510834958,,,,,,,,
california_housing__aptx__seed3__lr0p001__cfgcb06821ce71d,cb06821ce71d,96b354dd2d4cd04c,2.12.1+cu130,0.27.1+cu130,1.9.0,2.5.2,0,4,2026-08-26T09:07:06.018321+00:00,ok,,california_housing,regression,aptx,APTx Neuron,aptx,0,none,0,1,1,0.5,0.5,3,2026,0.001,0.0001,0.0,200,200,182,20,0.0001,128,128,64,32,34113,34113,292.4664761212189,cuda,./results/lambda_psi_comparison/checkpoints/california_housing/aptx/california_housing__aptx__seed3__lr0p001__cfgcb06821ce71d.pt,106.33771863833879,,,106.33771790198213,10.31201812944402,1031201.812944402,5.802795234230137,580279.5234230137,-74.00136569874861,279.1307977484178,,,279.1308207640982,16.70720864669195,1670720.864669195,6.064528199923477,606452.8199923477,-214.98205082724286,,,,,,,,
california_housing__aptx__seed4__lr0p001__cfgcb06821ce71d,cb06821ce71d,96b354dd2d4cd04c,2.12.1+cu130,0.27.1+cu130,1.9.0,2.5.2,0,4,2026-08-26T09:11:59.980739+00:00,ok,,california_housing,regression,aptx,APTx Neuron,aptx,0,none,0,1,1,0.5,0.5,4,2026,0.001,0.0001,0.0,200,200,195,20,0.0001,128,128,64,32,34113,34113,293.0053730260115,cuda,./results/lambda_psi_comparison/checkpoints/california_housing/aptx/california_housing__aptx__seed4__lr0p001__cfgcb06821ce71d.pt,1351.1425826198372,,,1351.1426136182063,36.75789185492289,3675789.185492289,20.368412257713633,2036841.2257713634,-951.9783342590724,3498.7898663661276,,,3498.7898958125425,59.1505696998139,5915056.96998139,21.596454935249433,2159645.4935249435,-2706.2460685015953,,,,,,,,
california_housing__aptx__seed0__lr0p002__cfgcb06821ce71d,cb06821ce71d,96b354dd2d4cd04c,2.12.1+cu130,0.27.1+cu130,1.9.0,2.5.2,0,4,2026-08-26T09:16:52.926094+00:00,ok,,california_housing,regression,aptx,APTx Neuron,aptx,0,none,0,1,1,0.5,0.5,0,2026,0.002,0.0001,0.0,200,200,183,20,0.0001,128,128,64,32,34113,34113,292.0269025741145,cuda,./results/lambda_psi_comparison/checkpoints/california_housing/aptx/california_housing__aptx__seed0__lr0p002__cfgcb06821ce71d.pt,4.198490995769353,,,4.198491135577683,2.0490219948984647,204902.19948984648,0.9869747606445421,98697.47606445421,-1.9612500179162349,6.9044920437095705,,,6.904492040913675,2.6276400135699096,262764.00135699095,0.9692972732144732,96929.72732144732,-4.34246396307919,,,,,,,,
california_housing__aptx__seed1__lr0p002__cfgcb06821ce71d,cb06821ce71d,96b354dd2d4cd04c,2.12.1+cu130,0.27.1+cu130,1.9.0,2.5.2,0,4,2026-08-26T09:21:47.392248+00:00,ok,,california_housing,regression,aptx,APTx Neuron,aptx,0,none,0,1,1,0.5,0.5,1,2026,0.002,0.0001,0.0,200,200,191,20,0.0001,128,128,64,32,34113,34113,293.4856053579133,cuda,./results/lambda_psi_comparison/checkpoints/california_housing/aptx/california_housing__aptx__seed1__lr0p002__cfgcb06821ce71d.pt,0.4220269687416017,,,0.42202696620079366,0.649636025941291,64963.6025941291,0.4579670070995425,45796.70070995425,0.7023389306141096,8.656440914601319,,,8.656441122999754,2.9421830539583618,294218.3053958362,0.5339014263924702,53390.14263924702,-5.698063300544131,,,,,,,,
california_housing__aptx__seed2__lr0p002__cfgcb06821ce71d,cb06821ce71d,96b354dd2d4cd04c,2.12.1+cu130,0.27.1+cu130,1.9.0,2.5.2,0,4,2026-08-26T09:26:41.664968+00:00,ok,,california_housing,regression,aptx,APTx Neuron,aptx,0,none,0,1,1,0.5,0.5,2,2026,0.002,0.0001,0.0,200,200,199,20,0.0001,128,128,64,32,34113,34113,293.3361622369848,cuda,./results/lambda_psi_comparison/checkpoints/california_housing/aptx/california_housing__aptx__seed2__lr0p002__cfgcb06821ce71d.pt,4.821719025456628,,,4.821719013469664,2.1958412997003367,219584.12997003368,1.2170012454509505,121700.12454509505,-2.4008206886590218,9.988844348478686,,,9.988844532503906,3.160513333701332,316051.3333701332,1.218557133685884,121855.7133685884,-6.729032292524867,,,,,,,,
california_housing__aptx__seed3__lr0p002__cfgcb06821ce71d,cb06821ce71d,96b354dd2d4cd04c,2.12.1+cu130,0.27.1+cu130,1.9.0,2.5.2,0,4,2026-08-26T09:31:37.259507+00:00,ok,,california_housing,regression,aptx,APTx Neuron,aptx,0,none,0,1,1,0.5,0.5,3,2026,0.002,0.0001,0.0,200,200,195,20,0.0001,128,128,64,32,34113,34113,294.5852260531392,cuda,./results/lambda_psi_comparison/checkpoints/california_housing/aptx/california_housing__aptx__seed3__lr0p002__cfgcb06821ce71d.pt,0.741336002830387,,,0.7413360026289157,0.861008712283979,86100.8712283979,0.5434911544470824,54349.11544470824,0.477126143612836,0.856629355933315,,,0.8566293500571919,0.9255427327018412,92554.27327018412,0.5716341406020314,57163.41406020314,0.3371689900896918,,,,,,,,
california_housing__aptx__seed4__lr0p002__cfgcb06821ce71d,cb06821ce71d,96b354dd2d4cd04c,2.12.1+cu130,0.27.1+cu130,1.9.0,2.5.2,0,4,2026-08-26T09:34:00.437917+00:00,ok,,california_housing,regression,aptx,APTx Neuron,aptx,0,none,0,1,1,0.5,0.5,4,2026,0.002,0.0001,0.0,200,96,76,20,0.0001,128,128,64,32,34113,34113,142.25019853189588,cuda,./results/lambda_psi_comparison/checkpoints/california_housing/aptx/california_housing__aptx__seed4__lr0p002__cfgcb06821ce71d.pt,345.94909629526063,,,345.94910347232747,18.599707080282943,1859970.7080282944,10.700853766108207,1070085.3766108206,-243.0023703216844,485.5970194025557,,,485.5970182870434,22.036265978768803,2203626.5978768803,11.111200723580497,1111120.0723580497,-374.73865758760917,,,,,,,,
california_housing__aptx__seed0__lr0p003__cfgcb06821ce71d,cb06821ce71d,96b354dd2d4cd04c,2.12.1+cu130,0.27.1+cu130,1.9.0,2.5.2,0,4,2026-08-26T09:37:20.706813+00:00,ok,,california_housing,regression,aptx,APTx Neuron,aptx,0,none,0,1,1,0.5,0.5,0,2026,0.003,0.0001,0.0,200,135,115,20,0.0001,128,128,64,32,34113,34113,199.33172671077773,cuda,./results/lambda_psi_comparison/checkpoints/california_housing/aptx/california_housing__aptx__seed0__lr0p003__cfgcb06821ce71d.pt,0.4559758820737055,,,0.45597587860155636,0.6752598600550431,67525.98600550431,0.4989630983810323,49896.30983810323,0.6783943242761084,0.5250041674273883,,,0.5250041650442233,0.7245717114573431,72457.1711457343,0.5042243231188996,50422.43231188996,0.5937694162590301,,,,,,,,
california_housing__aptx__seed1__lr0p003__cfgcb06821ce71d,cb06821ce71d,96b354dd2d4cd04c,2.12.1+cu130,0.27.1+cu130,1.9.0,2.5.2,0,4,2026-08-26T09:39:20.121220+00:00,ok,,california_housing,regression,aptx,APTx Neuron,aptx,0,none,0,1,1,0.5,0.5,1,2026,0.003,0.0001,0.0,200,80,60,20,0.0001,128,128,64,32,34113,34113,118.42635633889586,cuda,./results/lambda_psi_comparison/checkpoints/california_housing/aptx/california_housing__aptx__seed1__lr0p003__cfgcb06821ce71d.pt,1.7984555220419123,,,1.7984555421135415,1.341065077508747,134106.5077508747,1.0038257874259653,100382.57874259652,-0.2684739193983081,2.200697885927304,,,2.200697884923309,1.4834749357246684,148347.49357246683,1.0595445699715453,105954.45699715453,-0.7028260839694653,,,,,,,,
california_housing__aptx__seed2__lr0p003__cfgcb06821ce71d,cb06821ce71d,96b354dd2d4cd04c,2.12.1+cu130,0.27.1+cu130,1.9.0,2.5.2,0,4,2026-08-26T09:42:15.672435+00:00,ok,,california_housing,regression,aptx,APTx Neuron,aptx,0,none,0,1,1,0.5,0.5,2,2026,0.003,0.0001,0.0,200,119,99,20,0.0001,128,128,64,32,34113,34113,174.5955924608279,cuda,./results/lambda_psi_comparison/checkpoints/california_housing/aptx/california_housing__aptx__seed2__lr0p003__cfgcb06821ce71d.pt,0.7227249427359234,,,0.7227249543354725,0.8501323157811803,85013.23157811804,0.6188335453571622,61883.354535716215,0.490252756320288,0.8795326171919357,,,0.8795326228721682,0.9378340060331403,93783.40060331403,0.604116661113131,60411.6661113131,0.3194472070931269,,,,,,,,
california_housing__aptx__seed3__lr0p003__cfgcb06821ce71d,cb06821ce71d,96b354dd2d4cd04c,2.12.1+cu130,0.27.1+cu130,1.9.0,2.5.2,0,4,2026-08-26T09:46:57.936150+00:00,ok,,california_housing,regression,aptx,APTx Neuron,aptx,0,none,0,1,1,0.5,0.5,3,2026,0.003,0.0001,0.0,200,190,170,20,0.0001,128,128,64,32,34113,34113,281.3007211089134,cuda,./results/lambda_psi_comparison/checkpoints/california_housing/aptx/california_housing__aptx__seed3__lr0p003__cfgcb06821ce71d.pt,0.2805056424103966,,,0.2805056437513753,0.5296278351364997,52962.78351364997,0.3599765035648679,35997.65035648679,0.8021557469669223,0.28469314639882526,,,0.28469314406076324,0.533566438281835,53356.6438281835,0.3662607195433374,36626.07195433374,0.7797140102895868,,,,,,,,
california_housing__aptx__seed4__lr0p003__cfgcb06821ce71d,cb06821ce71d,96b354dd2d4cd04c,2.12.1+cu130,0.27.1+cu130,1.9.0,2.5.2,0,4,2026-08-26T09:51:50.685854+00:00,ok,,california_housing,regression,aptx,APTx Neuron,aptx,0,none,0,1,1,0.5,0.5,4,2026,0.003,0.0001,0.0,200,200,194,20,0.0001,128,128,64,32,34113,34113,291.7346018180251,cuda,./results/lambda_psi_comparison/checkpoints/california_housing/aptx/california_housing__aptx__seed4__lr0p003__cfgcb06821ce71d.pt,0.3280966226444688,,,0.3280966250912512,0.5727971936831143,57279.71936831143,0.4050973616684823,40509.73616684823,0.7685892132302807,0.35049375683762307,,,0.3504937584807697,0.5920251333184848,59202.51333184848,0.4086336784837262,40863.367848372625,0.7287997056304949,,,,,,,,
california_housing__aptx_relu__seed0__lr0p0003__cfgcbdf19cf04f3,cbdf19cf04f3,96b354dd2d4cd04c,2.12.1+cu130,0.27.1+cu130,1.9.0,2.5.2,0,4,2026-08-26T09:56:27.965445+00:00,ok,,california_housing,regression,aptx_relu,APTx Neuron + ReLU,aptx,0,after_neuron,0,1,1,0.5,0.5,0,2026,0.0003,0.0001,0.0,200,186,166,20,0.0001,128,128,64,32,34113,34113,276.260488223983,cuda,./results/lambda_psi_comparison/checkpoints/california_housing/aptx_relu/california_housing__aptx_relu__seed0__lr0p0003__cfgcbdf19cf04f3.pt,87.1031695225442,,,87.1031698611793,9.33290789953374,933290.7899533741,5.662684731185436,566268.4731185436,-60.43499056750731,253.1696825101394,,,253.16969770120787,15.911307227918385,1591130.7227918385,5.944060299581624,594406.0299581623,-194.8942060469624,,,,,,,,
california_housing__aptx_relu__seed1__lr0p0003__cfgcbdf19cf04f3,cbdf19cf04f3,96b354dd2d4cd04c,2.12.1+cu130,0.27.1+cu130,1.9.0,2.5.2,0,4,2026-08-26T10:01:16.419919+00:00,ok,,california_housing,regression,aptx_relu,APTx Neuron + ReLU,aptx,0,after_neuron,0,1,1,0.5,0.5,1,2026,0.0003,0.0001,0.0,200,194,174,20,0.0001,128,128,64,32,34113,34113,287.47790683596395,cuda,./results/lambda_psi_comparison/checkpoints/california_housing/aptx_relu/california_housing__aptx_relu__seed1__lr0p0003__cfgcbdf19cf04f3.pt,36.51593314030374,,,36.515932319457875,6.042841411079549,604284.1411079549,2.8552896365407827,285528.96365407825,-24.755158637567142,37.434366861979164,,,37.43436726272099,6.118363119554199,611836.31195542,2.941300299170232,294130.0299170232,-27.965455662295653,,,,,,,,
california_housing__aptx_relu__seed2__lr0p0003__cfgcbdf19cf04f3,cbdf19cf04f3,96b354dd2d4cd04c,2.12.1+cu130,0.27.1+cu130,1.9.0,2.5.2,0,4,2026-08-26T10:06:13.752875+00:00,ok,,california_housing,regression,aptx_relu,APTx Neuron + ReLU,aptx,0,after_neuron,0,1,1,0.5,0.5,2,2026,0.0003,0.0001,0.0,200,200,188,20,0.0001,128,128,64,32,34113,34113,296.33474114420824,cuda,./results/lambda_psi_comparison/checkpoints/california_housing/aptx_relu/california_housing__aptx_relu__seed2__lr0p0003__cfgcbdf19cf04f3.pt,100.56806037961975,,,100.56805963203882,10.028362759296197,1002836.2759296197,6.182670777721345,618267.0777721344,-69.93195121065791,145.98160470178885,,,145.98160238223176,12.082284650769976,1208228.4650769976,6.385679394006729,638567.9394006729,-111.95565921116243,,,,,,,,
california_housing__aptx_relu__seed3__lr0p0003__cfgcbdf19cf04f3,cbdf19cf04f3,96b354dd2d4cd04c,2.12.1+cu130,0.27.1+cu130,1.9.0,2.5.2,0,4,2026-08-26T10:11:10.676403+00:00,ok,,california_housing,regression,aptx_relu,APTx Neuron + ReLU,aptx,0,after_neuron,0,1,1,0.5,0.5,3,2026,0.0003,0.0001,0.0,200,200,183,20,0.0001,128,128,64,32,34113,34113,295.9333248278126,cuda,./results/lambda_psi_comparison/checkpoints/california_housing/aptx_relu/california_housing__aptx_relu__seed3__lr0p0003__cfgcbdf19cf04f3.pt,3.11625290471454,,,3.1162528864158405,1.7652911619378375,176529.11619378376,1.2068827913554256,120688.27913554256,-1.1979334045826722,8.591896718786668,,,8.591896535452246,2.931193704867054,293119.3704867054,1.2664787695208897,126647.87695208896,-5.648120867278797,,,,,,,,
california_housing__aptx_relu__seed4__lr0p0003__cfgcbdf19cf04f3,cbdf19cf04f3,96b354dd2d4cd04c,2.12.1+cu130,0.27.1+cu130,1.9.0,2.5.2,0,4,2026-08-26T10:15:14.530085+00:00,ok,,california_housing,regression,aptx_relu,APTx Neuron + ReLU,aptx,0,after_neuron,0,1,1,0.5,0.5,4,2026,0.0003,0.0001,0.0,200,164,144,20,0.0001,128,128,64,32,34113,34113,242.8665460809134,cuda,./results/lambda_psi_comparison/checkpoints/california_housing/aptx_relu/california_housing__aptx_relu__seed4__lr0p0003__cfgcbdf19cf04f3.pt,2.183784594369489,,,2.1837845659354156,1.477763366014808,147776.33660148078,0.6589027518449828,65890.27518449828,-0.5402514561011855,110.32068470282148,,,110.3206875826769,10.50336553599259,1050336.553599259,0.8211348408168947,82113.48408168947,-84.36244148013758,,,,,,,,
california_housing__aptx_relu__seed0__lr0p0005__cfgcbdf19cf04f3,cbdf19cf04f3,96b354dd2d4cd04c,2.12.1+cu130,0.27.1+cu130,1.9.0,2.5.2,0,4,2026-08-26T10:20:12.643413+00:00,ok,,california_housing,regression,aptx_relu,APTx Neuron + ReLU,aptx,0,after_neuron,0,1,1,0.5,0.5,0,2026,0.0005,0.0001,0.0,200,200,181,20,0.0001,128,128,64,32,34113,34113,297.1444984350819,cuda,./results/lambda_psi_comparison/checkpoints/california_housing/aptx_relu/california_housing__aptx_relu__seed0__lr0p0005__cfgcbdf19cf04f3.pt,39.57525551965995,,,39.57525567332875,6.290886715982791,629088.671598279,3.683497214040091,368349.7214040091,-26.912938907648662,61.18094454624856,,,61.18094483469454,7.821824904374589,782182.4904374589,3.832183134662666,383218.3134662666,-46.339759546342876,,,,,,,,
california_housing__aptx_relu__seed1__lr0p0005__cfgcbdf19cf04f3,cbdf19cf04f3,96b354dd2d4cd04c,2.12.1+cu130,0.27.1+cu130,1.9.0,2.5.2,0,4,2026-08-26T10:24:17.319963+00:00,ok,,california_housing,regression,aptx_relu,APTx Neuron + ReLU,aptx,0,after_neuron,0,1,1,0.5,0.5,1,2026,0.0005,0.0001,0.0,200,164,144,20,0.0001,128,128,64,32,34113,34113,243.67655761516653,cuda,./results/lambda_psi_comparison/checkpoints/california_housing/aptx_relu/california_housing__aptx_relu__seed1__lr0p0005__cfgcbdf19cf04f3.pt,13.407443297925846,,,13.40744302539845,3.661617542207057,366161.7542207057,1.6588726428936618,165887.26428936617,-8.456442711700339,13.564155844754952,,,13.564155163417388,3.6829546784365115,368295.46784365113,1.684434284766515,168443.4284766515,-9.495487534892206,,,,,,,,
california_housing__aptx_relu__seed2__lr0p0005__cfgcbdf19cf04f3,cbdf19cf04f3,96b354dd2d4cd04c,2.12.1+cu130,0.27.1+cu130,1.9.0,2.5.2,0,4,2026-08-26T10:29:03.215393+00:00,ok,,california_housing,regression,aptx_relu,APTx Neuron + ReLU,aptx,0,after_neuron,0,1,1,0.5,0.5,2,2026,0.0005,0.0001,0.0,200,190,170,20,0.0001,128,128,64,32,34113,34113,284.91709206812084,cuda,./results/lambda_psi_comparison/checkpoints/california_housing/aptx_relu/california_housing__aptx_relu__seed2__lr0p0005__cfgcbdf19cf04f3.pt,41.49461724037348,,,41.494616986836036,6.441631546963551,644163.1546963551,3.8585796780710995,385857.96780710993,-28.26668922900766,57.83541382190793,,,57.83541353017877,7.6049597980646,760495.97980646,4.061353906476509,406135.39064765093,-43.75109982658112,,,,,,,,
california_housing__aptx_relu__seed3__lr0p0005__cfgcbdf19cf04f3,cbdf19cf04f3,96b354dd2d4cd04c,2.12.1+cu130,0.27.1+cu130,1.9.0,2.5.2,0,4,2026-08-26T10:33:52.276219+00:00,ok,,california_housing,regression,aptx_relu,APTx Neuron + ReLU,aptx,0,after_neuron,0,1,1,0.5,0.5,3,2026,0.0005,0.0001,0.0,200,193,173,20,0.0001,128,128,64,32,34113,34113,288.0741603409406,cuda,./results/lambda_psi_comparison/checkpoints/california_housing/aptx_relu/california_housing__aptx_relu__seed3__lr0p0005__cfgcbdf19cf04f3.pt,1.6065230859342472,,,1.6065230745795593,1.2674869129815738,126748.69129815738,0.791369925549095,79136.9925549095,-0.133101471399675,3.964412197586178,,,3.9644121376960655,1.9910831569013048,199108.3156901305,0.8220632020131389,82206.3202013139,-2.0675289152237535,,,,,,,,
california_housing__aptx_relu__seed4__lr0p0005__cfgcbdf19cf04f3,cbdf19cf04f3,96b354dd2d4cd04c,2.12.1+cu130,0.27.1+cu130,1.9.0,2.5.2,0,4,2026-08-26T10:38:53.456884+00:00,ok,,california_housing,regression,aptx_relu,APTx Neuron + ReLU,aptx,0,after_neuron,0,1,1,0.5,0.5,4,2026,0.0005,0.0001,0.0,200,200,183,20,0.0001,128,128,64,32,34113,34113,300.2652369090356,cuda,./results/lambda_psi_comparison/checkpoints/california_housing/aptx_relu/california_housing__aptx_relu__seed4__lr0p0005__cfgcbdf19cf04f3.pt,0.3519073516823525,,,0.3519073478996124,0.5932177912871566,59321.77912871566,0.41736740761891356,41736.74076189136,0.7517952029380197,0.40921113472576287,,,0.40921113228230266,0.6396961249548904,63969.61249548904,0.4259102761731014,42591.02761731014,0.683366174578176,,,,,,,,
california_housing__aptx_relu__seed0__lr0p001__cfgcbdf19cf04f3,cbdf19cf04f3,96b354dd2d4cd04c,2.12.1+cu130,0.27.1+cu130,1.9.0,2.5.2,0,4,2026-08-26T10:43:50.697367+00:00,ok,,california_housing,regression,aptx_relu,APTx Neuron + ReLU,aptx,0,after_neuron,0,1,1,0.5,0.5,0,2026,0.001,0.0001,0.0,200,200,187,20,0.0001,128,128,64,32,34113,34113,296.2735191290267,cuda,./results/lambda_psi_comparison/checkpoints/california_housing/aptx_relu/california_housing__aptx_relu__seed0__lr0p001__cfgcbdf19cf04f3.pt,5.625221217325492,,,5.6252211842041016,2.3717548743923986,237175.48743923986,1.4535684420676656,145356.84420676655,-2.967541146234955,13.61116531468177,,,13.61116468971317,3.6893311981595214,368933.11981595214,1.51323136797016,151323.136797016,-9.531861926906627,,,,,,,,
california_housing__aptx_relu__seed1__lr0p001__cfgcbdf19cf04f3,cbdf19cf04f3,96b354dd2d4cd04c,2.12.1+cu130,0.27.1+cu130,1.9.0,2.5.2,0,4,2026-08-26T10:47:26.165291+00:00,ok,,california_housing,regression,aptx_relu,APTx Neuron + ReLU,aptx,0,after_neuron,0,1,1,0.5,0.5,1,2026,0.001,0.0001,0.0,200,145,125,20,0.0001,128,128,64,32,34113,34113,214.5068034301512,cuda,./results/lambda_psi_comparison/checkpoints/california_housing/aptx_relu/california_housing__aptx_relu__seed1__lr0p001__cfgcbdf19cf04f3.pt,0.33109573777331863,,,0.3310957353871366,0.5754091895226705,57540.91895226705,0.407391327093969,40739.1327093969,0.7664739020075975,0.33032573470773624,,,0.33032573621266437,0.5747397117066685,57473.971170666846,0.4033230765498886,40332.30765498886,0.7444050436532574,,,,,,,,
california_housing__aptx_relu__seed2__lr0p001__cfgcbdf19cf04f3,cbdf19cf04f3,96b354dd2d4cd04c,2.12.1+cu130,0.27.1+cu130,1.9.0,2.5.2,0,4,2026-08-26T10:52:23.095610+00:00,ok,,california_housing,regression,aptx_relu,APTx Neuron + ReLU,aptx,0,after_neuron,0,1,1,0.5,0.5,2,2026,0.001,0.0001,0.0,200,200,197,20,0.0001,128,128,64,32,34113,34113,295.9433703001123,cuda,./results/lambda_psi_comparison/checkpoints/california_housing/aptx_relu/california_housing__aptx_relu__seed2__lr0p001__cfgcbdf19cf04f3.pt,4.965374296025712,,,4.965374355714391,2.228311996941719,222831.1996941719,1.3813348295845727,138133.48295845726,-2.5021426567325418,4.996243609938511,,,4.996243606778744,2.2352278646211317,223522.78646211317,1.3419959211447674,134199.59211447675,-2.865925438368387,,,,,,,,
california_housing__aptx_relu__seed3__lr0p001__cfgcbdf19cf04f3,cbdf19cf04f3,96b354dd2d4cd04c,2.12.1+cu130,0.27.1+cu130,1.9.0,2.5.2,0,4,2026-08-26T10:57:08.221500+00:00,ok,,california_housing,regression,aptx_relu,APTx Neuron + ReLU,aptx,0,after_neuron,0,1,1,0.5,0.5,3,2026,0.001,0.0001,0.0,200,188,168,20,0.0001,128,128,64,32,34113,34113,284.17076380108483,cuda,./results/lambda_psi_comparison/checkpoints/california_housing/aptx_relu/california_housing__aptx_relu__seed3__lr0p001__cfgcbdf19cf04f3.pt,0.34106175474418227,,,0.34106176093535917,0.5840049322868422,58400.49322868422,0.40869874117332833,40869.87411733283,0.759444735485571,0.39894636934117755,,,0.39894636855212784,0.6316220139863143,63162.201398631434,0.42442076480333774,42442.07648033377,0.6913087038754833,,,,,,,,
california_housing__aptx_relu__seed4__lr0p001__cfgcbdf19cf04f3,cbdf19cf04f3,96b354dd2d4cd04c,2.12.1+cu130,0.27.1+cu130,1.9.0,2.5.2,0,4,2026-08-26T11:00:23.605017+00:00,ok,,california_housing,regression,aptx_relu,APTx Neuron + ReLU,aptx,0,after_neuron,0,1,1,0.5,0.5,4,2026,0.001,0.0001,0.0,200,132,112,20,0.0001,128,128,64,32,34113,34113,194.4413320880849,cuda,./results/lambda_psi_comparison/checkpoints/california_housing/aptx_relu/california_housing__aptx_relu__seed4__lr0p001__cfgcbdf19cf04f3.pt,0.2982718080513237,,,0.2982718097093164,0.5461426642456313,54614.26642456313,0.3790358291549045,37903.58291549045,0.789625040681647,0.30442773695139924,,,0.30442773954878644,0.5517497073391036,55174.970733910355,0.37632520369059125,37632.52036905912,0.7644440433469125,,,,,,,,
california_housing__aptx_relu__seed0__lr0p002__cfgcbdf19cf04f3,cbdf19cf04f3,96b354dd2d4cd04c,2.12.1+cu130,0.27.1+cu130,1.9.0,2.5.2,0,4,2026-08-26T11:04:09.139929+00:00,ok,,california_housing,regression,aptx_relu,APTx Neuron + ReLU,aptx,0,after_neuron,0,1,1,0.5,0.5,0,2026,0.002,0.0001,0.0,200,150,130,20,0.0001,128,128,64,32,34113,34113,224.5372513339389,cuda,./results/lambda_psi_comparison/checkpoints/california_housing/aptx_relu/california_housing__aptx_relu__seed0__lr0p002__cfgcbdf19cf04f3.pt,0.30883561733157133,,,0.3088356215872078,0.5557298098781528,55572.98098781528,0.3862014674083438,38620.14674083438,0.7821742477413958,0.3249052384102991,,,0.3249052390392431,0.5700045956299328,57000.45956299328,0.38767969597477553,38767.96959747755,0.7485992422473575,,,,,,,,
california_housing__aptx_relu__seed1__lr0p002__cfgcbdf19cf04f3,cbdf19cf04f3,96b354dd2d4cd04c,2.12.1+cu130,0.27.1+cu130,1.9.0,2.5.2,0,4,2026-08-26T11:07:38.977468+00:00,ok,,california_housing,regression,aptx_relu,APTx Neuron + ReLU,aptx,0,after_neuron,0,1,1,0.5,0.5,1,2026,0.002,0.0001,0.0,200,139,119,20,0.0001,128,128,64,32,34113,34113,208.89954729913734,cuda,./results/lambda_psi_comparison/checkpoints/california_housing/aptx_relu/california_housing__aptx_relu__seed1__lr0p002__cfgcbdf19cf04f3.pt,0.28036032397617666,,,0.2803603261597981,0.5294906289631556,52949.062896315554,0.3600539592809455,36005.39592809455,0.8022582413409165,0.29185980119446453,,,0.2918598012923387,0.5402405031949554,54024.050319495545,0.3640206083330477,36402.06083330477,0.7741686917102397,,,,,,,,
california_housing__aptx_relu__seed2__lr0p002__cfgcbdf19cf04f3,cbdf19cf04f3,96b354dd2d4cd04c,2.12.1+cu130,0.27.1+cu130,1.9.0,2.5.2,0,4,2026-08-26T11:12:01.734126+00:00,ok,,california_housing,regression,aptx_relu,APTx Neuron + ReLU,aptx,0,after_neuron,0,1,1,0.5,0.5,2,2026,0.002,0.0001,0.0,200,169,149,20,0.0001,128,128,64,32,34113,34113,261.78742318809964,cuda,./results/lambda_psi_comparison/checkpoints/california_housing/aptx_relu/california_housing__aptx_relu__seed2__lr0p002__cfgcbdf19cf04f3.pt,0.3690109567124714,,,0.36901095732542094,0.6074627209347261,60746.27209347261,0.4169970574362796,41699.70574362796,0.7397318063312197,0.3745028240274089,,,0.3745028282962313,0.6119663620626802,61196.63620626802,0.41285991050707277,41285.99105070728,0.7102222940676912,,,,,,,,
california_housing__aptx_relu__seed3__lr0p002__cfgcbdf19cf04f3,cbdf19cf04f3,96b354dd2d4cd04c,2.12.1+cu130,0.27.1+cu130,1.9.0,2.5.2,0,4,2026-08-26T11:14:53.152458+00:00,ok,,california_housing,regression,aptx_relu,APTx Neuron + ReLU,aptx,0,after_neuron,0,1,1,0.5,0.5,3,2026,0.002,0.0001,0.0,200,110,90,20,0.0001,128,128,64,32,34113,34113,170.40689101116732,cuda,./results/lambda_psi_comparison/checkpoints/california_housing/aptx_relu/california_housing__aptx_relu__seed3__lr0p002__cfgcbdf19cf04f3.pt,0.2917692970859912,,,0.29176930097457554,0.5401567374147762,54015.67374147762,0.37689339547136497,37689.3395471365,0.7942113440667087,0.30543911226036013,,,0.3054391103382907,0.552665459693557,55266.5459693557,0.3781675774344178,37816.75774344178,0.7636614786101846,,,,,,,,
california_housing__aptx_relu__seed4__lr0p002__cfgcbdf19cf04f3,cbdf19cf04f3,96b354dd2d4cd04c,2.12.1+cu130,0.27.1+cu130,1.9.0,2.5.2,0,4,2026-08-26T11:17:16.038384+00:00,ok,,california_housing,regression,aptx_relu,APTx Neuron + ReLU,aptx,0,after_neuron,0,1,1,0.5,0.5,4,2026,0.002,0.0001,0.0,200,95,75,20,0.0001,128,128,64,32,34113,34113,141.92629001894966,cuda,./results/lambda_psi_comparison/checkpoints/california_housing/aptx_relu/california_housing__aptx_relu__seed4__lr0p002__cfgcbdf19cf04f3.pt,0.27658510901207145,,,0.27658510504286055,0.525913590852015,52591.3590852015,0.3532952302272699,35329.523022726986,0.8049209535485085,0.28418729702631634,,,0.2841872956818342,0.5330922018580221,53309.22018580221,0.35518435146948396,35518.435146948395,0.7801054187696308,,,,,,,,
california_housing__aptx_relu__seed0__lr0p003__cfgcbdf19cf04f3,cbdf19cf04f3,96b354dd2d4cd04c,2.12.1+cu130,0.27.1+cu130,1.9.0,2.5.2,0,4,2026-08-26T11:19:11.961625+00:00,ok,,california_housing,regression,aptx_relu,APTx Neuron + ReLU,aptx,0,after_neuron,0,1,1,0.5,0.5,0,2026,0.003,0.0001,0.0,200,77,57,20,0.0001,128,128,64,32,34113,34113,114.91402160306461,cuda,./results/lambda_psi_comparison/checkpoints/california_housing/aptx_relu/california_housing__aptx_relu__seed0__lr0p003__cfgcbdf19cf04f3.pt,0.2796906572441722,,,0.2796906615010777,0.5288578840303676,52885.78840303676,0.36150640449955945,36150.64044995594,0.8027305644728697,0.2899270893991456,,,0.2899270910422297,0.5384487821903117,53844.87821903117,0.3678748955329259,36787.48955329259,0.7756641579662793,,,,,,,,
california_housing__aptx_relu__seed1__lr0p003__cfgcbdf19cf04f3,cbdf19cf04f3,96b354dd2d4cd04c,2.12.1+cu130,0.27.1+cu130,1.9.0,2.5.2,0,4,2026-08-26T11:21:44.004512+00:00,ok,,california_housing,regression,aptx_relu,APTx Neuron + ReLU,aptx,0,after_neuron,0,1,1,0.5,0.5,1,2026,0.003,0.0001,0.0,200,96,76,20,0.0001,128,128,64,32,34113,34113,151.0543140519876,cuda,./results/lambda_psi_comparison/checkpoints/california_housing/aptx_relu/california_housing__aptx_relu__seed1__lr0p003__cfgcbdf19cf04f3.pt,0.2730672987856606,,,0.2730672968239496,0.5225584147480065,52255.84147480065,0.35444903482011586,35444.903482011585,0.8074021091148503,0.2766150501809379,,,0.27661504839176887,0.5259420580175813,52594.20580175813,0.35471020554473925,35471.02055447392,0.7859645693091606,,,,,,,,
california_housing__aptx_relu__seed2__lr0p003__cfgcbdf19cf04f3,cbdf19cf04f3,96b354dd2d4cd04c,2.12.1+cu130,0.27.1+cu130,1.9.0,2.5.2,0,4,2026-08-26T11:24:50.112262+00:00,ok,,california_housing,regression,aptx_relu,APTx Neuron + ReLU,aptx,0,after_neuron,0,1,1,0.5,0.5,2,2026,0.003,0.0001,0.0,200,117,97,20,0.0001,128,128,64,32,34113,34113,185.07099581090733,cuda,./results/lambda_psi_comparison/checkpoints/california_housing/aptx_relu/california_housing__aptx_relu__seed2__lr0p003__cfgcbdf19cf04f3.pt,0.2950189016586126,,,0.2950188992749613,0.5431564224741905,54315.64224741905,0.36985428173585916,36985.42817358592,0.7919193604196089,0.28936583104059677,,,0.2893658319142773,0.5379273481747114,53792.734817471144,0.36707845652230486,36707.845652230484,0.776098441422219,,,,,,,,
california_housing__aptx_relu__seed3__lr0p003__cfgcbdf19cf04f3,cbdf19cf04f3,96b354dd2d4cd04c,2.12.1+cu130,0.27.1+cu130,1.9.0,2.5.2,0,4,2026-08-26T11:27:19.729048+00:00,ok,,california_housing,regression,aptx_relu,APTx Neuron + ReLU,aptx,0,after_neuron,0,1,1,0.5,0.5,3,2026,0.003,0.0001,0.0,200,99,79,20,0.0001,128,128,64,32,34113,34113,148.64812907902524,cuda,./results/lambda_psi_comparison/checkpoints/california_housing/aptx_relu/california_housing__aptx_relu__seed3__lr0p003__cfgcbdf19cf04f3.pt,0.27970203595568044,,,0.27970203681048894,0.5288686385204637,52886.86385204637,0.3597013043427421,35970.13043427421,0.8027225413202393,0.2817530447198439,,,0.28175304384946137,0.5308041482971486,53080.414829714864,0.36247583171136155,36247.58317113615,0.7819889610511555,,,,,,,,
california_housing__aptx_relu__seed4__lr0p003__cfgcbdf19cf04f3,cbdf19cf04f3,96b354dd2d4cd04c,2.12.1+cu130,0.27.1+cu130,1.9.0,2.5.2,0,4,2026-08-26T11:30:14.756674+00:00,ok,,california_housing,regression,aptx_relu,APTx Neuron + ReLU,aptx,0,after_neuron,0,1,1,0.5,0.5,4,2026,0.003,0.0001,0.0,200,95,75,20,0.0001,128,128,64,32,34113,34113,173.8448574070353,cuda,./results/lambda_psi_comparison/checkpoints/california_housing/aptx_relu/california_housing__aptx_relu__seed4__lr0p003__cfgcbdf19cf04f3.pt,0.2788732985193415,,,0.27887329641374053,0.5280845542275787,52808.45542275787,0.3587371327647174,35873.71327647174,0.8033070626245534,0.2797192420608314,,,0.2797192427650177,0.5288849050266208,52888.490502662076,0.35250997870380796,35250.997870380794,0.783562647998338,,,,,,,,
california_housing__aptx_field__seed0__lr0p0003__cfg69b9cfb83c1a,69b9cfb83c1a,96b354dd2d4cd04c,2.12.1+cu130,0.27.1+cu130,1.9.0,2.5.2,0,4,2026-08-26T11:38:15.805011+00:00,ok,,california_housing,regression,aptx_field,APTx Neuron + Lambda-Psi,aptx,1,none,1,1,1,0.5,0.5,0,2026,0.0003,0.0001,0.0,200,164,144,20,0.0001,128,128,64,32,34121,34121,479.6877758731134,cuda,./results/lambda_psi_comparison/checkpoints/california_housing/aptx_field/california_housing__aptx_field__seed0__lr0p0003__cfg69b9cfb83c1a.pt,0.30498301451520404,,,0.3049830141413343,0.5522526723713832,55225.26723713832,0.37841529363058796,37841.5293630588,0.7848915415261657,0.3170926635579545,,,0.31709266479697285,0.5631098159302259,56310.98159302259,0.38285360445968747,38285.36044596875,0.7546443497079618,0.590947151184082,0.5909985303878784,0.5925577282905579,0.5930789113044739,0.6101459264755249,0.6051301956176758,0.6316484212875366,0.8812735080718994
california_housing__aptx_field__seed1__lr0p0003__cfg69b9cfb83c1a,69b9cfb83c1a,96b354dd2d4cd04c,2.12.1+cu130,0.27.1+cu130,1.9.0,2.5.2,0,4,2026-08-26T11:46:46.505110+00:00,ok,,california_housing,regression,aptx_field,APTx Neuron + Lambda-Psi,aptx,1,none,1,1,1,0.5,0.5,1,2026,0.0003,0.0001,0.0,200,176,156,20,0.0001,128,128,64,32,34121,34121,509.34559990884736,cuda,./results/lambda_psi_comparison/checkpoints/california_housing/aptx_field/california_housing__aptx_field__seed1__lr0p0003__cfg69b9cfb83c1a.pt,0.3033410946066065,,,0.30334109290191885,0.5507640991403842,55076.40991403841,0.37915984890604204,37915.9848906042,0.7860496097803618,0.3438208343446717,,,0.3438208321352141,0.5863623727143601,58636.23727143601,0.38774100966867087,38774.10096686709,0.7339629918386856,0.5853667259216309,0.5817036628723145,0.5787885189056396,0.5698248147964478,0.5984004735946655,0.5655366778373718,0.593666136264801,0.8654600977897644
california_housing__aptx_field__seed2__lr0p0003__cfg69b9cfb83c1a,69b9cfb83c1a,96b354dd2d4cd04c,2.12.1+cu130,0.27.1+cu130,1.9.0,2.5.2,0,4,2026-08-26T11:53:26.253484+00:00,ok,,california_housing,regression,aptx_field,APTx Neuron + Lambda-Psi,aptx,1,none,1,1,1,0.5,0.5,2,2026,0.0003,0.0001,0.0,200,140,120,20,0.0001,128,128,64,32,34121,34121,398.3936166339554,cuda,./results/lambda_psi_comparison/checkpoints/california_housing/aptx_field/california_housing__aptx_field__seed2__lr0p0003__cfg69b9cfb83c1a.pt,0.31682392654492875,,,0.31682392417563854,0.5628711434916863,56287.11434916863,0.3893454075437184,38934.54075437184,0.7765399947635444,0.31001529213069945,,,0.3100152965744949,0.5567901728429615,55679.01728429615,0.38807983175569843,38807.98317556985,0.7601205794520149,0.6009382009506226,0.5898826718330383,0.6042540073394775,0.5983538627624512,0.6138623952865601,0.5928329229354858,0.6326241493225098,0.8814782500267029
california_housing__aptx_field__seed3__lr0p0003__cfg69b9cfb83c1a,69b9cfb83c1a,96b354dd2d4cd04c,2.12.1+cu130,0.27.1+cu130,1.9.0,2.5.2,0,4,2026-08-26T12:01:35.044047+00:00,ok,,california_housing,regression,aptx_field,APTx Neuron + Lambda-Psi,aptx,1,none,1,1,1,0.5,0.5,3,2026,0.0003,0.0001,0.0,200,167,147,20,0.0001,128,128,64,32,34121,34121,487.5598057638854,cuda,./results/lambda_psi_comparison/checkpoints/california_housing/aptx_field/california_housing__aptx_field__seed3__lr0p0003__cfg69b9cfb83c1a.pt,0.30681724465170573,,,0.30681724642770597,0.5539108650565594,55391.08650565594,0.38501146842920503,38501.146842920505,0.7835978338070154,0.3003702168316804,,,0.30037021386038215,0.5480604107763871,54806.041077638714,0.3760647353384095,37606.47353384095,0.767583620399231,0.5723339915275574,0.5746892690658569,0.5883596539497375,0.6054526567459106,0.6069233417510986,0.5935629606246948,0.5980179905891418,0.8763290643692017
california_housing__aptx_field__seed4__lr0p0003__cfg69b9cfb83c1a,69b9cfb83c1a,96b354dd2d4cd04c,2.12.1+cu130,0.27.1+cu130,1.9.0,2.5.2,0,4,2026-08-26T12:09:04.260361+00:00,ok,,california_housing,regression,aptx_field,APTx Neuron + Lambda-Psi,aptx,1,none,1,1,1,0.5,0.5,4,2026,0.0003,0.0001,0.0,200,158,138,20,0.0001,128,128,64,32,34121,34121,448.1740544149652,cuda,./results/lambda_psi_comparison/checkpoints/california_housing/aptx_field/california_housing__aptx_field__seed4__lr0p0003__cfg69b9cfb83c1a.pt,0.30600382630215134,,,0.3060038256339078,0.5531761253289117,55317.61253289117,0.38515008181737836,38515.00818173784,0.7841715499975289,0.36214089578436326,,,0.36214089577130154,0.6017814352165589,60178.14352165589,0.39120753245904694,39120.75324590469,0.7197875421173818,0.6068488955497742,0.6102333664894104,0.6130033731460571,0.6202139258384705,0.6185904741287231,0.5970764756202698,0.6481655836105347,0.8851182460784912
california_housing__aptx_field__seed0__lr0p0005__cfg69b9cfb83c1a,69b9cfb83c1a,96b354dd2d4cd04c,2.12.1+cu130,0.27.1+cu130,1.9.0,2.5.2,0,4,2026-08-26T12:13:39.627667+00:00,ok,,california_housing,regression,aptx_field,APTx Neuron + Lambda-Psi,aptx,1,none,1,1,1,0.5,0.5,0,2026,0.0005,0.0001,0.0,200,125,105,20,0.0001,128,128,64,32,34121,34121,274.335227221949,cuda,./results/lambda_psi_comparison/checkpoints/california_housing/aptx_field/california_housing__aptx_field__seed0__lr0p0005__cfg69b9cfb83c1a.pt,0.2908532123926074,,,0.2908532163922823,0.5393080904198289,53930.80904198289,0.37017049129272617,37017.049129272615,0.7948574703530645,0.2992257743842842,,,0.2992257733130274,0.5470153318811343,54701.533188113426,0.3751664594963713,37516.64594963713,0.7684691500436855,0.5945258140563965,0.5923680663108826,0.6021071076393127,0.5966031551361084,0.622668445110321,0.6120108962059021,0.6491160988807678,0.9250679612159729
california_housing__aptx_field__seed1__lr0p0005__cfg69b9cfb83c1a,69b9cfb83c1a,96b354dd2d4cd04c,2.12.1+cu130,0.27.1+cu130,1.9.0,2.5.2,0,4,2026-08-26T12:17:38.711818+00:00,ok,,california_housing,regression,aptx_field,APTx Neuron + Lambda-Psi,aptx,1,none,1,1,1,0.5,0.5,1,2026,0.0005,0.0001,0.0,200,111,91,20,0.0001,128,128,64,32,34121,34121,238.05912677687593,cuda,./results/lambda_psi_comparison/checkpoints/california_housing/aptx_field/california_housing__aptx_field__seed1__lr0p0005__cfg69b9cfb83c1a.pt,0.29837065195852475,,,0.29837065048425243,0.5462331466363538,54623.31466363538,0.37562414007477984,37562.414007477986,0.7895553270066389,0.3515999943248985,,,0.3515999877848356,0.5929586729147619,59295.86729147619,0.38158416551674984,38158.416551674985,0.7279437425622701,0.5961794257164001,0.5854023694992065,0.5859386920928955,0.5736314058303833,0.6099745035171509,0.5723679065704346,0.6093172430992126,0.9019638299942017
california_housing__aptx_field__seed2__lr0p0005__cfg69b9cfb83c1a,69b9cfb83c1a,96b354dd2d4cd04c,2.12.1+cu130,0.27.1+cu130,1.9.0,2.5.2,0,4,2026-08-26T12:21:54.667682+00:00,ok,,california_housing,regression,aptx_field,APTx Neuron + Lambda-Psi,aptx,1,none,1,1,1,0.5,0.5,2,2026,0.0005,0.0001,0.0,200,113,93,20,0.0001,128,128,64,32,34121,34121,254.94302741298452,cuda,./results/lambda_psi_comparison/checkpoints/california_housing/aptx_field/california_housing__aptx_field__seed2__lr0p0005__cfg69b9cfb83c1a.pt,0.3012321815472241,,,0.3012321862436828,0.5488462318752702,54884.62318752702,0.377768724622537,37776.872462253705,0.7875370488811771,0.30103125151737714,,,0.301031253981723,0.5486631516529272,54866.315165292726,0.37999946375687915,37999.94637568791,0.7670721297630645,0.606778621673584,0.5910128355026245,0.614618182182312,0.6046353578567505,0.6254536509513855,0.5975732803344727,0.6531936526298523,0.9297922253608704
california_housing__aptx_field__seed3__lr0p0005__cfg69b9cfb83c1a,69b9cfb83c1a,96b354dd2d4cd04c,2.12.1+cu130,0.27.1+cu130,1.9.0,2.5.2,0,4,2026-08-26T12:25:53.113081+00:00,ok,,california_housing,regression,aptx_field,APTx Neuron + Lambda-Psi,aptx,1,none,1,1,1,0.5,0.5,3,2026,0.0005,0.0001,0.0,200,110,90,20,0.0001,128,128,64,32,34121,34121,237.4506081060972,cuda,./results/lambda_psi_comparison/checkpoints/california_housing/aptx_field/california_housing__aptx_field__seed3__lr0p0005__cfg69b9cfb83c1a.pt,0.2973748507887818,,,0.29737485300724686,0.5453208716042757,54532.08716042757,0.3812317088275224,38123.17088275224,0.7902576758270604,0.3030037789843803,,,0.303003778408641,0.5504577898519023,55045.77898519023,0.3795341414818179,37953.41414818179,0.7655458566346929,0.5777106881141663,0.5801979899406433,0.5963161587715149,0.6134662628173828,0.6208277940750122,0.6029646396636963,0.6135438680648804,0.9047459363937378
california_housing__aptx_field__seed4__lr0p0005__cfg69b9cfb83c1a,69b9cfb83c1a,96b354dd2d4cd04c,2.12.1+cu130,0.27.1+cu130,1.9.0,2.5.2,0,4,2026-08-26T12:29:46.297155+00:00,ok,,california_housing,regression,aptx_field,APTx Neuron + Lambda-Psi,aptx,1,none,1,1,1,0.5,0.5,4,2026,0.0005,0.0001,0.0,200,103,83,20,0.0001,128,128,64,32,34121,34121,232.13333558896556,cuda,./results/lambda_psi_comparison/checkpoints/california_housing/aptx_field/california_housing__aptx_field__seed4__lr0p0005__cfg69b9cfb83c1a.pt,0.2980835137441177,,,0.298083507003993,0.5459702436983109,54597.024369831095,0.3805992358992266,38059.92358992266,0.789757853011483,0.3095603640689406,,,0.30956036342118587,0.5563814909045643,55638.149090456434,0.3841374818914274,38413.74818914274,0.7604725914411319,0.6151520013809204,0.612669825553894,0.6204713582992554,0.6261351704597473,0.6366413831710815,0.6010969877243042,0.6608076095581055,0.9077804088592529
california_housing__aptx_field__seed0__lr0p001__cfg69b9cfb83c1a,69b9cfb83c1a,96b354dd2d4cd04c,2.12.1+cu130,0.27.1+cu130,1.9.0,2.5.2,0,4,2026-08-26T12:34:32.700308+00:00,ok,,california_housing,regression,aptx_field,APTx Neuron + Lambda-Psi,aptx,1,none,1,1,1,0.5,0.5,0,2026,0.001,0.0001,0.0,200,127,107,20,0.0001,128,128,64,32,34121,34121,285.4253101858776,cuda,./results/lambda_psi_comparison/checkpoints/california_housing/aptx_field/california_housing__aptx_field__seed0__lr0p001__cfg69b9cfb83c1a.pt,0.2747390025345854,,,0.2747389996428031,0.5241555109343057,52415.55109343057,0.3588208761643763,35882.08761643763,0.8062230355280726,0.2851436184358227,,,0.28514361569837865,0.5339884040860613,53398.84040860613,0.3636663081485403,36366.63081485403,0.7793654504714149,0.6091434955596924,0.5840458869934082,0.6266407370567322,0.5989807844161987,0.6526217460632324,0.6228718757629395,0.6806192994117737,0.9781579375267029
california_housing__aptx_field__seed1__lr0p001__cfg69b9cfb83c1a,69b9cfb83c1a,96b354dd2d4cd04c,2.12.1+cu130,0.27.1+cu130,1.9.0,2.5.2,0,4,2026-08-26T12:38:09.393525+00:00,ok,,california_housing,regression,aptx_field,APTx Neuron + Lambda-Psi,aptx,1,none,1,1,1,0.5,0.5,1,2026,0.001,0.0001,0.0,200,102,82,20,0.0001,128,128,64,32,34121,34121,215.6911485081073,cuda,./results/lambda_psi_comparison/checkpoints/california_housing/aptx_field/california_housing__aptx_field__seed1__lr0p001__cfg69b9cfb83c1a.pt,0.28366615513498467,,,0.28366615255767685,0.5326031848925398,53260.31848925398,0.36384455025080564,36384.45502508056,0.799926599290516,0.32913129805594454,,,0.3291313008355304,0.5736996608291924,57369.96608291924,0.3709057251915567,37090.57251915567,0.7453292576172612,0.6159676909446716,0.5741607546806335,0.6111612319946289,0.5817635655403137,0.6519879102706909,0.5910785794258118,0.6401221752166748,0.9624064564704895
california_housing__aptx_field__seed2__lr0p001__cfg69b9cfb83c1a,69b9cfb83c1a,96b354dd2d4cd04c,2.12.1+cu130,0.27.1+cu130,1.9.0,2.5.2,0,4,2026-08-26T12:41:34.943882+00:00,ok,,california_housing,regression,aptx_field,APTx Neuron + Lambda-Psi,aptx,1,none,1,1,1,0.5,0.5,2,2026,0.001,0.0001,0.0,200,97,77,20,0.0001,128,128,64,32,34121,34121,204.51728949602693,cuda,./results/lambda_psi_comparison/checkpoints/california_housing/aptx_field/california_housing__aptx_field__seed2__lr0p001__cfg69b9cfb83c1a.pt,0.2796456203904263,,,0.27964562469889104,0.5288153030112603,52881.53030112603,0.35828907890317513,35828.90789031751,0.8027623295110644,0.27850409718446956,,,0.2785040949818465,0.527734871864506,52773.4871864506,0.3601848581776947,36018.48581776947,0.7845028885262348,0.6296985149383545,0.5868292450904846,0.6397384405136108,0.611076295375824,0.6780574321746826,0.6374537348747253,0.6728729605674744,0.9678648114204407
california_housing__aptx_field__seed3__lr0p001__cfg69b9cfb83c1a,69b9cfb83c1a,96b354dd2d4cd04c,2.12.1+cu130,0.27.1+cu130,1.9.0,2.5.2,0,4,2026-08-26T12:44:57.466086+00:00,ok,,california_housing,regression,aptx_field,APTx Neuron + Lambda-Psi,aptx,1,none,1,1,1,0.5,0.5,3,2026,0.001,0.0001,0.0,200,95,75,20,0.0001,128,128,64,32,34121,34121,201.53247199812904,cuda,./results/lambda_psi_comparison/checkpoints/california_housing/aptx_field/california_housing__aptx_field__seed3__lr0p001__cfg69b9cfb83c1a.pt,0.2763011695802674,,,0.2763011674302539,0.5256435745162819,52564.35745162819,0.36175259339890276,36175.259339890275,0.8051212184134962,0.29022449301194775,,,0.29022449576648496,0.5387248794760503,53872.48794760503,0.35971315087057476,35971.315087057475,0.7754340361829,0.5929074883460999,0.5733506679534912,0.6212823987007141,0.6204763054847717,0.651091456413269,0.6210759282112122,0.6412150263786316,0.9529850482940674
california_housing__aptx_field__seed4__lr0p001__cfg69b9cfb83c1a,69b9cfb83c1a,96b354dd2d4cd04c,2.12.1+cu130,0.27.1+cu130,1.9.0,2.5.2,0,4,2026-08-26T12:50:26.570352+00:00,ok,,california_housing,regression,aptx_field,APTx Neuron + Lambda-Psi,aptx,1,none,1,1,1,0.5,0.5,4,2026,0.001,0.0001,0.0,200,146,126,20,0.0001,128,128,64,32,34121,34121,328.1388639609795,cuda,./results/lambda_psi_comparison/checkpoints/california_housing/aptx_field/california_housing__aptx_field__seed4__lr0p001__cfg69b9cfb83c1a.pt,0.27759294500646664,,,0.2775929391956868,0.5268708942385096,52687.089423850965,0.36413830253042917,36413.830253042914,0.8042101151051869,0.2842862220235573,,,0.28428621977656576,0.5331849770732159,53318.497707321585,0.36443336162167467,36443.33616216747,0.7800288746287944,0.6190937161445618,0.5898134112358093,0.6446971297264099,0.6141095757484436,0.6960085034370422,0.6201947927474976,0.6852609515190125,0.9868947267532349
california_housing__aptx_field__seed0__lr0p002__cfg69b9cfb83c1a,69b9cfb83c1a,96b354dd2d4cd04c,2.12.1+cu130,0.27.1+cu130,1.9.0,2.5.2,0,4,2026-08-26T12:53:41.941123+00:00,ok,,california_housing,regression,aptx_field,APTx Neuron + Lambda-Psi,aptx,1,none,1,1,1,0.5,0.5,0,2026,0.002,0.0001,0.0,200,88,68,20,0.0001,128,128,64,32,34121,34121,194.36864328105003,cuda,./results/lambda_psi_comparison/checkpoints/california_housing/aptx_field/california_housing__aptx_field__seed0__lr0p002__cfg69b9cfb83c1a.pt,0.26930300787437794,,,0.2693030016602689,0.5189441219054985,51894.412190549854,0.3500362645343755,35003.626453437544,0.8100571151065107,0.27003236195837804,,,0.27003235620733435,0.5196463761129624,51964.63761129624,0.35166830036702545,35166.830036702544,0.791058035355177,0.6525576114654541,0.5918519496917725,0.6749731302261353,0.6215149164199829,0.6968473792076111,0.6450803279876709,0.7226821184158325,0.9820600748062134
california_housing__aptx_field__seed1__lr0p002__cfg69b9cfb83c1a,69b9cfb83c1a,96b354dd2d4cd04c,2.12.1+cu130,0.27.1+cu130,1.9.0,2.5.2,0,4,2026-08-26T12:57:08.065061+00:00,ok,,california_housing,regression,aptx_field,APTx Neuron + Lambda-Psi,aptx,1,none,1,1,1,0.5,0.5,1,2026,0.002,0.0001,0.0,200,102,82,20,0.0001,128,128,64,32,34121,34121,205.11930560995825,cuda,./results/lambda_psi_comparison/checkpoints/california_housing/aptx_field/california_housing__aptx_field__seed1__lr0p002__cfg69b9cfb83c1a.pt,0.2746630537417508,,,0.27466306197480095,0.524083067819216,52408.3067819216,0.3502785737893378,35027.85737893378,0.8062765953459858,0.2681294351585152,,,0.26812943344384643,0.5178121603862219,51781.21603862219,0.3462657092297955,34626.57092297955,0.7925304530548738,0.6395216584205627,0.5629579424858093,0.6563019752502441,0.6028361916542053,0.7021307945251465,0.6071167588233948,0.6600444316864014,0.985511064529419
california_housing__aptx_field__seed2__lr0p002__cfg69b9cfb83c1a,69b9cfb83c1a,96b354dd2d4cd04c,2.12.1+cu130,0.27.1+cu130,1.9.0,2.5.2,0,4,2026-08-26T12:59:16.624169+00:00,ok,,california_housing,regression,aptx_field,APTx Neuron + Lambda-Psi,aptx,1,none,1,1,1,0.5,0.5,2,2026,0.002,0.0001,0.0,200,59,39,20,0.0001,128,128,64,32,34121,34121,127.60458381893113,cuda,./results/lambda_psi_comparison/checkpoints/california_housing/aptx_field/california_housing__aptx_field__seed2__lr0p002__cfg69b9cfb83c1a.pt,0.2736332088477852,,,0.2736332065037496,0.5230996143219278,52309.96143219277,0.35812617821055787,35812.617821055785,0.8070029657094383,0.2851052887217943,,,0.28510528682226555,0.5339525136398044,53395.251363980446,0.36115140033264953,36115.14003326495,0.7793951080679717,0.6587360501289368,0.6142293810844421,0.6691693663597107,0.6316171288490295,0.7002565264701843,0.6557682752609253,0.7012860178947449,0.9589911103248596
california_housing__aptx_field__seed3__lr0p002__cfg69b9cfb83c1a,69b9cfb83c1a,96b354dd2d4cd04c,2.12.1+cu130,0.27.1+cu130,1.9.0,2.5.2,0,4,2026-08-26T13:02:20.364364+00:00,ok,,california_housing,regression,aptx_field,APTx Neuron + Lambda-Psi,aptx,1,none,1,1,1,0.5,0.5,3,2026,0.002,0.0001,0.0,200,81,61,20,0.0001,128,128,64,32,34121,34121,182.69627387891524,cuda,./results/lambda_psi_comparison/checkpoints/california_housing/aptx_field/california_housing__aptx_field__seed3__lr0p002__cfg69b9cfb83c1a.pt,0.2722951270813166,,,0.27229512821065843,0.521819056963866,52181.9056963866,0.35221634836968524,35221.63483696852,0.8079467296097149,0.27242585831834365,,,0.27242586190338247,0.5219443091972384,52194.43091972385,0.34815355584155333,34815.35558415533,0.7892060210649454,0.6354153156280518,0.559085488319397,0.6571750044822693,0.6213511824607849,0.6820726990699768,0.6339627504348755,0.6805135011672974,0.9749882817268372
california_housing__aptx_field__seed4__lr0p002__cfg69b9cfb83c1a,69b9cfb83c1a,96b354dd2d4cd04c,2.12.1+cu130,0.27.1+cu130,1.9.0,2.5.2,0,4,2026-08-26T13:05:14.020745+00:00,ok,,california_housing,regression,aptx_field,APTx Neuron + Lambda-Psi,aptx,1,none,1,1,1,0.5,0.5,4,2026,0.002,0.0001,0.0,200,79,59,20,0.0001,128,128,64,32,34121,34121,172.59881356195547,cuda,./results/lambda_psi_comparison/checkpoints/california_housing/aptx_field/california_housing__aptx_field__seed4__lr0p002__cfg69b9cfb83c1a.pt,0.2689944066742594,,,0.2689944083032721,0.5186467085630373,51864.67085630373,0.35353963695062224,35353.96369506222,0.810274769986425,0.27410630015439763,,,0.2741062981061155,0.523551619332913,52355.1619332913,0.3558253014041472,35582.53014041472,0.7879057559908234,0.6675567030906677,0.6069129109382629,0.6949453949928284,0.6532328128814697,0.7232646346092224,0.6484098434448242,0.7194944620132446,0.9816871285438538
california_housing__aptx_field__seed0__lr0p003__cfg69b9cfb83c1a,69b9cfb83c1a,96b354dd2d4cd04c,2.12.1+cu130,0.27.1+cu130,1.9.0,2.5.2,0,4,2026-08-26T13:07:59.747566+00:00,ok,,california_housing,regression,aptx_field,APTx Neuron + Lambda-Psi,aptx,1,none,1,1,1,0.5,0.5,0,2026,0.003,0.0001,0.0,200,79,59,20,0.0001,128,128,64,32,34121,34121,164.68733486300334,cuda,./results/lambda_psi_comparison/checkpoints/california_housing/aptx_field/california_housing__aptx_field__seed0__lr0p003__cfg69b9cfb83c1a.pt,0.2609368498011153,,,0.26093685100026554,0.5108197832898267,51081.97832898267,0.3433781324690858,34337.813246908576,0.8159578692088332,0.26047473984171254,,,0.26047473966236423,0.5103672595909383,51036.725959093834,0.3418897094147265,34188.97094147265,0.7984533979194121,0.698368489742279,0.6055397987365723,0.7149257063865662,0.6463713049888611,0.714532196521759,0.6450177431106567,0.7382270693778992,0.9862371683120728
california_housing__aptx_field__seed1__lr0p003__cfg69b9cfb83c1a,69b9cfb83c1a,96b354dd2d4cd04c,2.12.1+cu130,0.27.1+cu130,1.9.0,2.5.2,0,4,2026-08-26T13:10:45.673550+00:00,ok,,california_housing,regression,aptx_field,APTx Neuron + Lambda-Psi,aptx,1,none,1,1,1,0.5,0.5,1,2026,0.003,0.0001,0.0,200,77,57,20,0.0001,128,128,64,32,34121,34121,164.98157085990533,cuda,./results/lambda_psi_comparison/checkpoints/california_housing/aptx_field/california_housing__aptx_field__seed1__lr0p003__cfg69b9cfb83c1a.pt,0.2642747332421384,,,0.26427473050279005,0.5140765803873875,51407.658038738744,0.3466021757746159,34660.21757746159,0.8136036196897871,0.26432781579882597,,,0.26432781629670854,0.5141282099794842,51412.820997948416,0.3445529004977655,34455.29004977655,0.7954720166760146,0.6898091435432434,0.5941793322563171,0.6731836795806885,0.6066139340400696,0.7194393873214722,0.6296682953834534,0.6706392765045166,0.981370747089386
california_housing__aptx_field__seed2__lr0p003__cfg69b9cfb83c1a,69b9cfb83c1a,96b354dd2d4cd04c,2.12.1+cu130,0.27.1+cu130,1.9.0,2.5.2,0,4,2026-08-26T13:12:51.572260+00:00,ok,,california_housing,regression,aptx_field,APTx Neuron + Lambda-Psi,aptx,1,none,1,1,1,0.5,0.5,2,2026,0.003,0.0001,0.0,200,59,39,20,0.0001,128,128,64,32,34121,34121,124.91743787820451,cuda,./results/lambda_psi_comparison/checkpoints/california_housing/aptx_field/california_housing__aptx_field__seed2__lr0p003__cfg69b9cfb83c1a.pt,0.26672250540681586,,,0.266722509958092,0.5164518466983073,51645.184669830734,0.34561271864429927,34561.271864429924,0.811877169228943,0.2735868606918542,,,0.27358686248637537,0.5230553149394196,52305.53149394196,0.34603060693155197,34603.060693155196,0.7883076778213007,0.6965514421463013,0.6151637434959412,0.7103915214538574,0.6369893550872803,0.7343688011169434,0.6735756993293762,0.7032690048217773,0.9668031930923462
california_housing__aptx_field__seed3__lr0p003__cfg69b9cfb83c1a,69b9cfb83c1a,96b354dd2d4cd04c,2.12.1+cu130,0.27.1+cu130,1.9.0,2.5.2,0,4,2026-08-26T13:16:31.148154+00:00,ok,,california_housing,regression,aptx_field,APTx Neuron + Lambda-Psi,aptx,1,none,1,1,1,0.5,0.5,3,2026,0.003,0.0001,0.0,200,106,86,20,0.0001,128,128,64,32,34121,34121,218.5581279359758,cuda,./results/lambda_psi_comparison/checkpoints/california_housing/aptx_field/california_housing__aptx_field__seed3__lr0p003__cfg69b9cfb83c1a.pt,0.25093118626942007,,,0.2509311847533444,0.50093031925942,50093.031925942,0.33599142480439453,33599.142480439456,0.8230149948275782,0.26573024493779324,,,0.2657302454974802,0.5154902962204819,51549.02962204819,0.34300279249112275,34300.279249112275,0.7943868640794883,0.6725963354110718,0.5081074833869934,0.7184528708457947,0.6129773259162903,0.7238582372665405,0.634840726852417,0.6867879033088684,0.9925479292869568
california_housing__aptx_field__seed4__lr0p003__cfg69b9cfb83c1a,69b9cfb83c1a,96b354dd2d4cd04c,2.12.1+cu130,0.27.1+cu130,1.9.0,2.5.2,0,4,2026-08-26T13:19:53.499059+00:00,ok,,california_housing,regression,aptx_field,APTx Neuron + Lambda-Psi,aptx,1,none,1,1,1,0.5,0.5,4,2026,0.003,0.0001,0.0,200,95,75,20,0.0001,128,128,64,32,34121,34121,201.40816792682745,cuda,./results/lambda_psi_comparison/checkpoints/california_housing/aptx_field/california_housing__aptx_field__seed4__lr0p003__cfg69b9cfb83c1a.pt,0.251991050649983,,,0.25199105265137817,0.501987104068798,50198.7104068798,0.3348125779004984,33481.257790049836,0.8222674563117897,0.2607829173405965,,,0.2607829171561585,0.5106690877233108,51066.90877233107,0.3355648505840768,33556.485058407685,0.7982149405289087,0.7062618136405945,0.5751506686210632,0.7541969418525696,0.6199817061424255,0.7904645800590515,0.6484252214431763,0.7147787809371948,0.9945194125175476
california_housing__aptx_field_relu__seed0__lr0p0003__cfg496b0553ba48,496b0553ba48,96b354dd2d4cd04c,2.12.1+cu130,0.27.1+cu130,1.9.0,2.5.2,0,4,2026-08-26T13:25:08.408769+00:00,ok,,california_housing,regression,aptx_field_relu,APTx Neuron + Lambda-Psi + ReLU,aptx,1,after_field,1,1,1,0.5,0.5,0,2026,0.0003,0.0001,0.0,200,150,130,20,0.0001,128,128,64,32,34121,34121,313.874665168114,cuda,./results/lambda_psi_comparison/checkpoints/california_housing/aptx_field_relu/california_housing__aptx_field_relu__seed0__lr0p0003__cfg496b0553ba48.pt,0.3057753124902415,,,0.30577531668587693,0.552969544085275,55296.9544085275,0.38090854964052984,38090.85496405298,0.7843327203095767,0.3543784835541895,,,0.3543784815396867,0.595296969200824,59529.696920082395,0.38397755387939453,38397.755387939455,0.7257938374470245,0.5233331918716431,0.5294137597084045,0.5375192761421204,0.5316616892814636,0.5391261577606201,0.5356279015541077,0.5370090007781982,0.8082032799720764
california_housing__aptx_field_relu__seed1__lr0p0003__cfg496b0553ba48,496b0553ba48,96b354dd2d4cd04c,2.12.1+cu130,0.27.1+cu130,1.9.0,2.5.2,0,4,2026-08-26T13:31:27.065241+00:00,ok,,california_housing,regression,aptx_field_relu,APTx Neuron + Lambda-Psi + ReLU,aptx,1,after_field,1,1,1,0.5,0.5,1,2026,0.0003,0.0001,0.0,200,173,153,20,0.0001,128,128,64,32,34121,34121,377.67843035794795,cuda,./results/lambda_psi_comparison/checkpoints/california_housing/aptx_field_relu/california_housing__aptx_field_relu__seed1__lr0p0003__cfg496b0553ba48.pt,0.3011885923008586,,,0.30118858733107673,0.5488065117425965,54880.651174259656,0.37458052278980036,37458.05227898004,0.7875677997572816,0.3165050139722898,,,0.3165050137225466,0.5625877831259284,56258.77831259284,0.3800190787350889,38001.90787350889,0.7550990543653622,0.5274671912193298,0.5222228765487671,0.5236467123031616,0.514180600643158,0.5178932547569275,0.5265814661979675,0.5165838003158569,0.8090807795524597
california_housing__aptx_field_relu__seed2__lr0p0003__cfg496b0553ba48,496b0553ba48,96b354dd2d4cd04c,2.12.1+cu130,0.27.1+cu130,1.9.0,2.5.2,0,4,2026-08-26T13:36:30.245971+00:00,ok,,california_housing,regression,aptx_field_relu,APTx Neuron + Lambda-Psi + ReLU,aptx,1,after_field,1,1,1,0.5,0.5,2,2026,0.0003,0.0001,0.0,200,139,119,20,0.0001,128,128,64,32,34121,34121,302.1891194030177,cuda,./results/lambda_psi_comparison/checkpoints/california_housing/aptx_field_relu/california_housing__aptx_field_relu__seed2__lr0p0003__cfg496b0553ba48.pt,0.31382292231848075,,,0.31382291959417147,0.5601989999939052,56019.89999939052,0.38571960230668384,38571.96023066838,0.7786566420503115,0.2986057821170304,,,0.29860577897545654,0.5464483314783353,54644.833147833524,0.37844829472835906,37844.8294728359,0.7689488808314332,0.5463274121284485,0.529974639415741,0.5500415563583374,0.5422170162200928,0.5519209504127502,0.5410165190696716,0.5352538228034973,0.8215121030807495
california_housing__aptx_field_relu__seed3__lr0p0003__cfg496b0553ba48,496b0553ba48,96b354dd2d4cd04c,2.12.1+cu130,0.27.1+cu130,1.9.0,2.5.2,0,4,2026-08-26T13:42:29.276798+00:00,ok,,california_housing,regression,aptx_field_relu,APTx Neuron + Lambda-Psi + ReLU,aptx,1,after_field,1,1,1,0.5,0.5,3,2026,0.0003,0.0001,0.0,200,166,146,20,0.0001,128,128,64,32,34121,34121,358.0697339470498,cuda,./results/lambda_psi_comparison/checkpoints/california_housing/aptx_field_relu/california_housing__aptx_field_relu__seed3__lr0p0003__cfg496b0553ba48.pt,0.300027564514515,,,0.3000275659812466,0.547747721110044,54774.7721110044,0.3758352622678576,37583.526226785754,0.7883866831089342,0.3067050345184267,,,0.30670503465303744,0.5538095653318363,55380.956533183635,0.38127346102928006,38127.34610292801,0.7626819489081524,0.4957306981086731,0.5072740316390991,0.5159252285957336,0.5104258060455322,0.5130071043968201,0.5154842138290405,0.4954647719860077,0.811802864074707
california_housing__aptx_field_relu__seed4__lr0p0003__cfg496b0553ba48,496b0553ba48,96b354dd2d4cd04c,2.12.1+cu130,0.27.1+cu130,1.9.0,2.5.2,0,4,2026-08-26T13:48:34.138080+00:00,ok,,california_housing,regression,aptx_field_relu,APTx Neuron + Lambda-Psi + ReLU,aptx,1,after_field,1,1,1,0.5,0.5,4,2026,0.0003,0.0001,0.0,200,166,146,20,0.0001,128,128,64,32,34121,34121,363.84500266611576,cuda,./results/lambda_psi_comparison/checkpoints/california_housing/aptx_field_relu/california_housing__aptx_field_relu__seed4__lr0p0003__cfg496b0553ba48.pt,0.2999956289003062,,,0.29999562804986335,0.547718566464442,54771.8566464442,0.37581873246172603,37581.8732461726,0.7884092093443904,0.30270237700883734,,,0.3027023744694774,0.5501839460303048,55018.39460303049,0.3793360446615852,37933.60446615852,0.765779072876202,0.5330037474632263,0.5182665586471558,0.5314785242080688,0.5307973623275757,0.5322859287261963,0.5272530317306519,0.5214974284172058,0.8298741579055786
california_housing__aptx_field_relu__seed0__lr0p0005__cfg496b0553ba48,496b0553ba48,96b354dd2d4cd04c,2.12.1+cu130,0.27.1+cu130,1.9.0,2.5.2,0,4,2026-08-26T13:50:51.960503+00:00,ok,,california_housing,regression,aptx_field_relu,APTx Neuron + Lambda-Psi + ReLU,aptx,1,after_field,1,1,1,0.5,0.5,0,2026,0.0005,0.0001,0.0,200,75,55,20,0.0001,128,128,64,32,34121,34121,136.76597059494816,cuda,./results/lambda_psi_comparison/checkpoints/california_housing/aptx_field_relu/california_housing__aptx_field_relu__seed0__lr0p0005__cfg496b0553ba48.pt,0.3008341433465943,,,0.30083414227122246,0.5484834931620298,54848.349316202984,0.3751296807051629,37512.96807051629,0.7878177944353577,0.34110492329264797,,,0.3411049204136298,0.5840418824139496,58404.188241394964,0.37956638899162526,37956.63889916253,0.7360644730792302,0.5297907590866089,0.532969057559967,0.5430687665939331,0.5341797471046448,0.5478874444961548,0.5411566495895386,0.546966552734375,0.7726423144340515
california_housing__aptx_field_relu__seed1__lr0p0005__cfg496b0553ba48,496b0553ba48,96b354dd2d4cd04c,2.12.1+cu130,0.27.1+cu130,1.9.0,2.5.2,0,4,2026-08-26T13:54:42.804944+00:00,ok,,california_housing,regression,aptx_field_relu,APTx Neuron + Lambda-Psi + ReLU,aptx,1,after_field,1,1,1,0.5,0.5,1,2026,0.0005,0.0001,0.0,200,109,89,20,0.0001,128,128,64,32,34121,34121,229.84062547213398,cuda,./results/lambda_psi_comparison/checkpoints/california_housing/aptx_field_relu/california_housing__aptx_field_relu__seed1__lr0p0005__cfg496b0553ba48.pt,0.29232112196988835,,,0.2923211243690219,0.5406672954498191,54066.72954498191,0.37216433147762634,37216.43314776263,0.7938221359002692,0.31025215498236725,,,0.31025215337369955,0.5570028306693778,55700.28306693778,0.3766494937558738,37664.949375587385,0.7599373076187415,0.542205810546875,0.5291978716850281,0.5340222120285034,0.5242265462875366,0.5227583646774292,0.5300080180168152,0.5210739374160767,0.8309890031814575
california_housing__aptx_field_relu__seed2__lr0p0005__cfg496b0553ba48,496b0553ba48,96b354dd2d4cd04c,2.12.1+cu130,0.27.1+cu130,1.9.0,2.5.2,0,4,2026-08-26T13:58:13.178567+00:00,ok,,california_housing,regression,aptx_field_relu,APTx Neuron + Lambda-Psi + ReLU,aptx,1,after_field,1,1,1,0.5,0.5,2,2026,0.0005,0.0001,0.0,200,99,79,20,0.0001,128,128,64,32,34121,34121,209.4042651450727,cuda,./results/lambda_psi_comparison/checkpoints/california_housing/aptx_field_relu/california_housing__aptx_field_relu__seed2__lr0p0005__cfg496b0553ba48.pt,0.3018830755884333,,,0.30188307960973587,0.5494388770461514,54943.88770461513,0.3785846977559633,37858.469775596335,0.7870779653843578,0.2975143226542214,,,0.2975143189762777,0.5454487317578781,54544.87317578781,0.37856210201487756,37856.21020148775,0.7697934159077577,0.5505400896072388,0.5313838720321655,0.5534263253211975,0.5412062406539917,0.5518266558647156,0.5431673526763916,0.5354782342910767,0.8405129313468933
california_housing__aptx_field_relu__seed3__lr0p0005__cfg496b0553ba48,496b0553ba48,96b354dd2d4cd04c,2.12.1+cu130,0.27.1+cu130,1.9.0,2.5.2,0,4,2026-08-26T14:01:28.112430+00:00,ok,,california_housing,regression,aptx_field_relu,APTx Neuron + Lambda-Psi + ReLU,aptx,1,after_field,1,1,1,0.5,0.5,3,2026,0.0005,0.0001,0.0,200,92,72,20,0.0001,128,128,64,32,34121,34121,193.948665214004,cuda,./results/lambda_psi_comparison/checkpoints/california_housing/aptx_field_relu/california_housing__aptx_field_relu__seed3__lr0p0005__cfg496b0553ba48.pt,0.29257402031920676,,,0.29257402383265435,0.5409011220478789,54090.11220478789,0.36930663576133027,36930.663576133025,0.7936437626425846,0.29765269968860836,,,0.2976527016626921,0.545575569158565,54557.5569158565,0.3744042272888875,37440.42272888875,0.769686340034413,0.4971746504306793,0.5115631222724915,0.5229222774505615,0.5167772769927979,0.5183989405632019,0.517010509967804,0.5043019652366638,0.8075746297836304
california_housing__aptx_field_relu__seed4__lr0p0005__cfg496b0553ba48,496b0553ba48,96b354dd2d4cd04c,2.12.1+cu130,0.27.1+cu130,1.9.0,2.5.2,0,4,2026-08-26T14:08:04.915751+00:00,ok,,california_housing,regression,aptx_field_relu,APTx Neuron + Lambda-Psi + ReLU,aptx,1,after_field,1,1,1,0.5,0.5,4,2026,0.0005,0.0001,0.0,200,174,154,20,0.0001,128,128,64,32,34121,34121,395.7986629770603,cuda,./results/lambda_psi_comparison/checkpoints/california_housing/aptx_field_relu/california_housing__aptx_field_relu__seed4__lr0p0005__cfg496b0553ba48.pt,0.28999450479366984,,,0.28999450514185793,0.5385113788415784,53851.13788415784,0.36994672617189184,36994.672617189186,0.7954631304875248,0.3035705708718115,,,0.30357056947904815,0.5509723854051564,55097.23854051564,0.37376872370337216,37376.872370337216,0.7651072927475449,0.53058922290802,0.5174347758293152,0.5273596048355103,0.5206968784332275,0.5245753526687622,0.523165225982666,0.5169652700424194,0.8866209387779236
california_housing__aptx_field_relu__seed0__lr0p001__cfg496b0553ba48,496b0553ba48,96b354dd2d4cd04c,2.12.1+cu130,0.27.1+cu130,1.9.0,2.5.2,0,4,2026-08-26T14:10:51.701086+00:00,ok,,california_housing,regression,aptx_field_relu,APTx Neuron + Lambda-Psi + ReLU,aptx,1,after_field,1,1,1,0.5,0.5,0,2026,0.001,0.0001,0.0,200,75,55,20,0.0001,128,128,64,32,34121,34121,165.7829744690098,cuda,./results/lambda_psi_comparison/checkpoints/california_housing/aptx_field_relu/california_housing__aptx_field_relu__seed0__lr0p001__cfg496b0553ba48.pt,0.2847001547961272,,,0.28470015018309436,0.5335730036115904,53357.30036115905,0.3650523035736509,36505.23035736509,0.7991973074120966,0.31043682680573575,,,0.31043682545943213,0.5571685790310076,55716.85790310076,0.37178205762260647,37178.205762260644,0.7597944145634425,0.5321142077445984,0.5339335799217224,0.553027331829071,0.5364294648170471,0.5531012415885925,0.5404748320579529,0.551095724105835,0.851123034954071
california_housing__aptx_field_relu__seed1__lr0p001__cfg496b0553ba48,496b0553ba48,96b354dd2d4cd04c,2.12.1+cu130,0.27.1+cu130,1.9.0,2.5.2,0,4,2026-08-26T14:12:56.773622+00:00,ok,,california_housing,regression,aptx_field_relu,APTx Neuron + Lambda-Psi + ReLU,aptx,1,after_field,1,1,1,0.5,0.5,1,2026,0.001,0.0001,0.0,200,57,37,20,0.0001,128,128,64,32,34121,34121,124.06702776509337,cuda,./results/lambda_psi_comparison/checkpoints/california_housing/aptx_field_relu/california_housing__aptx_field_relu__seed1__lr0p001__cfg496b0553ba48.pt,0.28723667250123136,,,0.287236673035659,0.5359446548251592,53594.465482515916,0.3699493338317834,36994.933383178344,0.7974082650871166,0.33650038085242573,,,0.3365003821090249,0.580086529846216,58008.6529846216,0.37650805160172224,37650.805160172225,0.7396273101153511,0.5472112894058228,0.5399049520492554,0.5405217409133911,0.5354577302932739,0.5352635979652405,0.5316880345344543,0.5380035042762756,0.7998802661895752
california_housing__aptx_field_relu__seed2__lr0p001__cfg496b0553ba48,496b0553ba48,96b354dd2d4cd04c,2.12.1+cu130,0.27.1+cu130,1.9.0,2.5.2,0,4,2026-08-26T14:15:29.712909+00:00,ok,,california_housing,regression,aptx_field_relu,APTx Neuron + Lambda-Psi + ReLU,aptx,1,after_field,1,1,1,0.5,0.5,2,2026,0.001,0.0001,0.0,200,70,50,20,0.0001,128,128,64,32,34121,34121,151.91235363995656,cuda,./results/lambda_psi_comparison/checkpoints/california_housing/aptx_field_relu/california_housing__aptx_field_relu__seed2__lr0p001__cfg496b0553ba48.pt,0.29414442712946454,,,0.2941444303215667,0.5423508369326692,54235.08369326692,0.37058353881792044,37058.35388179204,0.7925361346654716,0.30025875614595043,,,0.30025875553343984,0.5479587169974028,54795.87169974028,0.3715742974679253,37157.42974679253,0.767669863107825,0.555677592754364,0.5376880168914795,0.5633436441421509,0.5457762479782104,0.5620818734169006,0.5496011972427368,0.5425847172737122,0.8635334968566895
california_housing__aptx_field_relu__seed3__lr0p001__cfg496b0553ba48,496b0553ba48,96b354dd2d4cd04c,2.12.1+cu130,0.27.1+cu130,1.9.0,2.5.2,0,4,2026-08-26T14:17:58.090359+00:00,ok,,california_housing,regression,aptx_field_relu,APTx Neuron + Lambda-Psi + ReLU,aptx,1,after_field,1,1,1,0.5,0.5,3,2026,0.001,0.0001,0.0,200,73,53,20,0.0001,128,128,64,32,34121,34121,147.32079500798136,cuda,./results/lambda_psi_comparison/checkpoints/california_housing/aptx_field_relu/california_housing__aptx_field_relu__seed3__lr0p001__cfg496b0553ba48.pt,0.29138030516084773,,,0.29138030578457974,0.539796541100978,53979.6541100978,0.36623112824131815,36623.112824131815,0.7944857073977596,0.28325348861457766,,,0.28325349064216193,0.5322156429889692,53221.56429889692,0.362123140512944,36212.3140512944,0.7808279657352046,0.4964069426059723,0.5209400057792664,0.5326893329620361,0.5229857563972473,0.5276962518692017,0.5252665281295776,0.5056531429290771,0.823896586894989
california_housing__aptx_field_relu__seed4__lr0p001__cfg496b0553ba48,496b0553ba48,96b354dd2d4cd04c,2.12.1+cu130,0.27.1+cu130,1.9.0,2.5.2,0,4,2026-08-26T14:21:03.144568+00:00,ok,,california_housing,regression,aptx_field_relu,APTx Neuron + Lambda-Psi + ReLU,aptx,1,after_field,1,1,1,0.5,0.5,4,2026,0.001,0.0001,0.0,200,83,63,20,0.0001,128,128,64,32,34121,34121,184.02716350508854,cuda,./results/lambda_psi_comparison/checkpoints/california_housing/aptx_field_relu/california_housing__aptx_field_relu__seed4__lr0p001__cfg496b0553ba48.pt,0.28307643671368443,,,0.28307643799897597,0.5320492815510383,53204.92815510382,0.36444394127285296,36444.3941272853,0.8003425325844369,0.3003569065138351,,,0.30035691129182635,0.5480482745998078,54804.82745998078,0.3703226785991312,37032.26785991312,0.7675939134798377,0.5369796752929688,0.5044594407081604,0.5257114171981812,0.5172471404075623,0.5379881858825684,0.5263175964355469,0.5344962477684021,0.8660760521888733
california_housing__aptx_field_relu__seed0__lr0p002__cfg496b0553ba48,496b0553ba48,96b354dd2d4cd04c,2.12.1+cu130,0.27.1+cu130,1.9.0,2.5.2,0,4,2026-08-26T14:22:53.160837+00:00,ok,,california_housing,regression,aptx_field_relu,APTx Neuron + Lambda-Psi + ReLU,aptx,1,after_field,1,1,1,0.5,0.5,0,2026,0.002,0.0001,0.0,200,52,32,20,0.0001,128,128,64,32,34121,34121,109.06986454804428,cuda,./results/lambda_psi_comparison/checkpoints/california_housing/aptx_field_relu/california_housing__aptx_field_relu__seed0__lr0p002__cfg496b0553ba48.pt,0.2738529744074326,,,0.2738529690213183,0.5233096301629833,52330.96301629832,0.3638867823508128,36388.67823508128,0.8068479643677484,0.2860345581705256,,,0.2860345555134701,0.5348219848823252,53482.19848823253,0.36723127837704367,36723.12783770436,0.7786760711764293,0.5512630343437195,0.5482718348503113,0.5669035315513611,0.5459875464439392,0.5757825374603271,0.5431541204452515,0.5744539499282837,0.8448734879493713
california_housing__aptx_field_relu__seed1__lr0p002__cfg496b0553ba48,496b0553ba48,96b354dd2d4cd04c,2.12.1+cu130,0.27.1+cu130,1.9.0,2.5.2,0,4,2026-08-26T14:25:39.551751+00:00,ok,,california_housing,regression,aptx_field_relu,APTx Neuron + Lambda-Psi + ReLU,aptx,1,after_field,1,1,1,0.5,0.5,1,2026,0.002,0.0001,0.0,200,70,50,20,0.0001,128,128,64,32,34121,34121,165.33955931197852,cuda,./results/lambda_psi_comparison/checkpoints/california_housing/aptx_field_relu/california_housing__aptx_field_relu__seed1__lr0p002__cfg496b0553ba48.pt,0.27966535253118174,,,0.27966534965331546,0.5288339528181937,52883.395281819365,0.35865275846260003,35865.27584626,0.8027484172459777,0.2909014063288075,,,0.29090140624722344,0.5393527660513325,53935.27660513325,0.3627068886620014,36270.688866200144,0.7749102655958465,0.5564591884613037,0.5387370586395264,0.5543761253356934,0.528056263923645,0.5305296182632446,0.5239249467849731,0.546901285648346,0.9184643626213074
california_housing__aptx_field_relu__seed2__lr0p002__cfg496b0553ba48,496b0553ba48,96b354dd2d4cd04c,2.12.1+cu130,0.27.1+cu130,1.9.0,2.5.2,0,4,2026-08-26T14:27:31.370071+00:00,ok,,california_housing,regression,aptx_field_relu,APTx Neuron + Lambda-Psi + ReLU,aptx,1,after_field,1,1,1,0.5,0.5,2,2026,0.002,0.0001,0.0,200,48,28,20,0.0001,128,128,64,32,34121,34121,110.77933449600823,cuda,./results/lambda_psi_comparison/checkpoints/california_housing/aptx_field_relu/california_housing__aptx_field_relu__seed2__lr0p002__cfg496b0553ba48.pt,0.28294132060782856,,,0.28294131793795424,0.5319222856188245,53192.228561882446,0.36033177079791706,36033.177079791705,0.8004378345084379,0.27917896823365557,,,0.2791789690929249,0.5283738913808336,52837.38913808336,0.3594010409848519,35940.10409848519,0.783980693613606,0.5739657282829285,0.5537927746772766,0.5732825398445129,0.5641979575157166,0.5812734961509705,0.5511845946311951,0.5635876655578613,0.8473734259605408
california_housing__aptx_field_relu__seed3__lr0p002__cfg496b0553ba48,496b0553ba48,96b354dd2d4cd04c,2.12.1+cu130,0.27.1+cu130,1.9.0,2.5.2,0,4,2026-08-26T14:29:52.141332+00:00,ok,,california_housing,regression,aptx_field_relu,APTx Neuron + Lambda-Psi + ReLU,aptx,1,after_field,1,1,1,0.5,0.5,3,2026,0.002,0.0001,0.0,200,67,47,20,0.0001,128,128,64,32,34121,34121,139.73839999595657,cuda,./results/lambda_psi_comparison/checkpoints/california_housing/aptx_field_relu/california_housing__aptx_field_relu__seed3__lr0p002__cfg496b0553ba48.pt,0.2788750203542931,,,0.27887501895966854,0.5280861851626764,52808.618516267634,0.35732441305998686,35732.441305998684,0.8033058476906652,0.2720768687336944,,,0.2720768707011448,0.521609883630616,52160.9883630616,0.3545770386212267,35457.70386212267,0.7894760587317772,0.4979584515094757,0.5161994695663452,0.5511858463287354,0.5236022472381592,0.5405551195144653,0.529613196849823,0.5300953984260559,0.8896401524543762
california_housing__aptx_field_relu__seed4__lr0p002__cfg496b0553ba48,496b0553ba48,96b354dd2d4cd04c,2.12.1+cu130,0.27.1+cu130,1.9.0,2.5.2,0,4,2026-08-26T14:32:32.482642+00:00,ok,,california_housing,regression,aptx_field_relu,APTx Neuron + Lambda-Psi + ReLU,aptx,1,after_field,1,1,1,0.5,0.5,4,2026,0.002,0.0001,0.0,200,72,52,20,0.0001,128,128,64,32,34121,34121,159.2885388720315,cuda,./results/lambda_psi_comparison/checkpoints/california_housing/aptx_field_relu/california_housing__aptx_field_relu__seed4__lr0p002__cfg496b0553ba48.pt,0.2754022705462552,,,0.2754022598857774,0.5247878236828455,52478.78236828455,0.35944316595388476,35944.316595388475,0.8057552295132527,0.2805890059748361,,,0.28058900874274195,0.5297065307722211,52970.65307722211,0.3595082366030461,35950.82366030461,0.7828896523073053,0.5338420867919922,0.5109035968780518,0.5405288934707642,0.5262994766235352,0.542754054069519,0.5208732485771179,0.5436238050460815,0.8795267939567566
california_housing__aptx_field_relu__seed0__lr0p003__cfg496b0553ba48,496b0553ba48,96b354dd2d4cd04c,2.12.1+cu130,0.27.1+cu130,1.9.0,2.5.2,0,4,2026-08-26T14:34:34.777412+00:00,ok,,california_housing,regression,aptx_field_relu,APTx Neuron + Lambda-Psi + ReLU,aptx,1,after_field,1,1,1,0.5,0.5,0,2026,0.003,0.0001,0.0,200,53,33,20,0.0001,128,128,64,32,34121,34121,121.30088844196871,cuda,./results/lambda_psi_comparison/checkpoints/california_housing/aptx_field_relu/california_housing__aptx_field_relu__seed0__lr0p003__cfg496b0553ba48.pt,0.2802181186140046,,,0.28021811523075335,0.529356321612157,52935.6321612157,0.3576487829518873,35764.878295188726,0.8023585445457067,0.27414389312729354,,,0.2741438928174844,0.5235875216403504,52358.75216403504,0.3536881974197982,35368.819741979816,0.7878766664662789,0.5601611137390137,0.5557413101196289,0.5887299180030823,0.5495561957359314,0.5959606766700745,0.5447642803192139,0.5790886282920837,0.8527559638023376
california_housing__aptx_field_relu__seed1__lr0p003__cfg496b0553ba48,496b0553ba48,96b354dd2d4cd04c,2.12.1+cu130,0.27.1+cu130,1.9.0,2.5.2,0,4,2026-08-26T14:36:48.329759+00:00,ok,,california_housing,regression,aptx_field_relu,APTx Neuron + Lambda-Psi + ReLU,aptx,1,after_field,1,1,1,0.5,0.5,1,2026,0.003,0.0001,0.0,200,60,40,20,0.0001,128,128,64,32,34121,34121,132.48314962210134,cuda,./results/lambda_psi_comparison/checkpoints/california_housing/aptx_field_relu/california_housing__aptx_field_relu__seed1__lr0p003__cfg496b0553ba48.pt,0.27049671956735066,,,0.2704967227789782,0.5200929943567575,52009.29943567575,0.35452027608777664,35452.027608777666,0.8092151681855775,0.278490062138831,,,0.2784900614721794,0.5277215757122116,52772.157571221156,0.3562983674711959,35629.83674711959,0.7845137471845152,0.5787680745124817,0.5587207078933716,0.5627992749214172,0.5331424474716187,0.5485898852348328,0.5253967046737671,0.5636110901832581,0.923862099647522
california_housing__aptx_field_relu__seed2__lr0p003__cfg496b0553ba48,496b0553ba48,96b354dd2d4cd04c,2.12.1+cu130,0.27.1+cu130,1.9.0,2.5.2,0,4,2026-08-26T14:38:47.474075+00:00,ok,,california_housing,regression,aptx_field_relu,APTx Neuron + Lambda-Psi + ReLU,aptx,1,after_field,1,1,1,0.5,0.5,2,2026,0.003,0.0001,0.0,200,51,31,20,0.0001,128,128,64,32,34121,34121,118.09692050889134,cuda,./results/lambda_psi_comparison/checkpoints/california_housing/aptx_field_relu/california_housing__aptx_field_relu__seed2__lr0p003__cfg496b0553ba48.pt,0.2756582073463026,,,0.27565820640472727,0.5250316241948929,52503.162419489294,0.3614141058696564,36141.41058696564,0.8055747071281026,0.28021130566449126,,,0.28021130571076325,0.5293498896861727,52934.98896861727,0.36467724583696487,36467.72458369649,0.7831819062233263,0.57270348072052,0.5610305070877075,0.5841116309165955,0.5614891052246094,0.5837564468383789,0.5430854558944702,0.5670375823974609,0.873972475528717
california_housing__aptx_field_relu__seed3__lr0p003__cfg496b0553ba48,496b0553ba48,96b354dd2d4cd04c,2.12.1+cu130,0.27.1+cu130,1.9.0,2.5.2,0,4,2026-08-26T14:41:15.841001+00:00,ok,,california_housing,regression,aptx_field_relu,APTx Neuron + Lambda-Psi + ReLU,aptx,1,after_field,1,1,1,0.5,0.5,3,2026,0.003,0.0001,0.0,200,68,48,20,0.0001,128,128,64,32,34121,34121,147.31405490986072,cuda,./results/lambda_psi_comparison/checkpoints/california_housing/aptx_field_relu/california_housing__aptx_field_relu__seed3__lr0p003__cfg496b0553ba48.pt,0.28225705766862674,,,0.2822570547409002,0.5312786978045517,53127.86978045517,0.3582018580316573,35820.18580316573,0.8009204541780057,0.27430201038833735,,,0.27430200821060174,0.5237384921987325,52373.84921987325,0.3542608067848135,35426.08067848135,0.7877543220874699,0.4851160943508148,0.5134031772613525,0.5740761160850525,0.5419727563858032,0.5501927733421326,0.5263590812683105,0.5438001155853271,0.9132385849952698
california_housing__aptx_field_relu__seed4__lr0p003__cfg496b0553ba48,496b0553ba48,96b354dd2d4cd04c,2.12.1+cu130,0.27.1+cu130,1.9.0,2.5.2,0,4,2026-08-26T14:44:14.746494+00:00,ok,,california_housing,regression,aptx_field_relu,APTx Neuron + Lambda-Psi + ReLU,aptx,1,after_field,1,1,1,0.5,0.5,4,2026,0.003,0.0001,0.0,200,79,59,20,0.0001,128,128,64,32,34121,34121,177.88923334609717,cuda,./results/lambda_psi_comparison/checkpoints/california_housing/aptx_field_relu/california_housing__aptx_field_relu__seed4__lr0p003__cfg496b0553ba48.pt,0.2693142468153044,,,0.2693142460867267,0.5189549557396352,51895.495573963526,0.35682601204445197,35682.6012044452,0.8100491842673176,0.28507702965144965,,,0.28507702711447347,0.5339260502302482,53392.60502302482,0.35901838290512333,35901.838290512336,0.7794169744803874,0.5515889525413513,0.5141372084617615,0.570595383644104,0.5079798102378845,0.5737207531929016,0.5205985307693481,0.5645254850387573,0.9395562410354614
california_housing__aptx_relu_field__seed0__lr0p0003__cfgb3c51f5b809b,b3c51f5b809b,96b354dd2d4cd04c,2.12.1+cu130,0.27.1+cu130,1.9.0,2.5.2,0,4,2026-08-26T14:50:09.266194+00:00,ok,,california_housing,regression,aptx_relu_field,APTx Neuron + ReLU + Lambda-Psi,aptx,1,before_field,1,1,1,0.5,0.5,0,2026,0.0003,0.0001,0.0,200,167,147,20,0.0001,128,128,64,32,34121,34121,353.5379778351635,cuda,./results/lambda_psi_comparison/checkpoints/california_housing/aptx_relu_field/california_housing__aptx_relu_field__seed0__lr0p0003__cfgb3c51f5b809b.pt,0.30370184732962024,,,0.3037018550099453,0.5510915123733492,55109.15123733492,0.3827744449755942,38277.44449755942,0.7857951596066305,0.31095843860345296,,,0.31095843556163344,0.5576364725891174,55763.64725891174,0.38609347759579965,38609.34775957996,0.7593908101914952,0.5472895503044128,0.5283311605453491,0.540774941444397,0.5359440445899963,0.5527512431144714,0.5398183465003967,0.5456432104110718,0.8472391366958618
california_housing__aptx_relu_field__seed1__lr0p0003__cfgb3c51f5b809b,b3c51f5b809b,96b354dd2d4cd04c,2.12.1+cu130,0.27.1+cu130,1.9.0,2.5.2,0,4,2026-08-26T14:56:12.311976+00:00,ok,,california_housing,regression,aptx_relu_field,APTx Neuron + ReLU + Lambda-Psi,aptx,1,before_field,1,1,1,0.5,0.5,1,2026,0.0003,0.0001,0.0,200,165,145,20,0.0001,128,128,64,32,34121,34121,362.0588656649925,cuda,./results/lambda_psi_comparison/checkpoints/california_housing/aptx_relu_field/california_housing__aptx_relu_field__seed1__lr0p0003__cfgb3c51f5b809b.pt,0.31083720298700557,,,0.31083720135364945,0.5575277583705133,55752.775837051326,0.392633855342865,39263.3855342865,0.7807625076833997,0.3169500028440195,,,0.3169500043420028,0.5629831297134957,56298.31297134957,0.39293775655141516,39293.775655141515,0.7547547355748898,0.5578392744064331,0.5355695486068726,0.5518602728843689,0.5424168109893799,0.5605676174163818,0.5455595850944519,0.5599695444107056,0.7953479290008545
california_housing__aptx_relu_field__seed2__lr0p0003__cfgb3c51f5b809b,b3c51f5b809b,96b354dd2d4cd04c,2.12.1+cu130,0.27.1+cu130,1.9.0,2.5.2,0,4,2026-08-26T15:03:01.455103+00:00,ok,,california_housing,regression,aptx_relu_field,APTx Neuron + ReLU + Lambda-Psi,aptx,1,before_field,1,1,1,0.5,0.5,2,2026,0.0003,0.0001,0.0,200,189,169,20,0.0001,128,128,64,32,34121,34121,408.08319087093696,cuda,./results/lambda_psi_comparison/checkpoints/california_housing/aptx_relu_field/california_housing__aptx_relu_field__seed2__lr0p0003__cfgb3c51f5b809b.pt,0.32142433270003445,,,0.3214243323447852,0.5669429709810195,56694.29709810195,0.4014053921568994,40140.53921568994,0.7732952674714304,0.31919153115546056,,,0.3191915292091629,0.5649703790546571,56497.03790546571,0.3964558641007531,39645.58641007531,0.7530203189437767,0.5406865477561951,0.532422661781311,0.5597363710403442,0.5500310063362122,0.5598983764648438,0.5414105653762817,0.544786274433136,0.8508540391921997
california_housing__aptx_relu_field__seed3__lr0p0003__cfgb3c51f5b809b,b3c51f5b809b,96b354dd2d4cd04c,2.12.1+cu130,0.27.1+cu130,1.9.0,2.5.2,0,4,2026-08-26T15:09:28.659982+00:00,ok,,california_housing,regression,aptx_relu_field,APTx Neuron + ReLU + Lambda-Psi,aptx,1,before_field,1,1,1,0.5,0.5,3,2026,0.0003,0.0001,0.0,200,174,154,20,0.0001,128,128,64,32,34121,34121,386.1955824000761,cuda,./results/lambda_psi_comparison/checkpoints/california_housing/aptx_relu_field/california_housing__aptx_relu_field__seed3__lr0p0003__cfgb3c51f5b809b.pt,0.29448254625926645,,,0.2944825447390919,0.54266245930513,54266.245930513,0.37511670400294683,37511.670400294686,0.7922976582003267,0.3122134947961615,,,0.3122134908796145,0.5587606740632473,55876.06740632473,0.3856070081652828,38560.70081652828,0.7584196905539821,0.5132691860198975,0.5101198554039001,0.5225682258605957,0.5170565843582153,0.5279223322868347,0.5268296003341675,0.5136282444000244,0.8009146451950073
california_housing__aptx_relu_field__seed4__lr0p0003__cfgb3c51f5b809b,b3c51f5b809b,96b354dd2d4cd04c,2.12.1+cu130,0.27.1+cu130,1.9.0,2.5.2,0,4,2026-08-26T15:15:53.490665+00:00,ok,,california_housing,regression,aptx_relu_field,APTx Neuron + ReLU + Lambda-Psi,aptx,1,before_field,1,1,1,0.5,0.5,4,2026,0.0003,0.0001,0.0,200,184,164,20,0.0001,128,128,64,32,34121,34121,383.89663290116005,cuda,./results/lambda_psi_comparison/checkpoints/california_housing/aptx_relu_field/california_housing__aptx_relu_field__seed4__lr0p0003__cfgb3c51f5b809b.pt,0.29915402517762296,,,0.29915402483196857,0.546949746166838,54694.9746166838,0.38048042462373427,38048.04246237343,0.7890028029625716,0.33025691028713255,,,0.3302569091879295,0.5746798318959258,57467.983189592574,0.3844656639104319,38446.56639104319,0.7444582996925364,0.5054332613945007,0.5035681128501892,0.5121517777442932,0.5056892037391663,0.4980156719684601,0.509242057800293,0.4792897701263428,0.8114432096481323
california_housing__aptx_relu_field__seed0__lr0p0005__cfgb3c51f5b809b,b3c51f5b809b,96b354dd2d4cd04c,2.12.1+cu130,0.27.1+cu130,1.9.0,2.5.2,0,4,2026-08-26T15:22:03.436590+00:00,ok,,california_housing,regression,aptx_relu_field,APTx Neuron + ReLU + Lambda-Psi,aptx,1,before_field,1,1,1,0.5,0.5,0,2026,0.0005,0.0001,0.0,200,171,151,20,0.0001,128,128,64,32,34121,34121,368.94743957486935,cuda,./results/lambda_psi_comparison/checkpoints/california_housing/aptx_relu_field/california_housing__aptx_relu_field__seed0__lr0p0005__cfgb3c51f5b809b.pt,0.2894436291945997,,,0.2894436297446458,0.537999655896401,53799.965589640095,0.37140469895603584,37140.469895603586,0.7958516700192724,0.292426421198734,,,0.292426422436887,0.5407646645601828,54076.46645601828,0.36957503802525676,36957.50380252568,0.773730259306012,0.5518644452095032,0.5149779915809631,0.5444174408912659,0.5282307863235474,0.5566716194152832,0.5405433773994446,0.5446922183036804,0.9120902419090271
california_housing__aptx_relu_field__seed1__lr0p0005__cfgb3c51f5b809b,b3c51f5b809b,96b354dd2d4cd04c,2.12.1+cu130,0.27.1+cu130,1.9.0,2.5.2,0,4,2026-08-26T15:27:28.797873+00:00,ok,,california_housing,regression,aptx_relu_field,APTx Neuron + ReLU + Lambda-Psi,aptx,1,before_field,1,1,1,0.5,0.5,1,2026,0.0005,0.0001,0.0,200,145,125,20,0.0001,128,128,64,32,34121,34121,324.3236146059353,cuda,./results/lambda_psi_comparison/checkpoints/california_housing/aptx_relu_field/california_housing__aptx_relu_field__seed1__lr0p0005__cfgb3c51f5b809b.pt,0.29314853516659994,,,0.29314853138023966,0.5414319268202048,54143.19268202048,0.3748350174765485,37483.50174765485,0.7932385550499894,0.2971706048462742,,,0.297170602709955,0.5451335641014549,54513.35641014548,0.37339173791237,37339.173791237,0.7700593720064066,0.574043333530426,0.5273675918579102,0.5611392855644226,0.538533627986908,0.5695287585258484,0.5442787408828735,0.5598143935203552,0.8659632205963135
california_housing__aptx_relu_field__seed2__lr0p0005__cfgb3c51f5b809b,b3c51f5b809b,96b354dd2d4cd04c,2.12.1+cu130,0.27.1+cu130,1.9.0,2.5.2,0,4,2026-08-26T15:33:10.772150+00:00,ok,,california_housing,regression,aptx_relu_field,APTx Neuron + ReLU + Lambda-Psi,aptx,1,before_field,1,1,1,0.5,0.5,2,2026,0.0005,0.0001,0.0,200,158,138,20,0.0001,128,128,64,32,34121,34121,341.0145970520098,cuda,./results/lambda_psi_comparison/checkpoints/california_housing/aptx_relu_field/california_housing__aptx_relu_field__seed2__lr0p0005__cfgb3c51f5b809b.pt,0.3006751294745955,,,0.30067512453249495,0.5483385127204681,54833.851272046806,0.3829250260465598,38292.50260465598,0.787929951700063,0.3024055329404136,,,0.30240553301288947,0.5499141142150195,54991.41142150194,0.38191285965848687,38191.285965848685,0.766008758821985,0.5479912757873535,0.522433876991272,0.5756161212921143,0.5427292585372925,0.572299063205719,0.5457215309143066,0.5511872172355652,0.9231722950935364
california_housing__aptx_relu_field__seed3__lr0p0005__cfgb3c51f5b809b,b3c51f5b809b,96b354dd2d4cd04c,2.12.1+cu130,0.27.1+cu130,1.9.0,2.5.2,0,4,2026-08-26T15:38:26.722001+00:00,ok,,california_housing,regression,aptx_relu_field,APTx Neuron + ReLU + Lambda-Psi,aptx,1,before_field,1,1,1,0.5,0.5,3,2026,0.0005,0.0001,0.0,200,141,121,20,0.0001,128,128,64,32,34121,34121,314.95128316106275,cuda,./results/lambda_psi_comparison/checkpoints/california_housing/aptx_relu_field/california_housing__aptx_relu_field__seed3__lr0p0005__cfgb3c51f5b809b.pt,0.2894367589506992,,,0.2894367643431169,0.537993275369792,53799.3275369792,0.3690872542098049,36908.725420980496,0.7958565122756317,0.30233096290928446,,,0.30233096196699427,0.5498463075869422,54984.63075869422,0.3782354321280249,37823.54321280249,0.7660664593918494,0.5229275226593018,0.494821161031723,0.5349892377853394,0.5115934014320374,0.5347280502319336,0.5244823098182678,0.5166929364204407,0.8621843457221985
california_housing__aptx_relu_field__seed4__lr0p0005__cfgb3c51f5b809b,b3c51f5b809b,96b354dd2d4cd04c,2.12.1+cu130,0.27.1+cu130,1.9.0,2.5.2,0,4,2026-08-26T15:41:47.844520+00:00,ok,,california_housing,regression,aptx_relu_field,APTx Neuron + ReLU + Lambda-Psi,aptx,1,before_field,1,1,1,0.5,0.5,4,2026,0.0005,0.0001,0.0,200,95,75,20,0.0001,128,128,64,32,34121,34121,200.1129788029939,cuda,./results/lambda_psi_comparison/checkpoints/california_housing/aptx_relu_field/california_housing__aptx_relu_field__seed4__lr0p0005__cfgb3c51f5b809b.pt,0.28709414277889933,,,0.28709414693111557,0.5358116711411908,53581.167114119075,0.3735842963666186,37358.42963666186,0.7975087905892562,0.30851644670316414,,,0.30851644890853647,0.5554425703063607,55544.257030636065,0.3751163092629565,37511.63092629565,0.7612803374174205,0.5049543976783752,0.49725982546806335,0.5218862295150757,0.5057820677757263,0.5097163915634155,0.5132972002029419,0.48984622955322266,0.8012118339538574
california_housing__aptx_relu_field__seed0__lr0p001__cfgb3c51f5b809b,b3c51f5b809b,96b354dd2d4cd04c,2.12.1+cu130,0.27.1+cu130,1.9.0,2.5.2,0,4,2026-08-26T15:44:08.421702+00:00,ok,,california_housing,regression,aptx_relu_field,APTx Neuron + ReLU + Lambda-Psi,aptx,1,before_field,1,1,1,0.5,0.5,0,2026,0.001,0.0001,0.0,200,63,43,20,0.0001,128,128,64,32,34121,34121,139.49288753396831,cuda,./results/lambda_psi_comparison/checkpoints/california_housing/aptx_relu_field/california_housing__aptx_relu_field__seed0__lr0p001__cfgb3c51f5b809b.pt,0.2944384836411291,,,0.2944384810033182,0.5426218582063556,54262.185820635554,0.37506979461326156,37506.979461326155,0.7923287369222141,0.30196022201878153,,,0.3019602216142366,0.5495090732774451,54950.90732774451,0.3756612678267813,37566.126782678126,0.7663533258206221,0.581718385219574,0.5247154235839844,0.572510838508606,0.5406428575515747,0.5902028679847717,0.5560979843139648,0.5895035266876221,0.8762971758842468
california_housing__aptx_relu_field__seed1__lr0p001__cfgb3c51f5b809b,b3c51f5b809b,96b354dd2d4cd04c,2.12.1+cu130,0.27.1+cu130,1.9.0,2.5.2,0,4,2026-08-26T15:47:36.875880+00:00,ok,,california_housing,regression,aptx_relu_field,APTx Neuron + ReLU + Lambda-Psi,aptx,1,before_field,1,1,1,0.5,0.5,1,2026,0.001,0.0001,0.0,200,98,78,20,0.0001,128,128,64,32,34121,34121,207.21144321397878,cuda,./results/lambda_psi_comparison/checkpoints/california_housing/aptx_relu_field/california_housing__aptx_relu_field__seed1__lr0p001__cfgb3c51f5b809b.pt,0.27683678200078565,,,0.27683678902749453,0.5261528190815806,52615.28190815806,0.3653489549521559,36534.89549521559,0.8047434375838585,0.2891312560369802,,,0.28913125378878685,0.5377092651133946,53770.92651133946,0.369727560716082,36972.7560716082,0.7762799500943316,0.5968634486198425,0.5235505700111389,0.5851534605026245,0.5331011414527893,0.5957991480827332,0.5553511381149292,0.5908124446868896,0.9334362745285034
california_housing__aptx_relu_field__seed2__lr0p001__cfgb3c51f5b809b,b3c51f5b809b,96b354dd2d4cd04c,2.12.1+cu130,0.27.1+cu130,1.9.0,2.5.2,0,4,2026-08-26T15:50:56.934120+00:00,ok,,california_housing,regression,aptx_relu_field,APTx Neuron + ReLU + Lambda-Psi,aptx,1,before_field,1,1,1,0.5,0.5,2,2026,0.001,0.0001,0.0,200,82,62,20,0.0001,128,128,64,32,34121,34121,198.98638915014453,cuda,./results/lambda_psi_comparison/checkpoints/california_housing/aptx_relu_field/california_housing__aptx_relu_field__seed2__lr0p001__cfgb3c51f5b809b.pt,0.29336963882742,,,0.29336963974417407,0.5416360768488138,54163.607684881375,0.3788025483142498,37880.25483142498,0.7930826044654773,0.2861960167570632,,,0.28619601492834795,0.5349729104621541,53497.29104621541,0.372317290911812,37231.7290911812,0.778551139305935,0.5670894980430603,0.5064490437507629,0.6205989718437195,0.5480828881263733,0.6112929582595825,0.5629574060440063,0.5919201970100403,0.9333105087280273
california_housing__aptx_relu_field__seed3__lr0p001__cfgb3c51f5b809b,b3c51f5b809b,96b354dd2d4cd04c,2.12.1+cu130,0.27.1+cu130,1.9.0,2.5.2,0,4,2026-08-26T15:54:21.537976+00:00,ok,,california_housing,regression,aptx_relu_field,APTx Neuron + ReLU + Lambda-Psi,aptx,1,before_field,1,1,1,0.5,0.5,3,2026,0.001,0.0001,0.0,200,92,72,20,0.0001,128,128,64,32,34121,34121,203.63850515917875,cuda,./results/lambda_psi_comparison/checkpoints/california_housing/aptx_relu_field/california_housing__aptx_relu_field__seed3__lr0p001__cfgb3c51f5b809b.pt,0.2846807197544926,,,0.28468071679360113,0.5335547926816899,53355.479268168994,0.3661820429066817,36618.204290668175,0.7992110140326721,0.29456334797910944,,,0.29456334785971594,0.5427369048256401,54273.69048256401,0.3731413193574074,37314.13193574074,0.7720767782105743,0.5294247269630432,0.4705476760864258,0.5591635704040527,0.5167150497436523,0.5509268045425415,0.5452527403831482,0.5449626445770264,0.9109053015708923
california_housing__aptx_relu_field__seed4__lr0p001__cfgb3c51f5b809b,b3c51f5b809b,96b354dd2d4cd04c,2.12.1+cu130,0.27.1+cu130,1.9.0,2.5.2,0,4,2026-08-26T15:56:51.256529+00:00,ok,,california_housing,regression,aptx_relu_field,APTx Neuron + ReLU + Lambda-Psi,aptx,1,before_field,1,1,1,0.5,0.5,4,2026,0.001,0.0001,0.0,200,68,48,20,0.0001,128,128,64,32,34121,34121,148.68220347887836,cuda,./results/lambda_psi_comparison/checkpoints/california_housing/aptx_relu_field/california_housing__aptx_relu_field__seed4__lr0p001__cfgb3c51f5b809b.pt,0.28609151294989177,,,0.2860915138350974,0.534875232026215,53487.5232026215,0.36921634125097313,36921.63412509731,0.7982159606600437,0.2852118022220079,,,0.28521180435642046,0.5340522487139442,53405.22487139442,0.36442714082726907,36442.71408272691,0.7793126883788352,0.5165151357650757,0.48698052763938904,0.542992889881134,0.5087093114852905,0.5347044467926025,0.5158197283744812,0.5108662843704224,0.8294615149497986
california_housing__aptx_relu_field__seed0__lr0p002__cfgb3c51f5b809b,b3c51f5b809b,96b354dd2d4cd04c,2.12.1+cu130,0.27.1+cu130,1.9.0,2.5.2,0,4,2026-08-26T16:00:45.806011+00:00,ok,,california_housing,regression,aptx_relu_field,APTx Neuron + ReLU + Lambda-Psi,aptx,1,before_field,1,1,1,0.5,0.5,0,2026,0.002,0.0001,0.0,200,107,87,20,0.0001,128,128,64,32,34121,34121,233.53641592292115,cuda,./results/lambda_psi_comparison/checkpoints/california_housing/aptx_relu_field/california_housing__aptx_relu_field__seed0__lr0p002__cfgb3c51f5b809b.pt,0.2606278888938963,,,0.2606278860120636,0.5105172729811045,51051.72729811045,0.3466178288235683,34661.78288235683,0.8161757862050358,0.2766102790370468,,,0.2766102820467259,0.5259375267526799,52593.75267526799,0.34976301724163367,34976.301724163364,0.7859682573468144,0.5414984226226807,0.39742323756217957,0.6204643845558167,0.5112718939781189,0.613833487033844,0.5630091428756714,0.6155400276184082,0.9835231900215149
california_housing__aptx_relu_field__seed1__lr0p002__cfgb3c51f5b809b,b3c51f5b809b,96b354dd2d4cd04c,2.12.1+cu130,0.27.1+cu130,1.9.0,2.5.2,0,4,2026-08-26T16:04:35.736641+00:00,ok,,california_housing,regression,aptx_relu_field,APTx Neuron + ReLU + Lambda-Psi,aptx,1,before_field,1,1,1,0.5,0.5,1,2026,0.002,0.0001,0.0,200,106,86,20,0.0001,128,128,64,32,34121,34121,228.88163344585337,cuda,./results/lambda_psi_comparison/checkpoints/california_housing/aptx_relu_field/california_housing__aptx_relu_field__seed1__lr0p002__cfgb3c51f5b809b.pt,0.26124117402143254,,,0.26124117705131095,0.5111175765431188,51111.757654311885,0.3517048634271058,35170.486342710574,0.8157432241149151,0.26418670757796414,,,0.26418670512644565,0.5139909582146807,51399.095821468065,0.35034801273123006,35034.801273123005,0.7955812037584894,0.6304504871368408,0.4560556709766388,0.6365572810173035,0.5233570337295532,0.6303834915161133,0.5606816411018372,0.6225748062133789,0.9793214201927185
california_housing__aptx_relu_field__seed2__lr0p002__cfgb3c51f5b809b,b3c51f5b809b,96b354dd2d4cd04c,2.12.1+cu130,0.27.1+cu130,1.9.0,2.5.2,0,4,2026-08-26T16:07:37.098892+00:00,ok,,california_housing,regression,aptx_relu_field,APTx Neuron + ReLU + Lambda-Psi,aptx,1,before_field,1,1,1,0.5,0.5,2,2026,0.002,0.0001,0.0,200,78,58,20,0.0001,128,128,64,32,34121,34121,180.3428109670058,cuda,./results/lambda_psi_comparison/checkpoints/california_housing/aptx_relu_field/california_housing__aptx_relu_field__seed2__lr0p002__cfgb3c51f5b809b.pt,0.2781250384426856,,,0.27812504241498226,0.5273756179564829,52737.56179564829,0.36070365164169044,36070.365164169045,0.8038348158329508,0.2817958066629809,,,0.28179580798404175,0.5308444291730315,53084.44291730315,0.356009931606782,35600.993160678205,0.7819558716006131,0.5747138857841492,0.4455401301383972,0.7100676894187927,0.55394047498703,0.6723968386650085,0.5833563208580017,0.6355184316635132,0.9760400056838989
california_housing__aptx_relu_field__seed3__lr0p002__cfgb3c51f5b809b,b3c51f5b809b,96b354dd2d4cd04c,2.12.1+cu130,0.27.1+cu130,1.9.0,2.5.2,0,4,2026-08-26T16:11:24.765320+00:00,ok,,california_housing,regression,aptx_relu_field,APTx Neuron + ReLU + Lambda-Psi,aptx,1,before_field,1,1,1,0.5,0.5,3,2026,0.002,0.0001,0.0,200,103,83,20,0.0001,128,128,64,32,34121,34121,226.61643966007978,cuda,./results/lambda_psi_comparison/checkpoints/california_housing/aptx_relu_field/california_housing__aptx_relu_field__seed3__lr0p002__cfgb3c51f5b809b.pt,0.27324596417042635,,,0.27324596889359337,0.5227293457360065,52272.93457360065,0.35714266801527306,35714.26680152731,0.8072760893967306,0.27901213437087774,,,0.2790121343158887,0.5282159921053969,52821.599210539694,0.35944599140247746,35944.599140247745,0.7841097847587362,0.534263551235199,0.38958457112312317,0.6312938928604126,0.511820912361145,0.587060809135437,0.53286212682724,0.5854335427284241,0.9807294011116028
california_housing__aptx_relu_field__seed4__lr0p002__cfgb3c51f5b809b,b3c51f5b809b,96b354dd2d4cd04c,2.12.1+cu130,0.27.1+cu130,1.9.0,2.5.2,0,4,2026-08-26T16:15:45.457844+00:00,ok,,california_housing,regression,aptx_relu_field,APTx Neuron + ReLU + Lambda-Psi,aptx,1,before_field,1,1,1,0.5,0.5,4,2026,0.002,0.0001,0.0,200,121,101,20,0.0001,128,128,64,32,34121,34121,259.64435151498765,cuda,./results/lambda_psi_comparison/checkpoints/california_housing/aptx_relu_field/california_housing__aptx_relu_field__seed4__lr0p002__cfgb3c51f5b809b.pt,0.2658300108687822,,,0.26583001104967674,0.5155870547731748,51558.70547731748,0.3520659715976826,35206.59715976826,0.8125066602349236,0.26980934124584344,,,0.26980934087916003,0.519431748046998,51943.1748046998,0.3467056454347028,34670.564543470275,0.7912305971232152,0.48984822630882263,0.3835946023464203,0.5879827737808228,0.45911306142807007,0.5618478655815125,0.5201325416564941,0.5479913949966431,0.9375240206718445
california_housing__aptx_relu_field__seed0__lr0p003__cfgb3c51f5b809b,b3c51f5b809b,96b354dd2d4cd04c,2.12.1+cu130,0.27.1+cu130,1.9.0,2.5.2,0,4,2026-08-26T16:18:52.958921+00:00,ok,,california_housing,regression,aptx_relu_field,APTx Neuron + ReLU + Lambda-Psi,aptx,1,before_field,1,1,1,0.5,0.5,0,2026,0.003,0.0001,0.0,200,88,68,20,0.0001,128,128,64,32,34121,34121,186.47717647906393,cuda,./results/lambda_psi_comparison/checkpoints/california_housing/aptx_relu_field/california_housing__aptx_relu_field__seed0__lr0p003__cfgb3c51f5b809b.pt,0.2641926049724106,,,0.26419260524237426,0.5139966976959816,51399.66976959816,0.35318587057639,35318.587057639,0.8136615436965373,0.2759553381176882,,,0.2759553315156137,0.5253145072388671,52531.45072388671,0.35817188856935545,35817.18885693554,0.7864750360626609,0.5619897246360779,0.3947875201702118,0.635669469833374,0.5037215352058411,0.6367112398147583,0.5655403733253479,0.6427229642868042,0.9815308451652527
california_housing__aptx_relu_field__seed1__lr0p003__cfgb3c51f5b809b,b3c51f5b809b,96b354dd2d4cd04c,2.12.1+cu130,0.27.1+cu130,1.9.0,2.5.2,0,4,2026-08-26T16:21:39.558248+00:00,ok,,california_housing,regression,aptx_relu_field,APTx Neuron + ReLU + Lambda-Psi,aptx,1,before_field,1,1,1,0.5,0.5,1,2026,0.003,0.0001,0.0,200,77,57,20,0.0001,128,128,64,32,34121,34121,165.5399648018647,cuda,./results/lambda_psi_comparison/checkpoints/california_housing/aptx_relu_field/california_housing__aptx_relu_field__seed1__lr0p003__cfgb3c51f5b809b.pt,0.260513515435448,,,0.2605135204885402,0.5104052512352711,51040.52512352711,0.3463769666850567,34637.69666850567,0.8162564496857118,0.27013508155364396,,,0.27013508280377857,0.5197452095053677,51974.520950536775,0.3496909899593786,34969.09899593786,0.7909785489662724,0.6362844109535217,0.423591673374176,0.6598816514015198,0.5385571122169495,0.6741104125976562,0.6141026616096497,0.6188156008720398,0.982903778553009
california_housing__aptx_relu_field__seed2__lr0p003__cfgb3c51f5b809b,b3c51f5b809b,96b354dd2d4cd04c,2.12.1+cu130,0.27.1+cu130,1.9.0,2.5.2,0,4,2026-08-26T16:26:03.610746+00:00,ok,,california_housing,regression,aptx_relu_field,APTx Neuron + ReLU + Lambda-Psi,aptx,1,before_field,1,1,1,0.5,0.5,2,2026,0.003,0.0001,0.0,200,117,97,20,0.0001,128,128,64,32,34121,34121,263.0672897370532,cuda,./results/lambda_psi_comparison/checkpoints/california_housing/aptx_relu_field/california_housing__aptx_relu_field__seed2__lr0p003__cfgb3c51f5b809b.pt,0.26117692714513735,,,0.26117692651905206,0.5110547196915923,51105.47196915923,0.35303926566081456,35303.926566081456,0.815788540845059,0.26867290522701054,,,0.2686729074961203,0.5183366738868862,51833.66738868862,0.35437214472728185,35437.214472728185,0.7921099310929487,0.5210244059562683,0.31357553601264954,0.7878105044364929,0.5066397786140442,0.7385584712028503,0.6178833842277527,0.6194944381713867,0.9962508082389832
california_housing__aptx_relu_field__seed3__lr0p003__cfgb3c51f5b809b,b3c51f5b809b,96b354dd2d4cd04c,2.12.1+cu130,0.27.1+cu130,1.9.0,2.5.2,0,4,2026-08-26T16:29:51.455890+00:00,ok,,california_housing,regression,aptx_relu_field,APTx Neuron + ReLU + Lambda-Psi,aptx,1,before_field,1,1,1,0.5,0.5,3,2026,0.003,0.0001,0.0,200,103,83,20,0.0001,128,128,64,32,34121,34121,226.7986697650049,cuda,./results/lambda_psi_comparison/checkpoints/california_housing/aptx_relu_field/california_housing__aptx_relu_field__seed3__lr0p003__cfgb3c51f5b809b.pt,0.26577171567798585,,,0.2657717169362822,0.5155305198882819,51553.05198882819,0.352620118954616,35262.0118954616,0.8125477758259203,0.2775912927102673,,,0.27759129173990316,0.5268693308021479,52686.933080214796,0.3532315534286836,35323.15534286836,0.7852091850063476,0.4804423451423645,0.3211025595664978,0.6536044478416443,0.4993296265602112,0.6145340800285339,0.53680020570755,0.6167999505996704,0.9897366762161255
california_housing__aptx_relu_field__seed4__lr0p003__cfgb3c51f5b809b,b3c51f5b809b,96b354dd2d4cd04c,2.12.1+cu130,0.27.1+cu130,1.9.0,2.5.2,0,4,2026-08-26T16:31:59.463897+00:00,ok,,california_housing,regression,aptx_relu_field,APTx Neuron + ReLU + Lambda-Psi,aptx,1,before_field,1,1,1,0.5,0.5,4,2026,0.003,0.0001,0.0,200,56,36,20,0.0001,128,128,64,32,34121,34121,126.99459469597787,cuda,./results/lambda_psi_comparison/checkpoints/california_housing/aptx_relu_field/california_housing__aptx_relu_field__seed4__lr0p003__cfgb3c51f5b809b.pt,0.2672357027844865,,,0.26723570412351405,0.5169484540295232,51694.84540295231,0.35230306995122934,35230.30699512293,0.8115152067565985,0.27875507247540376,,,0.27875507373409875,0.5279726069921609,52797.26069921609,0.3562595623639203,35625.956236392034,0.7843086896001645,0.5235021114349365,0.41315513849258423,0.5735845565795898,0.5141429901123047,0.5757970213890076,0.5297845602035522,0.5674085021018982,0.9049468040466309
