dataset,task_type,variant,variant_label,config_hash,field_on_output,is_alpha_trainable,use_delta_or_bias,lambda_init,psi_init,epochs_requested,batch_size,hidden_1,hidden_2,hidden_3,weight_decay,label_smoothing,lr_initial,n_runs,n_unique_seeds,expected_seeds,complete_seed_set,best_val_loss_mean,best_val_loss_std,best_val_accuracy_pct_mean,best_val_accuracy_pct_std,best_val_top5_accuracy_pct_mean,best_val_top5_accuracy_pct_std,best_val_mse_mean,best_val_mse_std,best_val_rmse_mean,best_val_rmse_std,best_val_rmse_usd_mean,best_val_rmse_usd_std,best_val_mae_mean,best_val_mae_std,best_val_mae_usd_mean,best_val_mae_usd_std,best_val_r2_mean,best_val_r2_std,test_loss_mean,test_loss_std,test_accuracy_pct_mean,test_accuracy_pct_std,test_top5_accuracy_pct_mean,test_top5_accuracy_pct_std,test_mse_mean,test_mse_std,test_rmse_mean,test_rmse_std,test_rmse_usd_mean,test_rmse_usd_std,test_mae_mean,test_mae_std,test_mae_usd_mean,test_mae_usd_std,test_r2_mean,test_r2_std,field1_lambda_mean,field1_lambda_std,field1_psi_mean,field1_psi_std,field2_lambda_mean,field2_lambda_std,field2_psi_mean,field2_psi_std,field3_lambda_mean,field3_lambda_std,field3_psi_mean,field3_psi_std,output_lambda_mean,output_lambda_std,output_psi_mean,output_psi_std,train_seconds_mean,train_seconds_std
california_housing,regression,aptx,APTx Neuron,cb06821ce71d,0,1,1,0.5,0.5,200,128,128,64,32,0.0001,0.0,0.0003,5,5,5,1,3093.1721183836,2699.761435376521,,,,,3093.1720648916175,2699.761355476667,52.199368267583,21.45920598941358,5219936.826758299,2145920.598941358,31.397255872109138,10.446255930782588,3139725.5872109137,1044625.5930782587,-2180.654203092177,1904.1765491723083,5471.452902434593,3575.8802539882117,,,,,5471.4528457443175,3575.880229342198,71.15371310502915,22.599832884103353,7115371.310502915,2259983.288410335,32.494637582653255,10.909440222534316,3249463.7582653253,1090944.0222534316,-4232.626381327241,2766.895978494024,,,,,,,,,,,,,,,,,322.3074768187944,65.35368361672812
california_housing,regression,aptx,APTx Neuron,cb06821ce71d,0,1,1,0.5,0.5,200,128,128,64,32,0.0001,0.0,0.0005,5,5,5,1,1771.9850850896316,1818.6708751631422,,,,,1771.9851053734837,1818.6709301618762,38.57637238307409,18.836420809693482,3857637.238307408,1883642.0809693483,22.251320815773667,8.396330349196756,2225132.0815773667,839633.0349196756,-1248.8039785220458,1282.7320936535878,2851.7195822545723,2007.240786513639,,,,,2851.719645101453,2007.2408898335405,50.939109157769494,17.92089574052792,5093910.915776949,1792089.5740527923,23.584382532446018,8.507200056507537,2358438.2532446017,850720.0056507537,-2205.564848866624,1553.1355609667173,,,,,,,,,,,,,,,,,292.09943369720133,2.232831642270142
california_housing,regression,aptx,APTx Neuron,cb06821ce71d,0,1,1,0.5,0.5,200,128,128,64,32,0.0001,0.0,0.001,5,5,5,1,527.6774222677069,495.5365266273653,,,,,527.6774318544982,495.53653961628277,21.065505038879163,10.242187834604403,2106550.5038879164,1024218.7834604402,11.863837321983405,5.727262739387365,1186383.7321983404,572726.2739387365,-371.17770719864217,349.50832083035027,1346.933761738622,1257.119422890845,,,,,1346.9337597231784,1257.119434979055,33.87662030219225,15.784025018364055,3387662.0302192257,1578402.5018364054,12.467527539680113,6.023612739434996,1246752.7539680111,602361.2739434997,-1041.2120887872877,972.7167818957074,,,,,,,,,,,,,,,,,299.17068046140486,13.612840107053382
california_housing,regression,aptx,APTx Neuron,cb06821ce71d,0,1,1,0.5,0.5,200,128,128,64,32,0.0001,0.0,0.002,5,5,5,1,71.22653385761171,153.5873412650709,,,,,71.2265353180409,153.58734446084406,4.871043022621403,7.705474935866401,487104.3022621403,770547.4935866401,2.7812575867500646,4.43823247837725,278125.7586750065,443823.247837725,-49.23699519080654,108.32713750003015,102.40068521305572,214.24173286097331,,,,,102.40068506670359,214.2417323205338,6.3384290225400495,8.819368074933543,633842.902254005,881936.8074933542,2.8809181394950714,4.609679216145646,288091.8139495071,460967.9216145646,-78.23420963073353,165.77305434313274,,,,,,,,,,,,,,,,,263.1368189508095,67.58376914733705
california_housing,regression,aptx,APTx Neuron,cb06821ce71d,0,1,1,0.5,0.5,200,128,128,64,32,0.0001,0.0,0.003,5,5,5,1,0.7171517223812813,0.6283879091156929,,,,,0.7171517287786393,0.6283879175251287,0.7937764564329168,0.3299065511463833,79377.64564329169,32990.655114638335,0.5773392592795019,0.2582001142182194,57733.9259279502,25820.01142182194,0.49418362427905826,0.44321011333363164,0.8480843147566152,0.7905598051623216,,,,,0.8480843150762467,0.7905598051908455,0.8542944449630943,0.3844888106002652,85429.44449630943,38448.88106002652,0.5885559904461279,0.2788240630024642,58855.5990446128,27882.406300246417,0.34378085106055467,0.6117086159074049,,,,,,,,,,,,,,,,,213.077799687488,73.26320708917413
california_housing,regression,aptx_field,APTx Neuron + Lambda-Psi,69b9cfb83c1a,1,1,1,0.5,0.5,200,128,128,64,32,0.0001,0.0,0.0003,5,5,5,1,0.3075938213241193,0.005320432186687443,,,,,0.3075938206561011,0.00532043153073426,0.5545949810777849,0.0047733137641022255,55459.49810777849,477.3313764102217,0.38341642006538634,0.004577999522795402,38341.642006538634,457.79995227954055,0.7830501059749232,0.0037525690675398148,0.32668798052987386,0.025559329080605566,,,,,0.3266879806276731,0.02555932862971112,0.5712208414960986,0.022212914829047397,57122.084149609866,2221.291482904739,0.3851893427363026,0.0059118244203136125,38518.934273630264,591.1824420313609,0.747219816703055,0.019776949747437208,0.5912869930267334,0.01350647942126582,0.5895015001296997,0.013345459239003045,0.5953926563262939,0.013433709535764522,0.5973848342895508,0.018474927899258663,0.6095845222473144,0.007613924212189525,0.5908278465270996,0.01495616051394304,0.6208244562149048,0.023778338048750316,0.8779318332672119,0.00764037704217293,464.63217051895333,43.04083550762587
california_housing,regression,aptx_field,APTx Neuron + Lambda-Psi,69b9cfb83c1a,1,1,1,0.5,0.5,200,128,128,64,32,0.0001,0.0,0.0005,5,5,5,1,0.29718288208625115,0.0038314596171254104,,,,,0.2971828826262915,0.003831458723549497,0.5451357168468078,0.003523642328682923,54513.571684680785,352.36423286829177,0.37707886014335845,0.004470930588535528,37707.88601433584,447.09305885355354,0.7903930750158847,0.002702377317796834,0.31288423265597615,0.02199220494275623,,,,,0.3128842313818826,0.02199220198784532,0.559095287441058,0.019257821238502986,55909.528744105795,1925.7821238502995,0.38008434242864914,0.0032853046588838396,38008.43424286491,328.5304658883828,0.757900694088969,0.017016827000828055,0.5980693101882935,0.014126853558396145,0.5923302173614502,0.012355389584303255,0.6038902997970581,0.013899879201233555,0.6028942704200745,0.019690297222716792,0.6231131553649902,0.009572560824806864,0.597202742099762,0.014870712784739493,0.6371956944465638,0.023938307082267792,0.9138700723648071,0.012658990253670996,247.38426502137446,17.332886689551877
california_housing,regression,aptx_field,APTx Neuron + Lambda-Psi,69b9cfb83c1a,1,1,1,0.5,0.5,200,128,128,64,32,0.0001,0.0,0.001,5,5,5,1,0.2783889785293461,0.003454803975403253,,,,,0.27838897670506235,0.003454804806321885,0.5276176935185795,0.0032684459603757416,52761.76935185795,326.8445960375736,0.3613690802495378,0.0027351132726601865,36136.90802495378,273.51132726601776,0.8036486595696672,0.002436718445806687,0.2934579457423484,0.02037099299908782,,,,,0.29345794541176123,0.020370995043133614,0.5414665586658052,0.01843608073762648,54146.65586658051,1843.6080737626482,0.3637806808020082,0.004491104290647509,36378.06808020083,449.110429064752,0.7729321014853211,0.01576239153656907,0.6133621811866761,0.013626323258131135,0.5816399931907654,0.007486209728362785,0.6287039875984192,0.013643908943209049,0.6052813053131103,0.015290429576343814,0.6659534096717834,0.020269818109327806,0.6185349822044373,0.016880412313741208,0.6640180826187134,0.021773048167792616,0.9696617960929871,0.013258406224943984,247.06101682982407,56.816199425424294
california_housing,regression,aptx_field,APTx Neuron + Lambda-Psi,69b9cfb83c1a,1,1,1,0.5,0.5,200,128,128,64,32,0.0001,0.0,0.002,5,5,5,1,0.271777760843898,0.0025449328536791757,,,,,0.27177776133055,0.0025449358826503286,0.5213185139147092,0.002441408484164573,52131.85139147091,244.1408484164572,0.3528394003709157,0.0032880065498923474,35283.94003709157,328.80065498923415,0.808311635151615,0.0017949761437466782,0.27395984886228575,0.0066335187112359405,,,,,0.27395984729658884,0.006633518922810166,0.523381395733828,0.006300981699201019,52338.13957338281,630.0981699201026,0.35261285343503423,0.006006046123795565,35261.28534350342,600.6046123795561,0.7880190747067582,0.0051327940684869995,0.6507574677467346,0.013329831630832577,0.5870075345039367,0.025093549171683972,0.6705129742622375,0.015799488812496855,0.6261104464530944,0.01838074221952216,0.7009144067764282,0.014773250762537445,0.6380675911903382,0.019001701354649545,0.6968041062355042,0.026557808542362553,0.9766475319862366,0.010580142953823223,176.47752403016202,29.927935652089094
california_housing,regression,aptx_field,APTx Neuron + Lambda-Psi,69b9cfb83c1a,1,1,1,0.5,0.5,200,128,128,64,32,0.0001,0.0,0.003,5,5,5,1,0.25897126507389456,0.007166559237460259,,,,,0.25897126577317403,0.007166559981409866,0.5088531267407479,0.007049927245935849,50885.31267407479,704.9927245935841,0.34127940591857875,0.005506739964180941,34127.94059185787,550.6739964180942,0.8173442218533863,0.005054667305002625,0.2649805157221565,0.005314582139778278,,,,,0.2649805162198174,0.005314582945166822,0.5147420336907269,0.005142345251912231,51474.2033690727,514.2345251912245,0.3422081719838487,0.004030363510670507,34220.81719838487,403.03635106704934,0.7949669794050249,0.004112245722799303,0.692717444896698,0.012682675497725598,0.5796282052993774,0.042664922485178364,0.7142301440238953,0.02878891897941603,0.6245867252349854,0.01663880043021288,0.7365326404571533,0.031024891789763552,0.6463055372238159,0.017015088223677217,0.7027404069900512,0.025930050243566562,0.9842956900596619,0.01107853817631055,174.91052789278328,36.43365487291569
california_housing,regression,aptx_field_relu,APTx Neuron + Lambda-Psi + ReLU,496b0553ba48,1,1,1,0.5,0.5,200,128,128,64,32,0.0001,0.0,0.0003,5,5,5,1,0.30416200410488037,0.005899778714157827,,,,,0.304162003528447,0.005899778405074578,0.5514882686792525,0.005326001972345675,55148.82686792526,532.6001972345674,0.3785725338933196,0.004678402168565412,37857.253389331956,467.84021685654,0.7854706109140989,0.00416118989979122,0.31577933823415477,0.02257599143579207,,,,,0.31577933667204094,0.022575991524362862,0.5616653190334457,0.019729611853080267,56166.53190334458,1972.961185308026,0.3806108866067416,0.002146259278645106,38061.088660674155,214.6259278645123,0.7556605588856349,0.017468543729935174,0.5251724481582641,0.018603273265547098,0.5214303731918335,0.009324413329796059,0.5317222595214843,0.01307690802659553,0.5258564949035645,0.013230757497484964,0.5308466792106629,0.01581761475020506,0.5291926264762878,0.009743176644075991,0.5211617648601532,0.01681611470797429,0.8160946369171143,0.00934225831908702,343.13139030844906,33.08296894393372
california_housing,regression,aptx_field_relu,APTx Neuron + Lambda-Psi + ReLU,496b0553ba48,1,1,1,0.5,0.5,200,128,128,64,32,0.0001,0.0,0.0005,5,5,5,1,0.29552137320355854,0.0054353370463611425,,,,,0.2955213750448985,0.005435337042292684,0.5436004333094915,0.004992988913414314,54360.04333094915,499.2988913414307,0.37302641437439493,0.0038530073541232805,37302.641437439495,385.30073541232946,0.7915649577700188,0.003833613408750299,0.31001893429793126,0.018147062884358422,,,,,0.31001893278106946,0.018147062067256834,0.5566082798809854,0.01605286380214228,55660.827988098536,1605.286380214229,0.3765901871509273,0.002524322651968787,37659.01871509272,252.43226519687926,0.7601177658775374,0.014041586919875934,0.5300601065158844,0.020302423303368355,0.5245097398757934,0.009466551009619177,0.5361598372459412,0.012279163617410896,0.5274173378944397,0.010055106166492897,0.5330893516540527,0.015532995280187284,0.5309015512466431,0.011283030230945805,0.5249571919441223,0.01658834806581815,0.8276679635047912,0.04208039897814457,233.15163788064382,97.28312445092406
california_housing,regression,aptx_field_relu,APTx Neuron + Lambda-Psi + ReLU,496b0553ba48,1,1,1,0.5,0.5,200,128,128,64,32,0.0001,0.0,0.001,5,5,5,1,0.288107599260271,0.004605314386661145,,,,,0.28810759946477515,0.0046053160205435885,0.536742863604287,0.004286291323061122,53674.286360428705,428.6291323061139,0.3672520491475052,0.0028346427470754792,36725.20491475052,283.46427470754736,0.7967939894293762,0.003248188863084979,0.30616127178650493,0.019570633527008694,,,,,0.30616127300717705,0.019570633039065897,0.5530955486926807,0.01755658792019047,55309.55486926807,1755.6587920190466,0.37046204516086584,0.005222319545524032,37046.20451608658,522.231954552402,0.7631026934003322,0.015143098308506502,0.5336779415607452,0.022746484501509824,0.5273851990699768,0.014772478418699332,0.5430586934089661,0.015212993904676944,0.5315792679786682,0.011394948907506237,0.5432262301445008,0.014009567966039837,0.5346696376800537,0.010292190877373864,0.5343666672706604,0.017212695482351544,0.8409018874168396,0.028382890219007195,154.62206287742592,22.268178516927474
california_housing,regression,aptx_field_relu,APTx Neuron + Lambda-Psi + ReLU,496b0553ba48,1,1,1,0.5,0.5,200,128,128,64,32,0.0001,0.0,0.002,5,5,5,1,0.27814738768939823,0.0035983716090831706,,,,,0.27814738309160675,0.0035983739859919727,0.5273879754891047,0.00341071860286353,52738.797548910465,341.0718602863529,0.3599277781250403,0.002473608613817303,35992.77781250403,247.36086138173096,0.8038190586652163,0.0025379796423035386,0.28175616148830385,0.007135002919709675,,,,,0.28175616205950105,0.007135001637206843,0.5307730113434657,0.006724255431857944,53077.30113434656,672.4255431857931,0.360684896649634,0.004671250082885995,36068.489664963396,467.12500828859925,0.7819865482849929,0.005520824543994157,0.5426976978778839,0.028811696195204347,0.5335809469223023,0.01915269966255204,0.5572553873062134,0.012989047107665243,0.5376286983489991,0.017266441227419257,0.5541789650917053,0.022782983331852868,0.5337500214576721,0.012960112938249323,0.5517324209213257,0.017421717536633994,0.8759756445884704,0.030781697708094927,136.84313944480382,26.33866531001997
california_housing,regression,aptx_field_relu,APTx Neuron + Lambda-Psi + ReLU,496b0553ba48,1,1,1,0.5,0.5,200,128,128,64,32,0.0001,0.0,0.003,5,5,5,1,0.2755888700023178,0.005727136486075123,,,,,0.2755888690484171,0.005727134433026341,0.5249429187415988,0.005454483415993915,52494.291874159884,545.4483415993907,0.3577222069970859,0.0024960519040968755,35772.220699708596,249.6051904096878,0.8056236116609421,0.004039421876753442,0.27844486019408055,0.0045488890607910054,,,,,0.27844485906510047,0.004548888707982875,0.5276647058935431,0.004303664046652775,52766.47058935431,430.36640466527786,0.3575886000835792,0.004478985010768983,35758.860008357915,447.8985010768992,0.7845487232883955,0.0035197772479784576,0.5496675431728363,0.03761047635021819,0.5406065821647644,0.02457117840583637,0.5760624647140503,0.010428329314452709,0.5388280630111695,0.02013979695533164,0.5704441070556641,0.020777233056022488,0.532040810585022,0.01108177367185575,0.5636125802993774,0.0126945446567959,0.9006770730018616,0.03611265354491687,139.41684936578386,24.358231582597316
california_housing,regression,aptx_relu,APTx Neuron + ReLU,cbdf19cf04f3,0,1,1,0.5,0.5,200,128,128,64,32,0.0001,0.0,0.0003,5,5,5,1,45.89744010831034,46.14085821519828,,,,,45.89743985300545,46.140858122057196,5.7294333195724265,4.0421271766204265,572943.3319572427,404212.7176620427,3.3132861377295946,2.5221760929369417,331328.61377295945,252217.60929369414,-31.372057055283243,32.54374310398832,111.09964709910312,96.61219528448616,,,,,111.09965029285794,96.61220062623964,9.50930284782044,5.083405556476387,950930.284782044,508340.5556476387,3.4717307206192736,2.5871635789023784,347173.0720619274,258716.35789023782,-84.96517665356737,74.75527485308825,,,,,,,,,,,,,,,,,279.7746014225762,22.188043089999006
california_housing,regression,aptx_relu,APTx Neuron + ReLU,cbdf19cf04f3,0,1,1,0.5,0.5,200,128,128,64,32,0.0001,0.0,0.0005,5,5,5,1,19.287149299115175,20.065503731133845,,,,,19.28714922160848,20.065503723184758,3.650968101884426,2.7289148806418715,365096.8101884426,272891.4880641871,2.081937373634572,1.6075441733067086,208193.7373634572,160754.41733067084,-12.603475423363664,14.152458905121282,27.390827509044676,29.734770265537787,,,,,27.390827359653816,29.734770364366703,4.348103732546379,3.256689517491278,434810.3732546379,325668.95174912777,2.1651889608183863,1.6907478583563835,216518.8960818386,169074.78583563835,-20.194101929692355,23.00776627458355,,,,,,,,,,,,,,,,,282.8155090736691,22.769170621435748
california_housing,regression,aptx_relu,APTx Neuron + ReLU,cbdf19cf04f3,0,1,1,0.5,0.5,200,128,128,64,32,0.0001,0.0,0.001,5,5,5,1,2.312204962784006,2.733199145391067,,,,,2.312204969190061,2.733199148850107,1.2611247314778524,0.9498482647540186,126112.47314778525,94984.82647540186,0.8060058338148881,0.5588807164081372,80600.5833814888,55888.071640813716,-0.6308280249585363,1.9277606566596648,3.928221753124119,5.775651267790194,,,,,3.9282216281610984,5.775651005181171,1.5365340991625478,1.399680584219055,153653.40991625478,139968.0584219055,0.811859266831749,0.565612064113247,81185.9266831749,56561.20641132471,-2.039525914879872,4.469004696603183,,,,,,,,,,,,,,,,,257.067157749692,48.77622867612974
california_housing,regression,aptx_relu,APTx Neuron + ReLU,cbdf19cf04f3,0,1,1,0.5,0.5,200,128,128,64,32,0.0001,0.0,0.002,5,5,5,1,0.3053122608236564,0.03775313950343662,,,,,0.3053122622179726,0.037753139906805816,0.5517506976085651,0.03323081977687115,55175.06976085651,3323.081977687116,0.37868822196484075,0.0250961994611262,37868.82219648408,2509.619946112621,0.7846593186057499,0.026627777126422447,0.3161788545837698,0.036083421969886106,,,,,0.3161788549295876,0.036083424157438315,0.5615938244878296,0.0314489909758757,56159.38244878295,3144.8990975875704,0.3795824287437596,0.022429861582957022,37958.24287437596,2242.9861582957033,0.7553514250810208,0.027920141276621034,,,,,,,,,,,,,,,,,201.51148057025858,46.73288278181786
california_housing,regression,aptx_relu,APTx Neuron + ReLU,cbdf19cf04f3,0,1,1,0.5,0.5,200,128,128,64,32,0.0001,0.0,0.003,5,5,5,1,0.2812704384326935,0.00817027563551048,,,,,0.2812704381648436,0.00817027503278967,0.5303051828001214,0.007652716851994087,53030.51828001214,765.2716851994081,0.3608496316325988,0.0056626853318085535,36084.96316325988,566.2685331808572,0.8016163275904244,0.005762600492879203,0.2834760514802711,0.005925814324628872,,,,,0.28347605159255096,0.005925815458441701,0.5324014483412748,0.005562081070056212,53240.14483412747,556.2081070056223,0.3609298736030279,0.007035753137794085,36092.98736030279,703.5753137794086,0.7806557555494305,0.0045851969052879095,,,,,,,,,,,,,,,,,154.706463590404,27.026667328163796
california_housing,regression,aptx_relu_field,APTx Neuron + ReLU + Lambda-Psi,b3c51f5b809b,1,1,1,0.5,0.5,200,128,128,64,32,0.0001,0.0,0.0003,5,5,5,1,0.3059199908907099,0.010560269673710182,,,,,0.30591999165588807,0.010560269416853585,0.5530348894393701,0.00951332740631888,55303.488943937,951.3327406318874,0.38648216422040793,0.010481981943434292,38648.216422040794,1048.1981943434275,0.7842306791848718,0.007448294396733369,0.31791407553724543,0.007677636430206066,,,,,0.3179140738360686,0.007677637276385641,0.5638060974632887,0.006778486122033334,56380.60974632887,677.848612203333,0.38911195406473653,0.005280947770850245,38911.19540647365,528.0947770850238,0.7540087709913361,0.005940697770035517,0.5329035639762878,0.022524694312446737,0.5220022678375245,0.014262892375540712,0.5374183177947998,0.01985482162085125,0.530227530002594,0.018364626662939428,0.5398310482501983,0.02687925597588424,0.5325720310211182,0.014803449758918192,0.5286634087562561,0.03237339552110094,0.8211597919464111,0.0261362332276479,378.7544499344658,21.544143880567272
california_housing,regression,aptx_relu_field,APTx Neuron + ReLU + Lambda-Psi,b3c51f5b809b,1,1,1,0.5,0.5,200,128,128,64,32,0.0001,0.0,0.0005,5,5,5,1,0.29195963911307876,0.005332483728744431,,,,,0.2919596393863226,0.005332479848500797,0.5403150083896113,0.004915675850888234,54031.500838961125,491.5675850888239,0.37436725861111353,0.005261236021587862,37436.72586111135,526.1236021587845,0.7940770959268425,0.003761066901654453,0.3005699937195741,0.006072272018216348,,,,,0.3005699938070524,0.006072272560755139,0.5482202441539921,0.005540499389702305,54822.0244153992,554.0499389702298,0.375646275397419,0.004695677200389017,37564.6275397419,469.5677200389001,0.7674290373887347,0.0046985204903698926,0.5403561949729919,0.026844941129768176,0.5113720893859863,0.014699583304218004,0.5476096630096435,0.021204792133190833,0.5253738284111023,0.016250313387540682,0.54858877658844,0.026311475328455347,0.5336646318435669,0.014181789165463466,0.5324465990066528,0.0287799040241745,0.8729243874549866,0.04838727375890263,309.8699826393742,64.69439679762216
california_housing,regression,aptx_relu_field,APTx Neuron + ReLU + Lambda-Psi,b3c51f5b809b,1,1,1,0.5,0.5,200,128,128,64,32,0.0001,0.0,0.001,5,5,5,1,0.28708342743474385,0.007165262498048346,,,,,0.28708342808073706,0.007165259727654141,0.5357681557689309,0.006699938870576827,53576.81557689309,669.9938870576827,0.37092393640746446,0.005825429581983365,37092.39364074644,582.5429581983353,0.7975163507328531,0.00505375021923704,0.29141252900278847,0.006929045878499284,,,,,0.29141252850950156,0.00692904576268795,0.5397960804785156,0.006395311713810953,53979.60804785156,639.5311713810949,0.3710549159278703,0.004267740102497983,37105.49159278704,426.77401024979656,0.7745147763620597,0.005361462808028446,0.5583222389221192,0.03425116571314812,0.5024486482143402,0.02352678436461001,0.5760839462280274,0.029402073998679286,0.529450249671936,0.016417601315297497,0.5765852451324462,0.03229394646189567,0.547095799446106,0.018590118350789935,0.5656130194664002,0.03647423043665126,0.8966821551322937,0.044240708967608476,179.60228570722975,32.713010396819136
california_housing,regression,aptx_relu_field,APTx Neuron + ReLU + Lambda-Psi,b3c51f5b809b,1,1,1,0.5,0.5,200,128,128,64,32,0.0001,0.0,0.002,5,5,5,1,0.2678140152794446,0.007658364635494265,,,,,0.2678140170843254,0.0076583668242730316,0.5174653735979775,0.0073827680641258345,51746.53735979775,738.2768064125835,0.35364699670106403,0.005424408261953719,35364.699670106405,542.4408261953736,0.8111073151569113,0.005401545022547061,0.2742828537789426,0.007179344447483036,,,,,0.2742828540704524,0.007179345946960761,0.5236841308585574,0.006872513856816909,52368.41308585574,687.2513856816915,0.35245451968336516,0.0051539485543730295,35245.45196833652,515.3948554373045,0.7877691429175736,0.005555136680994864,0.5541549146175384,0.052285009729214356,0.41443964242935183,0.033756048605205466,0.6372732043266296,0.04485360837520966,0.5119006752967834,0.03422545402387358,0.613104498386383,0.04219061744047747,0.5520083546638489,0.025306045318647163,0.6014116406440735,0.035070594331604955,0.971427607536316,0.019143315912979058,225.80433030216955,28.643547441960695
california_housing,regression,aptx_relu_field,APTx Neuron + ReLU + Lambda-Psi,b3c51f5b809b,1,1,1,0.5,0.5,200,128,128,64,32,0.0001,0.0,0.003,5,5,5,1,0.26377809320309364,0.002895036591250077,,,,,0.26377809466195257,0.0028950359334564317,0.51358712850813,0.002818708198380449,51358.712850813004,281.87081983804427,0.3515050583656213,0.002887751227368072,35150.50583656213,288.7751227368072,0.8139539033619654,0.0020419062308289003,0.2742219380168027,0.004538741445393449,,,,,0.27422193745790285,0.004538739974271557,0.5236476656850859,0.0043387326005618915,52364.766568508596,433.8732600561897,0.354345227809724,0.003209787160767732,35434.522780972395,320.9787160767739,0.7878162781456789,0.00351192449881137,0.5446485996246337,0.058791062540248094,0.37324248552322387,0.05213196199289183,0.6621101260185241,0.0781245520607586,0.5124782085418701,0.015544553022166537,0.6479422450065613,0.06193393193713945,0.5728222370147705,0.04164563106281417,0.6130482912063598,0.027624564211987904,0.9710737824440002,0.03743081108021971,193.7755390957929,52.91994461838287
california_housing,regression,traditional,Traditional neuron,0c7184fb0802,0,1,1,0.5,0.5,200,128,128,64,32,0.0001,0.0,0.0003,5,5,5,1,0.5068115903887638,0.0011182247867606613,,,,,0.5068115854762948,0.0011182206942004643,0.71190665966684,0.0007853329683768558,71190.665966684,78.53329683768378,0.5157632441180505,0.004387883834970285,51576.32441180505,438.78838349702943,0.6425392437168183,0.0007886954965024247,0.6734483714251555,0.012004160351803152,,,,,0.673448376069591,0.012004155816041667,0.8206129094642902,0.0073168376146764205,82061.29094642901,731.6837614676415,0.5192337338928162,0.0039423087355716195,51923.373389281616,394.2308735571628,0.47890827321891105,0.009288412452989565,,,,,,,,,,,,,,,,,73.54503597319126,18.000261839416307
california_housing,regression,traditional,Traditional neuron,0c7184fb0802,0,1,1,0.5,0.5,200,128,128,64,32,0.0001,0.0,0.0005,5,5,5,1,0.505789667922397,0.0008346978671813164,,,,,0.5057896684505225,0.0008346981353231844,0.7111887181088916,0.0005870318921576388,71118.87181088918,58.70318921576021,0.5141471792344553,0.002808708354058652,51414.717923445525,280.8708354058654,0.6432600149922971,0.0005887233742701484,0.6954390601594318,0.02484434331693113,,,,,0.6954390630742948,0.024844343702883912,0.8338257038040279,0.014737653731697562,83382.5703804028,1473.7653731697555,0.5180654598948683,0.0023164068309408517,51806.54598948683,231.64068309408648,0.46189261846113716,0.019223718433231216,,,,,,,,,,,,,,,,,106.80673875059001,35.30264855344493
california_housing,regression,traditional,Traditional neuron,0c7184fb0802,0,1,1,0.5,0.5,200,128,128,64,32,0.0001,0.0,0.001,5,5,5,1,0.5059488408325254,0.0009749824079094392,,,,,0.5059488385226614,0.0009749812805836377,0.7113005432483865,0.0006852893654159187,71130.05432483865,68.52893654159311,0.5151805020392287,0.0011575043448423317,51518.05020392288,115.75043448423457,0.6431477502848695,0.0006876668882615082,0.7107221832571103,0.0204551225902094,,,,,0.7107221848756514,0.02045512198882579,0.8429736606842344,0.012123957082603505,84297.36606842343,1212.395708260352,0.5197845246245753,0.0019468503432269449,51978.45246245753,194.68503432269497,0.4500670522959117,0.015827486140635692,,,,,,,,,,,,,,,,,77.63397077978588,15.280143642594872
california_housing,regression,traditional,Traditional neuron,0c7184fb0802,0,1,1,0.5,0.5,200,128,128,64,32,0.0001,0.0,0.002,5,5,5,1,0.5037640576676805,0.0017152133121455648,,,,,0.5037640554921176,0.0017152154904755135,0.7097625577715861,0.0012078274159068067,70976.25577715861,120.78274159068027,0.5131732784673687,0.0040586105477621315,51317.327846736865,405.8610547762122,0.6446887059709534,0.0012097636360024876,0.7923264000766961,0.055954253923386654,,,,,0.7923263950457745,0.055954262842033246,0.889677830668203,0.03161788780292948,88967.7830668203,3161.7887802929495,0.5199821964815952,0.004463015053385046,51998.219648159524,446.3015053385031,0.3869244562170072,0.043295528627282705,,,,,,,,,,,,,,,,,94.27584373285063,20.09037236092764
california_housing,regression,traditional,Traditional neuron,0c7184fb0802,0,1,1,0.5,0.5,200,128,128,64,32,0.0001,0.0,0.003,5,5,5,1,0.5040654684684073,0.001986353241476003,,,,,0.5040654629267538,0.0019863480401692553,0.7099745757608444,0.0013985259931732564,70997.45757608445,139.8525993173253,0.5091099178678421,0.005776786567690858,50910.991786784216,577.6786567690864,0.64447611941488,0.0014009969247510807,0.8189416820688764,0.078311472278137,,,,,0.8189416810839859,0.07831147700435598,0.9040953681379852,0.044063113760646574,90409.53681379852,4406.311376064657,0.516630061866008,0.005296117073623806,51663.0061866008,529.6117073623789,0.36633044210509114,0.060594789784986496,,,,,,,,,,,,,,,,,92.50165425757878,43.39785333150629
california_housing,regression,traditional_field,Traditional neuron + Lambda-Psi,5a97e6821322,1,1,1,0.5,0.5,200,128,128,64,32,0.0001,0.0,0.0003,5,5,5,1,0.526181068669918,0.0008620575464978455,,,,,0.526181066430775,0.0008620579509384353,0.7253831981726401,0.0005939692831459147,72538.31981726401,59.39692831459008,0.5315172996097641,0.0012083501017196132,53151.729960976416,120.83501017196006,0.6288776986590148,0.0006080206055526341,0.5228855849236481,0.0010259680998403384,,,,,0.5228855854744414,0.0010259685150430116,0.7231080023515336,0.0007092334030404354,72310.80023515335,70.92334030404365,0.5279106325787571,0.0013444952347297342,52791.063257875714,134.4495234729718,0.5954087019497669,0.0007938599662931523,0.5246957659721374,0.0040011270163955726,0.4863810420036316,0.0016674268483015924,0.5001823127269744,0.0007698457645008443,0.480444997549057,0.0018684032912107866,0.4262440919876099,0.005189529160960766,0.46701411008834837,0.006896313027900772,0.45735833048820496,0.0025656840789183115,0.8402809500694275,0.001658634162523324,336.194359324174,9.37966015826382
california_housing,regression,traditional_field,Traditional neuron + Lambda-Psi,5a97e6821322,1,1,1,0.5,0.5,200,128,128,64,32,0.0001,0.0,0.0005,5,5,5,1,0.5177043122376583,0.001963417247819372,,,,,0.5177043117721446,0.001963421139720726,0.7195156860875871,0.0013643890818745873,71951.56860875871,136.43890818745794,0.5258486441112765,0.002220612668876571,52584.86441112766,222.0612668876557,0.634856463189927,0.0013848262857830335,0.5148063921189123,0.0023748635513159656,,,,,0.5148063926764417,0.0023748623092771726,0.7174985717440544,0.001655378236162332,71749.85717440544,165.5378236162326,0.5224936367460173,0.0025134898249845315,52249.36367460173,251.34898249845446,0.6016601098909036,0.0018375886639314864,0.5623979568481445,0.005114056566782877,0.4904810845851898,0.004114671757136739,0.5309701442718506,0.0020748719357870514,0.4665618896484375,0.005088235407024142,0.4129673480987549,0.009243219223425721,0.46388460993766784,0.011170426552281584,0.44885690212249757,0.0038832617241044147,0.9376561045646667,0.0016407033007374413,368.5135688340291,20.753565090678105
california_housing,regression,traditional_field,Traditional neuron + Lambda-Psi,5a97e6821322,1,1,1,0.5,0.5,200,128,128,64,32,0.0001,0.0,0.001,5,5,5,1,0.43856615641320396,0.016250131087612217,,,,,0.4385661569328395,0.016250127673394663,0.662152211390101,0.012278328674862794,66215.22113901011,1227.8328674862787,0.4712627586150585,0.010504835079255218,47126.27586150585,1050.4835079255208,0.6906736258010147,0.011461424904821198,0.45181895411291784,0.004198471733152215,,,,,0.45181895436050307,0.004198471066726632,0.6721690081829509,0.003118252485598585,67216.9008182951,311.82524855985946,0.4731423561352976,0.009198163477771137,47314.23561352976,919.8163477771144,0.6503976733981887,0.003248635850559933,0.6666809439659118,0.015076011222343024,0.477223265171051,0.020935056785818702,0.7106043338775635,0.021544312010301745,0.41263908743858335,0.010843553712075342,0.40212191343307496,0.011398453519992786,0.44729102253913877,0.012586220865937046,0.42539888620376587,0.008427720003239644,0.9832277297973633,0.002918393052990708,393.4910853673704,7.486230738995779
california_housing,regression,traditional_field,Traditional neuron + Lambda-Psi,5a97e6821322,1,1,1,0.5,0.5,200,128,128,64,32,0.0001,0.0,0.002,5,5,5,1,0.3768509675828061,0.08429511819049572,,,,,0.37685096938002083,0.08429512121995363,0.6111693619934389,0.06444940205845416,61116.93619934388,6444.940205845417,0.4306525271616934,0.054421983810240604,43065.252716169336,5442.198381024061,0.7342021445819272,0.05945443759725672,0.3836624513300814,0.09186196418404971,,,,,0.383662453098521,0.091861966711815,0.616294900392484,0.06930953080871245,61629.490039248405,6930.953080871245,0.4307437848566865,0.05424936031319667,43074.378485668654,5424.936031319668,0.7031348841421547,0.0710797034491922,0.6529795527458191,0.10064088010323265,0.43228132128715513,0.0479860659609334,0.7869484305381775,0.1621547684246929,0.4166187524795532,0.06567162640857453,0.4255256772041321,0.05640402588945114,0.45178436040878295,0.029642749920919014,0.42469571232795716,0.044662861853504716,0.8934264183044434,0.20251837241682352,312.71438077897767,149.86392073996566
california_housing,regression,traditional_field,Traditional neuron + Lambda-Psi,5a97e6821322,1,1,1,0.5,0.5,200,128,128,64,32,0.0001,0.0,0.003,5,5,5,1,0.2852229190658229,0.006781377143495143,,,,,0.2852229179644121,0.006781378102873009,0.5340327730065405,0.006316181536031344,53403.27730065405,631.6181536031331,0.36193332818964885,0.007342274807405093,36193.33281896489,734.2274807405105,0.7988285925448255,0.004782993551769484,0.28907329694245215,0.009744173729733654,,,,,0.28907329812197646,0.00974417439434485,0.5375954329578715,0.008975562991761579,53759.54329578714,897.5562991761569,0.36233320508816447,0.0075745503575966764,36233.32050881645,757.4550357596689,0.7763247942421062,0.007539714760082108,0.6920510411262513,0.04417320384760002,0.20376496613025666,0.07855774008988584,0.9419576048851013,0.019124587780762262,0.3911820948123932,0.054407110462938994,0.4830824851989746,0.03737836459762254,0.440102219581604,0.026915288510604384,0.41390310525894164,0.014955249758144346,0.9926669120788574,0.002173870101595689,386.5385549623985,11.197733034696132
california_housing,regression,traditional_field_relu,Traditional neuron + Lambda-Psi + ReLU,a0b05fc8e950,1,1,1,0.5,0.5,200,128,128,64,32,0.0001,0.0,0.0003,5,5,5,1,0.29978612190069154,0.004830661444191501,,,,,0.2997861189945056,0.004830660625802597,0.5475130882598999,0.004406980061893129,54751.308825989974,440.6980061893134,0.3762048742625602,0.002503067083497305,37620.487426256026,250.3067083497291,0.7885569787867681,0.0034071273233108467,0.3074091032955998,0.005614602724830537,,,,,0.30740910325318993,0.005614602388399283,0.5544264692513488,0.005048941308970978,55442.646925134875,504.8941308970976,0.3779991436316523,0.0029816941784933312,37799.91436316523,298.1694178493339,0.762137164280759,0.004344390687873436,0.4375753700733185,0.01079250661199624,0.42977759838104246,0.006600330218940545,0.4373018741607666,0.006249979089542116,0.44867055416107177,0.007706222142848087,0.4392859756946564,0.0013417710284784913,0.4408653974533081,0.0018037038024654793,0.4482633113861084,0.0020452756292885137,0.5277195811271668,0.012885774131322043,384.0136263389606,11.487269916837283
california_housing,regression,traditional_field_relu,Traditional neuron + Lambda-Psi + ReLU,a0b05fc8e950,1,1,1,0.5,0.5,200,128,128,64,32,0.0001,0.0,0.0005,5,5,5,1,0.28018922186637113,0.004805330245355377,,,,,0.2801892204423603,0.004805330648094811,0.5293135261182298,0.004529281213176037,52931.35261182297,452.9281213176046,0.36003842319744506,0.002255097584638835,36003.8423197445,225.50975846388403,0.8023789244131123,0.003389261762918109,0.28774451382400457,0.0021117423444146862,,,,,0.2877445146226413,0.00211174128829565,0.5364153493464346,0.001964563623237117,53641.53493464347,196.45636232371376,0.3605908390784333,0.0009803180410815626,36059.08390784333,98.03180410815719,0.7773529622692205,0.0016339944582763272,0.42681525349617006,0.009197267182336561,0.4127399265766144,0.008350546575001309,0.4325053930282593,0.0066599083608110225,0.43941622972488403,0.009678192928745943,0.4291478097438812,0.001029339402641296,0.4288779139518738,0.003368449962298496,0.43529261350631715,0.0018163535924248077,0.5125165820121765,0.020464517051778135,385.64966691895387,11.891478782445764
california_housing,regression,traditional_field_relu,Traditional neuron + Lambda-Psi + ReLU,a0b05fc8e950,1,1,1,0.5,0.5,200,128,128,64,32,0.0001,0.0,0.001,5,5,5,1,0.2663317043651906,0.0024177213790834346,,,,,0.26633170380122506,0.002417721758160849,0.5160691119295202,0.0023386731017243116,51606.91119295202,233.86731017243116,0.34809184567641843,0.0024777862413480722,34809.18456764184,247.77862413480878,0.8121528098583152,0.0017052503788805254,0.27625760782596676,0.00455171195788974,,,,,0.27625760490145035,0.004551712287748663,0.5255879793624278,0.0043128950790794,52558.79793624279,431.2895079079402,0.34993855519465694,0.004614861375755216,34993.855519465695,461.48613757552243,0.7862411470725279,0.0035219620391341673,0.41530832052230837,0.012383436979308186,0.42404271960258483,0.010274315201146337,0.4397117018699646,0.0075789389293121874,0.4230587065219879,0.01499623397049977,0.43154714703559877,0.00451654173498183,0.42360973358154297,0.003894710018538456,0.43529151678085326,0.00458203354349114,0.5109149098396302,0.03584730217566716,330.7867975781672,40.22061165635859
california_housing,regression,traditional_field_relu,Traditional neuron + Lambda-Psi + ReLU,a0b05fc8e950,1,1,1,0.5,0.5,200,128,128,64,32,0.0001,0.0,0.002,5,5,5,1,0.25856950019681174,0.003978935376805043,,,,,0.258569498187978,0.0039789371894841455,0.5084852561691291,0.003911912350944481,50848.525616912906,391.1912350944477,0.34171800737002095,0.0020420764981491477,34171.80073700209,204.2076498149152,0.8176275937197166,0.0028063957843813244,0.26802289920259814,0.0033105502712057378,,,,,0.2680228976481036,0.0033105509137659594,0.5177013968179204,0.0031940141040973694,51770.13968179205,319.40141040973714,0.3422051573735337,0.003413911190730614,34220.51573735337,341.3911190730614,0.7926128868742136,0.002561593068676065,0.4062842965126038,0.01629469833191778,0.4773988306522369,0.0033295214707374345,0.46524914503097536,0.015412606727497592,0.40942206382751467,0.023174952606822383,0.4563218057155609,0.009385261247688055,0.43089529871940613,0.008610372202254869,0.4573240041732788,0.010712371113813447,0.5013214945793152,0.0433786224780098,267.863704057131,49.86801713261677
california_housing,regression,traditional_field_relu,Traditional neuron + Lambda-Psi + ReLU,a0b05fc8e950,1,1,1,0.5,0.5,200,128,128,64,32,0.0001,0.0,0.003,5,5,5,1,0.25766172189583153,0.0034448047641449384,,,,,0.2576617226124889,0.0034448044381523773,0.5075948713794924,0.0033854766513518536,50759.48713794924,338.54766513518445,0.34087599160712817,0.0056318221331019755,34087.599160712816,563.1822133101971,0.8182678595562696,0.002429665056990287,0.263077172244242,0.00319136474378553,,,,,0.2630771730311735,0.0031913652813819493,0.5129029314760016,0.0031136623326737077,51290.29314760016,311.3662332673688,0.34054560045054716,0.005691042641673592,34054.56004505472,569.104264167359,0.7964397224155819,0.0024693712307543854,0.39256819486618044,0.021323389206890465,0.4998000144958496,0.014814999270508875,0.47870649099349977,0.03903885196382053,0.38700839281082156,0.018517449057514405,0.47452256083488464,0.006546298075368873,0.4377493321895599,0.00838912926180003,0.4753801882266998,0.009840543410088685,0.5158981561660767,0.02853011487758835,236.5979487862438,52.36850195790353
california_housing,regression,traditional_relu,Traditional neuron + ReLU,a3c9ff6fac65,0,1,1,0.5,0.5,200,128,128,64,32,0.0001,0.0,0.0003,5,5,5,1,0.265179981325948,0.0018805817866128535,,,,,0.2651799833799075,0.0018805818946733817,0.5149536977993565,0.001827738587908337,51495.369779935645,182.7738587908342,0.3494831457474204,0.0023440266482751366,34948.314574742035,234.402664827516,0.8129651331449743,0.001326398696451723,0.27704720432444135,0.003821335776761586,,,,,0.277047204434009,0.0038213351819756706,0.526342749113778,0.003625411935129972,52634.2749113778,362.54119351299903,0.35389086469401454,0.004523780614825722,35389.08646940145,452.37806148257175,0.78563018148332,0.0029568207740087588,,,,,,,,,,,,,,,,,187.51900891344994,31.317675819654774
california_housing,regression,traditional_relu,Traditional neuron + ReLU,a3c9ff6fac65,0,1,1,0.5,0.5,200,128,128,64,32,0.0001,0.0,0.0005,5,5,5,1,0.26358494855636777,0.0033761105196178647,,,,,0.26358494759526646,0.003376109834323925,0.5133968058103635,0.003291538200892558,51339.68058103636,329.1538200892543,0.34855927761441974,0.0035025125315343974,34855.92776144198,350.25125315343786,0.8140901324824317,0.00238121386577687,0.27455101262691406,0.004144917491553412,,,,,0.27455101293825923,0.004144918839645688,0.5239642645762119,0.003946895198850548,52396.4264576212,394.68951988505376,0.3524534380265562,0.005140216772818116,35245.343802655625,514.0216772818125,0.7875616505953074,0.0032071989365006093,,,,,,,,,,,,,,,,,142.4859594865702,25.503889855915684
california_housing,regression,traditional_relu,Traditional neuron + ReLU,a3c9ff6fac65,0,1,1,0.5,0.5,200,128,128,64,32,0.0001,0.0,0.001,5,5,5,1,0.2591459749742996,0.008449225877805883,,,,,0.2591459759426025,0.008449225162540623,0.5090099161441733,0.008282602965266592,50900.99161441733,828.2602965266599,0.3441060113901085,0.00866075749244953,34410.60113901085,866.0757492449552,0.8172209965146531,0.005959347621799662,0.2687914339146873,0.014319274819619057,,,,,0.26879143316858845,0.014319274172484471,0.5183066875995967,0.013675286017229178,51830.66875995968,1367.5286017229173,0.34668310629853677,0.011338000044779074,34668.31062985367,1133.8000044779087,0.7920182199098365,0.011079773253504325,,,,,,,,,,,,,,,,,123.42080452642404,40.61725811905482
california_housing,regression,traditional_relu,Traditional neuron + ReLU,a3c9ff6fac65,0,1,1,0.5,0.5,200,128,128,64,32,0.0001,0.0,0.002,5,5,5,1,0.258981361638668,0.00508060142495147,,,,,0.2589813622551998,0.005080602034521407,0.5088824539132097,0.005001294141242364,50888.245391320976,500.1294141242388,0.34441281914017924,0.005475382852939539,34441.28191401792,547.5382852939535,0.8173371006742258,0.0035834142266639793,0.2656427402829015,0.005780238249438688,,,,,0.2656427406916785,0.005780238261359884,0.515381086321945,0.005598722319678763,51538.108632194504,559.8722319678757,0.34404030084292325,0.005474277700227369,34404.030084292324,547.427770022737,0.7944545723582179,0.004472554161310938,,,,,,,,,,,,,,,,,103.99423971199431,28.621962600203336
california_housing,regression,traditional_relu,Traditional neuron + ReLU,a3c9ff6fac65,0,1,1,0.5,0.5,200,128,128,64,32,0.0001,0.0,0.003,5,5,5,1,0.254332073113715,0.002618196597506489,,,,,0.2543320725322916,0.0026181941791559335,0.504308118589664,0.0025966461168935744,50430.81185896639,259.6646116893555,0.3392830102451781,0.002602060731690282,33928.30102451781,260.20607316902885,0.8206163047574722,0.001846646166341584,0.2626863981864249,0.0058803685552071445,,,,,0.26268639763592183,0.005880368060399337,0.5125034183885069,0.00577102417435861,51250.3418388507,577.1024174358611,0.34138686679910085,0.0070889565327035865,34138.68667991009,708.8956532703585,0.7967420912870962,0.004550031235631329,,,,,,,,,,,,,,,,,107.61944545442239,9.990532758678826
california_housing,regression,traditional_relu_field,Traditional neuron + ReLU + Lambda-Psi,6221bec91165,1,1,1,0.5,0.5,200,128,128,64,32,0.0001,0.0,0.0003,5,5,5,1,0.30596866469050565,0.00608117753813925,,,,,0.30596866517992016,0.006081177188965563,0.5531225667138175,0.00548764200710832,55312.256671381765,548.7642007108323,0.38587910222510496,0.0036539003772471865,38587.910222510494,365.39003772471887,0.7841963491197943,0.004289132804682796,0.31963974865832073,0.004310802659356269,,,,,0.3196397483585591,0.004310803391973876,0.5653566842683875,0.003802616141206044,56535.66842683875,380.2616141206049,0.38761310542594324,0.003374679841162432,38761.31054259433,337.4679841162437,0.7526735020253095,0.0033355548296775867,0.422606498003006,0.0037291798729892664,0.39077633023262026,0.006071204066008364,0.32513145804405214,0.007209825553396399,0.5200383782386779,0.0064645225790476565,0.410572475194931,0.0021654925207242382,0.465509432554245,0.003977602226372454,0.4315961003303528,0.002035746083634696,0.3636874556541443,0.007986787963526244,381.166027136147,8.95493793351574
california_housing,regression,traditional_relu_field,Traditional neuron + ReLU + Lambda-Psi,6221bec91165,1,1,1,0.5,0.5,200,128,128,64,32,0.0001,0.0,0.0005,5,5,5,1,0.2828739514184553,0.0026786295371433863,,,,,0.2828739499699046,0.0026786290836462675,0.5318541810708297,0.002519932385422975,53185.41810708297,251.9932385422987,0.368065462316307,0.0024202733911180213,36806.5462316307,242.0273391117997,0.8004853500063043,0.001889271684944775,0.2986264259778252,0.0018505955408067696,,,,,0.2986264265128906,0.0018505968478177304,0.5464651177340298,0.0016961768862317447,54646.51177340299,169.6176886231743,0.3720543329668946,0.0024427273779716128,37205.43329668946,244.27273779716208,0.7689329044606859,0.0014319296642053504,0.40682215690612794,0.004732066437340642,0.373620742559433,0.00666993852333343,0.28312820196151733,0.0040211546253125716,0.5170035362243652,0.0098778603634026,0.3923332095146179,0.003490231877380049,0.46053059697151183,0.003742929374596232,0.4169130325317383,0.0012698711706178281,0.3423765003681183,0.008828934251557126,424.84127741642294,99.83912535383047
california_housing,regression,traditional_relu_field,Traditional neuron + ReLU + Lambda-Psi,6221bec91165,1,1,1,0.5,0.5,200,128,128,64,32,0.0001,0.0,0.001,5,5,5,1,0.2671418461919755,0.0027742722304594024,,,,,0.26714184611230507,0.002774274173495777,0.5168521207702473,0.0026766040991227525,51685.21207702473,267.66040991227567,0.35188351887198843,0.003074875870832703,35188.35188719884,307.48758708327074,0.8115814060240018,0.001956731401991729,0.2806368649467942,0.0030628011682614672,,,,,0.280636864172946,0.0030628009246899813,0.5297453789307498,0.002893456942463479,52974.53789307497,289.34569424634753,0.35721108887575626,0.0035021367588778845,35721.108887575625,350.2136758877871,0.7828526233832676,0.0023698924510710813,0.37363463044166567,0.008278272723965398,0.35052770376205444,0.008007967564142116,0.2480691283941269,0.0052318226954968464,0.5180002689361572,0.014668802015310187,0.3776126325130463,0.009462447706755823,0.4572242617607117,0.006255369462087485,0.4065083503723145,0.0036398427303387555,0.31708644032478334,0.014074328183535753,492.5773864822462,23.377722701416783
california_housing,regression,traditional_relu_field,Traditional neuron + ReLU + Lambda-Psi,6221bec91165,1,1,1,0.5,0.5,200,128,128,64,32,0.0001,0.0,0.002,5,5,5,1,0.2552179253840631,0.0043540898759394705,,,,,0.25521792538424654,0.0043540921029065925,0.5051764119987407,0.004289251730369433,50517.64119987407,428.9251730369441,0.342671935517312,0.0034801004917685446,34267.1935517312,348.0100491768545,0.8199915013009414,0.0030709973896293724,0.26739561622456987,0.0030767795894927077,,,,,0.26739561570290643,0.003076778619723501,0.5170962518054989,0.0029753301519459454,51709.6251805499,297.5330151945967,0.3448231138577757,0.0022710584936345953,34482.31138577757,227.10584936345975,0.7930982565678925,0.0023807079218632985,0.3171558976173401,0.010187399502736333,0.3188325107097626,0.009665389163448711,0.24223248958587645,0.00759281906820265,0.5154435336589813,0.01594195150272426,0.38700157403945923,0.016454534173942565,0.4582865357398987,0.0074769411454582305,0.41887624859809874,0.007253318124826563,0.2955604910850525,0.02721685295013984,463.38959069196136,91.86939355452917
california_housing,regression,traditional_relu_field,Traditional neuron + ReLU + Lambda-Psi,6221bec91165,1,1,1,0.5,0.5,200,128,128,64,32,0.0001,0.0,0.003,5,5,5,1,0.25293215307616446,0.004028671986884868,,,,,0.25293215475691067,0.004028670559078296,0.5029108130984175,0.00401073958255351,50291.08130984175,401.0739582553514,0.3399176939368941,0.004139288663034821,33991.76939368941,413.9288663034827,0.8216036848432129,0.002841473372220837,0.2655149731525155,0.003389411767554055,,,,,0.26551497284332304,0.0033894111534273626,0.5152730871093409,0.003282252300757706,51527.308710934085,328.2252300757703,0.34266128562130904,0.001729830958893049,34266.1285621309,172.9830958893041,0.7945534348265115,0.002622612472567628,0.2701462209224701,0.012584821424885425,0.2938924014568329,0.005781687845868343,0.2669029772281647,0.02018077085341469,0.5171498954296112,0.017563028101196497,0.41404288411140444,0.013953032463193996,0.46544612646102906,0.005282488628022269,0.44771860241889955,0.008222971184013841,0.3078452795743942,0.057693996717983836,400.2147395550739,122.23331809780743
cifar10,classification,aptx,APTx Neuron,36a611bb4a6b,0,1,1,0.5,0.5,100,64,384,256,192,0.0002,0.05,0.0003,5,5,5,1,15712.362094375,4008.5429084628104,34.872,0.72795604262895,82.8,0.5815496539419437,,,,,,,,,,,,,15739.74459203125,3628.2872726768373,34.724000000000004,0.953430647713823,83.076,0.6226796929401167,,,,,,,,,,,,,,,,,,,,,,,,,,,,,2003.7445724081713,322.1084469049217
cifar10,classification,aptx,APTx Neuron,36a611bb4a6b,0,1,1,0.5,0.5,100,64,384,256,192,0.0002,0.05,0.0005,5,5,5,1,22355.80946625,16863.94415535586,34.512,1.0068366302434557,81.48400000000001,1.3975263861551936,,,,,,,,,,,,,22273.6498171875,16365.073134591305,34.638,1.1075964969247591,81.644,1.110824018465571,,,,,,,,,,,,,,,,,,,,,,,,,,,,,1515.2513420214411,445.60933169608177
cifar10,classification,aptx,APTx Neuron,36a611bb4a6b,0,1,1,0.5,0.5,100,64,384,256,192,0.0002,0.05,0.001,5,5,5,1,22268.457163828127,23901.037825480213,35.932,3.2931322475722116,83.264,2.4473005536713335,,,,,,,,,,,,,22095.958498203127,23613.588174048233,35.61,2.999558300816972,83.59,2.2111196258909187,,,,,,,,,,,,,,,,,,,,,,,,,,,,,1538.8885281942319,917.1285878032252
cifar10,classification,aptx,APTx Neuron,36a611bb4a6b,0,1,1,0.5,0.5,100,64,384,256,192,0.0002,0.05,0.002,5,5,5,1,8134.62855078125,1984.0320659401534,35.980000000000004,0.6082762530298211,81.456,1.6169972170662468,,,,,,,,,,,,,8185.02359546875,2005.9300874874823,35.903999999999996,0.8152484283946815,81.86800000000001,2.1437397230074304,,,,,,,,,,,,,,,,,,,,,,,,,,,,,1391.2458625969477,176.34097808268768
cifar10,classification,aptx,APTx Neuron,36a611bb4a6b,0,1,1,0.5,0.5,100,64,384,256,192,0.0002,0.05,0.003,5,5,5,1,20533.680674921874,30827.354470665727,34.116,1.8305955315142668,81.05199999999999,3.239277697265238,,,,,,,,,,,,,20217.251470703122,30245.528712651674,34.378,2.1314009477336726,81.32000000000001,2.839260467093502,,,,,,,,,,,,,,,,,,,,,,,,,,,,,1335.6358167997562,565.9649731761154
cifar10,classification,aptx_field,APTx Neuron + Lambda-Psi,9e62c70c48b0,1,1,1,0.5,0.5,100,64,384,256,192,0.0002,0.05,0.0003,5,5,5,1,1.4301156895446776,0.005336682470706288,54.263999999999996,0.19616319736383186,93.696,0.263969695230344,,,,,,,,,,,,,1.4222183723068238,0.003674154131516384,54.386,0.2013206397764503,93.618,0.17181385275931452,,,,,,,,,,,,,0.8021419048309326,0.00152382687753884,0.7852285504341125,0.0018238928470694783,0.8211746931076049,0.0021671163111908367,0.800131642818451,0.001302451532298729,0.8508219122886658,0.0038140210021624385,0.8282909750938415,0.0037379319224828686,0.763959276676178,0.004212383622668844,0.7563680768013,0.010589699104805648,3843.3309135835616,185.74827299826333
cifar10,classification,aptx_field,APTx Neuron + Lambda-Psi,9e62c70c48b0,1,1,1,0.5,0.5,100,64,384,256,192,0.0002,0.05,0.0005,5,5,5,1,1.3614076135635376,0.010666489487682477,57.1,0.5667450926121892,94.62,0.25455844122716004,,,,,,,,,,,,,1.3597179796981813,0.005937178102140095,56.8,0.15247950681976938,94.576,0.27300183149568685,,,,,,,,,,,,,0.8245344519615173,0.0018090212071989783,0.7872129321098328,0.005842585819389764,0.8403395295143128,0.001380466640909486,0.8035897135734558,0.0028211160215874643,0.8733764886856079,0.0018735143155011588,0.8403413772583008,0.0034949239938732134,0.7443938732147217,0.00849001226488737,0.7228281974792481,0.01875095447565036,3834.813535518292,184.2030764080573
cifar10,classification,aptx_field,APTx Neuron + Lambda-Psi,9e62c70c48b0,1,1,1,0.5,0.5,100,64,384,256,192,0.0002,0.05,0.001,5,5,5,1,1.2966647129440307,0.007592633625158645,59.672000000000004,0.5147037983151086,95.144,0.23807561823924323,,,,,,,,,,,,,1.2926756010437013,0.003647531163907871,59.684000000000005,0.12837445228704758,95.322,0.1451550894732963,,,,,,,,,,,,,0.8768368482589721,0.001935487210350822,0.77796870470047,0.0037958170642918825,0.8764564514160156,0.0023622360915437784,0.7979395747184753,0.004275512324029871,0.8980639934539795,0.0013809980187902732,0.8363815665245056,0.0060979085355301185,0.7120485782623291,0.036566969324600136,0.6729051828384399,0.045578777321933606,3819.622191017354,237.17963787562078
cifar10,classification,aptx_field,APTx Neuron + Lambda-Psi,9e62c70c48b0,1,1,1,0.5,0.5,100,64,384,256,192,0.0002,0.05,0.002,5,5,5,1,1.25366195350647,0.007698267722696163,61.85999999999999,0.474973683481516,95.348,0.2086144769664863,,,,,,,,,,,,,1.2578285235214233,0.0033938512095886566,61.54600000000001,0.39834658276430635,95.75800000000001,0.14923136399564566,,,,,,,,,,,,,0.935339879989624,0.001087946929014222,0.7354249954223633,0.005643207185521772,0.9210638523101806,0.001109378395346403,0.7620350599288941,0.00819324482575946,0.9213244676589966,0.0030730471638220065,0.8025679469108582,0.0037491137438929963,0.7241347432136536,0.05272809424309853,0.5815101265907288,0.05354179345730246,3947.4464227904564,105.43551538976388
cifar10,classification,aptx_field,APTx Neuron + Lambda-Psi,9e62c70c48b0,1,1,1,0.5,0.5,100,64,384,256,192,0.0002,0.05,0.003,5,5,5,1,1.2464404880714417,0.0042397822632748786,62.251999999999995,0.2300434741521696,95.672,0.13461054936370906,,,,,,,,,,,,,1.2528273417282105,0.006573301110741332,61.91799999999999,0.22038602496528384,95.806,0.07469939758793066,,,,,,,,,,,,,0.9552284598350524,0.0009708849199852935,0.6983039617538452,0.007208708971769727,0.9457721710205078,0.002449831130287208,0.7450344920158386,0.005072454223917127,0.940323805809021,0.0016673836886077697,0.7823080778121948,0.004847009170262573,0.7573552131652832,0.014352722688257382,0.505805617570877,0.011119636878798692,3669.0438528214117,232.7829326815182
cifar10,classification,aptx_field_relu,APTx Neuron + Lambda-Psi + ReLU,300cf5264d1d,1,1,1,0.5,0.5,100,64,384,256,192,0.0002,0.05,0.0003,5,5,5,1,2.5032379059600833,0.19910181099100407,10.088,0.4592602747897972,50.224000000000004,1.1905796907389268,,,,,,,,,,,,,2.525173851852417,0.21621888816803084,10.324,0.7198819347643054,50.426,0.8402856657113721,,,,,,,,,,,,,0.5263751864433288,0.006780728883288549,0.5248533487319946,0.006730604763693775,0.5263128876686096,0.006936318993495975,0.5235207080841064,0.0067233691239449445,0.526588523387909,0.00685554045484482,0.5419881463050842,0.008893299905274767,0.5266319155693054,0.006874981498659336,0.5267662763595581,0.006936731737467777,657.7435150402132,21.48429953283218
cifar10,classification,aptx_field_relu,APTx Neuron + Lambda-Psi + ReLU,300cf5264d1d,1,1,1,0.5,0.5,100,64,384,256,192,0.0002,0.05,0.0005,5,5,5,1,2.321139518585205,0.012499407681316318,9.803999999999998,0.27835229476330886,49.344,0.4276447123489304,,,,,,,,,,,,,2.3239616899871827,0.013761350657525533,9.988,0.05495452665613603,49.97,0.07035623639735007,,,,,,,,,,,,,0.5296267509460449,0.007977636992894287,0.5270344376564026,0.007894533040830971,0.5296274900436402,0.008135377179957087,0.5250824928283692,0.007726389511568127,0.5298571467399598,0.007989676241511472,0.5486314773559571,0.011069007160180888,0.5299889802932739,0.008013697249554596,0.5302356243133545,0.008110759120484833,712.2986033987254,71.63174939150053
cifar10,classification,aptx_field_relu,APTx Neuron + Lambda-Psi + ReLU,300cf5264d1d,1,1,1,0.5,0.5,100,64,384,256,192,0.0002,0.05,0.001,5,5,5,1,2.3104479487609866,0.00523530067787633,9.844,0.3083504499753491,49.292,1.1687258018885367,,,,,,,,,,,,,2.3076054792785645,0.006612769756781426,9.984,0.031304951684997154,49.989999999999995,0.02915475947422314,,,,,,,,,,,,,0.5331778287887573,0.00684212559486809,0.5303973913192749,0.006324579742173491,0.5332176327705384,0.006943617068069452,0.5272876262664795,0.0063288237961425815,0.5333268523216248,0.0068167581176941765,0.5534904956817627,0.008558864855394184,0.5336331486701965,0.006678811452908897,0.5340683817863464,0.006649346548444411,712.1615458436311,86.84342847664603
cifar10,classification,aptx_field_relu,APTx Neuron + Lambda-Psi + ReLU,300cf5264d1d,1,1,1,0.5,0.5,100,64,384,256,192,0.0002,0.05,0.002,5,5,5,1,2.303293241653442,0.0010541226544958987,10.112,0.22742031571519722,49.556,0.8051583695149686,,,,,,,,,,,,,2.304656841888428,0.0030759710779042727,10.0,0.012247448713915629,49.988,0.021679483388678256,,,,,,,,,,,,,0.5405232667922973,0.006810551267781244,0.5369991660118103,0.010057766861170474,0.5410099983215332,0.006817480183992301,0.5391299843788147,0.02126819056597116,0.5363589763641358,0.01006781049723742,0.5673765063285827,0.014182505019448961,0.5575409650802612,0.015034467570103119,0.5719736099243165,0.02939986907641375,872.2595906959381,172.88683534758445
cifar10,classification,aptx_field_relu,APTx Neuron + Lambda-Psi + ReLU,300cf5264d1d,1,1,1,0.5,0.5,100,64,384,256,192,0.0002,0.05,0.003,5,5,5,1,2.302856702804566,0.000333027850372358,10.056000000000001,0.053665631459995394,49.512,0.6419657311726215,,,,,,,,,,,,,2.302724513244629,0.0003728100015874713,10.0,0.007071067811865324,50.001999999999995,0.010954451150101142,,,,,,,,,,,,,0.5474346995353698,0.009795638293447128,0.5432857871055603,0.005305973187717192,0.547531533241272,0.009806402589091734,0.5444422125816345,0.020294532837501166,0.5340257048606872,0.02873008752440123,0.5788883686065673,0.03324577561043191,0.5710476875305176,0.026181219803501188,0.5933614134788513,0.05146712219061413,848.3423190548085,156.1912468051286
cifar10,classification,aptx_relu,APTx Neuron + ReLU,dd91194222ab,0,1,1,0.5,0.5,100,64,384,256,192,0.0002,0.05,0.0003,5,5,5,1,1617.435983692627,1561.106264376417,23.884,1.3482878031043655,69.32,3.1486187447831813,,,,,,,,,,,,,1618.5496699987793,1553.5162361805558,23.732,1.0535985952913953,69.506,3.461030193453967,,,,,,,,,,,,,,,,,,,,,,,,,,,,,1449.4144902931992,889.9737637061635
cifar10,classification,aptx_relu,APTx Neuron + ReLU,dd91194222ab,0,1,1,0.5,0.5,100,64,384,256,192,0.0002,0.05,0.0005,5,5,5,1,1919.0840626965332,3292.571376314914,23.880000000000003,0.5934644049983114,70.688,2.349834036692806,,,,,,,,,,,,,1915.784721032715,3244.4431894120544,23.56,0.7686351540230242,70.684,2.4137791945412106,,,,,,,,,,,,,,,,,,,,,,,,,,,,,1055.333981234627,294.86961467502556
cifar10,classification,aptx_relu,APTx Neuron + ReLU,dd91194222ab,0,1,1,0.5,0.5,100,64,384,256,192,0.0002,0.05,0.001,5,5,5,1,1600.6096650476075,1384.1429730426933,22.352,1.6866297756176374,69.348,2.2918376905880624,,,,,,,,,,,,,1616.9068285516355,1403.0683217128706,22.872,1.5881970910438037,69.678,2.3591672259507184,,,,,,,,,,,,,,,,,,,,,,,,,,,,,847.1669662969653,262.69428541910514
cifar10,classification,aptx_relu,APTx Neuron + ReLU,dd91194222ab,0,1,1,0.5,0.5,100,64,384,256,192,0.0002,0.05,0.002,5,5,5,1,2006.0832255957034,1191.7917697526477,20.784,0.9448174426840351,69.636,2.0913823179897073,,,,,,,,,,,,,2015.115067578125,1183.4524764518121,20.944,1.3048294907764773,69.622,2.3658550251441812,,,,,,,,,,,,,,,,,,,,,,,,,,,,,655.055216658581,22.105706776526226
cifar10,classification,aptx_relu,APTx Neuron + ReLU,dd91194222ab,0,1,1,0.5,0.5,100,64,384,256,192,0.0002,0.05,0.003,5,5,5,1,1171.5244144140624,501.3130410338748,18.576,1.8013550455143477,64.04400000000001,5.568615626886095,,,,,,,,,,,,,1197.694848125,517.4410065178545,18.596,1.669769445163014,63.678,5.60800499286511,,,,,,,,,,,,,,,,,,,,,,,,,,,,,655.0342409061734,35.859668353451106
cifar10,classification,aptx_relu_field,APTx Neuron + ReLU + Lambda-Psi,df40296430fa,1,1,1,0.5,0.5,100,64,384,256,192,0.0002,0.05,0.0003,5,5,5,1,1.4573138585662841,0.007965382724145709,52.884,0.4570339155905149,92.768,0.19421637418096693,,,,,,,,,,,,,1.453639568977356,0.007211132306875306,52.736000000000004,0.3691612113968628,93.18199999999999,0.2989481560404712,,,,,,,,,,,,,0.7509788632392883,0.007475113929367614,0.7081618309020996,0.009327286480846025,0.7542177319526673,0.00906565474268284,0.6597562670707703,0.015143235540705504,0.7682966828346253,0.013570569589421976,0.6358565568923951,0.0162451339662645,0.7046102285385132,0.011038332360101714,0.707986342906952,0.006765569104426029,3907.9046352764126,193.54625676503676
cifar10,classification,aptx_relu_field,APTx Neuron + ReLU + Lambda-Psi,df40296430fa,1,1,1,0.5,0.5,100,64,384,256,192,0.0002,0.05,0.0005,5,5,5,1,1.4145432052230835,0.00773057701695522,54.408,0.4989188310737569,93.648,0.21844907873460886,,,,,,,,,,,,,1.408591926689148,0.011963981477135106,54.474000000000004,0.6772222677969175,93.872,0.06496152707564957,,,,,,,,,,,,,0.7873902440071106,0.007482652160930577,0.7033766388893128,0.008519252033639391,0.7831188917160035,0.00922130057996142,0.6401048421859741,0.007428547267847385,0.7978390574455261,0.014566525859798864,0.6352967858314514,0.016508262779931837,0.6988322019577027,0.009063157417965647,0.7089059352874756,0.006891661032349328,3651.5849007089623,336.12066140779746
cifar10,classification,aptx_relu_field,APTx Neuron + ReLU + Lambda-Psi,df40296430fa,1,1,1,0.5,0.5,100,64,384,256,192,0.0002,0.05,0.001,5,5,5,1,1.3764831052398683,0.01954515317770137,56.168000000000006,0.6564449710371786,94.072,0.36731457907358134,,,,,,,,,,,,,1.375814686279297,0.016487659302639773,55.758,0.8026954590627766,94.28,0.1870828693386984,,,,,,,,,,,,,0.8497448801994324,0.012870320590235913,0.6318916440010071,0.020690466765197927,0.8392879724502563,0.013254396025684487,0.5628246784210205,0.011766260618260046,0.8670149922370911,0.01053364980625503,0.6058033347129822,0.027619719185942037,0.6707959651947022,0.036922000597738036,0.6975297808647156,0.030622325299716775,3259.144779710611,491.89423581269233
cifar10,classification,aptx_relu_field,APTx Neuron + ReLU + Lambda-Psi,df40296430fa,1,1,1,0.5,0.5,100,64,384,256,192,0.0002,0.05,0.002,5,5,5,1,1.353600680885315,0.013563863329890876,56.884,0.7019116753552374,94.416,0.20513410247933164,,,,,,,,,,,,,1.3540379780578613,0.018953199913537177,56.574,0.9591558788851763,94.646,0.21431285542402756,,,,,,,,,,,,,0.890562915802002,0.011326852121690604,0.46958901882171633,0.06369567240842026,0.8807599306106567,0.02136750137066893,0.40282106399536133,0.060225872511150726,0.9350290656089782,0.0051344820342391516,0.5268929719924926,0.032925178635557696,0.5687875092029572,0.25111917607952033,0.6783841609954834,0.1766027734563305,3458.9489681300242,508.2841063948126
cifar10,classification,aptx_relu_field,APTx Neuron + ReLU + Lambda-Psi,df40296430fa,1,1,1,0.5,0.5,100,64,384,256,192,0.0002,0.05,0.003,5,5,5,1,1.3499413738632202,0.009183372431448317,56.908,0.7497466238670201,94.444,0.28192197502145777,,,,,,,,,,,,,1.3554688780593873,0.009386733690961836,56.598,0.44835253986121365,94.462,0.14131525041551832,,,,,,,,,,,,,0.8974474549293519,0.008670358115840928,0.2229430243372917,0.09911070128022562,0.9194999814033509,0.022499209946524566,0.26830522119998934,0.03893411822150611,0.9684118032455444,0.0026572781221024197,0.5442263960838318,0.029849072525020368,0.8019343852996826,0.0414557641666955,0.45421565175056455,0.04465195785986427,3891.8717190586494,174.43867486406947
cifar10,classification,traditional,Traditional neuron,f2170fde6e29,0,1,1,0.5,0.5,100,64,384,256,192,0.0002,0.05,0.0003,5,5,5,1,1.8484939828491211,0.014728487970419696,39.628,0.7537373547861339,84.78399999999999,0.5645174930859101,,,,,,,,,,,,,1.8368820354461668,0.013665415860537348,38.55,0.7852388171760218,85.152,0.3712411615109515,,,,,,,,,,,,,,,,,,,,,,,,,,,,,353.90924021438695,157.11650891600036
cifar10,classification,traditional,Traditional neuron,f2170fde6e29,0,1,1,0.5,0.5,100,64,384,256,192,0.0002,0.05,0.0005,5,5,5,1,1.841482282447815,0.003979399581638963,39.971999999999994,0.19728152473052205,84.896,0.1829754081837205,,,,,,,,,,,,,1.8293348180770874,0.0025079219107844416,39.00600000000001,0.14449913494550745,85.22200000000001,0.1773978579352069,,,,,,,,,,,,,,,,,,,,,,,,,,,,,418.99714245316574,80.86428760371577
cifar10,classification,traditional,Traditional neuron,f2170fde6e29,0,1,1,0.5,0.5,100,64,384,256,192,0.0002,0.05,0.001,5,5,5,1,1.8427176389694213,0.006663077641636528,39.944,0.448419446500705,85.064,0.18077610461562688,,,,,,,,,,,,,1.8306545767593385,0.0076423297061737495,38.942,0.3425930530527433,85.274,0.1782694589659146,,,,,,,,,,,,,,,,,,,,,,,,,,,,,425.2131849822123,102.23456822570188
cifar10,classification,traditional,Traditional neuron,f2170fde6e29,0,1,1,0.5,0.5,100,64,384,256,192,0.0002,0.05,0.002,5,5,5,1,1.8616970935821535,0.031873283097361094,38.884,1.8579235721632903,84.45599999999999,1.1043006836908082,,,,,,,,,,,,,1.8501965984344484,0.03247991868542984,37.512,2.1869316404496946,84.75800000000001,0.9540807093742127,,,,,,,,,,,,,,,,,,,,,,,,,,,,,532.171880958369,222.68401539051442
cifar10,classification,traditional,Traditional neuron,f2170fde6e29,0,1,1,0.5,0.5,100,64,384,256,192,0.0002,0.05,0.003,5,5,5,1,1.9669507369995116,0.028619280718711188,32.803999999999995,0.9865495425978354,81.264,1.2862659134098149,,,,,,,,,,,,,1.9537729182815553,0.025817565230859558,32.486000000000004,0.8150950864776451,81.828,1.1446047352689057,,,,,,,,,,,,,,,,,,,,,,,,,,,,,129.5503729293123,26.98851091916277
cifar10,classification,traditional_field,Traditional neuron + Lambda-Psi,f85296624d2d,1,1,1,0.5,0.5,100,64,384,256,192,0.0002,0.05,0.0003,5,5,5,1,1.5757725763320924,0.021314415834490872,47.564,1.1996166054202502,90.596,0.3247768464653789,,,,,,,,,,,,,1.5736321331405638,0.022197752092499343,47.944,0.9263260764979047,90.674,0.6261229911127699,,,,,,,,,,,,,0.8884440660476685,0.007048064973576699,0.3751784086227417,0.013001350230329039,0.9232513785362244,0.007028444961691234,0.20005934834480285,0.005180809290401897,0.4849395275115967,0.00759666835069901,0.1621165692806244,0.001914650856844255,0.2786666214466095,0.005222153256826795,0.21989229321479797,0.00456175428958244,860.1746148554142,22.849072665382156
cifar10,classification,traditional_field,Traditional neuron + Lambda-Psi,f85296624d2d,1,1,1,0.5,0.5,100,64,384,256,192,0.0002,0.05,0.0005,5,5,5,1,1.4503725658798217,0.02105106368848859,53.096000000000004,1.0307667049337594,92.876,0.4269426190953491,,,,,,,,,,,,,1.4411008660888673,0.021881650302979932,52.970000000000006,0.8668333173107716,93.178,0.30865838721797223,,,,,,,,,,,,,0.9316802501678467,0.003348761168254416,0.45426716208457946,0.02176846240107989,0.988181185722351,0.0019477722780561557,0.20366640090942384,0.008364337215500896,0.5735063791275025,0.01561219432955692,0.13108774721622468,0.0068391881351777505,0.29284165501594545,0.013075287819984375,0.20650906562805177,0.009812310736013404,843.321459181467,9.531234694761878
cifar10,classification,traditional_field,Traditional neuron + Lambda-Psi,f85296624d2d,1,1,1,0.5,0.5,100,64,384,256,192,0.0002,0.05,0.001,5,5,5,1,1.404530249786377,0.006484742256787077,55.376,0.44975548912714985,93.63199999999999,0.16037456157384058,,,,,,,,,,,,,1.4021425537490846,0.005295190693798039,54.424,0.1809143443732411,94.006,0.1641036257978516,,,,,,,,,,,,,0.9743953943252563,0.0006111910773923938,0.624056613445282,0.007981810017736695,0.9990121364593506,0.00030628655809606466,0.21204739511013032,0.017929925964927904,0.8413099050521851,0.024537052979089403,0.11329691261053085,0.01509597259404747,0.36732941269874575,0.03505525665549982,0.2191404938697815,0.02851366005292984,803.0468365483918,49.74644502604231
cifar10,classification,traditional_field,Traditional neuron + Lambda-Psi,f85296624d2d,1,1,1,0.5,0.5,100,64,384,256,192,0.0002,0.05,0.002,5,5,5,1,1.4093821716690065,0.007569823130661159,55.124,0.3742726279064502,93.672,0.3783120405168188,,,,,,,,,,,,,1.4110899172973632,0.006386913172422187,54.672000000000004,0.397076818764327,93.74600000000001,0.2524480144505038,,,,,,,,,,,,,0.9835882902145385,0.0008108312472549767,0.8322793841362,0.004646548492586409,0.9960617780685425,0.0020100486312819446,0.07251053154468537,0.020535669439490284,0.9917447447776795,0.0012671101472976189,0.049137890338897705,0.005510598472287308,0.31308638453483584,0.020618293439861646,0.11545484960079193,0.01235327546343504,834.7566979628522,12.177502362477412
cifar10,classification,traditional_field,Traditional neuron + Lambda-Psi,f85296624d2d,1,1,1,0.5,0.5,100,64,384,256,192,0.0002,0.05,0.003,5,5,5,1,1.422337784538269,0.009217492236075184,54.56,0.42848570571256883,93.548,0.23477648945326898,,,,,,,,,,,,,1.4215840021896362,0.006284301809741405,54.025999999999996,0.32845090957401935,93.69800000000001,0.19382982226685475,,,,,,,,,,,,,0.9887256145477294,0.00021680517243583534,0.893534517288208,0.0033264444888218042,0.9967742562294006,0.0014216812639916028,0.23089643120765685,0.04455261207379374,0.9981069087982177,0.0007054601968339544,0.06397217661142349,0.022393017971752253,0.4185094952583313,0.01654182071661641,0.1540580928325653,0.01741625917226485,797.25203434648,35.13326333302204
cifar10,classification,traditional_field_relu,Traditional neuron + Lambda-Psi + ReLU,62159fe3b2b2,1,1,1,0.5,0.5,100,64,384,256,192,0.0002,0.05,0.0003,5,5,5,1,1.3559044847297668,0.00846333158275925,57.26800000000001,0.54048126702042,94.184,0.21559220765138973,,,,,,,,,,,,,1.3587232929611206,0.009618050119670827,57.234,0.5448210715455127,94.05999999999999,0.1839836949297455,,,,,,,,,,,,,0.2761226654052734,0.018776424682073106,0.3584607720375061,0.010470565814352526,0.3284234642982483,0.019506412276426997,0.32090781927108764,0.012177142561266169,0.35111659169197085,0.01367733386269797,0.27682154178619384,0.015913067173823646,0.36363551020622253,0.008959470802382467,0.303435480594635,0.016045674826922596,726.3448639198207,134.04820925988113
cifar10,classification,traditional_field_relu,Traditional neuron + Lambda-Psi + ReLU,62159fe3b2b2,1,1,1,0.5,0.5,100,64,384,256,192,0.0002,0.05,0.0005,5,5,5,1,1.3807914363098146,0.0087484395553263,56.955999999999996,0.5175712511336047,93.632,0.3183080269173149,,,,,,,,,,,,,1.3786496138381958,0.007848532703684916,56.65599999999999,0.48107172022475053,93.846,0.2508585258666736,,,,,,,,,,,,,0.3015738010406494,0.022343483923505048,0.40828993916511536,0.013978547373344134,0.37403942346572877,0.024131442112926334,0.37003573775291443,0.010187221242074787,0.4134039759635925,0.02392414272258187,0.2965321481227875,0.012541745556145751,0.4072595536708832,0.004538347617413025,0.3010436654090881,0.015578494623044888,675.1636100502685,114.32088068666373
cifar10,classification,traditional_field_relu,Traditional neuron + Lambda-Psi + ReLU,62159fe3b2b2,1,1,1,0.5,0.5,100,64,384,256,192,0.0002,0.05,0.001,5,5,5,1,1.405219249420166,0.010925238730944952,57.15599999999999,0.45812662005170657,93.584,0.1856879102149661,,,,,,,,,,,,,1.4135574391555785,0.01567831107216645,56.476,0.6229205406791459,93.464,0.30996774025695184,,,,,,,,,,,,,0.45718395709991455,0.020034772238947958,0.5181877374649048,0.006767999542180647,0.5651966571807862,0.013665656174270471,0.46285670399665835,0.002879840490285593,0.5535427212715149,0.019060027982663763,0.32484646439552306,0.017098693567332957,0.5020524024963379,0.009740134158805537,0.2777863919734955,0.014322393366324264,738.5136643987149,122.37280091537608
cifar10,classification,traditional_field_relu,Traditional neuron + Lambda-Psi + ReLU,62159fe3b2b2,1,1,1,0.5,0.5,100,64,384,256,192,0.0002,0.05,0.002,5,5,5,1,1.3998845709991454,0.010164045606921263,56.8,0.614491659829486,93.664,0.3050901506112558,,,,,,,,,,,,,1.4056391394042969,0.008624647754686375,56.532000000000004,0.9650751266093233,93.624,0.36902574435939084,,,,,,,,,,,,,0.7249509453773498,0.0057994046910640135,0.595052433013916,0.0052394095917187525,0.8184994578361511,0.008607321153156128,0.5094652533531189,0.005558336343962033,0.7136188268661499,0.023212922283491682,0.3533549666404724,0.04115594911460039,0.5567176222801209,0.01641742754874562,0.26389471292495725,0.027266032650256507,672.0023461760953,142.5444981564877
cifar10,classification,traditional_field_relu,Traditional neuron + Lambda-Psi + ReLU,62159fe3b2b2,1,1,1,0.5,0.5,100,64,384,256,192,0.0002,0.05,0.003,5,5,5,1,1.383696822795868,0.013215158687132989,57.6,0.5737595315112431,93.796,0.13667479650616216,,,,,,,,,,,,,1.38886782705307,0.009079960054898611,57.105999999999995,0.3208270562156504,93.864,0.3350074626034449,,,,,,,,,,,,,0.8224804043769837,0.004539184913119216,0.6043480634689331,0.009102706685271819,0.903446614742279,0.0020575943250815804,0.46413110494613646,0.015006049370191085,0.7576544880867004,0.018552847681801304,0.3766848981380463,0.011035488083937431,0.6042000532150269,0.007195044104735815,0.2661072790622711,0.010917601617633768,749.1795941144228,80.38108735133319
cifar10,classification,traditional_relu,Traditional neuron + ReLU,cb6cc43ea725,0,1,1,0.5,0.5,100,64,384,256,192,0.0002,0.05,0.0003,5,5,5,1,1.4047105685424806,0.00747336552334646,56.916,0.3305752561823083,93.476,0.3350820794969475,,,,,,,,,,,,,1.406944506187439,0.0075553340205676296,56.403999999999996,0.48075981529241874,93.152,0.1263724653553931,,,,,,,,,,,,,,,,,,,,,,,,,,,,,536.0323794791475,120.02715479569727
cifar10,classification,traditional_relu,Traditional neuron + ReLU,cb6cc43ea725,0,1,1,0.5,0.5,100,64,384,256,192,0.0002,0.05,0.0005,5,5,5,1,1.442495735759735,0.0010350541342381788,56.288,0.5193457422565425,92.704,0.2681044572550061,,,,,,,,,,,,,1.4439274392700194,0.005979898845604208,55.83,0.5724508712544669,92.69,0.2186321110907503,,,,,,,,,,,,,,,,,,,,,,,,,,,,,568.9628868813627,162.5448107260929
cifar10,classification,traditional_relu,Traditional neuron + ReLU,cb6cc43ea725,0,1,1,0.5,0.5,100,64,384,256,192,0.0002,0.05,0.001,5,5,5,1,1.420105336933136,0.009723716448801052,56.04,0.1760681686165932,93.14,0.0836660026534045,,,,,,,,,,,,,1.4258239568328857,0.006420930937345475,55.634,0.46763233421139955,93.14000000000001,0.19735754355990748,,,,,,,,,,,,,,,,,,,,,,,,,,,,,527.5895674693863,10.876046701753815
cifar10,classification,traditional_relu,Traditional neuron + ReLU,cb6cc43ea725,0,1,1,0.5,0.5,100,64,384,256,192,0.0002,0.05,0.002,5,5,5,1,1.4236844146728516,0.00226988493731679,54.836,0.2790698837209051,93.148,0.262906827602478,,,,,,,,,,,,,1.4172318356704712,0.0038842185089049686,54.89399999999999,0.383835902437485,93.312,0.09549869109050603,,,,,,,,,,,,,,,,,,,,,,,,,,,,,506.56687598763966,3.711244538992533
cifar10,classification,traditional_relu,Traditional neuron + ReLU,cb6cc43ea725,0,1,1,0.5,0.5,100,64,384,256,192,0.0002,0.05,0.003,5,5,5,1,1.4492031162643433,0.008966511360288794,53.564,0.7254515834981672,92.524,0.42764471234892903,,,,,,,,,,,,,1.4469989490890502,0.007999071845232244,53.48,0.39338276525541804,92.576,0.37666961650762737,,,,,,,,,,,,,,,,,,,,,,,,,,,,,513.1252922975924,6.246279557896158
cifar10,classification,traditional_relu_field,Traditional neuron + ReLU + Lambda-Psi,6f89bdf24358,1,1,1,0.5,0.5,100,64,384,256,192,0.0002,0.05,0.0003,5,5,5,1,1.3762152038574218,0.004894246997194054,56.132000000000005,0.33929338337196796,94.024,0.41119338516080783,,,,,,,,,,,,,1.3798878042602538,0.005925946400903646,55.834,0.5287532505810275,93.92,0.20651876428063215,,,,,,,,,,,,,0.27148038148880005,0.012371211263238426,0.25771531760692595,0.02074355424314492,0.3165204107761383,0.014009069915891993,0.2106282502412796,0.011714865383068339,0.3164345383644104,0.010680074342975852,0.2733543157577515,0.008747208865860565,0.39025192260742186,0.00594144906455532,0.313888418674469,0.009010036358428253,776.2265902027954,111.21491254270106
cifar10,classification,traditional_relu_field,Traditional neuron + ReLU + Lambda-Psi,6f89bdf24358,1,1,1,0.5,0.5,100,64,384,256,192,0.0002,0.05,0.0005,5,5,5,1,1.381512720718384,0.0071325894062311155,56.26800000000001,0.3272919186292243,93.712,0.16769019053003129,,,,,,,,,,,,,1.3864833575820923,0.006996985696785357,55.69199999999999,0.477462040375984,93.926,0.2510577622779268,,,,,,,,,,,,,0.2980338394641876,0.01554563530560962,0.1873216450214386,0.017575903071834945,0.3850784063339233,0.014642588417235924,0.19148897528648376,0.013289467592916715,0.3726349353790283,0.011859448408333537,0.27003371715545654,0.012061042207087045,0.4929258704185486,0.004825652402976368,0.3704379916191101,0.007776487099908429,642.3151377347764,117.04131658278877
cifar10,classification,traditional_relu_field,Traditional neuron + ReLU + Lambda-Psi,6f89bdf24358,1,1,1,0.5,0.5,100,64,384,256,192,0.0002,0.05,0.001,5,5,5,1,1.368483098487854,0.01821558959130101,56.852,0.8717339043538471,93.772,0.24762875438850254,,,,,,,,,,,,,1.3727180447006226,0.01440484066921643,56.272000000000006,1.0690042095333367,93.974,0.24275502054540574,,,,,,,,,,,,,0.4102471053600311,0.016820775037396343,0.09042832553386689,0.008992848483336967,0.6130733489990234,0.004455684150619257,0.13299450427293777,0.011532316646747696,0.5091107904911041,0.016711212235739202,0.25558193027973175,0.01115972791298716,0.6565626859664917,0.008244970726111972,0.4401881694793701,0.014989044311047986,731.6594941157848,148.82377858352913
cifar10,classification,traditional_relu_field,Traditional neuron + ReLU + Lambda-Psi,6f89bdf24358,1,1,1,0.5,0.5,100,64,384,256,192,0.0002,0.05,0.002,5,5,5,1,1.3477520800971985,0.01551138600674273,57.488,0.5918783658827256,94.276,0.28579713084634084,,,,,,,,,,,,,1.3451609825134276,0.008953798327016272,57.556,0.37085037414029837,94.67999999999999,0.12649110640673614,,,,,,,,,,,,,0.6087278366088867,0.01562554399288315,0.02527816779911518,0.00526423616994674,0.8226643204689026,0.012918624500912317,0.06970192715525628,0.01323813871925548,0.7077926397323608,0.015282162912056063,0.2325720340013504,0.012410619671626318,0.785722804069519,0.005233020043189241,0.39901367425918577,0.01200696436488253,829.1659320409875,23.14838272569502
cifar10,classification,traditional_relu_field,Traditional neuron + ReLU + Lambda-Psi,6f89bdf24358,1,1,1,0.5,0.5,100,64,384,256,192,0.0002,0.05,0.003,5,5,5,1,1.3511145680999754,0.015518550592119852,57.160000000000004,0.7630203142774098,94.272,0.2961756235749323,,,,,,,,,,,,,1.3525840403747558,0.008547789381182284,56.91600000000001,0.4238277952187676,94.5,0.08860022573334837,,,,,,,,,,,,,0.707962429523468,0.02436161259230436,0.01044750576838851,0.00362951510464624,0.8747331500053406,0.015552394883037925,0.04784457683563233,0.012602629112504706,0.77933189868927,0.01823758107350239,0.21495663225650788,0.017520745390705923,0.851285707950592,0.00845387837553851,0.37445603013038636,0.010355967743370678,851.7018432069569,1.9189431208722345
cifar100,classification,aptx,APTx Neuron,451f3a25362f,0,1,1,0.5,0.5,100,64,384,256,192,0.0001,0.0,0.0003,5,5,5,1,24687.77355375,4039.795128136889,11.736,0.4082646200688957,29.860000000000003,0.7322567855609129,,,,,,,,,,,,,25165.414756874998,3818.7671193963793,11.396,0.10310189135025614,29.508,0.3392196928245776,,,,,,,,,,,,,,,,,,,,,,,,,,,,,808.8304167860188,89.34354299315149
cifar100,classification,aptx,APTx Neuron,451f3a25362f,0,1,1,0.5,0.5,100,64,384,256,192,0.0001,0.0,0.0005,5,5,5,1,5139.42973078125,1765.733839372515,13.148000000000001,0.4666047577982885,31.612000000000002,0.7785370896752463,,,,,,,,,,,,,5284.31132109375,1799.6469650794565,12.361999999999998,0.3101128826733905,30.644,0.32191613814780984,,,,,,,,,,,,,,,,,,,,,,,,,,,,,809.4450869334396,89.96915850252356
cifar100,classification,aptx,APTx Neuron,451f3a25362f,0,1,1,0.5,0.5,100,64,384,256,192,0.0001,0.0,0.001,5,5,5,1,1874.733407651367,2721.9625602290885,13.216,1.6920047281257822,31.244,2.955144666509576,,,,,,,,,,,,,1932.5946861816406,2807.7884944315592,12.592,1.8118554026190938,30.407999999999998,3.1336033571592945,,,,,,,,,,,,,,,,,,,,,,,,,,,,,1108.7506727109198,542.5386408152765
cifar100,classification,aptx,APTx Neuron,451f3a25362f,0,1,1,0.5,0.5,100,64,384,256,192,0.0001,0.0,0.002,5,5,5,1,12287.58619126953,9635.153122756767,9.251999999999999,0.22917242417009975,24.176,0.9191735418298322,,,,,,,,,,,,,12544.087376250001,9797.085545866208,8.692,0.15674820573135742,23.528,1.2649584973428971,,,,,,,,,,,,,,,,,,,,,,,,,,,,,349.4067205176223,119.57441908426833
cifar100,classification,aptx,APTx Neuron,451f3a25362f,0,1,1,0.5,0.5,100,64,384,256,192,0.0001,0.0,0.003,5,5,5,1,19713.15463328125,11130.412852612151,8.448,0.41487347468836744,22.924,0.9680289251876725,,,,,,,,,,,,,20325.9854071875,11558.77330109672,7.912000000000001,0.6082515926818441,22.586000000000002,0.9254620467636689,,,,,,,,,,,,,,,,,,,,,,,,,,,,,252.14162246859632,19.37553622303157
cifar100,classification,aptx_field,APTx Neuron + Lambda-Psi,95a9f79bda3a,1,1,1,0.5,0.5,100,64,384,256,192,0.0001,0.0,0.0003,5,5,5,1,3.1055700383758547,0.016800906825357047,25.476,0.4111933851608027,52.972,0.5476495229615373,,,,,,,,,,,,,3.133535217819214,0.017826001576923704,25.662,0.5448577796085863,52.544000000000004,0.3768686773930641,,,,,,,,,,,,,0.823778510093689,0.0019263495147230384,0.8071864128112793,0.0024668779382714828,0.8318300366401672,0.002301250710527105,0.815123462677002,0.004036955563808501,0.8298401474952698,0.001973073814829747,0.8144605159759521,0.005194582890449089,0.749025559425354,0.0033024422406466854,0.752557635307312,0.0027136405610522323,1237.942447052989,327.9537057227618
cifar100,classification,aptx_field,APTx Neuron + Lambda-Psi,95a9f79bda3a,1,1,1,0.5,0.5,100,64,384,256,192,0.0001,0.0,0.0005,5,5,5,1,2.9747606098937984,0.015924286182289242,28.095999999999997,0.4055613393803718,56.66799999999999,0.33633316815324243,,,,,,,,,,,,,3.0116334238433837,0.011103881560863903,28.028,0.24803225596683998,55.872,0.2267597847943948,,,,,,,,,,,,,0.841539490222931,0.002106492186396855,0.8075156092643738,0.0029380194569258522,0.8439554810523987,0.0028298237298990275,0.8159935593605041,0.003909644858905284,0.8410866379737854,0.0033710131299846406,0.8146283507347107,0.00551952379461412,0.7247072577476501,0.0036639368329805517,0.7306789755821228,0.0023296638135072104,1109.9725157154257,6.502504083954937
cifar100,classification,aptx_field,APTx Neuron + Lambda-Psi,95a9f79bda3a,1,1,1,0.5,0.5,100,64,384,256,192,0.0001,0.0,0.001,5,5,5,1,2.8958046072387695,0.012958854369533744,29.936,0.33805325024321337,59.263999999999996,0.44077204993057495,,,,,,,,,,,,,2.9234628038787838,0.015743566168705793,30.419999999999998,0.6753147414354291,58.694,0.3723976369420214,,,,,,,,,,,,,0.8891843318939209,0.0023867121032292936,0.8018972754478455,0.001836480579601686,0.8715797424316406,0.0011767878749563139,0.8088018298149109,0.003664757472714613,0.8643249273300171,0.0025977175690683053,0.795601773262024,0.004550253463385431,0.6889225125312806,0.010091269596394342,0.6940463542938232,0.006802899660002238,1064.3515157676302,100.56649342184676
cifar100,classification,aptx_field,APTx Neuron + Lambda-Psi,95a9f79bda3a,1,1,1,0.5,0.5,100,64,384,256,192,0.0001,0.0,0.002,5,5,5,1,2.9019305167007445,0.02793051460813606,31.524,0.45440070422480605,60.088,0.6413423422790664,,,,,,,,,,,,,2.920027184829712,0.027390280624569757,31.746,0.7079053609063842,60.312,0.4542246140402349,,,,,,,,,,,,,0.9399664878845215,0.0022810670192212174,0.7849622011184693,0.004932247888979126,0.9096994280815125,0.0026112908062774468,0.7774202466011048,0.006668088714926421,0.8929148077964782,0.007664461554404176,0.769746208190918,0.004427566628574098,0.672733199596405,0.027543171271315083,0.6314821481704712,0.011337123576830055,1032.7727234143763,145.4471443784695
cifar100,classification,aptx_field,APTx Neuron + Lambda-Psi,95a9f79bda3a,1,1,1,0.5,0.5,100,64,384,256,192,0.0001,0.0,0.003,5,5,5,1,2.9514569542312623,0.03639667544215899,32.040000000000006,0.49457052075513114,60.488,0.5382564444574707,,,,,,,,,,,,,2.967690379562378,0.015567199739153948,32.326,0.26829088691194825,60.774,0.28474550040343155,,,,,,,,,,,,,0.962853467464447,0.0016044777949848724,0.7578169822692871,0.015301952244347739,0.9287136793136597,0.002680995124736343,0.7623218774795533,0.005362329088460883,0.9030293226242065,0.00566909545667341,0.7718515396118164,0.0086863754077067,0.7183661103248596,0.01571244590681031,0.5040967106819153,0.018225987912038676,1117.4476295662112,20.898941321659066
cifar100,classification,aptx_field_relu,APTx Neuron + Lambda-Psi + ReLU,203634884fc8,1,1,1,0.5,0.5,100,64,384,256,192,0.0001,0.0,0.0003,5,5,5,1,5.007747814178467,0.15453801586344912,0.944,0.04979959839195493,4.752,0.1480540441865739,,,,,,,,,,,,,4.99287412902832,0.15042859467011752,1.008,0.014832396974191305,5.014,0.035071355833500226,,,,,,,,,,,,,0.5160480856895446,0.004640430657772351,0.5134893178939819,0.0034072177908420717,0.5159750580787659,0.004692849004838009,0.5162734270095826,0.012505836224402711,0.5153093099594116,0.0030383080120570936,0.5248185992240906,0.0029616734471479738,0.5163702368736267,0.004964967430036631,0.5164979219436645,0.005153784543212934,234.20624067881144,3.814621897540202
cifar100,classification,aptx_field_relu,APTx Neuron + Lambda-Psi + ReLU,203634884fc8,1,1,1,0.5,0.5,100,64,384,256,192,0.0001,0.0,0.0005,5,5,5,1,4.782482823486328,0.1303876238720944,0.916,0.10237187113655782,4.496,0.25314027731674793,,,,,,,,,,,,,4.771325299987793,0.0977574472181623,1.012,0.013038404810405309,5.032,0.05540758070878022,,,,,,,,,,,,,0.5185621857643128,0.005597942361440003,0.5164328813552856,0.005466937928306603,0.5185818910598755,0.005707789059079187,0.5146209001541138,0.005169613041226806,0.5186918020248413,0.00563780154052189,0.5294865965843201,0.006659748486730535,0.518845283985138,0.005720659710603806,0.5189240574836731,0.00575128056233985,236.73605324039235,5.456062542566279
cifar100,classification,aptx_field_relu,APTx Neuron + Lambda-Psi + ReLU,203634884fc8,1,1,1,0.5,0.5,100,64,384,256,192,0.0001,0.0,0.001,5,5,5,1,4.635329656066895,0.02332481993820088,0.836,0.06841052550594828,4.351999999999999,0.32453043000618603,,,,,,,,,,,,,4.63870708694458,0.018141150858847276,1.0,0.0,5.0,0.012247448713915992,,,,,,,,,,,,,0.522612702846527,0.006447806816259566,0.5186405181884766,0.004989341343186223,0.5225343465805053,0.006396295996089408,0.5222964882850647,0.016169883343846003,0.5170459866523742,0.009667560961575401,0.5350904703140259,0.009321066109308024,0.5245160222053528,0.00913325708316585,0.5258324027061463,0.011343319024287344,243.12912501399404,11.73807905701783
cifar100,classification,aptx_field_relu,APTx Neuron + Lambda-Psi + ReLU,203634884fc8,1,1,1,0.5,0.5,100,64,384,256,192,0.0001,0.0,0.002,5,5,5,1,4.633884636993408,0.04903344681251076,0.8160000000000001,0.04335896677735758,4.356,0.2896204412675321,,,,,,,,,,,,,4.630091168212891,0.039488063193024586,1.002,0.004472135954999583,4.996,0.013416407864998717,,,,,,,,,,,,,0.5289209961891175,0.007483039954395642,0.5242223143577576,0.00557155601876293,0.528864073753357,0.007453273416792501,0.5268862962722778,0.017214011592415826,0.5238405585289001,0.008679876093595896,0.5403920531272888,0.009395974567529603,0.5307052493095398,0.008913209790727983,0.5319941520690918,0.010068681517400242,234.02027224861087,2.6561479198327262
cifar100,classification,aptx_field_relu,APTx Neuron + Lambda-Psi + ReLU,203634884fc8,1,1,1,0.5,0.5,100,64,384,256,192,0.0001,0.0,0.003,5,5,5,1,4.61067602432251,0.005208930181904129,0.8,0.04242640687119285,4.144,0.2654806960967218,,,,,,,,,,,,,4.611931601257324,0.002469289381328691,1.002,0.004472135954999583,4.998,0.008366600265340578,,,,,,,,,,,,,0.5329252123832703,0.006956930001619936,0.5260228753089905,0.007520521263727336,0.5326536774635315,0.006942189901040145,0.5283939361572265,0.014732591293679747,0.5202496349811554,0.02729358235383365,0.5487073302268982,0.014473524128373993,0.5368640184402466,0.00918136294579109,0.5398859977722168,0.011837822390192914,236.40543628064916,3.8508368407732734
cifar100,classification,aptx_relu,APTx Neuron + ReLU,5788e07d002b,0,1,1,0.5,0.5,100,64,384,256,192,0.0001,0.0,0.0003,5,5,5,1,1386.3164407264708,1010.6132905585961,1.048,0.09654014708917735,4.964,0.1596245595138795,,,,,,,,,,,,,1285.8819314488221,941.3049764028394,0.9880000000000001,0.039623225512317936,4.95,0.10148891565092204,,,,,,,,,,,,,,,,,,,,,,,,,,,,,186.37689964026214,4.627267421301874
cifar100,classification,aptx_relu,APTx Neuron + ReLU,5788e07d002b,0,1,1,0.5,0.5,100,64,384,256,192,0.0001,0.0,0.0005,5,5,5,1,455.38271511489864,178.43477904365355,1.1,0.07999999999999996,4.9079999999999995,0.23349518196314026,,,,,,,,,,,,,436.84100870254514,160.0864779281418,0.9960000000000001,0.027018512172212617,5.023999999999999,0.07797435475847207,,,,,,,,,,,,,,,,,,,,,,,,,,,,,184.78626590422354,3.0851968733671136
cifar100,classification,aptx_relu,APTx Neuron + ReLU,5788e07d002b,0,1,1,0.5,0.5,100,64,384,256,192,0.0001,0.0,0.001,5,5,5,1,99.24371446105957,83.49056790514292,0.868,0.05403702434442518,4.336,0.4362109581383758,,,,,,,,,,,,,92.81312516006469,70.36209774207718,0.9960000000000001,0.005477225575051605,4.996,0.06503845016603635,,,,,,,,,,,,,,,,,,,,,,,,,,,,,220.12744109039195,57.58950193401685
cifar100,classification,aptx_relu,APTx Neuron + ReLU,5788e07d002b,0,1,1,0.5,0.5,100,64,384,256,192,0.0001,0.0,0.002,5,5,5,1,92.32207228775025,78.64014647773054,0.916,0.08294576541331092,4.3759999999999994,0.35927705186944514,,,,,,,,,,,,,84.01833774612427,79.54885288357055,0.9960000000000001,0.016733200530681527,4.997999999999999,0.025884358211089344,,,,,,,,,,,,,,,,,,,,,,,,,,,,,200.468812847184,24.10887584880236
cifar100,classification,aptx_relu,APTx Neuron + ReLU,5788e07d002b,0,1,1,0.5,0.5,100,64,384,256,192,0.0001,0.0,0.003,5,5,5,1,18.770042661132813,27.61401323811177,1.012,0.0672309452558865,4.292,0.09011104260855034,,,,,,,,,,,,,15.84369010848999,22.790924900012765,1.004,0.008944271909999166,5.012,0.0268328157299973,,,,,,,,,,,,,,,,,,,,,,,,,,,,,311.8437658774201,107.71085475147461
cifar100,classification,aptx_relu_field,APTx Neuron + ReLU + Lambda-Psi,4809c0be52c8,1,1,1,0.5,0.5,100,64,384,256,192,0.0001,0.0,0.0003,5,5,5,1,5.190312386322022,0.6245669652694689,1.044,0.07127411872482187,4.7,0.19339079605813742,,,,,,,,,,,,,5.185000236816406,0.6049642504307725,1.024,0.04335896677735754,5.036,0.11104053313993056,,,,,,,,,,,,,0.5246058464050293,0.006996652083910555,0.5353029727935791,0.00960267450696015,0.5243173956871032,0.006641501327998273,0.5357701182365417,0.00561508331602124,0.5207394123077392,0.008880987052188543,0.53281729221344,0.004903561999518026,0.527170467376709,0.0056508982950147345,0.5286564469337464,0.005189511005180265,240.96273153335787,12.057329339821239
cifar100,classification,aptx_relu_field,APTx Neuron + ReLU + Lambda-Psi,4809c0be52c8,1,1,1,0.5,0.5,100,64,384,256,192,0.0001,0.0,0.0005,5,5,5,1,4.648788914031982,0.06259308185355995,1.012,0.05585696017507581,4.5280000000000005,0.08555699854482982,,,,,,,,,,,,,4.644416957855225,0.046418932372711406,0.9960000000000001,0.008944271909999166,4.996,0.018165902124585173,,,,,,,,,,,,,0.5285284161567688,0.009541517387438952,0.5440640926361084,0.017225600405654032,0.5273756265640259,0.007355027573978311,0.5430653333663941,0.00845648761574064,0.5138654768466949,0.014286651956647828,0.5509632229804993,0.013075293880442845,0.538768208026886,0.010170117103002717,0.5453872561454773,0.012298602886857826,268.35883567584676,24.412814121315538
cifar100,classification,aptx_relu_field,APTx Neuron + ReLU + Lambda-Psi,4809c0be52c8,1,1,1,0.5,0.5,100,64,384,256,192,0.0001,0.0,0.001,5,5,5,1,4.629085875091553,0.022220535804693024,1.076,0.06693280212272601,4.811999999999999,0.197281524730523,,,,,,,,,,,,,4.629207981109619,0.021735321786145373,1.002,0.004472135954999583,4.992,0.01643167672515509,,,,,,,,,,,,,0.5331592679023742,0.009402167147613346,0.5445087194442749,0.01094094130541265,0.5332542300224304,0.009724609683558835,0.5500423431396484,0.014296437500498782,0.5075174272060394,0.010187270905956131,0.5673411130905152,0.02964077739213009,0.5494473934173584,0.019216179185453715,0.560761821269989,0.027764695047885014,253.2834181845188,17.745401509652098
cifar100,classification,aptx_relu_field,APTx Neuron + ReLU + Lambda-Psi,4809c0be52c8,1,1,1,0.5,0.5,100,64,384,256,192,0.0001,0.0,0.002,5,5,5,1,4.633903190307618,0.031907571480529216,1.084,0.08294576541331088,4.872,0.10825894882179482,,,,,,,,,,,,,4.633517873687744,0.01808540067124667,1.0,0.007071067811865442,5.008,0.004472135954999484,,,,,,,,,,,,,0.5412864923477173,0.010662481659372048,0.5544172644615173,0.01733612172729485,0.5404467463493348,0.009528126122471753,0.5559398531913757,0.009110330317184993,0.5009541153907776,0.024261606003235077,0.5953790783882141,0.021842614851714136,0.5689124941825867,0.01234799292396057,0.5871103763580322,0.019523297005432434,241.60075381980278,4.983072361432435
cifar100,classification,aptx_relu_field,APTx Neuron + ReLU + Lambda-Psi,4809c0be52c8,1,1,1,0.5,0.5,100,64,384,256,192,0.0001,0.0,0.003,5,5,5,1,4.617315101013183,0.0055545411964313725,1.1039999999999999,0.10039920318408906,4.756,0.3547957158704147,,,,,,,,,,,,,4.616857453155518,0.006087823160082522,1.002,0.008366600265340723,5.014,0.011401754250991254,,,,,,,,,,,,,0.5504260301589966,0.014475304897382062,0.5680593132972718,0.02610405417079059,0.5500126957893372,0.014120294810513438,0.5621429085731506,0.01019201217642458,0.4881033360958099,0.04698201213347895,0.6314891576766968,0.03138238455640741,0.5939958214759826,0.012917037371956052,0.622244679927826,0.027038725658320724,239.14937452762388,8.652298383438083
cifar100,classification,traditional,Traditional neuron,ac1c15dbef4b,0,1,1,0.5,0.5,100,64,384,256,192,0.0001,0.0,0.0003,5,5,5,1,3.653793491897583,0.02351603048819966,17.904,0.3642526595647582,41.0,0.9824459272652138,,,,,,,,,,,,,3.6831171434020993,0.026391183216773396,17.098,0.6158896004967132,40.304,0.7356493730031991,,,,,,,,,,,,,,,,,,,,,,,,,,,,,401.5083548617549,100.39365565784823
cifar100,classification,traditional,Traditional neuron,ac1c15dbef4b,0,1,1,0.5,0.5,100,64,384,256,192,0.0001,0.0,0.0005,5,5,5,1,3.6442840293884275,0.008699993144618855,17.928,0.14532721699667966,41.251999999999995,0.2798571063953875,,,,,,,,,,,,,3.6726886668396,0.011459741785913342,17.198,0.4601847455098887,40.46,0.3930648801406695,,,,,,,,,,,,,,,,,,,,,,,,,,,,,478.16457297285086,40.26844339837829
cifar100,classification,traditional,Traditional neuron,ac1c15dbef4b,0,1,1,0.5,0.5,100,64,384,256,192,0.0001,0.0,0.001,5,5,5,1,3.6560805461120607,0.017743836306720114,17.592000000000002,0.22917242417009906,41.064,0.8433741755591044,,,,,,,,,,,,,3.68115529586792,0.017403251522349096,16.974,0.5409066462893583,40.254000000000005,0.8013613417179525,,,,,,,,,,,,,,,,,,,,,,,,,,,,,483.5131540527567,68.39120825368435
cifar100,classification,traditional,Traditional neuron,ac1c15dbef4b,0,1,1,0.5,0.5,100,64,384,256,192,0.0001,0.0,0.002,5,5,5,1,3.651344289703369,0.0006563457947092133,17.54,0.12083045973594564,40.952,0.1073312629199906,,,,,,,,,,,,,3.6769576794433596,0.0009229742629974625,17.119999999999997,0.09772410142846105,40.456,0.09235799911215217,,,,,,,,,,,,,,,,,,,,,,,,,,,,,511.5167115267832,29.498896328777505
cifar100,classification,traditional,Traditional neuron,ac1c15dbef4b,0,1,1,0.5,0.5,100,64,384,256,192,0.0001,0.0,0.003,5,5,5,1,3.902012796859741,0.227675620644406,12.608,4.51704770840424,32.324,7.821219853705686,,,,,,,,,,,,,3.917088561096191,0.21714471688674952,12.308000000000002,4.269662750147838,32.206,7.316743127922422,,,,,,,,,,,,,,,,,,,,,,,,,,,,,326.19455098519103,207.90822441279286
cifar100,classification,traditional_field,Traditional neuron + Lambda-Psi,ef9055c3d40e,1,1,1,0.5,0.5,100,64,384,256,192,0.0001,0.0,0.0003,5,5,5,1,3.6077105405426027,0.015579840519820405,17.976,0.1645600194457947,40.952,0.4535636669752087,,,,,,,,,,,,,3.638230973205567,0.012215035293208495,17.36,0.20916500663351828,40.282,0.33237027544592673,,,,,,,,,,,,,0.7239671945571899,0.021357297899958827,0.5120117247104645,0.011287507558696324,0.6763781785964966,0.012033682876314367,0.40213571190834047,0.0162321184294383,0.5992454648017883,0.004939823491214682,0.31924818754196166,0.022127024539320837,0.3482286870479584,0.02354301615463695,0.38634467124938965,0.02033202296739,711.2183396684471,67.46243204070582
cifar100,classification,traditional_field,Traditional neuron + Lambda-Psi,ef9055c3d40e,1,1,1,0.5,0.5,100,64,384,256,192,0.0001,0.0,0.0005,5,5,5,1,3.4080853527832033,0.025347700555370584,19.595999999999997,0.3377573093213525,45.751999999999995,0.5143150785267702,,,,,,,,,,,,,3.4251601596832275,0.027262453265057728,19.332,0.37492665949489373,45.084,0.7052871755533359,,,,,,,,,,,,,0.8694236278533936,0.014292704890927358,0.5501365423202514,0.024498865086498477,0.929895532131195,0.0050497203015763235,0.2223369687795639,0.01292372361054402,0.6511755347251892,0.015458618687073314,0.09035187810659409,0.005355333286483766,0.09832716882228851,0.006981554882103257,0.1325267642736435,0.007813522283381549,807.8615178925917,9.70942000236435
cifar100,classification,traditional_field,Traditional neuron + Lambda-Psi,ef9055c3d40e,1,1,1,0.5,0.5,100,64,384,256,192,0.0001,0.0,0.001,5,5,5,1,3.0923907514190674,0.02986495413346345,25.148,0.8137075641776959,52.988,0.8292888519689607,,,,,,,,,,,,,3.107462813644409,0.02073104909196142,25.028,0.47145519405347497,52.742,0.6745517029850275,,,,,,,,,,,,,0.9533273935317993,0.005988141725364419,0.6940954446792602,0.0246015185569076,0.9796280145645142,0.004738058557032975,0.10297279506921768,0.0084442344703763,0.8978010892868042,0.02111482251686946,0.009206879884004593,0.004540584656920885,0.00607941783964634,0.002186594031846481,0.013014413695782424,0.005336381430580752,807.1758441415616,1.6904386616973115
cifar100,classification,traditional_field,Traditional neuron + Lambda-Psi,ef9055c3d40e,1,1,1,0.5,0.5,100,64,384,256,192,0.0001,0.0,0.002,5,5,5,1,3.0775688461685182,0.01868963986985062,26.04,0.6779380502671318,53.968,0.8085295294545559,,,,,,,,,,,,,3.087836220703125,0.01718671373011478,25.977999999999998,0.5061817855276896,54.14200000000001,0.5379312223695556,,,,,,,,,,,,,0.9781984210014343,0.0011450746206250098,0.8594262719154357,0.005518139929760861,0.9906949996948242,0.0021350812268709357,0.06202254928648472,0.027815057148216943,0.9936246037483215,0.0017558038518494157,0.0006705806299578398,0.0001482073049766398,0.0006483205186668783,0.00017949577047430927,0.0018001067917793989,0.0004161199718884557,797.4789162677713,15.087217907230212
cifar100,classification,traditional_field,Traditional neuron + Lambda-Psi,ef9055c3d40e,1,1,1,0.5,0.5,100,64,384,256,192,0.0001,0.0,0.003,5,5,5,1,3.1087700441741943,0.015451833426107169,26.204,0.3086745859315279,53.73199999999999,0.21475567512873614,,,,,,,,,,,,,3.135510495300293,0.01099421749203722,25.645999999999997,0.37367097826831497,53.686,0.44735891630770164,,,,,,,,,,,,,0.9853598833084106,0.0007943003519408457,0.9089746117591858,0.004034094191693,0.9925032258033752,0.0021253261837070234,0.3653827548027039,0.042798270079667494,0.9991845607757568,0.00023733355347040915,0.010813708417117596,0.009417015892822164,0.019496916979551315,0.012296482099997775,0.07120160833001137,0.04533307602473136,764.9942437596153,81.33100842611294
cifar100,classification,traditional_field_relu,Traditional neuron + Lambda-Psi + ReLU,ada212ced702,1,1,1,0.5,0.5,100,64,384,256,192,0.0001,0.0,0.0003,5,5,5,1,3.2211950912475587,0.017041596125879084,25.156,0.2769115382211453,51.267999999999994,0.41002438951847453,,,,,,,,,,,,,3.2449273160552976,0.020723225947988286,24.93,0.32848135411313634,51.17,0.10747092630102581,,,,,,,,,,,,,0.22701878547668458,0.00964304336689323,0.2313738465309143,0.009664451858115203,0.23180238604545594,0.009880719979936775,0.2311725914478302,0.007930516977740007,0.22934809923171998,0.009579022775529581,0.24145135879516602,0.009682030944179213,0.23762052953243257,0.00985245492861704,0.23861573338508607,0.009555604663518985,706.9529442097992,54.20516781838468
cifar100,classification,traditional_field_relu,Traditional neuron + Lambda-Psi + ReLU,ada212ced702,1,1,1,0.5,0.5,100,64,384,256,192,0.0001,0.0,0.0005,5,5,5,1,3.284085945892334,0.09593740814919141,24.668,0.41966653428644995,50.751999999999995,0.49489392802903065,,,,,,,,,,,,,3.297906324310303,0.08031536872217415,24.552,0.38603108683109927,50.928,0.3561179579858308,,,,,,,,,,,,,0.279055255651474,0.02248009177996309,0.294035542011261,0.014180662001005864,0.28802849650382994,0.02227730110027571,0.29867965579032896,0.011035998180958129,0.28355602025985716,0.022995428656895394,0.318633496761322,0.015991749865972276,0.2838275611400604,0.0218909553446532,0.2868324816226959,0.021619009402185575,558.0784446113743,116.6579848850514
cifar100,classification,traditional_field_relu,Traditional neuron + Lambda-Psi + ReLU,ada212ced702,1,1,1,0.5,0.5,100,64,384,256,192,0.0001,0.0,0.001,5,5,5,1,3.312831544799805,0.061084000877972014,24.5,0.6480740698407864,50.251999999999995,0.6323922833178773,,,,,,,,,,,,,3.341097840805054,0.061186411560019235,24.11,0.5028916384272054,49.95,0.486775102074868,,,,,,,,,,,,,0.434947794675827,0.006413315254965256,0.43673076629638674,0.005471404560148005,0.44879665970802307,0.0049225785174966214,0.42005802392959596,0.0033682948383882646,0.4391778171062469,0.007886823557246632,0.4093186616897583,0.008320516059200221,0.382040798664093,0.011781365864819328,0.37477588653564453,0.007878822093829596,485.80941401380113,93.75715640680058
cifar100,classification,traditional_field_relu,Traditional neuron + Lambda-Psi + ReLU,ada212ced702,1,1,1,0.5,0.5,100,64,384,256,192,0.0001,0.0,0.002,5,5,5,1,3.3643105638122557,0.10374687893957148,25.044,0.18568791021496261,51.056,0.390742882212843,,,,,,,,,,,,,3.3934864303588865,0.10542430815333713,24.401999999999997,0.24772969139770037,51.172,0.1608415369237672,,,,,,,,,,,,,0.701590621471405,0.002682774729012694,0.5627158641815185,0.0034548613626857053,0.7269223093986511,0.00595638173265704,0.46849448680877687,0.004754536268642161,0.6495036840438843,0.012995219452004462,0.41008620262145995,0.0022037725149311157,0.37577745914459226,0.014945199478703663,0.39456166625022887,0.014812307284928817,626.3958898222539,122.49799802469113
cifar100,classification,traditional_field_relu,Traditional neuron + Lambda-Psi + ReLU,ada212ced702,1,1,1,0.5,0.5,100,64,384,256,192,0.0001,0.0,0.003,5,5,5,1,3.3258589768981937,0.03826135983142461,25.472,0.4717202560840501,51.64,0.38288379438153136,,,,,,,,,,,,,3.3527476576232913,0.03450654205388111,25.130000000000003,0.4972423956180726,51.438,0.55187860984097,,,,,,,,,,,,,0.8274292349815369,0.01322594391930944,0.5898266315460206,0.0134672745847687,0.8603276014328003,0.005350922668786524,0.4163597583770752,0.02713731481882346,0.7433174967765808,0.008476468237279301,0.3853581488132477,0.0034440963819672254,0.37624514698982237,0.01608013512107439,0.3846543252468109,0.014697118913246524,684.0702814584132,66.31851486897494
cifar100,classification,traditional_relu,Traditional neuron + ReLU,b6f9c7b3b299,0,1,1,0.5,0.5,100,64,384,256,192,0.0001,0.0,0.0003,5,5,5,1,3.3157126571655278,0.06089081750034088,25.944,0.2732764168383368,51.852,0.30449958949069306,,,,,,,,,,,,,3.334895243759155,0.049334279840458316,25.712,0.3644447831976743,52.279999999999994,0.30174492539229,,,,,,,,,,,,,,,,,,,,,,,,,,,,,639.9170747534838,89.7083174209684
cifar100,classification,traditional_relu,Traditional neuron + ReLU,b6f9c7b3b299,0,1,1,0.5,0.5,100,64,384,256,192,0.0001,0.0,0.0005,5,5,5,1,3.634777048110962,0.105386711366552,24.752,0.6558353451896295,50.544,0.8205364099173182,,,,,,,,,,,,,3.6749297341918945,0.09179605643055783,24.56,0.4869804924224387,50.553999999999995,1.0044301867227978,,,,,,,,,,,,,,,,,,,,,,,,,,,,,610.8927862973418,152.21175142898912
cifar100,classification,traditional_relu,Traditional neuron + ReLU,b6f9c7b3b299,0,1,1,0.5,0.5,100,64,384,256,192,0.0001,0.0,0.001,5,5,5,1,3.5924343464660646,0.06918617967024167,23.024,1.891634214112232,48.94,2.1250411760716523,,,,,,,,,,,,,3.6585432087707517,0.0812066345458863,22.56,2.0398284241572875,48.2,2.458709010842886,,,,,,,,,,,,,,,,,,,,,,,,,,,,,585.5616497566458,206.11729632679223
cifar100,classification,traditional_relu,Traditional neuron + ReLU,b6f9c7b3b299,0,1,1,0.5,0.5,100,64,384,256,192,0.0001,0.0,0.002,5,5,5,1,3.4183973599243167,0.23588181787292045,20.592000000000002,4.159124907958403,46.464,6.648660015371521,,,,,,,,,,,,,3.478144231567383,0.21641756745266852,20.234,3.9948066286117023,45.878,6.131624580810538,,,,,,,,,,,,,,,,,,,,,,,,,,,,,445.3979601357598,140.50310561579423
cifar100,classification,traditional_relu,Traditional neuron + ReLU,b6f9c7b3b299,0,1,1,0.5,0.5,100,64,384,256,192,0.0001,0.0,0.003,5,5,5,1,3.6185255839538577,0.33590930906364214,16.424,5.172627958784586,39.196,9.510650871522936,,,,,,,,,,,,,3.6594194618988043,0.32657437282046486,15.569999999999999,5.347195526628888,38.745999999999995,9.541434902570996,,,,,,,,,,,,,,,,,,,,,,,,,,,,,360.0969732093625,201.89653015668682
cifar100,classification,traditional_relu_field,Traditional neuron + ReLU + Lambda-Psi,8011afc621f1,1,1,1,0.5,0.5,100,64,384,256,192,0.0001,0.0,0.0003,5,5,5,1,3.15460042137146,0.013668648537335362,24.688,0.4293250516799606,51.236000000000004,0.06542170893518202,,,,,,,,,,,,,3.1854354025268554,0.007950134042244462,24.27,0.41743262929483554,50.839999999999996,0.19222382786741152,,,,,,,,,,,,,0.24770353436470033,0.006252657706034062,0.21180440485477448,0.03591993367040866,0.2560644805431366,0.006180699970283796,0.16442470848560334,0.008321748610120671,0.2504719227552414,0.007787186391455752,0.1555494636297226,0.00371052457938542,0.2836885392665863,0.005608273372205125,0.27568761110305784,0.006054814288001884,792.8891381704249,26.021637067266504
cifar100,classification,traditional_relu_field,Traditional neuron + ReLU + Lambda-Psi,8011afc621f1,1,1,1,0.5,0.5,100,64,384,256,192,0.0001,0.0,0.0005,5,5,5,1,3.1253527331542967,0.026009146902102678,25.412,0.24843510218968512,51.992,0.7939269487805511,,,,,,,,,,,,,3.1572074786376954,0.025601633356606784,24.928,0.5035573452944557,51.918000000000006,0.5258041460467974,,,,,,,,,,,,,0.2965478539466858,0.00673313829442547,0.16062847375869752,0.02291650771622209,0.32407323122024534,0.0045340101429167355,0.14604187607765198,0.006008980562098049,0.31295399069786073,0.007742272289435375,0.11211203932762145,0.0027994192812609217,0.36484902501106264,0.006142469288230373,0.3530191004276276,0.004910434282282132,810.5301591246389,13.169510128754796
cifar100,classification,traditional_relu_field,Traditional neuron + ReLU + Lambda-Psi,8011afc621f1,1,1,1,0.5,0.5,100,64,384,256,192,0.0001,0.0,0.001,5,5,5,1,3.0626149320220946,0.0112173568283771,25.924,0.7334030269912994,53.760000000000005,0.36138621999184894,,,,,,,,,,,,,3.1036268912506104,0.011349220255544482,25.490000000000002,0.34088121098118473,53.02,0.3803288051147317,,,,,,,,,,,,,0.4585443019866943,0.009334246119192967,0.10749332159757614,0.0060018581851700595,0.5453413844108581,0.011395710631313496,0.148517706990242,0.014380510152306602,0.49053202867507933,0.007197392732442981,0.0559367910027504,0.002707275512295699,0.5288848638534546,0.0050235124185526725,0.5161534905433655,0.012233666093563064,772.9112690482289,56.25999707137808
cifar100,classification,traditional_relu_field,Traditional neuron + ReLU + Lambda-Psi,8011afc621f1,1,1,1,0.5,0.5,100,64,384,256,192,0.0001,0.0,0.002,5,5,5,1,3.0465290435409544,0.018196736498610172,25.983999999999998,0.5689288180431719,54.472,0.6225110440787377,,,,,,,,,,,,,3.1038859326171875,0.020907019917679823,25.060000000000002,0.4006869101929833,53.17999999999999,0.5288194398847302,,,,,,,,,,,,,0.6700133442878723,0.01288035217928785,0.06260521039366722,0.005885696850799759,0.7442880153656006,0.017152227055035912,0.11783802062273026,0.012231590315344515,0.6657962083816529,0.02709923698022571,0.011318590305745602,0.0009869590119009457,0.6702065825462341,0.017141632501843893,0.5846161365509033,0.03152977455216371,806.0056321167853,21.29448766837082
cifar100,classification,traditional_relu_field,Traditional neuron + ReLU + Lambda-Psi,8011afc621f1,1,1,1,0.5,0.5,100,64,384,256,192,0.0001,0.0,0.003,5,5,5,1,3.1908897270965575,0.08424333519765531,23.116,1.694721216011648,50.872,2.539748018997159,,,,,,,,,,,,,3.254508234786987,0.07186220792209305,21.742,1.5178669243382303,49.519999999999996,1.8609271882585845,,,,,,,,,,,,,0.7663098335266113,0.006605950562731039,0.057178007811307906,0.017222807556505973,0.8027638792991638,0.012969771298101595,0.13316690027713776,0.04257988997633171,0.6746721386909484,0.05048787674223234,0.002576197707094252,0.0006436102578665733,0.7843379974365234,0.011359948182017347,0.5608031988143921,0.006627528091918053,822.2229173321277,6.92215049230072
fashion_mnist,classification,aptx,APTx Neuron,03fefe3a6289,0,1,1,0.5,0.5,100,128,256,192,128,0.0001,0.0,0.0003,5,5,5,1,2984.445095546875,1016.0822012437541,81.36,0.4413615298142788,99.604,0.07266360849834431,,,,,,,,,,,,,3265.8071208593747,1041.3595621957327,80.154,0.49591329887390384,99.558,0.04086563348340427,,,,,,,,,,,,,,,,,,,,,,,,,,,,,173.29523160336538,41.97006478686029
fashion_mnist,classification,aptx,APTx Neuron,03fefe3a6289,0,1,1,0.5,0.5,100,128,256,192,128,0.0001,0.0,0.0005,5,5,5,1,1581.057433828125,813.2562589077878,82.296,0.9532470823453909,99.652,0.06418722614352736,,,,,,,,,,,,,1691.5853065820313,872.9890329819503,81.54400000000001,1.0763038604409092,99.56800000000001,0.05630275304103336,,,,,,,,,,,,,,,,,,,,,,,,,,,,,208.47361499518155,68.5547402849581
fashion_mnist,classification,aptx,APTx Neuron,03fefe3a6289,0,1,1,0.5,0.5,100,128,256,192,128,0.0001,0.0,0.001,5,5,5,1,2306.459957578125,905.0261928742885,81.608,0.866556403242162,99.63199999999999,0.05403702434442574,,,,,,,,,,,,,2533.9735937109376,999.5586206106999,80.58399999999999,0.7468801778063152,99.574,0.05594640292279738,,,,,,,,,,,,,,,,,,,,,,,,,,,,,112.78344322820195,25.268286935046582
fashion_mnist,classification,aptx,APTx Neuron,03fefe3a6289,0,1,1,0.5,0.5,100,128,256,192,128,0.0001,0.0,0.002,5,5,5,1,1460.166717109375,755.9355526240112,81.97200000000001,1.1099189159573848,99.592,0.09338094023942696,,,,,,,,,,,,,1606.2474202148437,806.6919364758904,80.868,0.979040346461779,99.49199999999999,0.10232301793829172,,,,,,,,,,,,,,,,,,,,,,,,,,,,,125.80598298883997,56.42275298863238
fashion_mnist,classification,aptx,APTx Neuron,03fefe3a6289,0,1,1,0.5,0.5,100,128,256,192,128,0.0001,0.0,0.003,5,5,5,1,2215.4325376562497,2625.994165572204,81.396,1.1675958204789858,99.668,0.06099180272790737,,,,,,,,,,,,,2383.650493964844,2813.0108609550794,80.59400000000001,1.3361998353539801,99.546,0.11458621208504766,,,,,,,,,,,,,,,,,,,,,,,,,,,,,113.44520560838282,51.631729637420214
fashion_mnist,classification,aptx_field,APTx Neuron + Lambda-Psi,29e0c10ea237,1,1,1,0.5,0.5,100,128,256,192,128,0.0001,0.0,0.0003,5,5,5,1,0.36908127838134763,0.012247091970438833,87.13199999999999,0.4648870830642638,99.688,0.03898717737923247,,,,,,,,,,,,,0.39301699447155,0.01109463455326989,85.928,0.4038192665042133,99.744,0.02607680962081249,,,,,,,,,,,,,0.7282822251319885,0.0035346087239950023,0.7164706707000732,0.0025515963873801463,0.7492674112319946,0.0016545381247552885,0.7355308890342712,0.002767546197540571,0.7767004013061524,0.0032068806271262347,0.7572744607925415,0.0037320165948438126,0.7398985743522644,0.006758224099533218,0.7406588196754456,0.00613542507664249,367.32356504444033,79.93931192805762
fashion_mnist,classification,aptx_field,APTx Neuron + Lambda-Psi,29e0c10ea237,1,1,1,0.5,0.5,100,128,256,192,128,0.0001,0.0,0.0005,5,5,5,1,0.3462654608821869,0.007364689619808731,87.84,0.28913664589601945,99.74,0.02449489742783271,,,,,,,,,,,,,0.365733663892746,0.005933412413419827,86.92,0.3145631892005203,99.78,0.03807886552931943,,,,,,,,,,,,,0.7368059515953064,0.0042144901788560805,0.7196948409080506,0.0033001239942793,0.7609486103057861,0.0026530551219594734,0.7396249175071716,0.004746074984415759,0.7943848252296448,0.0021269182766525735,0.7665628671646119,0.005453074055282305,0.728460168838501,0.009231000070977626,0.7291475296020508,0.007874869247485816,357.8588860910386,61.33278135927047
fashion_mnist,classification,aptx_field,APTx Neuron + Lambda-Psi,29e0c10ea237,1,1,1,0.5,0.5,100,128,256,192,128,0.0001,0.0,0.001,5,5,5,1,0.3209646879673004,0.0116448433694612,88.75999999999999,0.5909314681077638,99.79599999999999,0.03847076812334021,,,,,,,,,,,,,0.33286006430745124,0.01493366798284596,88.088,0.6416151494470804,99.804,0.021908902300199366,,,,,,,,,,,,,0.7572933793067932,0.0027224525506009366,0.72278733253479,0.004542417843600136,0.7863072156906128,0.00189916045091848,0.7463025212287903,0.0045790711334954565,0.8285644888877869,0.002242242651288877,0.782539165019989,0.005793726828886404,0.6995798587799072,0.018640886492116815,0.6983889579772949,0.01749418498816436,374.9116631382145,106.6477045557259
fashion_mnist,classification,aptx_field,APTx Neuron + Lambda-Psi,29e0c10ea237,1,1,1,0.5,0.5,100,128,256,192,128,0.0001,0.0,0.002,5,5,5,1,0.2964368304634094,0.005186330655348912,89.752,0.2265391798343027,99.83599999999998,0.02190890230021007,,,,,,,,,,,,,0.301947774990201,0.00946603500049273,89.324,0.4144031853159378,99.872,0.027748873851027426,,,,,,,,,,,,,0.8008625030517578,0.004613599047754968,0.7152576804161072,0.004327784418930758,0.8315279126167298,0.0023963203799743107,0.745552659034729,0.008687728504418409,0.8752129077911377,0.005943437075698579,0.7858052849769592,0.003694177509852431,0.6569978713989257,0.020161006306990904,0.627100157737732,0.018486857699260496,427.67434641537255,77.78309418607331
fashion_mnist,classification,aptx_field,APTx Neuron + Lambda-Psi,29e0c10ea237,1,1,1,0.5,0.5,100,128,256,192,128,0.0001,0.0,0.003,5,5,5,1,0.2889570966720581,0.006126855244458032,90.124,0.39253025361110766,99.864,0.03847076812334427,,,,,,,,,,,,,0.2933734616851807,0.010989299349140374,89.588,0.6528935594719828,99.89200000000001,0.020493901531915812,,,,,,,,,,,,,0.8359247207641601,0.0031543886157185193,0.7064052581787109,0.007558344740334255,0.865251100063324,0.0007769323973891289,0.7345940947532654,0.010164428933684744,0.9059392929077148,0.0024660823695920133,0.783426558971405,0.011117666184848,0.6658741116523743,0.021847289464542344,0.5497168302536011,0.05195947538403464,437.3344589669723,112.53371963215326
fashion_mnist,classification,aptx_field_relu,APTx Neuron + Lambda-Psi + ReLU,54a6a5f90574,1,1,1,0.5,0.5,100,128,256,192,128,0.0001,0.0,0.0003,5,5,5,1,0.39996242641448976,0.014640227744844315,85.784,0.6937434684377206,99.724,0.07924645102462774,,,,,,,,,,,,,0.4199433380508423,0.012786368665152342,84.78999999999999,0.2900861940872078,99.64,0.058309518948450545,,,,,,,,,,,,,0.6334982275962829,0.010948282596558384,0.5934604287147522,0.007200655844501718,0.6271105408668518,0.009964676614344204,0.5909187078475953,0.0063740520492993,0.6257468700408936,0.009327988129431255,0.5590292572975158,0.00658912465003996,0.5908733606338501,0.006671253303637076,0.5968364596366882,0.014367576990287172,402.28296952624805,57.055561628074955
fashion_mnist,classification,aptx_field_relu,APTx Neuron + Lambda-Psi + ReLU,54a6a5f90574,1,1,1,0.5,0.5,100,128,256,192,128,0.0001,0.0,0.0005,5,5,5,1,0.3647152742385864,0.004588102934992633,87.03999999999999,0.2489979919597739,99.71600000000001,0.043358966777354215,,,,,,,,,,,,,0.3810949252653122,0.009782174183529231,86.164,0.40930428778599587,99.714,0.027018512172208794,,,,,,,,,,,,,0.652152705192566,0.012776669424078346,0.6027752757072449,0.008787417322745976,0.6390175223350525,0.009246918487515713,0.6012060880661011,0.013182190394145575,0.6293673276901245,0.010170093785635296,0.5615069985389709,0.009427795418754546,0.5676857709884644,0.009824735848292595,0.5841902971267701,0.017962032258888268,408.77847490180284,45.56974202548376
fashion_mnist,classification,aptx_field_relu,APTx Neuron + Lambda-Psi + ReLU,54a6a5f90574,1,1,1,0.5,0.5,100,128,256,192,128,0.0001,0.0,0.001,5,5,5,1,0.32864992524147035,0.010305850256687697,88.48400000000001,0.5352382647008725,99.788,0.07823042886243384,,,,,,,,,,,,,0.3427170194888115,0.012171770410212546,87.56,0.5586591089385323,99.786,0.0512835256198299,,,,,,,,,,,,,0.6929538011550903,0.01251317516661769,0.6090059399604797,0.009315345103818005,0.6704575419425964,0.009479291925500769,0.6084679126739502,0.0033229389336009024,0.6553368687629699,0.010395553195839263,0.5650424957275391,0.010657902191107864,0.5234097361564636,0.028134047954688084,0.5442012310028076,0.04016233948707602,466.3227714064531,101.58121052858417
fashion_mnist,classification,aptx_field_relu,APTx Neuron + Lambda-Psi + ReLU,54a6a5f90574,1,1,1,0.5,0.5,100,128,256,192,128,0.0001,0.0,0.002,5,5,5,1,0.31179716059684753,0.005211132521375013,89.324,0.1716974082506763,99.828,0.03633180424916893,,,,,,,,,,,,,0.3210554819369316,0.006549725304341216,88.634,0.31237797617629637,99.812,0.013038404810399433,,,,,,,,,,,,,0.7749882936477661,0.023691184117796183,0.597268545627594,0.006391451286012312,0.7435352444648743,0.004303716430874647,0.6059599399566651,0.016826954478907905,0.7214878320693969,0.010057309932839618,0.562794828414917,0.011800362055577432,0.4786944329738617,0.014801970407698203,0.5130813360214234,0.009342714832384726,465.42696039746517,55.990150391651945
fashion_mnist,classification,aptx_field_relu,APTx Neuron + Lambda-Psi + ReLU,54a6a5f90574,1,1,1,0.5,0.5,100,128,256,192,128,0.0001,0.0,0.003,5,5,5,1,0.3141797469615936,0.011827590164916163,88.952,0.45356366697521344,99.824,0.035777087639996666,,,,,,,,,,,,,0.325763308442235,0.009547546652105606,88.24,0.5418486873657644,99.798,0.02489979919597194,,,,,,,,,,,,,0.8085264325141907,0.0217244474488119,0.5629773736000061,0.01362794219938603,0.7900878310203552,0.0061618871901037,0.6061308979988098,0.007346008566619632,0.7775677084922791,0.009423755663806372,0.5530377745628356,0.015171185616267664,0.4824323713779449,0.031467751158335215,0.5221511721611023,0.032795331432615774,341.22667002119124,108.80653411362938
fashion_mnist,classification,aptx_relu,APTx Neuron + ReLU,c385cdc8ebd7,0,1,1,0.5,0.5,100,128,256,192,128,0.0001,0.0,0.0003,5,5,5,1,437.27911150665284,524.911329363574,73.732,2.3855649226126707,99.168,0.29209587467131654,,,,,,,,,,,,,462.55369463989257,552.2206786304674,72.506,2.444653349659217,98.99,0.3067572330035618,,,,,,,,,,,,,,,,,,,,,,,,,,,,,136.96664352938532,74.24510653422522
fashion_mnist,classification,aptx_relu,APTx Neuron + ReLU,c385cdc8ebd7,0,1,1,0.5,0.5,100,128,256,192,128,0.0001,0.0,0.0005,5,5,5,1,335.97041482177735,387.4122619203957,73.852,2.344721731890587,99.068,0.3044995894906876,,,,,,,,,,,,,359.1537900610352,400.8389382589545,72.416,2.3982764644635983,98.976,0.36685146858095197,,,,,,,,,,,,,,,,,,,,,,,,,,,,,96.0520984267816,35.25558840823743
fashion_mnist,classification,aptx_relu,APTx Neuron + ReLU,c385cdc8ebd7,0,1,1,0.5,0.5,100,128,256,192,128,0.0001,0.0,0.001,5,5,5,1,318.8948208631897,486.24285976862114,72.752,2.1711563739169026,98.952,0.41535526961867164,,,,,,,,,,,,,341.1991849354553,523.0201732193547,71.74000000000001,2.0958172630265257,98.80199999999999,0.33010604356782386,,,,,,,,,,,,,,,,,,,,,,,,,,,,,87.62336128535681,45.159564182555854
fashion_mnist,classification,aptx_relu,APTx Neuron + ReLU,c385cdc8ebd7,0,1,1,0.5,0.5,100,128,256,192,128,0.0001,0.0,0.002,5,5,5,1,38.96321157508849,28.817882842930043,71.82000000000001,2.000649894409311,99.06400000000001,0.2026820169625306,,,,,,,,,,,,,43.25679398483276,33.106603252890785,71.26,1.827279398450064,98.922,0.31783643592262695,,,,,,,,,,,,,,,,,,,,,,,,,,,,,74.09668827392161,10.517296922324483
fashion_mnist,classification,aptx_relu,APTx Neuron + ReLU,c385cdc8ebd7,0,1,1,0.5,0.5,100,128,256,192,128,0.0001,0.0,0.003,5,5,5,1,21.244172813720702,24.20510175144814,71.364,2.0036666389397224,98.93199999999999,0.2823473038652925,,,,,,,,,,,,,23.202314952163697,26.99706995936672,70.402,1.9931056168703176,98.728,0.34651118308072076,,,,,,,,,,,,,,,,,,,,,,,,,,,,,76.20584708158859,13.334997441893014
fashion_mnist,classification,aptx_relu_field,APTx Neuron + ReLU + Lambda-Psi,d83e1f2dcd28,1,1,1,0.5,0.5,100,128,256,192,128,0.0001,0.0,0.0003,5,5,5,1,0.38736689885139464,0.01086020509099894,86.276,0.3661693597230671,99.69200000000001,0.04816637831516845,,,,,,,,,,,,,0.4094796407556534,0.0073829156910838484,85.238,0.32368194265357814,99.702,0.03114482300479187,,,,,,,,,,,,,0.6779995083808898,0.00739263229636418,0.6363725185394287,0.00824838346753779,0.697273337841034,0.00811430631670939,0.6328636169433594,0.01080753932329547,0.7149957418441772,0.008199696263995167,0.6221952557563781,0.010423343767449002,0.6784322261810303,0.01027412614497589,0.6808043241500854,0.010016594664263908,426.4113966472447,52.18265175746976
fashion_mnist,classification,aptx_relu_field,APTx Neuron + ReLU + Lambda-Psi,d83e1f2dcd28,1,1,1,0.5,0.5,100,128,256,192,128,0.0001,0.0,0.0005,5,5,5,1,0.3599286947059631,0.012199898889702633,87.43199999999999,0.4599130352577529,99.736,0.09099450532861784,,,,,,,,,,,,,0.37746322187900544,0.01223318759451312,86.434,0.5207974654316221,99.768,0.041472882706653016,,,,,,,,,,,,,0.6879350543022156,0.012198793931669508,0.6017128825187683,0.008522216128729753,0.7169984579086304,0.01596480922855474,0.615833842754364,0.006333030194933594,0.7409152388572693,0.012646333028650213,0.6198505282402038,0.009596231633350901,0.6708500862121582,0.007043784189429049,0.6749553918838501,0.007588331126325483,435.3451360912062,101.51924716070671
fashion_mnist,classification,aptx_relu_field,APTx Neuron + ReLU + Lambda-Psi,d83e1f2dcd28,1,1,1,0.5,0.5,100,128,256,192,128,0.0001,0.0,0.001,5,5,5,1,0.3291327183198929,0.007592591052168998,88.508,0.3694861296449444,99.81199999999998,0.041472882706653356,,,,,,,,,,,,,0.34456857084035875,0.011193028575280857,87.52000000000001,0.5367494760127897,99.81,0.018708286933864084,,,,,,,,,,,,,0.7262346625328064,0.013155618930161745,0.5020018875598907,0.0188197030267036,0.7699746489524841,0.017829622533315916,0.5546175479888916,0.006057074851832374,0.8036210179328919,0.009229816050524605,0.5979946255683899,0.011360185120594047,0.6592843294143677,0.009283821127154408,0.6612191677093506,0.012862701985144885,402.7296254958026,68.0246645637953
fashion_mnist,classification,aptx_relu_field,APTx Neuron + ReLU + Lambda-Psi,d83e1f2dcd28,1,1,1,0.5,0.5,100,128,256,192,128,0.0001,0.0,0.002,5,5,5,1,0.3120363503932953,0.005582771093760818,89.152,0.14463747785411754,99.86,0.05830951894845237,,,,,,,,,,,,,0.32296994758725167,0.003148171751656492,88.30799999999999,0.13791301606447517,99.812,0.04324349662087448,,,,,,,,,,,,,0.7694843888282776,0.011089524200864894,0.3334332466125488,0.01862312263203271,0.8396303057670593,0.01177065641970198,0.44076716899871826,0.017902030640445512,0.885704779624939,0.005627800687868466,0.5153414487838746,0.013971610280254515,0.659224534034729,0.0220829052926423,0.6272074818611145,0.010493237288110595,415.45243236720563,56.197957537019896
fashion_mnist,classification,aptx_relu_field,APTx Neuron + ReLU + Lambda-Psi,d83e1f2dcd28,1,1,1,0.5,0.5,100,128,256,192,128,0.0001,0.0,0.003,5,5,5,1,0.30073275522232057,0.0046183628710233585,89.524,0.1352035502492453,99.832,0.03033150177620579,,,,,,,,,,,,,0.31208469506978986,0.005373754890311796,88.764,0.15565988564816544,99.824,0.03435112807463719,,,,,,,,,,,,,0.7609999299049377,0.0076117623232082815,0.17911864519119264,0.0058657160229887055,0.8887683272361755,0.0048887809997613255,0.30238930583000184,0.017271562522263674,0.9360771656036377,0.004146420346908334,0.44411787390708923,0.015507634236407207,0.6875937104225158,0.04855777156870032,0.5619178891181946,0.04657492175812936,443.9501888175495,34.05447410535607
fashion_mnist,classification,traditional,Traditional neuron,4545504d216a,0,1,1,0.5,0.5,100,128,256,192,128,0.0001,0.0,0.0003,5,5,5,1,0.5866260376548766,0.006143468761750616,79.748,0.4179952152836226,99.44800000000001,0.06418722614352382,,,,,,,,,,,,,0.6100904242897034,0.008567946564560763,78.306,0.34515214036711606,99.44200000000001,0.029495762407505646,,,,,,,,,,,,,,,,,,,,,,,,,,,,,115.52807342675514,72.93702275329943
fashion_mnist,classification,traditional,Traditional neuron,4545504d216a,0,1,1,0.5,0.5,100,128,256,192,128,0.0001,0.0,0.0005,5,5,5,1,0.5943369619750977,0.016501078122256443,79.564,0.25195237645237,99.48400000000001,0.03577708763999388,,,,,,,,,,,,,0.620387158908844,0.016118850939123727,77.92,0.44221035718309715,99.502,0.01643167672515474,,,,,,,,,,,,,,,,,,,,,,,,,,,,,102.47937176045961,38.88706237792467
fashion_mnist,classification,traditional,Traditional neuron,4545504d216a,0,1,1,0.5,0.5,100,128,256,192,128,0.0001,0.0,0.001,5,5,5,1,0.5975307958984375,0.0069189164691998185,79.5,0.20493901531919073,99.428,0.03346640106136188,,,,,,,,,,,,,0.6187983773422241,0.009432365023991298,78.346,0.36582782835645794,99.46000000000001,0.026457513110643326,,,,,,,,,,,,,,,,,,,,,,,,,,,,,103.7589384732768,19.521135671626933
fashion_mnist,classification,traditional,Traditional neuron,4545504d216a,0,1,1,0.5,0.5,100,128,256,192,128,0.0001,0.0,0.002,5,5,5,1,0.5974486722183228,0.012916433531818709,79.332,0.5317142089506417,99.436,0.0477493455452545,,,,,,,,,,,,,0.6215792478942872,0.016428623608170816,78.14200000000001,0.5959194576450727,99.452,0.06833739825307625,,,,,,,,,,,,,,,,,,,,,,,,,,,,,129.23637007921934,69.39443780707968
fashion_mnist,classification,traditional,Traditional neuron,4545504d216a,0,1,1,0.5,0.5,100,128,256,192,128,0.0001,0.0,0.003,5,5,5,1,0.6120560560417175,0.01673169848970348,78.80799999999999,0.6986558523336085,99.424,0.08532291603080834,,,,,,,,,,,,,0.6371152848434448,0.017699470364606142,77.36,0.8666602563865472,99.476,0.06655824516917515,,,,,,,,,,,,,,,,,,,,,,,,,,,,,93.56123510575853,41.594529425660454
fashion_mnist,classification,traditional_field,Traditional neuron + Lambda-Psi,54f9297aa684,1,1,1,0.5,0.5,100,128,256,192,128,0.0001,0.0,0.0003,5,5,5,1,0.4406170248222351,0.009208451016029151,84.652,0.24843510218968448,99.60799999999999,0.030331501776212348,,,,,,,,,,,,,0.45545313373565677,0.012527041048078972,83.888,0.3607907981088212,99.69800000000001,0.014832396974189333,,,,,,,,,,,,,0.8219789147377015,0.021522662970107374,0.33098894357681274,0.009662209755003679,0.46930183172225953,0.014581378334144558,0.3452698111534119,0.008256783374184486,0.37890995740890504,0.01563324880767102,0.3075666904449463,0.01246413489664139,0.32982085943222045,0.009527547567749362,0.3466279566287994,0.00958669434248332,473.4291554523632,55.719340809929534
fashion_mnist,classification,traditional_field,Traditional neuron + Lambda-Psi,54f9297aa684,1,1,1,0.5,0.5,100,128,256,192,128,0.0001,0.0,0.0005,5,5,5,1,0.3486345496177673,0.005708941998124398,87.936,0.20268201696253038,99.82,0.01999999999999602,,,,,,,,,,,,,0.3605997842645645,0.007275058011438175,87.21199999999999,0.3396615962984356,99.756,0.04037325847637329,,,,,,,,,,,,,0.9571489572525025,0.008139036092546395,0.2808018267154694,0.015607560057886286,0.49418753385543823,0.01613525996041977,0.2955956935882568,0.019678152738279303,0.3482964694499969,0.0063473524737185484,0.2487432301044464,0.012799340923175929,0.27162795066833495,0.009497791394242382,0.2931548774242401,0.009338918087022214,467.0160655144602,59.294382269778026
fashion_mnist,classification,traditional_field,Traditional neuron + Lambda-Psi,54f9297aa684,1,1,1,0.5,0.5,100,128,256,192,128,0.0001,0.0,0.001,5,5,5,1,0.3259030314064026,0.011676011207573481,88.572,0.3480229877465046,99.84,0.04898979485566542,,,,,,,,,,,,,0.33909686914920806,0.011843598573727068,87.834,0.5112533618471363,99.784,0.056833088953530356,,,,,,,,,,,,,0.9930790185928344,0.0028121380577915017,0.3285815715789795,0.013390366352944811,0.5952566742897034,0.022332194501049247,0.32245543599128723,0.005106715855964904,0.448753559589386,0.005289433182908471,0.2915288686752319,0.007185817876646352,0.3098756670951843,0.009476172294578785,0.3457826554775238,0.008520847358970454,367.40655256323515,74.61349658269656
fashion_mnist,classification,traditional_field,Traditional neuron + Lambda-Psi,54f9297aa684,1,1,1,0.5,0.5,100,128,256,192,128,0.0001,0.0,0.002,5,5,5,1,0.33372133121490477,0.019784713473072438,88.328,0.7275438131136897,99.792,0.05761944116354792,,,,,,,,,,,,,0.34863195378303524,0.025018047321230842,87.35,0.8988047618921421,99.77000000000001,0.04415880433163689,,,,,,,,,,,,,0.9976866960525512,0.0014646367400781826,0.36042905449867246,0.053842544242405435,0.7968791484832763,0.05613060931382015,0.3897407531738281,0.004951798773739749,0.6408620357513428,0.04363534153694443,0.3803359031677246,0.010317197410521445,0.3444307267665863,0.023989296638278205,0.412230384349823,0.014938508005596185,311.95659566861576,105.73670924031742
fashion_mnist,classification,traditional_field,Traditional neuron + Lambda-Psi,54f9297aa684,1,1,1,0.5,0.5,100,128,256,192,128,0.0001,0.0,0.003,5,5,5,1,0.33877353127479554,0.02789447560756354,88.272,1.041690933050681,99.792,0.057619441163548904,,,,,,,,,,,,,0.3544208124256134,0.0288251035165569,87.07000000000001,1.055769861286065,99.776,0.028809720581772603,,,,,,,,,,,,,0.9976376295089722,3.84144190132358e-05,0.2560875564813614,0.09719481747903172,0.9422731757164001,0.0482959729969917,0.40653687715530396,0.037495752413363004,0.7677351593971252,0.049971718270940185,0.41079158782958985,0.02881795729682996,0.30087817311286924,0.058122616135528445,0.4015039920806885,0.04456465164975102,324.5330430597998,124.58023262701853
fashion_mnist,classification,traditional_field_relu,Traditional neuron + Lambda-Psi + ReLU,8ed0b25076b5,1,1,1,0.5,0.5,100,128,256,192,128,0.0001,0.0,0.0003,5,5,5,1,0.33802566610336304,0.010589032296637086,88.188,0.40585711771508926,99.792,0.022803508501978223,,,,,,,,,,,,,0.3538159147596359,0.010132172429366528,87.478,0.4051789728009103,99.774,0.025099800796020387,,,,,,,,,,,,,0.34928390979766843,0.013064534199547048,0.31080093383789065,0.015649040380302983,0.33939473032951356,0.0054778846212961575,0.3799728512763977,0.011875004637574868,0.32112228870391846,0.008234120164305291,0.35288209319114683,0.0151185478245685,0.29246976375579836,0.009240569929507088,0.3027980625629425,0.009270661171733377,405.3163247739896,71.89636341230263
fashion_mnist,classification,traditional_field_relu,Traditional neuron + Lambda-Psi + ReLU,8ed0b25076b5,1,1,1,0.5,0.5,100,128,256,192,128,0.0001,0.0,0.0005,5,5,5,1,0.31180967020988465,0.0065626678704199005,89.01599999999999,0.3866264346885761,99.83599999999998,0.04098780306383787,,,,,,,,,,,,,0.32404928378105163,0.007678571273091175,88.35,0.32249030993193906,99.796,0.02607680962080786,,,,,,,,,,,,,0.3416877627372742,0.003303158821121802,0.30076307654380796,0.011080410938558128,0.355379718542099,0.006181801780412612,0.35538464188575747,0.010606207371652009,0.32781508564949036,0.006833747572885508,0.32939714193344116,0.010900774696303605,0.273224925994873,0.010816527610786055,0.2911459743976593,0.011257205077361648,416.00422851187176,98.67350867860715
fashion_mnist,classification,traditional_field_relu,Traditional neuron + Lambda-Psi + ReLU,8ed0b25076b5,1,1,1,0.5,0.5,100,128,256,192,128,0.0001,0.0,0.001,5,5,5,1,0.3066382169342041,0.008025625598708178,89.524,0.43345126600345424,99.83999999999999,0.028284271247461298,,,,,,,,,,,,,0.310214958012104,0.008676373364645058,88.934,0.3949430338669105,99.83,0.02000000000000135,,,,,,,,,,,,,0.3365791618824005,0.027419787239828308,0.37644270062446594,0.006019709173672934,0.39691192507743833,0.028184335721639267,0.36128843426704405,0.0127074936807367,0.3691894173622131,0.01960156651060897,0.3275696039199829,0.02135525706696515,0.29595285654067993,0.02072048669704001,0.3069484293460846,0.019079293811498862,314.51172240879384,63.58962660193588
fashion_mnist,classification,traditional_field_relu,Traditional neuron + Lambda-Psi + ReLU,8ed0b25076b5,1,1,1,0.5,0.5,100,128,256,192,128,0.0001,0.0,0.002,5,5,5,1,0.3054376815128326,0.005732077502118609,89.60799999999999,0.5001199856034546,99.852,0.010954451150108926,,,,,,,,,,,,,0.30833708630681034,0.007765482417770455,88.87,0.4467101968838438,99.85799999999999,0.021679483388683335,,,,,,,,,,,,,0.4255997657775879,0.010847012641851776,0.4693813681602478,0.010203054806780978,0.5039796352386474,0.0059180469532297015,0.4229749381542206,0.0030856911943952722,0.48193519115447997,0.009481470934922754,0.38557377457618713,0.009455933696363435,0.3605212986469269,0.015746719645786795,0.3431383788585663,0.017816014952732898,276.4440982223488,63.552042175961766
fashion_mnist,classification,traditional_field_relu,Traditional neuron + Lambda-Psi + ReLU,8ed0b25076b5,1,1,1,0.5,0.5,100,128,256,192,128,0.0001,0.0,0.003,5,5,5,1,0.3025888499546051,0.004534997913651202,89.744,0.363703175680388,99.83999999999999,0.01414213562373316,,,,,,,,,,,,,0.30396477515935894,0.004535542289188185,89.256,0.23222833591101397,99.862,0.03701351104664036,,,,,,,,,,,,,0.5412085175514221,0.01548404367846047,0.5181818723678588,0.007362231417164063,0.6174651861190796,0.012406522998277464,0.4564604163169861,0.00366604666669449,0.5943058371543884,0.015651497382809722,0.41477846503257754,0.00604776678501696,0.3977324187755585,0.011883533657287391,0.34256441593170167,0.017342165672929278,315.35039704022927,52.383349112008766
fashion_mnist,classification,traditional_relu,Traditional neuron + ReLU,7af8e3100b90,0,1,1,0.5,0.5,100,128,256,192,128,0.0001,0.0,0.0003,5,5,5,1,0.3042051839256287,0.01555810993756758,89.268,0.5147037983151073,99.872,0.03633180424917636,,,,,,,,,,,,,0.3147476341891289,0.01748348558458559,88.596,0.7139537800166059,99.85,0.028284271247465066,,,,,,,,,,,,,,,,,,,,,,,,,,,,,194.2016787686851,67.58841534218921
fashion_mnist,classification,traditional_relu,Traditional neuron + ReLU,7af8e3100b90,0,1,1,0.5,0.5,100,128,256,192,128,0.0001,0.0,0.0005,5,5,5,1,0.30194011534690857,0.009481398840366473,89.51599999999999,0.39834658276430335,99.872,0.02280350850198757,,,,,,,,,,,,,0.30898030531883236,0.012891435716170619,88.98400000000001,0.5282802286665681,99.856,0.028809720581772603,,,,,,,,,,,,,,,,,,,,,,,,,,,,,196.64032732364723,46.02949923535574
fashion_mnist,classification,traditional_relu,Traditional neuron + ReLU,7af8e3100b90,0,1,1,0.5,0.5,100,128,256,192,128,0.0001,0.0,0.001,5,5,5,1,0.30366543641090393,0.00429266853668187,89.9,0.404227658628155,99.872,0.03898717737923976,,,,,,,,,,,,,0.3100849123942852,0.002631116067270086,89.27000000000001,0.5200961449578306,99.844,0.03361547262794795,,,,,,,,,,,,,,,,,,,,,,,,,,,,,244.67254716977476,70.34238855119239
fashion_mnist,classification,traditional_relu,Traditional neuron + ReLU,7af8e3100b90,0,1,1,0.5,0.5,100,128,256,192,128,0.0001,0.0,0.002,5,5,5,1,0.32203995559692383,0.008416297817189663,89.64,0.752994023880664,99.848,0.04147288270665884,,,,,,,,,,,,,0.32826127400398253,0.008461965253067182,89.036,0.6924088387650763,99.838,0.04868264577855098,,,,,,,,,,,,,,,,,,,,,,,,,,,,,290.88382797841916,107.4199996366392
fashion_mnist,classification,traditional_relu,Traditional neuron + ReLU,7af8e3100b90,0,1,1,0.5,0.5,100,128,256,192,128,0.0001,0.0,0.003,5,5,5,1,0.3283704457473755,0.019787404229613982,89.168,0.9377206407027646,99.836,0.058991524815014185,,,,,,,,,,,,,0.33274954717636107,0.024488138662433923,88.612,1.1512254340484267,99.792,0.07014271166699589,,,,,,,,,,,,,,,,,,,,,,,,,,,,,301.2137051729951,144.66385173389972
fashion_mnist,classification,traditional_relu_field,Traditional neuron + ReLU + Lambda-Psi,f72e60c53fbe,1,1,1,0.5,0.5,100,128,256,192,128,0.0001,0.0,0.0003,5,5,5,1,0.3587974500846863,0.005040719779217869,87.54400000000001,0.15192103211866054,99.748,0.050199601592040774,,,,,,,,,,,,,0.3739869107866287,0.005553079527127069,86.776,0.27473623714392337,99.75,0.025495097567967213,,,,,,,,,,,,,0.30051149725914,0.012369343180452942,0.3458960473537445,0.019907545007606765,0.2896684527397156,0.010646732809829565,0.33756961226463317,0.0072783775590375315,0.28499182462692263,0.010477753165257536,0.29918896555900576,0.01389259584376964,0.2960698366165161,0.0096578864654081,0.2968613803386688,0.010891615926625558,426.7314976519439,48.16777196414665
fashion_mnist,classification,traditional_relu_field,Traditional neuron + ReLU + Lambda-Psi,f72e60c53fbe,1,1,1,0.5,0.5,100,128,256,192,128,0.0001,0.0,0.0005,5,5,5,1,0.3202727996826172,0.008577437914339113,88.944,0.4055613393803685,99.828,0.06418722614352448,,,,,,,,,,,,,0.3328653776168823,0.009916801890586717,88.13,0.3993119081620307,99.798,0.03033150177619853,,,,,,,,,,,,,0.29261782169342043,0.01266119649046605,0.2945203483104706,0.030370819460972576,0.29017679691314696,0.01263155343205561,0.2834470570087433,0.020479801711625716,0.2853361129760742,0.011660516695220287,0.24908830225467682,0.018149233101672647,0.2844360411167145,0.01428059710699747,0.2961151897907257,0.012525113467669529,441.954336862592,78.87187265742854
fashion_mnist,classification,traditional_relu_field,Traditional neuron + ReLU + Lambda-Psi,f72e60c53fbe,1,1,1,0.5,0.5,100,128,256,192,128,0.0001,0.0,0.001,5,5,5,1,0.29921616183280947,0.007389855706884953,89.672,0.2991989304793737,99.856,0.038470768123345746,,,,,,,,,,,,,0.31096315747380254,0.009365716753151438,88.94800000000001,0.48391114886929726,99.852,0.027748873851025632,,,,,,,,,,,,,0.2652007430791855,0.027717020797963274,0.20351580083370208,0.021726196852592913,0.3167468845844269,0.028739537824940913,0.19756042063236237,0.0387782227316055,0.3293297290802002,0.027990920623737137,0.19739456474781036,0.010755386067027436,0.33968672156333923,0.023747184984702668,0.3471901178359985,0.02498850762533378,384.9889988973737,99.40371691916727
fashion_mnist,classification,traditional_relu_field,Traditional neuron + ReLU + Lambda-Psi,f72e60c53fbe,1,1,1,0.5,0.5,100,128,256,192,128,0.0001,0.0,0.002,5,5,5,1,0.29583019743919375,0.005691655159445541,89.63199999999999,0.20571825392997897,99.892,0.04147288270665884,,,,,,,,,,,,,0.30817794340610505,0.004819724419553682,88.978,0.3637581614204697,99.85,0.025495097567965818,,,,,,,,,,,,,0.25852965116500853,0.016397719362038425,0.1363747760653496,0.012425378171416826,0.4604732275009155,0.008077002427045545,0.1283637210726738,0.019001653401233762,0.5011806666851044,0.013303255905848362,0.16965467631816863,0.01902128084869742,0.5281032085418701,0.01181715458926263,0.4954584002494812,0.008074274666439417,326.13675476182254,53.14224978324338
fashion_mnist,classification,traditional_relu_field,Traditional neuron + ReLU + Lambda-Psi,f72e60c53fbe,1,1,1,0.5,0.5,100,128,256,192,128,0.0001,0.0,0.003,5,5,5,1,0.30306069189071655,0.006603105256168115,89.63199999999999,0.31736414416250586,99.836,0.05549774770204666,,,,,,,,,,,,,0.3112227981519699,0.011888860848530509,88.946,0.6283152075192817,99.828,0.029495762407507092,,,,,,,,,,,,,0.26755542159080503,0.014438843291702216,0.09294189363718033,0.012112238751365897,0.5953567862510681,0.012260223612796346,0.09274887591600418,0.029474970822416725,0.6555298328399658,0.017476565791446776,0.14545032680034636,0.021328258059434186,0.6447972297668457,0.0051671057020523355,0.5245641350746155,0.03744215806791812,337.5379303842783,109.72864106254941
mnist,classification,aptx,APTx Neuron,b2f744f365af,0,1,1,0.5,0.5,50,128,256,128,64,0.0001,0.0,0.0003,5,5,5,1,1195.7019315624998,205.9633590777113,93.092,0.4566399018920738,99.756,0.05727128425310097,,,,,,,,,,,,,995.5078461120605,160.31267629445185,93.598,0.49037740567852817,99.784,0.040987803063842025,,,,,,,,,,,,,,,,,,,,,,,,,,,,,167.26652967184782,35.81346583667573
mnist,classification,aptx,APTx Neuron,b2f744f365af,0,1,1,0.5,0.5,50,128,256,128,64,0.0001,0.0,0.0005,5,5,5,1,703.933746953125,46.42184402770624,94.872,0.1609968943799846,99.852,0.030331501776212348,,,,,,,,,,,,,584.6383743652343,43.301069720209796,95.158,0.22840753052383975,99.88,0.023452078799117027,,,,,,,,,,,,,,,,,,,,,,,,,,,,,177.1075147182215,33.313299244194035
mnist,classification,aptx,APTx Neuron,b2f744f365af,0,1,1,0.5,0.5,50,128,256,128,64,0.0001,0.0,0.001,5,5,5,1,451.8225758984375,98.16723062415568,95.884,0.3141337294847535,99.924,0.05366563146000255,,,,,,,,,,,,,389.8659030566406,74.41799002673677,96.14200000000001,0.2891712295509347,99.898,0.03768288736283755,,,,,,,,,,,,,,,,,,,,,,,,,,,,,133.5924682876561,18.759337025385044
mnist,classification,aptx,APTx Neuron,b2f744f365af,0,1,1,0.5,0.5,50,128,256,128,64,0.0001,0.0,0.002,5,5,5,1,385.3819975878906,187.94933158484034,96.124,1.1001272653652396,99.92,0.05477225575052258,,,,,,,,,,,,,314.28114009765625,152.1557920210898,96.466,1.0682368651193404,99.904,0.04393176527297678,,,,,,,,,,,,,,,,,,,,,,,,,,,,,115.85844174413941,55.37526754923149
mnist,classification,aptx,APTx Neuron,b2f744f365af,0,1,1,0.5,0.5,50,128,256,128,64,0.0001,0.0,0.003,5,5,5,1,261.65443072265623,127.83219171802715,96.524,0.6787341158362374,99.944,0.040987803063842025,,,,,,,,,,,,,219.40138065917967,105.62169687167203,96.75,0.6295633407370546,99.924,0.02073644135333216,,,,,,,,,,,,,,,,,,,,,,,,,,,,,107.44675739454105,41.697169780090036
mnist,classification,aptx_field,APTx Neuron + Lambda-Psi,d987f61c63bf,1,1,1,0.5,0.5,50,128,256,128,64,0.0001,0.0,0.0003,5,5,5,1,0.14046758890151978,0.004543201989175891,95.85600000000001,0.2338375504490232,99.88,0.04000000000000625,,,,,,,,,,,,,0.11759678606241941,0.0014715273111022258,96.396,0.04335896677735356,99.914,0.029664793948381063,,,,,,,,,,,,,0.7019748568534852,0.004256269923158396,0.6887497901916504,0.005333809656677535,0.7232143759727478,0.0017846453776070538,0.7029370188713073,0.001918441107659543,0.7349188685417175,0.001109775172063017,0.7095184922218323,0.0033207244686622823,0.7322302103042603,0.0011543764188379924,0.733725905418396,0.0016567567490114892,253.19304063641465,22.575227536083556
mnist,classification,aptx_field,APTx Neuron + Lambda-Psi,d987f61c63bf,1,1,1,0.5,0.5,50,128,256,128,64,0.0001,0.0,0.0005,5,5,5,1,0.1092807110452652,0.0019829943398384574,96.88,0.13266499161421103,99.94000000000001,0.02449489742783271,,,,,,,,,,,,,0.09073049678627401,0.002908570835307088,97.208,0.12794530081249747,99.954,0.011401754250992227,,,,,,,,,,,,,0.7104480981826782,0.002780432851166374,0.6910981893539428,0.0037555035678002754,0.7315027952194214,0.00272699461667388,0.702629292011261,0.004121229179583161,0.7382434725761413,0.0018078500040520401,0.7063269495964051,0.003223930472937584,0.7299394130706787,0.0033814699566026814,0.7319468259811401,0.003906768807263652,227.16116045475937,22.937839986831534
mnist,classification,aptx_field,APTx Neuron + Lambda-Psi,d987f61c63bf,1,1,1,0.5,0.5,50,128,256,128,64,0.0001,0.0,0.001,5,5,5,1,0.0789129560905695,0.003630837963436679,97.816,0.10430723848324301,99.956,0.008944271910003734,,,,,,,,,,,,,0.0660907445219159,0.0033096804131023017,97.914,0.2044015655517356,99.968,0.008366600265338241,,,,,,,,,,,,,0.7305246114730835,0.00506011641743387,0.6958491444587708,0.005479645240716743,0.7542302966117859,0.004839027632811522,0.7023313999176025,0.0028099631543847003,0.751937210559845,0.002377106710775467,0.6963630795478821,0.008876231796013392,0.7253219485282898,0.003911845640769544,0.7292384743690491,0.0036547684869812328,244.28018287997693,37.518253606371154
mnist,classification,aptx_field,APTx Neuron + Lambda-Psi,d987f61c63bf,1,1,1,0.5,0.5,50,128,256,128,64,0.0001,0.0,0.002,5,5,5,1,0.06902505571514368,0.009844314029540033,98.03999999999999,0.3370459909270579,99.968,0.01788854382000032,,,,,,,,,,,,,0.0577776410968136,0.012457455289547389,98.194,0.3645270908999807,99.99,0.0070710678118640685,,,,,,,,,,,,,0.7613996028900146,0.005923127958409298,0.6983362555503845,0.007807224308278047,0.7898201942443848,0.003583125486635642,0.6973767161369324,0.0029387308795247,0.7839818954467773,0.005241673052499448,0.690164041519165,0.006126006452005222,0.7353180885314942,0.01065422880272815,0.7389901041984558,0.012932164340497666,195.59442334580234,60.27303374695903
mnist,classification,aptx_field,APTx Neuron + Lambda-Psi,d987f61c63bf,1,1,1,0.5,0.5,50,128,256,128,64,0.0001,0.0,0.003,5,5,5,1,0.05651768751308321,0.004077638889794505,98.43199999999999,0.16649324310614141,99.988,0.010954451150101142,,,,,,,,,,,,,0.0462424670330761,0.0035198933517766227,98.536,0.11802542099056042,99.986,0.00547722557504668,,,,,,,,,,,,,0.7954562425613403,0.0034383704713837706,0.6963708877563477,0.011779850874581773,0.8245029807090759,0.004931617156796723,0.6841114640235901,0.010488431788532558,0.8178933382034301,0.0031394216533863783,0.667811918258667,0.0051426140335476475,0.7354470252990722,0.012639462379260618,0.7394659876823425,0.015844372473689528,223.1999166644644,43.21760400567977
mnist,classification,aptx_field_relu,APTx Neuron + Lambda-Psi + ReLU,0a9cf23f716f,1,1,1,0.5,0.5,50,128,256,128,64,0.0001,0.0,0.0003,5,5,5,1,0.271854502620697,0.15494353389851281,92.436,3.745941804139519,99.45599999999999,0.49606451193368434,,,,,,,,,,,,,0.23970724270626903,0.14006029446760376,93.296,3.158358750997112,99.63799999999999,0.30277054017853033,,,,,,,,,,,,,0.6327735424041748,0.01056841230255246,0.606377124786377,0.01219750177471786,0.6421298146247864,0.01689989639787098,0.5927543997764587,0.024828595459405786,0.6444516062736512,0.01548994685269377,0.5263602614402771,0.002731871871489507,0.5241879999637604,0.1489529886898761,0.5007662147283554,0.16931996466219887,288.3167206603568,16.643463481337548
mnist,classification,aptx_field_relu,APTx Neuron + Lambda-Psi + ReLU,0a9cf23f716f,1,1,1,0.5,0.5,50,128,256,128,64,0.0001,0.0,0.0005,5,5,5,1,0.21098132060527802,0.1645420159608878,93.564,5.59232330968087,99.776,0.33418557718728253,,,,,,,,,,,,,0.19818885738864542,0.16051351514698783,93.57000000000001,5.899699144871715,99.788,0.21170734517252987,,,,,,,,,,,,,0.6327878355979919,0.007810218622287634,0.6025501608848571,0.013163259809312116,0.6411236643791198,0.014507475477791874,0.600461196899414,0.025201268783825313,0.6413247227668762,0.014236282450613605,0.5288646578788757,0.004619383400542303,0.4915865659713745,0.20724809059718147,0.47582548260688784,0.21888363683960357,268.91410110741856,35.35159361183822
mnist,classification,aptx_field_relu,APTx Neuron + Lambda-Psi + ReLU,0a9cf23f716f,1,1,1,0.5,0.5,50,128,256,128,64,0.0001,0.0,0.001,5,5,5,1,0.09965551759004593,0.016232248407507463,97.1,0.44542114902639895,99.9,0.08944271909999366,,,,,,,,,,,,,0.08717188829638065,0.011063616129651954,97.372,0.24097717734258817,99.926,0.06228964600959435,,,,,,,,,,,,,0.6814071536064148,0.01677502422279322,0.6232596039772034,0.013525910484077414,0.6831613540649414,0.01755871649098364,0.6134092569351196,0.03522614158794089,0.6774614572525024,0.019000924527407818,0.5327864050865173,0.00773510324292312,0.44174214005470275,0.22792198359057436,0.4240402698516846,0.23931300929857233,210.0256105647888,31.252896793308338
mnist,classification,aptx_field_relu,APTx Neuron + Lambda-Psi + ReLU,0a9cf23f716f,1,1,1,0.5,0.5,50,128,256,128,64,0.0001,0.0,0.002,5,5,5,1,0.0690930242729187,0.004408977901653858,98.008,0.17239489551607992,99.956,0.008944271910003734,,,,,,,,,,,,,0.05766025830918923,0.008736059146068668,98.172,0.29524566042535133,99.96000000000001,0.0070710678118640685,,,,,,,,,,,,,0.7181821346282959,0.023358185864445432,0.6114840030670166,0.012943631800847078,0.7087417960166931,0.021787576315953065,0.6006097555160522,0.02251598278518207,0.6957569360733032,0.015187976186434573,0.52588871717453,0.016617464674992137,0.47768545150756836,0.12813123005464663,0.4778740644454956,0.14648050747432312,218.16260272576474,53.35381460229311
mnist,classification,aptx_field_relu,APTx Neuron + Lambda-Psi + ReLU,0a9cf23f716f,1,1,1,0.5,0.5,50,128,256,128,64,0.0001,0.0,0.003,5,5,5,1,0.059740761368274685,0.006824408647536172,98.32000000000001,0.11045361017187637,99.976,0.016733200530678182,,,,,,,,,,,,,0.0479042942703329,0.004068525773583272,98.474,0.08933084573651352,99.978,0.010954451150099197,,,,,,,,,,,,,0.7824617266654968,0.025628574088784238,0.5924756169319153,0.009628824709057127,0.7527638912200928,0.0153249386167576,0.5862352967262268,0.02480512376163249,0.7356330394744873,0.023077586347969862,0.5110728323459626,0.010694316022983843,0.41739946603775024,0.16382058054265644,0.42384049892425535,0.17068414770329265,220.9851477943361,21.80018606778213
mnist,classification,aptx_relu,APTx Neuron + ReLU,13f7bb178a9e,0,1,1,0.5,0.5,50,128,256,128,64,0.0001,0.0,0.0003,5,5,5,1,600.7664587963867,1138.3488362291835,52.14,30.356999192937366,82.93199999999999,17.09011761223427,,,,,,,,,,,,,577.8512889016295,1096.1689087163138,52.992,30.375412260576805,83.35600000000001,17.060610481456987,,,,,,,,,,,,,,,,,,,,,,,,,,,,,111.3940838913899,83.97669250675564
mnist,classification,aptx_relu,APTx Neuron + ReLU,13f7bb178a9e,0,1,1,0.5,0.5,50,128,256,128,64,0.0001,0.0,0.0005,5,5,5,1,177.47549718393327,391.040523285209,49.992,32.42856641913114,80.776,17.17477452544865,,,,,,,,,,,,,181.80483807385684,400.90231442488243,50.494,32.82942475889579,81.476,16.7742579567622,,,,,,,,,,,,,,,,,,,,,,,,,,,,,128.56176915718243,78.41689614231122
mnist,classification,aptx_relu,APTx Neuron + ReLU,13f7bb178a9e,0,1,1,0.5,0.5,50,128,256,128,64,0.0001,0.0,0.001,5,5,5,1,63.386276657638554,136.07341175673633,37.36,31.694854471980143,71.608,21.844690888176928,,,,,,,,,,,,,59.514411467400635,127.49042247083098,37.626,32.016174506021166,72.474,21.987515321199897,,,,,,,,,,,,,,,,,,,,,,,,,,,,,58.2043562293984,47.242953104976515
mnist,classification,aptx_relu,APTx Neuron + ReLU,13f7bb178a9e,0,1,1,0.5,0.5,50,128,256,128,64,0.0001,0.0,0.002,5,5,5,1,4.253334644088745,4.367301219336066,25.131999999999998,30.381476593477146,60.912,20.84058828344344,,,,,,,,,,,,,3.965214121704102,3.710901482044575,25.328,31.244579049812785,61.238,20.92674174352042,,,,,,,,,,,,,,,,,,,,,,,,,,,,,32.62541960617527,9.983461642123807
mnist,classification,aptx_relu,APTx Neuron + ReLU,13f7bb178a9e,0,1,1,0.5,0.5,50,128,256,128,64,0.0001,0.0,0.003,5,5,5,1,4.421499550857544,4.741135975874061,25.615999999999996,31.56433557038703,60.748000000000005,21.255933759776354,,,,,,,,,,,,,4.149008511581421,3.8475106296757646,25.772000000000002,32.24857237150197,61.267999999999994,21.155400492545635,,,,,,,,,,,,,,,,,,,,,,,,,,,,,27.375896759005265,3.974220534498534
mnist,classification,aptx_relu_field,APTx Neuron + ReLU + Lambda-Psi,b15594cd4abc,1,1,1,0.5,0.5,50,128,256,128,64,0.0001,0.0,0.0003,5,5,5,1,0.1825762517166138,0.02876402603301431,94.75999999999999,0.7906958960308367,99.752,0.1269645619848285,,,,,,,,,,,,,0.1508163530522585,0.026860353816879023,95.314,0.8085975513195707,99.86800000000001,0.03271085446759791,,,,,,,,,,,,,0.6114189267158509,0.027574980316425437,0.6075558423995971,0.01938725208723398,0.621049427986145,0.02791481291107691,0.5958200812339782,0.01671164103582874,0.6213611960411072,0.030187720700137703,0.593991506099701,0.011734792804803091,0.5997021079063416,0.04531432894622984,0.5994954109191895,0.04653562692540756,278.4937365074176,24.82795862122823
mnist,classification,aptx_relu_field,APTx Neuron + ReLU + Lambda-Psi,b15594cd4abc,1,1,1,0.5,0.5,50,128,256,128,64,0.0001,0.0,0.0005,5,5,5,1,0.1382786719417572,0.02543535315895567,95.99199999999999,0.7500133332148148,99.88,0.07071067811865274,,,,,,,,,,,,,0.1147665347775817,0.016734646153260094,96.394,0.5355651220906725,99.92999999999999,0.029154759474225578,,,,,,,,,,,,,0.6134886741638184,0.03366083988598314,0.5845485687255859,0.023471918218522035,0.6237520337104797,0.035043349550671746,0.5860958933830261,0.015607882930999753,0.6277551889419556,0.03787804786221232,0.5818503379821778,0.010631742638819828,0.5992237567901612,0.05771379831099543,0.5999775409698487,0.061223815820073454,237.4417380901985,45.85910426979994
mnist,classification,aptx_relu_field,APTx Neuron + ReLU + Lambda-Psi,b15594cd4abc,1,1,1,0.5,0.5,50,128,256,128,64,0.0001,0.0,0.001,5,5,5,1,0.09264856365919114,0.019127672012468934,97.332,0.5700175435896679,99.97200000000001,0.010954451150101142,,,,,,,,,,,,,0.0776350570461899,0.012074633713107316,97.518,0.3991490949507457,99.96000000000001,0.015811388300843245,,,,,,,,,,,,,0.637251615524292,0.03879775463931514,0.5182396590709686,0.01648372167371819,0.6538233637809754,0.042205110225386366,0.5605671644210816,0.01157823814840041,0.6646746277809144,0.039661856686555405,0.5529937505722046,0.019311832481772033,0.6080681681632996,0.07880906813291813,0.6100430011749267,0.08427077778484333,223.47119096717796,60.52458206123272
mnist,classification,aptx_relu_field,APTx Neuron + ReLU + Lambda-Psi,b15594cd4abc,1,1,1,0.5,0.5,50,128,256,128,64,0.0001,0.0,0.002,5,5,5,1,0.07200236867785453,0.011576654875329594,97.9,0.3026549190084348,99.976,0.0433589667773552,,,,,,,,,,,,,0.06224496023040264,0.01320697043000265,98.02000000000001,0.3858756276314929,99.964,0.029664793948379384,,,,,,,,,,,,,0.677569854259491,0.038101309056888584,0.40958415269851683,0.014700967055256446,0.7081216454505921,0.05235094939510231,0.506615287065506,0.040821111409358776,0.7170538544654846,0.04511744978162929,0.5046845018863678,0.01846199638620908,0.6449775338172913,0.078051801348952,0.6484510898590088,0.08284592355227148,214.97037965944037,54.447177167440316
mnist,classification,aptx_relu_field,APTx Neuron + ReLU + Lambda-Psi,b15594cd4abc,1,1,1,0.5,0.5,50,128,256,128,64,0.0001,0.0,0.003,5,5,5,1,0.06663228668808938,0.005651642575072594,98.04400000000001,0.2206354459283484,99.97200000000001,0.02280350850198321,,,,,,,,,,,,,0.05849319574210793,0.005956561463153146,98.15,0.16477257053283842,99.97,0.00999999999999801,,,,,,,,,,,,,0.6979519963264466,0.028654329384839507,0.32645447850227355,0.040810210065367995,0.7338854193687439,0.04372451993028255,0.46129119396209717,0.04507345085614162,0.762092137336731,0.03662846807802706,0.473132449388504,0.06047484050539297,0.6753076314926147,0.07322076931733021,0.6787478685379028,0.07941634315807401,191.49285478047096,38.05906767085296
mnist,classification,traditional,Traditional neuron,6629765b4ca2,0,1,1,0.5,0.5,50,128,256,128,64,0.0001,0.0,0.0003,5,5,5,1,0.4934985532379151,0.002636635302344973,86.584,0.25667099563449075,99.0,0.04242640687118943,,,,,,,,,,,,,0.4572910175752639,0.003915837494490944,87.484,0.19488458122693805,99.248,0.08927485648266487,,,,,,,,,,,,,,,,,,,,,,,,,,,,,36.42307049771771,15.95380133099857
mnist,classification,traditional,Traditional neuron,6629765b4ca2,0,1,1,0.5,0.5,50,128,256,128,64,0.0001,0.0,0.0005,5,5,5,1,0.5000852632522583,0.0070781087512744685,86.32000000000001,0.37973675092095166,98.96000000000001,0.04242640687119111,,,,,,,,,,,,,0.4645603446674347,0.010159816198189698,87.328,0.3168122472380145,99.24600000000001,0.0676756972627503,,,,,,,,,,,,,,,,,,,,,,,,,,,,,45.669232624350116,9.288243068175836
mnist,classification,traditional,Traditional neuron,6629765b4ca2,0,1,1,0.5,0.5,50,128,256,128,64,0.0001,0.0,0.001,5,5,5,1,0.5112596295928955,0.010608451471007408,86.328,0.4380867494001594,98.94800000000001,0.06723094525588427,,,,,,,,,,,,,0.47786449871540065,0.014294148532920834,86.982,0.5080059054774857,99.208,0.0712039324756713,,,,,,,,,,,,,,,,,,,,,,,,,,,,,36.46042197542265,10.853068324702265
mnist,classification,traditional,Traditional neuron,6629765b4ca2,0,1,1,0.5,0.5,50,128,256,128,64,0.0001,0.0,0.002,5,5,5,1,0.5172120228767396,0.006235582551967659,86.03999999999999,0.3712142238654083,98.964,0.08763560920082747,,,,,,,,,,,,,0.48209945241451263,0.00887765524906861,87.05,0.19196353820452552,99.21000000000001,0.0868907359849129,,,,,,,,,,,,,,,,,,,,,,,,,,,,,46.38764781043865,8.928683397927287
mnist,classification,traditional,Traditional neuron,6629765b4ca2,0,1,1,0.5,0.5,50,128,256,128,64,0.0001,0.0,0.003,5,5,5,1,0.5186925371837616,0.015545962725910512,85.768,0.36840195439221124,98.952,0.08671793355471762,,,,,,,,,,,,,0.4848952917671204,0.01661807251453708,86.824,0.4050678955434474,99.18199999999999,0.07190271204899466,,,,,,,,,,,,,,,,,,,,,,,,,,,,,47.89907382805832,10.382790489965906
mnist,classification,traditional_field,Traditional neuron + Lambda-Psi,e49840a0c644,1,1,1,0.5,0.5,50,128,256,128,64,0.0001,0.0,0.0003,5,5,5,1,0.3206919853305817,0.12310683865957592,91.324,3.3555446651773235,99.372,0.3445576874777287,,,,,,,,,,,,,0.2918739418721199,0.11757838348348847,92.268,3.4529653922389683,99.56199999999998,0.2211786608151895,,,,,,,,,,,,,0.6676260948181152,0.1543219792182862,0.348828387260437,0.06822785319848154,0.4093807220458984,0.02658140855361551,0.34894137382507323,0.06420243529920433,0.36600388288497926,0.05766225420239129,0.33843992948532103,0.07106968122391188,0.35989145636558534,0.06639209433257191,0.37356104850769045,0.061952012066981164,190.6354284146335,98.80046716858594
mnist,classification,traditional_field,Traditional neuron + Lambda-Psi,e49840a0c644,1,1,1,0.5,0.5,50,128,256,128,64,0.0001,0.0,0.0005,5,5,5,1,0.08244565681457519,0.00419739879561527,97.412,0.16769019053003092,99.944,0.016733200530684975,,,,,,,,,,,,,0.06797679707720876,0.0017827879342724449,97.796,0.07635443667528186,99.97,0.015811388300838752,,,,,,,,,,,,,0.9106305718421936,0.0052139097088259425,0.2237231343984604,0.008171320195951846,0.3481757819652557,0.005906316586916315,0.23317294716835021,0.007102815206851229,0.251340851187706,0.004045103483236132,0.20830026865005494,0.004596017283824216,0.232126846909523,0.003288507500895943,0.24936113953590394,0.0021393646289403507,252.62261226535776,9.156489589606483
mnist,classification,traditional_field,Traditional neuron + Lambda-Psi,e49840a0c644,1,1,1,0.5,0.5,50,128,256,128,64,0.0001,0.0,0.001,5,5,5,1,0.05607496350049972,0.003725627558837956,98.376,0.06693280212273099,99.992,0.010954451150101142,,,,,,,,,,,,,0.04626124692488462,0.0038620557179821473,98.49600000000001,0.15836666315863326,99.986,0.015165750888103364,,,,,,,,,,,,,0.9823440670967102,0.0025697504796468383,0.22507297694683076,0.004446120562676018,0.37070860862731936,0.005177250174861984,0.23441738188266753,0.012852611923876487,0.26498634219169614,0.008475677699951173,0.2107184886932373,0.009075363805812696,0.2431262731552124,0.007814609529311676,0.2667593777179718,0.009089941671808021,218.9552371839527,36.29314291118651
mnist,classification,traditional_field,Traditional neuron + Lambda-Psi,e49840a0c644,1,1,1,0.5,0.5,50,128,256,128,64,0.0001,0.0,0.002,5,5,5,1,0.057298642644286156,0.012349425066985806,98.384,0.3281463088318998,99.98400000000001,0.016733200530678182,,,,,,,,,,,,,0.04946154735939577,0.006982907496962221,98.386,0.33426037755019494,99.99,0.0070710678118640685,,,,,,,,,,,,,0.996218454837799,0.0018091355439488989,0.2854100227355957,0.014276081988075739,0.4529915750026703,0.009942150017598636,0.28227968215942384,0.015185573470635432,0.347526478767395,0.008071290698982296,0.2631454885005951,0.010027120776138761,0.3181707262992859,0.005593750211450304,0.3542368471622467,0.005636654146527646,201.91442254805006,66.35243838759163
mnist,classification,traditional_field,Traditional neuron + Lambda-Psi,e49840a0c644,1,1,1,0.5,0.5,50,128,256,128,64,0.0001,0.0,0.003,5,5,5,1,0.05557038085252046,0.01567566760588464,98.34,0.5112729212465701,99.99600000000001,0.00894427190999738,,,,,,,,,,,,,0.05109681356165559,0.010727149549378125,98.36800000000001,0.3152300747073505,99.984,0.013416407864992892,,,,,,,,,,,,,0.9985345363616943,0.0007393200476111699,0.32411945462226865,0.01777823911413201,0.5610265493392944,0.029875011933252392,0.3180648505687714,0.011395290213724523,0.4317253351211548,0.021448363353116538,0.3004930138587952,0.004194930418603041,0.3747412502765656,0.0030596760106249023,0.4255869150161743,0.005993357876714296,230.8581140261609,71.76735252439498
mnist,classification,traditional_field_relu,Traditional neuron + Lambda-Psi + ReLU,73516d529c1e,1,1,1,0.5,0.5,50,128,256,128,64,0.0001,0.0,0.0003,5,5,5,1,0.07936871181488038,0.006182613068978125,97.61600000000001,0.12521980673998645,99.956,0.021908902300208123,,,,,,,,,,,,,0.06754721566796303,0.005431520101515967,97.786,0.16133815419794473,99.978,0.013038404810400524,,,,,,,,,,,,,0.30282521843910215,0.004041101143379442,0.29249430894851686,0.004610672807139418,0.30068297386169435,0.004278260147978386,0.3441633701324463,0.00981739440527452,0.2931561231613159,0.004076245093157658,0.3281554698944092,0.013911758291166637,0.2945737361907959,0.0033577547793676265,0.294221967458725,0.004004751931541292,233.8699969176203,22.548142174564802
mnist,classification,traditional_field_relu,Traditional neuron + Lambda-Psi + ReLU,73516d529c1e,1,1,1,0.5,0.5,50,128,256,128,64,0.0001,0.0,0.0005,5,5,5,1,0.06344169097185134,0.005535710368645169,98.048,0.08786353054594967,99.98400000000001,0.016733200530678182,,,,,,,,,,,,,0.05237334369648248,0.003796770403646017,98.304,0.15109599597606643,99.982,0.004472135954995512,,,,,,,,,,,,,0.2909321904182434,0.008915493532550747,0.28494333028793334,0.010049848205181617,0.30060555338859557,0.007122865336747203,0.3312937021255493,0.005737521746224787,0.2897397458553314,0.007933387893670905,0.31953996419906616,0.00887337309244161,0.284606409072876,0.008075086336733012,0.2908619403839111,0.007650968620254731,199.80013850582765,48.828825842949335
mnist,classification,traditional_field_relu,Traditional neuron + Lambda-Psi + ReLU,73516d529c1e,1,1,1,0.5,0.5,50,128,256,128,64,0.0001,0.0,0.001,5,5,5,1,0.05440325202643871,0.009890038673319668,98.44000000000001,0.26532998322843276,99.992,0.010954451150101142,,,,,,,,,,,,,0.04718505652613938,0.006214643635987476,98.45,0.26057628441590697,99.99199999999999,0.004472135955001867,,,,,,,,,,,,,0.2791456937789917,0.011128246486555714,0.3084747552871704,0.004616608909542838,0.30701249837875366,0.0076577078738223805,0.3166836977005005,0.012622663832882451,0.2969228744506836,0.008472193330084305,0.3133039355278015,0.015838121396485286,0.28086708188056947,0.012875597039854664,0.29889097809791565,0.010786631912913585,157.16588606280274,39.383027430037885
mnist,classification,traditional_field_relu,Traditional neuron + Lambda-Psi + ReLU,73516d529c1e,1,1,1,0.5,0.5,50,128,256,128,64,0.0001,0.0,0.002,5,5,5,1,0.04700160115219652,0.004904610180027573,98.784,0.1796663574518059,99.992,0.010954451150101142,,,,,,,,,,,,,0.04023470827081357,0.004700183403003689,98.718,0.16115210206509925,99.99199999999999,0.004472135955001867,,,,,,,,,,,,,0.3214899480342865,0.011977556596476075,0.36545342206954956,0.004920535542621087,0.36459137201309205,0.009621954751392872,0.35357192158699036,0.012405745340497926,0.3497441053390503,0.00965465795280909,0.33834355473518374,0.008226745913639685,0.32594541907310487,0.009429090275978567,0.33883011937141416,0.010064089079808993,172.88859607242048,49.20689635537079
mnist,classification,traditional_field_relu,Traditional neuron + Lambda-Psi + ReLU,73516d529c1e,1,1,1,0.5,0.5,50,128,256,128,64,0.0001,0.0,0.003,5,5,5,1,0.05182478791207075,0.008772169109499685,98.62,0.27784887978899014,99.976,0.016733200530678182,,,,,,,,,,,,,0.04670500679177232,0.008201557785367575,98.546,0.33231009614515294,99.982,0.013038404810404884,,,,,,,,,,,,,0.3942437469959259,0.015420936585684185,0.4051752626895905,0.008929861069937772,0.4405552983283997,0.021595248589119938,0.3915683627128601,0.01150164659885434,0.4192695260047913,0.020010262235266484,0.3788891077041626,0.006132471206965574,0.3814667105674744,0.013104153004828445,0.3764434278011322,0.0044742559396442685,137.88958496595734,47.86406497334256
mnist,classification,traditional_relu,Traditional neuron + ReLU,a301c99ce757,0,1,1,0.5,0.5,50,128,256,128,64,0.0001,0.0,0.0003,5,5,5,1,0.049747331569790845,0.006182605736038758,98.556,0.13813037319865368,99.99600000000001,0.00894427190999738,,,,,,,,,,,,,0.04218269819674082,0.00489816548584716,98.622,0.15927962832703568,99.99,0.0070710678118640685,,,,,,,,,,,,,,,,,,,,,,,,,,,,,138.84705634848214,30.581385805545573
mnist,classification,traditional_relu,Traditional neuron + ReLU,a301c99ce757,0,1,1,0.5,0.5,50,128,256,128,64,0.0001,0.0,0.0005,5,5,5,1,0.042668986493349076,0.0072383283434596735,98.76,0.1838477631084998,99.99600000000001,0.00894427190999738,,,,,,,,,,,,,0.04032113934537396,0.004089316229905462,98.71,0.14230249470757447,99.986,0.00547722557504668,,,,,,,,,,,,,,,,,,,,,,,,,,,,,128.88025719723663,23.506693476598898
mnist,classification,traditional_relu,Traditional neuron + ReLU,a301c99ce757,0,1,1,0.5,0.5,50,128,256,128,64,0.0001,0.0,0.001,5,5,5,1,0.04418991053596139,0.005269917164058071,98.86800000000001,0.11009087155617964,99.992,0.010954451150101142,,,,,,,,,,,,,0.041559525994216674,0.006595446901672923,98.69800000000001,0.158492902049272,99.994,0.005477225575054463,,,,,,,,,,,,,,,,,,,,,,,,,,,,,143.23069175225683,22.786291030874008
mnist,classification,traditional_relu,Traditional neuron + ReLU,a301c99ce757,0,1,1,0.5,0.5,50,128,256,128,64,0.0001,0.0,0.002,5,5,5,1,0.05342000929579138,0.005952019797551248,98.6,0.2158703314492269,99.98400000000001,0.00894427190999738,,,,,,,,,,,,,0.051009849001134276,0.006147766929805846,98.546,0.26340083523026286,99.97200000000001,0.004472135955001867,,,,,,,,,,,,,,,,,,,,,,,,,,,,,111.79384717824868,42.63222816951803
mnist,classification,traditional_relu,Traditional neuron + ReLU,a301c99ce757,0,1,1,0.5,0.5,50,128,256,128,64,0.0001,0.0,0.003,5,5,5,1,0.047147850188612936,0.007895867852668232,98.848,0.15466091943345195,99.96400000000001,0.00894427190999738,,,,,,,,,,,,,0.045567429342940155,0.007510827758726237,98.688,0.20559669258040053,99.97200000000001,0.019235384061669733,,,,,,,,,,,,,,,,,,,,,,,,,,,,,147.4941125410609,32.551803567634636
mnist,classification,traditional_relu_field,Traditional neuron + ReLU + Lambda-Psi,4aeca21cea2c,1,1,1,0.5,0.5,50,128,256,128,64,0.0001,0.0,0.0003,5,5,5,1,0.09307239298343659,0.006588908278310814,97.172,0.16887865466067697,99.928,0.02280350850198321,,,,,,,,,,,,,0.08273671030327678,0.0063403333662446085,97.33399999999999,0.18036074961032797,99.97,0.012247448713910553,,,,,,,,,,,,,0.2718875467777252,0.004827253518615466,0.3534443736076355,0.017556015783717377,0.26510700583457947,0.0033525019425528877,0.3132226765155792,0.010901810723294793,0.2652767837047577,0.0032389188941077253,0.29526081681251526,0.013118139886258416,0.2763743162155151,0.003965518670420845,0.27578696608543396,0.003084330716428672,249.73712672642432,16.272039798283323
mnist,classification,traditional_relu_field,Traditional neuron + ReLU + Lambda-Psi,4aeca21cea2c,1,1,1,0.5,0.5,50,128,256,128,64,0.0001,0.0,0.0005,5,5,5,1,0.06803273811340331,0.002506108250600898,97.99600000000001,0.09939818911831137,99.976,0.016733200530678182,,,,,,,,,,,,,0.06015692008312792,0.003060178772155589,98.048,0.12597618822618672,99.982,0.008366600265338241,,,,,,,,,,,,,0.25785948634147643,0.0033185264607617487,0.33162368535995485,0.019880839793993146,0.2547664701938629,0.006740041427803072,0.27900566458702086,0.01143630239051186,0.2539325743913651,0.006158591037785764,0.2670228183269501,0.018877597904936316,0.2624704003334045,0.005535354778615456,0.26619707345962523,0.007151281579256632,225.03337732544168,22.35649888052784
mnist,classification,traditional_relu_field,Traditional neuron + ReLU + Lambda-Psi,4aeca21cea2c,1,1,1,0.5,0.5,50,128,256,128,64,0.0001,0.0,0.001,5,5,5,1,0.053825662227571014,0.011060104890513666,98.492,0.19524343778984968,99.976,0.016733200530678182,,,,,,,,,,,,,0.04806794109474867,0.009808867009121985,98.45,0.31184932259025344,99.97200000000001,0.02280350850198321,,,,,,,,,,,,,0.24275657236576081,0.013421799810853723,0.30278565287590026,0.014750560224529252,0.2690186858177185,0.009980871742117457,0.22849268913269044,0.01557662499110804,0.2693374514579773,0.00958915783228644,0.22947627305984497,0.016683508518165684,0.27139490842819214,0.009719715121294393,0.28901129961013794,0.012848457448175313,192.87921174257062,53.94900182399054
mnist,classification,traditional_relu_field,Traditional neuron + ReLU + Lambda-Psi,4aeca21cea2c,1,1,1,0.5,0.5,50,128,256,128,64,0.0001,0.0,0.002,5,5,5,1,0.04876769391298294,0.006668736265420569,98.684,0.29711950457686176,99.98400000000001,0.016733200530678182,,,,,,,,,,,,,0.04147187392435735,0.004165776194558068,98.674,0.20574255758106738,99.988,0.004472135954995512,,,,,,,,,,,,,0.2076886534690857,0.015607491837304088,0.2266858398914337,0.02513395080417734,0.33904014229774476,0.016916824864700787,0.1640637069940567,0.013059430255030906,0.3490708351135254,0.022278554734672315,0.18758584558963776,0.01843735361913519,0.3665871560573578,0.017751896349148498,0.38608778119087217,0.019661420646806836,202.16569196460767,49.15437103213735
mnist,classification,traditional_relu_field,Traditional neuron + ReLU + Lambda-Psi,4aeca21cea2c,1,1,1,0.5,0.5,50,128,256,128,64,0.0001,0.0,0.003,5,5,5,1,0.04525306447640061,0.0028353685497965243,98.756,0.09208691546576828,99.988,0.010954451150101142,,,,,,,,,,,,,0.03981078623350244,0.0027560912040997523,98.732,0.09444575162493957,99.98400000000001,0.016733200530678182,,,,,,,,,,,,,0.18841132521629333,0.010084780054324779,0.158736976981163,0.022629898561268402,0.44429285526275636,0.010104881729021022,0.12568797171115875,0.010514456863042159,0.46883382797241213,0.012795356413857524,0.16134140491485596,0.009938518284085988,0.5011719405651093,0.006932361789375503,0.5029735565185547,0.011453895665847891,204.77345444457606,35.8681418303616
