run_id,config_hash,source_fingerprint,torch_version,torchvision_version,sklearn_version,numpy_version,amp,num_workers,timestamp_utc,status,error,dataset,task_type,variant,variant_label,base_neuron,uses_field,relu_position,field_on_output,is_alpha_trainable,use_delta_or_bias,lambda_init,psi_init,seed,split_seed,lr_initial,weight_decay,label_smoothing,epochs_requested,epochs_ran,best_epoch,patience,min_delta,batch_size,hidden_1,hidden_2,hidden_3,total_parameters,trainable_parameters,train_seconds,device,checkpoint_path,best_val_loss,best_val_accuracy_pct,best_val_top5_accuracy_pct,best_val_mse,best_val_rmse,best_val_rmse_usd,best_val_mae,best_val_mae_usd,best_val_r2,test_loss,test_accuracy_pct,test_top5_accuracy_pct,test_mse,test_rmse,test_rmse_usd,test_mae,test_mae_usd,test_r2,field1_lambda,field1_psi,field2_lambda,field2_psi,field3_lambda,field3_psi,output_lambda,output_psi
mnist__traditional_field__seed0__lr0p0003__cfg9d758a22d740,9d758a22d740,96b354dd2d4cd04c,2.12.1+cu130,0.27.1+cu130,1.9.0,2.5.2,0,4,2026-08-27T06:59:34.887574+00:00,ok,,mnist,classification,traditional_field,Traditional neuron + Lambda-Psi,traditional,1,none,0,1,1,0.5,0.5,0,2026,0.0003,0.0001,0.0,50,50,50,5,0.0001,128,256,128,64,242768,242768,234.8352726039011,cuda,./results/lambda_psi_hidden_only/checkpoints/mnist/traditional_field/mnist__traditional_field__seed0__lr0p0003__cfg9d758a22d740.pt,0.14650103316307067,95.76,99.88,,,,,,,0.12684043475985526,96.44,99.87,,,,,,,0.8103404641151428,0.2874215841293335,0.40313053131103516,0.25913044810295105,0.3288247585296631,0.24944207072257996,,
mnist__traditional_field__seed1__lr0p0003__cfg9d758a22d740,9d758a22d740,96b354dd2d4cd04c,2.12.1+cu130,0.27.1+cu130,1.9.0,2.5.2,0,4,2026-08-27T07:00:43.107696+00:00,ok,,mnist,classification,traditional_field,Traditional neuron + Lambda-Psi,traditional,1,none,0,1,1,0.5,0.5,1,2026,0.0003,0.0001,0.0,50,14,9,5,0.0001,128,256,128,64,242768,242768,66.6998772660736,cuda,./results/lambda_psi_hidden_only/checkpoints/mnist/traditional_field/mnist__traditional_field__seed1__lr0p0003__cfg9d758a22d740.pt,0.44720147094726564,88.0,99.16,,,,,,,0.4125606840372086,88.86,99.28,,,,,,,0.5166006088256836,0.43844082951545715,0.4719516336917877,0.438022255897522,0.45960986614227295,0.43351075053215027,,
mnist__traditional_field__seed2__lr0p0003__cfg9d758a22d740,9d758a22d740,96b354dd2d4cd04c,2.12.1+cu130,0.27.1+cu130,1.9.0,2.5.2,0,4,2026-08-27T07:04:45.351751+00:00,ok,,mnist,classification,traditional_field,Traditional neuron + Lambda-Psi,traditional,1,none,0,1,1,0.5,0.5,2,2026,0.0003,0.0001,0.0,50,50,45,5,0.0001,128,256,128,64,242768,242768,240.7305249418132,cuda,./results/lambda_psi_hidden_only/checkpoints/mnist/traditional_field/mnist__traditional_field__seed2__lr0p0003__cfg9d758a22d740.pt,0.1563327097415924,95.84,99.88,,,,,,,0.13339634587168694,96.31,99.83999999999999,,,,,,,0.7957059741020203,0.25763022899627686,0.430550754070282,0.2657696604728699,0.32517653703689575,0.2506054639816284,,
mnist__traditional_field__seed3__lr0p0003__cfg9d758a22d740,9d758a22d740,96b354dd2d4cd04c,2.12.1+cu130,0.27.1+cu130,1.9.0,2.5.2,0,4,2026-08-27T07:05:35.339262+00:00,ok,,mnist,classification,traditional_field,Traditional neuron + Lambda-Psi,traditional,1,none,0,1,1,0.5,0.5,3,2026,0.0003,0.0001,0.0,50,10,5,5,0.0001,128,256,128,64,242768,242768,48.47463694703765,cuda,./results/lambda_psi_hidden_only/checkpoints/mnist/traditional_field/mnist__traditional_field__seed3__lr0p0003__cfg9d758a22d740.pt,0.4692797749519348,87.42,99.03999999999999,,,,,,,0.42963420627117155,88.34,99.3,,,,,,,0.4776788353919983,0.4523223340511322,0.4622289538383484,0.4505756199359894,0.4604475200176239,0.44991955161094666,,
mnist__traditional_field__seed4__lr0p0003__cfg9d758a22d740,9d758a22d740,96b354dd2d4cd04c,2.12.1+cu130,0.27.1+cu130,1.9.0,2.5.2,0,4,2026-08-27T07:06:33.807788+00:00,ok,,mnist,classification,traditional_field,Traditional neuron + Lambda-Psi,traditional,1,none,0,1,1,0.5,0.5,4,2026,0.0003,0.0001,0.0,50,12,7,5,0.0001,128,256,128,64,242768,242768,57.026982785901055,cuda,./results/lambda_psi_hidden_only/checkpoints/mnist/traditional_field/mnist__traditional_field__seed4__lr0p0003__cfg9d758a22d740.pt,0.4525961759567261,88.02,99.16,,,,,,,0.41691016612052917,88.82,99.32,,,,,,,0.4947996735572815,0.44519442319869995,0.4666525721549988,0.44269809126853943,0.4610114097595215,0.44156065583229065,,
mnist__traditional_field__seed0__lr0p0005__cfg9d758a22d740,9d758a22d740,96b354dd2d4cd04c,2.12.1+cu130,0.27.1+cu130,1.9.0,2.5.2,0,4,2026-08-27T07:10:05.907558+00:00,ok,,mnist,classification,traditional_field,Traditional neuron + Lambda-Psi,traditional,1,none,0,1,1,0.5,0.5,0,2026,0.0005,0.0001,0.0,50,45,40,5,0.0001,128,256,128,64,242768,242768,210.71012820699252,cuda,./results/lambda_psi_hidden_only/checkpoints/mnist/traditional_field/mnist__traditional_field__seed0__lr0p0005__cfg9d758a22d740.pt,0.07390962748527527,97.7,99.98,,,,,,,0.060135260950773956,98.03,99.96000000000001,,,,,,,0.9170379042625427,0.23066705465316772,0.40311968326568604,0.21455009281635284,0.2979694902896881,0.2051936388015747,,
mnist__traditional_field__seed1__lr0p0005__cfg9d758a22d740,9d758a22d740,96b354dd2d4cd04c,2.12.1+cu130,0.27.1+cu130,1.9.0,2.5.2,0,4,2026-08-27T07:13:37.012737+00:00,ok,,mnist,classification,traditional_field,Traditional neuron + Lambda-Psi,traditional,1,none,0,1,1,0.5,0.5,1,2026,0.0005,0.0001,0.0,50,44,39,5,0.0001,128,256,128,64,242768,242768,209.64185134507716,cuda,./results/lambda_psi_hidden_only/checkpoints/mnist/traditional_field/mnist__traditional_field__seed1__lr0p0005__cfg9d758a22d740.pt,0.07441606497764587,97.8,99.94,,,,,,,0.06161177079379559,98.09,99.99,,,,,,,0.9153707027435303,0.21041972935199738,0.4271645247936249,0.22373521327972412,0.29536572098731995,0.20699971914291382,,
mnist__traditional_field__seed2__lr0p0005__cfg9d758a22d740,9d758a22d740,96b354dd2d4cd04c,2.12.1+cu130,0.27.1+cu130,1.9.0,2.5.2,0,4,2026-08-27T07:17:11.036016+00:00,ok,,mnist,classification,traditional_field,Traditional neuron + Lambda-Psi,traditional,1,none,0,1,1,0.5,0.5,2,2026,0.0005,0.0001,0.0,50,45,40,5,0.0001,128,256,128,64,242768,242768,212.554775465047,cuda,./results/lambda_psi_hidden_only/checkpoints/mnist/traditional_field/mnist__traditional_field__seed2__lr0p0005__cfg9d758a22d740.pt,0.06846579604148864,97.86,99.98,,,,,,,0.056983576010912654,98.14,99.95,,,,,,,0.9123697876930237,0.20571008324623108,0.41671988368034363,0.2158222794532776,0.28547772765159607,0.2009761482477188,,
mnist__traditional_field__seed3__lr0p0005__cfg9d758a22d740,9d758a22d740,96b354dd2d4cd04c,2.12.1+cu130,0.27.1+cu130,1.9.0,2.5.2,0,4,2026-08-27T07:21:10.045299+00:00,ok,,mnist,classification,traditional_field,Traditional neuron + Lambda-Psi,traditional,1,none,0,1,1,0.5,0.5,3,2026,0.0005,0.0001,0.0,50,50,48,5,0.0001,128,256,128,64,242768,242768,237.5142024459783,cuda,./results/lambda_psi_hidden_only/checkpoints/mnist/traditional_field/mnist__traditional_field__seed3__lr0p0005__cfg9d758a22d740.pt,0.07150334367752076,97.8,99.94,,,,,,,0.05750230732113123,98.1,99.95,,,,,,,0.9107741713523865,0.223179429769516,0.4276364743709564,0.21454283595085144,0.28849709033966064,0.1960044503211975,,
mnist__traditional_field__seed4__lr0p0005__cfg9d758a22d740,9d758a22d740,96b354dd2d4cd04c,2.12.1+cu130,0.27.1+cu130,1.9.0,2.5.2,0,4,2026-08-27T07:25:04.085523+00:00,ok,,mnist,classification,traditional_field,Traditional neuron + Lambda-Psi,traditional,1,none,0,1,1,0.5,0.5,4,2026,0.0005,0.0001,0.0,50,50,47,5,0.0001,128,256,128,64,242768,242768,232.53669075784273,cuda,./results/lambda_psi_hidden_only/checkpoints/mnist/traditional_field/mnist__traditional_field__seed4__lr0p0005__cfg9d758a22d740.pt,0.07096810715198516,97.86,99.98,,,,,,,0.05833837056010961,97.97,99.97,,,,,,,0.9183657169342041,0.22028324007987976,0.43349573016166687,0.22193385660648346,0.2848472595214844,0.18993309140205383,,
mnist__traditional_field__seed0__lr0p001__cfg9d758a22d740,9d758a22d740,96b354dd2d4cd04c,2.12.1+cu130,0.27.1+cu130,1.9.0,2.5.2,0,4,2026-08-27T07:28:37.531072+00:00,ok,,mnist,classification,traditional_field,Traditional neuron + Lambda-Psi,traditional,1,none,0,1,1,0.5,0.5,0,2026,0.001,0.0001,0.0,50,45,40,5,0.0001,128,256,128,64,242768,242768,212.0154911549762,cuda,./results/lambda_psi_hidden_only/checkpoints/mnist/traditional_field/mnist__traditional_field__seed0__lr0p001__cfg9d758a22d740.pt,0.048461249375343324,98.6,99.98,,,,,,,0.03960561848264187,98.75,99.99,,,,,,,0.9834981560707092,0.23329108953475952,0.4686163365840912,0.22558586299419403,0.342156320810318,0.2166644036769867,,
mnist__traditional_field__seed1__lr0p001__cfg9d758a22d740,9d758a22d740,96b354dd2d4cd04c,2.12.1+cu130,0.27.1+cu130,1.9.0,2.5.2,0,4,2026-08-27T07:32:35.994794+00:00,ok,,mnist,classification,traditional_field,Traditional neuron + Lambda-Psi,traditional,1,none,0,1,1,0.5,0.5,1,2026,0.001,0.0001,0.0,50,50,48,5,0.0001,128,256,128,64,242768,242768,237.02040996891446,cuda,./results/lambda_psi_hidden_only/checkpoints/mnist/traditional_field/mnist__traditional_field__seed1__lr0p001__cfg9d758a22d740.pt,0.04924330191910267,98.4,100.0,,,,,,,0.040628347453847524,98.7,99.98,,,,,,,0.9838692545890808,0.22100700438022614,0.47979065775871277,0.23566879332065582,0.33075839281082153,0.2090834379196167,,
mnist__traditional_field__seed2__lr0p001__cfg9d758a22d740,9d758a22d740,96b354dd2d4cd04c,2.12.1+cu130,0.27.1+cu130,1.9.0,2.5.2,0,4,2026-08-27T07:34:55.394522+00:00,ok,,mnist,classification,traditional_field,Traditional neuron + Lambda-Psi,traditional,1,none,0,1,1,0.5,0.5,2,2026,0.001,0.0001,0.0,50,29,24,5,0.0001,128,256,128,64,242768,242768,137.91388167906553,cuda,./results/lambda_psi_hidden_only/checkpoints/mnist/traditional_field/mnist__traditional_field__seed2__lr0p001__cfg9d758a22d740.pt,0.0593808382153511,98.11999999999999,100.0,,,,,,,0.05483658430315554,98.31,99.94,,,,,,,0.9784085750579834,0.2448706179857254,0.46717575192451477,0.2548290491104126,0.35513246059417725,0.24058577418327332,,
mnist__traditional_field__seed3__lr0p001__cfg9d758a22d740,9d758a22d740,96b354dd2d4cd04c,2.12.1+cu130,0.27.1+cu130,1.9.0,2.5.2,0,4,2026-08-27T07:37:36.798228+00:00,ok,,mnist,classification,traditional_field,Traditional neuron + Lambda-Psi,traditional,1,none,0,1,1,0.5,0.5,3,2026,0.001,0.0001,0.0,50,34,29,5,0.0001,128,256,128,64,242768,242768,159.92347076092847,cuda,./results/lambda_psi_hidden_only/checkpoints/mnist/traditional_field/mnist__traditional_field__seed3__lr0p001__cfg9d758a22d740.pt,0.055062627923488615,98.4,100.0,,,,,,,0.04605367068350315,98.45,99.99,,,,,,,0.9790815114974976,0.24619051814079285,0.49168404936790466,0.23942868411540985,0.3511804938316345,0.22601918876171112,,
mnist__traditional_field__seed4__lr0p001__cfg9d758a22d740,9d758a22d740,96b354dd2d4cd04c,2.12.1+cu130,0.27.1+cu130,1.9.0,2.5.2,0,4,2026-08-27T07:41:14.098608+00:00,ok,,mnist,classification,traditional_field,Traditional neuron + Lambda-Psi,traditional,1,none,0,1,1,0.5,0.5,4,2026,0.001,0.0001,0.0,50,44,39,5,0.0001,128,256,128,64,242768,242768,215.9273370881565,cuda,./results/lambda_psi_hidden_only/checkpoints/mnist/traditional_field/mnist__traditional_field__seed4__lr0p001__cfg9d758a22d740.pt,0.04524905065298081,98.58,99.98,,,,,,,0.040569591428339484,98.68,99.97,,,,,,,0.9858866930007935,0.23935167491436005,0.488315612077713,0.2271634191274643,0.32864490151405334,0.2010713815689087,,
mnist__traditional_field__seed0__lr0p002__cfg9d758a22d740,9d758a22d740,96b354dd2d4cd04c,2.12.1+cu130,0.27.1+cu130,1.9.0,2.5.2,0,4,2026-08-27T07:45:11.484647+00:00,ok,,mnist,classification,traditional_field,Traditional neuron + Lambda-Psi,traditional,1,none,0,1,1,0.5,0.5,0,2026,0.002,0.0001,0.0,50,50,48,5,0.0001,128,256,128,64,242768,242768,235.86723680095747,cuda,./results/lambda_psi_hidden_only/checkpoints/mnist/traditional_field/mnist__traditional_field__seed0__lr0p002__cfg9d758a22d740.pt,0.044910657742619514,98.78,99.98,,,,,,,0.04011101268976927,98.81,99.99,,,,,,,0.996975302696228,0.31060343980789185,0.604972243309021,0.29209938645362854,0.4944220185279846,0.28416678309440613,,
mnist__traditional_field__seed1__lr0p002__cfg9d758a22d740,9d758a22d740,96b354dd2d4cd04c,2.12.1+cu130,0.27.1+cu130,1.9.0,2.5.2,0,4,2026-08-27T07:48:07.804650+00:00,ok,,mnist,classification,traditional_field,Traditional neuron + Lambda-Psi,traditional,1,none,0,1,1,0.5,0.5,1,2026,0.002,0.0001,0.0,50,37,32,5,0.0001,128,256,128,64,242768,242768,174.88852167199366,cuda,./results/lambda_psi_hidden_only/checkpoints/mnist/traditional_field/mnist__traditional_field__seed1__lr0p002__cfg9d758a22d740.pt,0.05313732050657272,98.4,100.0,,,,,,,0.04556808383818716,98.47,99.98,,,,,,,0.9969854950904846,0.30233097076416016,0.6240044832229614,0.3184506297111511,0.49691134691238403,0.29963600635528564,,
mnist__traditional_field__seed2__lr0p002__cfg9d758a22d740,9d758a22d740,96b354dd2d4cd04c,2.12.1+cu130,0.27.1+cu130,1.9.0,2.5.2,0,4,2026-08-27T07:49:48.904787+00:00,ok,,mnist,classification,traditional_field,Traditional neuron + Lambda-Psi,traditional,1,none,0,1,1,0.5,0.5,2,2026,0.002,0.0001,0.0,50,21,16,5,0.0001,128,256,128,64,242768,242768,99.70028381003067,cuda,./results/lambda_psi_hidden_only/checkpoints/mnist/traditional_field/mnist__traditional_field__seed2__lr0p002__cfg9d758a22d740.pt,0.06692150263786316,97.86,99.96000000000001,,,,,,,0.05536386083625257,98.14,100.0,,,,,,,0.9936484694480896,0.31296253204345703,0.5684982538223267,0.3149643540382385,0.4704169034957886,0.29802218079566956,,
mnist__traditional_field__seed3__lr0p002__cfg9d758a22d740,9d758a22d740,96b354dd2d4cd04c,2.12.1+cu130,0.27.1+cu130,1.9.0,2.5.2,0,4,2026-08-27T07:53:28.400952+00:00,ok,,mnist,classification,traditional_field,Traditional neuron + Lambda-Psi,traditional,1,none,0,1,1,0.5,0.5,3,2026,0.002,0.0001,0.0,50,46,41,5,0.0001,128,256,128,64,242768,242768,218.0744277050253,cuda,./results/lambda_psi_hidden_only/checkpoints/mnist/traditional_field/mnist__traditional_field__seed3__lr0p002__cfg9d758a22d740.pt,0.046878243386745455,98.64,100.0,,,,,,,0.043627159037441014,98.66,99.99,,,,,,,0.996845543384552,0.291488379240036,0.613172173500061,0.2943802773952484,0.4988885819911957,0.28804025053977966,,
mnist__traditional_field__seed4__lr0p002__cfg9d758a22d740,9d758a22d740,96b354dd2d4cd04c,2.12.1+cu130,0.27.1+cu130,1.9.0,2.5.2,0,4,2026-08-27T07:56:15.600660+00:00,ok,,mnist,classification,traditional_field,Traditional neuron + Lambda-Psi,traditional,1,none,0,1,1,0.5,0.5,4,2026,0.002,0.0001,0.0,50,35,30,5,0.0001,128,256,128,64,242768,242768,165.77924742596224,cuda,./results/lambda_psi_hidden_only/checkpoints/mnist/traditional_field/mnist__traditional_field__seed4__lr0p002__cfg9d758a22d740.pt,0.053427376890182496,98.36,99.96000000000001,,,,,,,0.04561182118430734,98.37,100.0,,,,,,,0.9970523118972778,0.322650671005249,0.6049897074699402,0.30740460753440857,0.5102294087409973,0.307949423789978,,
mnist__traditional_field__seed0__lr0p003__cfg9d758a22d740,9d758a22d740,96b354dd2d4cd04c,2.12.1+cu130,0.27.1+cu130,1.9.0,2.5.2,0,4,2026-08-27T07:57:36.850219+00:00,ok,,mnist,classification,traditional_field,Traditional neuron + Lambda-Psi,traditional,1,none,0,1,1,0.5,0.5,0,2026,0.003,0.0001,0.0,50,17,12,5,0.0001,128,256,128,64,242768,242768,79.80684922379442,cuda,./results/lambda_psi_hidden_only/checkpoints/mnist/traditional_field/mnist__traditional_field__seed0__lr0p003__cfg9d758a22d740.pt,0.0792503615617752,97.6,99.94,,,,,,,0.07192465357258916,97.69,99.97,,,,,,,0.9961714148521423,0.3627944588661194,0.6797648072242737,0.3477381467819214,0.5578985214233398,0.333932101726532,,
mnist__traditional_field__seed1__lr0p003__cfg9d758a22d740,9d758a22d740,96b354dd2d4cd04c,2.12.1+cu130,0.27.1+cu130,1.9.0,2.5.2,0,4,2026-08-27T07:59:08.669781+00:00,ok,,mnist,classification,traditional_field,Traditional neuron + Lambda-Psi,traditional,1,none,0,1,1,0.5,0.5,1,2026,0.003,0.0001,0.0,50,19,14,5,0.0001,128,256,128,64,242768,242768,90.37664398900233,cuda,./results/lambda_psi_hidden_only/checkpoints/mnist/traditional_field/mnist__traditional_field__seed1__lr0p003__cfg9d758a22d740.pt,0.08186969170570374,97.66,99.9,,,,,,,0.07077163577899337,97.61,99.97,,,,,,,0.9968631267547607,0.3267935514450073,0.7012795805931091,0.36131834983825684,0.5805480480194092,0.3412196636199951,,
mnist__traditional_field__seed2__lr0p003__cfg9d758a22d740,9d758a22d740,96b354dd2d4cd04c,2.12.1+cu130,0.27.1+cu130,1.9.0,2.5.2,0,4,2026-08-27T08:00:48.935702+00:00,ok,,mnist,classification,traditional_field,Traditional neuron + Lambda-Psi,traditional,1,none,0,1,1,0.5,0.5,2,2026,0.003,0.0001,0.0,50,21,16,5,0.0001,128,256,128,64,242768,242768,98.82136521488428,cuda,./results/lambda_psi_hidden_only/checkpoints/mnist/traditional_field/mnist__traditional_field__seed2__lr0p003__cfg9d758a22d740.pt,0.07738054106235503,97.7,100.0,,,,,,,0.06633688849136234,97.82,99.97,,,,,,,0.9976117610931396,0.3425704538822174,0.6720283627510071,0.36781346797943115,0.5943968892097473,0.35160112380981445,,
mnist__traditional_field__seed3__lr0p003__cfg9d758a22d740,9d758a22d740,96b354dd2d4cd04c,2.12.1+cu130,0.27.1+cu130,1.9.0,2.5.2,0,4,2026-08-27T08:04:42.463496+00:00,ok,,mnist,classification,traditional_field,Traditional neuron + Lambda-Psi,traditional,1,none,0,1,1,0.5,0.5,3,2026,0.003,0.0001,0.0,50,49,44,5,0.0001,128,256,128,64,242768,242768,232.1045301828999,cuda,./results/lambda_psi_hidden_only/checkpoints/mnist/traditional_field/mnist__traditional_field__seed3__lr0p003__cfg9d758a22d740.pt,0.049463025768101215,98.54,100.0,,,,,,,0.04096618859656155,98.71,99.99,,,,,,,0.9987807869911194,0.2782234847545624,0.7730505466461182,0.3411131501197815,0.6414312124252319,0.349195659160614,,
mnist__traditional_field__seed4__lr0p003__cfg9d758a22d740,9d758a22d740,96b354dd2d4cd04c,2.12.1+cu130,0.27.1+cu130,1.9.0,2.5.2,0,4,2026-08-27T08:08:39.875954+00:00,ok,,mnist,classification,traditional_field,Traditional neuron + Lambda-Psi,traditional,1,none,0,1,1,0.5,0.5,4,2026,0.003,0.0001,0.0,50,50,46,5,0.0001,128,256,128,64,242768,242768,235.94070438412018,cuda,./results/lambda_psi_hidden_only/checkpoints/mnist/traditional_field/mnist__traditional_field__seed4__lr0p003__cfg9d758a22d740.pt,0.05232385159730911,98.52,99.98,,,,,,,0.04352759737186134,98.77,99.98,,,,,,,0.9989727735519409,0.31749671697616577,0.7384745478630066,0.32780545949935913,0.6667079925537109,0.3502016067504883,,
mnist__traditional_field_relu__seed0__lr0p0003__cfg47aaea2c71d0,47aaea2c71d0,96b354dd2d4cd04c,2.12.1+cu130,0.27.1+cu130,1.9.0,2.5.2,0,4,2026-08-27T08:11:20.294464+00:00,ok,,mnist,classification,traditional_field_relu,Traditional neuron + Lambda-Psi + ReLU,traditional,1,after_field,0,1,1,0.5,0.5,0,2026,0.0003,0.0001,0.0,50,33,28,5,0.0001,128,256,128,64,242768,242768,159.01859055203386,cuda,./results/lambda_psi_hidden_only/checkpoints/mnist/traditional_field_relu/mnist__traditional_field_relu__seed0__lr0p0003__cfg47aaea2c71d0.pt,0.07157579060792923,97.96000000000001,100.0,,,,,,,0.05677383556906134,98.18,99.98,,,,,,,0.3049216568470001,0.30112650990486145,0.3163851201534271,0.3299941420555115,0.30936864018440247,0.32784369587898254,,
mnist__traditional_field_relu__seed1__lr0p0003__cfg47aaea2c71d0,47aaea2c71d0,96b354dd2d4cd04c,2.12.1+cu130,0.27.1+cu130,1.9.0,2.5.2,0,4,2026-08-27T08:14:57.484913+00:00,ok,,mnist,classification,traditional_field_relu,Traditional neuron + Lambda-Psi + ReLU,traditional,1,after_field,0,1,1,0.5,0.5,1,2026,0.0003,0.0001,0.0,50,45,40,5,0.0001,128,256,128,64,242768,242768,215.66285031684674,cuda,./results/lambda_psi_hidden_only/checkpoints/mnist/traditional_field_relu/mnist__traditional_field_relu__seed1__lr0p0003__cfg47aaea2c71d0.pt,0.0663368613243103,98.1,99.98,,,,,,,0.053675043505942446,98.17,99.98,,,,,,,0.2954294979572296,0.28657928109169006,0.30303117632865906,0.31527188420295715,0.2969634532928467,0.32944804430007935,,
mnist__traditional_field_relu__seed2__lr0p0003__cfg47aaea2c71d0,47aaea2c71d0,96b354dd2d4cd04c,2.12.1+cu130,0.27.1+cu130,1.9.0,2.5.2,0,4,2026-08-27T08:18:34.316488+00:00,ok,,mnist,classification,traditional_field_relu,Traditional neuron + Lambda-Psi + ReLU,traditional,1,after_field,0,1,1,0.5,0.5,2,2026,0.0003,0.0001,0.0,50,45,40,5,0.0001,128,256,128,64,242768,242768,215.40263565187342,cuda,./results/lambda_psi_hidden_only/checkpoints/mnist/traditional_field_relu/mnist__traditional_field_relu__seed2__lr0p0003__cfg47aaea2c71d0.pt,0.06287528092861175,98.0,99.98,,,,,,,0.05072066584080458,98.36,99.98,,,,,,,0.30146515369415283,0.2977837026119232,0.3099507987499237,0.31770995259284973,0.300761342048645,0.30844610929489136,,
mnist__traditional_field_relu__seed3__lr0p0003__cfg47aaea2c71d0,47aaea2c71d0,96b354dd2d4cd04c,2.12.1+cu130,0.27.1+cu130,1.9.0,2.5.2,0,4,2026-08-27T08:22:00.697126+00:00,ok,,mnist,classification,traditional_field_relu,Traditional neuron + Lambda-Psi + ReLU,traditional,1,after_field,0,1,1,0.5,0.5,3,2026,0.0003,0.0001,0.0,50,43,38,5,0.0001,128,256,128,64,242768,242768,204.80350833106786,cuda,./results/lambda_psi_hidden_only/checkpoints/mnist/traditional_field_relu/mnist__traditional_field_relu__seed3__lr0p0003__cfg47aaea2c71d0.pt,0.06458935976028442,98.04,99.98,,,,,,,0.052172315942496064,98.21,99.98,,,,,,,0.2968381345272064,0.28777047991752625,0.3029789626598358,0.32421746850013733,0.2948570251464844,0.3155859708786011,,
mnist__traditional_field_relu__seed4__lr0p0003__cfg47aaea2c71d0,47aaea2c71d0,96b354dd2d4cd04c,2.12.1+cu130,0.27.1+cu130,1.9.0,2.5.2,0,4,2026-08-27T08:24:24.801782+00:00,ok,,mnist,classification,traditional_field_relu,Traditional neuron + Lambda-Psi + ReLU,traditional,1,after_field,0,1,1,0.5,0.5,4,2026,0.0003,0.0001,0.0,50,30,25,5,0.0001,128,256,128,64,242768,242768,142.69765041791834,cuda,./results/lambda_psi_hidden_only/checkpoints/mnist/traditional_field_relu/mnist__traditional_field_relu__seed4__lr0p0003__cfg47aaea2c71d0.pt,0.07368199954032897,97.68,99.96000000000001,,,,,,,0.06286167038083076,97.86,99.99,,,,,,,0.31603384017944336,0.3123769462108612,0.31545090675354004,0.34674936532974243,0.3068779408931732,0.3189910650253296,,
mnist__traditional_field_relu__seed0__lr0p0005__cfg47aaea2c71d0,47aaea2c71d0,96b354dd2d4cd04c,2.12.1+cu130,0.27.1+cu130,1.9.0,2.5.2,0,4,2026-08-27T08:26:15.542036+00:00,ok,,mnist,classification,traditional_field_relu,Traditional neuron + Lambda-Psi + ReLU,traditional,1,after_field,0,1,1,0.5,0.5,0,2026,0.0005,0.0001,0.0,50,23,18,5,0.0001,128,256,128,64,242768,242768,109.26814634609036,cuda,./results/lambda_psi_hidden_only/checkpoints/mnist/traditional_field_relu/mnist__traditional_field_relu__seed0__lr0p0005__cfg47aaea2c71d0.pt,0.06218414237499237,98.14,99.98,,,,,,,0.06291832499951124,97.89999999999999,99.98,,,,,,,0.30676209926605225,0.31234586238861084,0.3237989842891693,0.3275945782661438,0.31606537103652954,0.3295608460903168,,
mnist__traditional_field_relu__seed1__lr0p0005__cfg47aaea2c71d0,47aaea2c71d0,96b354dd2d4cd04c,2.12.1+cu130,0.27.1+cu130,1.9.0,2.5.2,0,4,2026-08-27T08:29:15.852529+00:00,ok,,mnist,classification,traditional_field_relu,Traditional neuron + Lambda-Psi + ReLU,traditional,1,after_field,0,1,1,0.5,0.5,1,2026,0.0005,0.0001,0.0,50,38,33,5,0.0001,128,256,128,64,242768,242768,178.90369202103466,cuda,./results/lambda_psi_hidden_only/checkpoints/mnist/traditional_field_relu/mnist__traditional_field_relu__seed1__lr0p0005__cfg47aaea2c71d0.pt,0.05547962251901627,98.3,99.98,,,,,,,0.04627351758442819,98.52,99.98,,,,,,,0.2764699459075928,0.2855445444583893,0.2941584885120392,0.29000359773635864,0.28982725739479065,0.31330105662345886,,
mnist__traditional_field_relu__seed2__lr0p0005__cfg47aaea2c71d0,47aaea2c71d0,96b354dd2d4cd04c,2.12.1+cu130,0.27.1+cu130,1.9.0,2.5.2,0,4,2026-08-27T08:33:15.875136+00:00,ok,,mnist,classification,traditional_field_relu,Traditional neuron + Lambda-Psi + ReLU,traditional,1,after_field,0,1,1,0.5,0.5,2,2026,0.0005,0.0001,0.0,50,50,48,5,0.0001,128,256,128,64,242768,242768,238.58380418317392,cuda,./results/lambda_psi_hidden_only/checkpoints/mnist/traditional_field_relu/mnist__traditional_field_relu__seed2__lr0p0005__cfg47aaea2c71d0.pt,0.049874110460281375,98.5,99.98,,,,,,,0.041476785245887,98.72,99.98,,,,,,,0.2774813175201416,0.28932490944862366,0.29844382405281067,0.2902659773826599,0.28785470128059387,0.2906742990016937,,
mnist__traditional_field_relu__seed3__lr0p0005__cfg47aaea2c71d0,47aaea2c71d0,96b354dd2d4cd04c,2.12.1+cu130,0.27.1+cu130,1.9.0,2.5.2,0,4,2026-08-27T08:35:32.888715+00:00,ok,,mnist,classification,traditional_field_relu,Traditional neuron + Lambda-Psi + ReLU,traditional,1,after_field,0,1,1,0.5,0.5,3,2026,0.0005,0.0001,0.0,50,28,23,5,0.0001,128,256,128,64,242768,242768,135.50565143791027,cuda,./results/lambda_psi_hidden_only/checkpoints/mnist/traditional_field_relu/mnist__traditional_field_relu__seed3__lr0p0005__cfg47aaea2c71d0.pt,0.058613506746292114,98.44000000000001,99.98,,,,,,,0.05066542473882437,98.28,99.97,,,,,,,0.30191361904144287,0.30041080713272095,0.3143935799598694,0.31270304322242737,0.30597594380378723,0.3189861476421356,,
mnist__traditional_field_relu__seed4__lr0p0005__cfg47aaea2c71d0,47aaea2c71d0,96b354dd2d4cd04c,2.12.1+cu130,0.27.1+cu130,1.9.0,2.5.2,0,4,2026-08-27T08:38:42.718828+00:00,ok,,mnist,classification,traditional_field_relu,Traditional neuron + Lambda-Psi + ReLU,traditional,1,after_field,0,1,1,0.5,0.5,4,2026,0.0005,0.0001,0.0,50,39,34,5,0.0001,128,256,128,64,242768,242768,188.24481061194092,cuda,./results/lambda_psi_hidden_only/checkpoints/mnist/traditional_field_relu/mnist__traditional_field_relu__seed4__lr0p0005__cfg47aaea2c71d0.pt,0.053603637278079985,98.54,99.96000000000001,,,,,,,0.042945200570859016,98.55000000000001,99.99,,,,,,,0.2823486924171448,0.2878946363925934,0.2961542308330536,0.3123655319213867,0.28543591499328613,0.2918855547904968,,
mnist__traditional_field_relu__seed0__lr0p001__cfg47aaea2c71d0,47aaea2c71d0,96b354dd2d4cd04c,2.12.1+cu130,0.27.1+cu130,1.9.0,2.5.2,0,4,2026-08-27T08:42:45.899757+00:00,ok,,mnist,classification,traditional_field_relu,Traditional neuron + Lambda-Psi + ReLU,traditional,1,after_field,0,1,1,0.5,0.5,0,2026,0.001,0.0001,0.0,50,50,48,5,0.0001,128,256,128,64,242768,242768,241.64144120411947,cuda,./results/lambda_psi_hidden_only/checkpoints/mnist/traditional_field_relu/mnist__traditional_field_relu__seed0__lr0p001__cfg47aaea2c71d0.pt,0.04138465440571308,99.0,100.0,,,,,,,0.033775641057814935,98.94,99.99,,,,,,,0.25063908100128174,0.3159196674823761,0.2901008427143097,0.28470751643180847,0.2819978594779968,0.2798961400985718,,
mnist__traditional_field_relu__seed1__lr0p001__cfg47aaea2c71d0,47aaea2c71d0,96b354dd2d4cd04c,2.12.1+cu130,0.27.1+cu130,1.9.0,2.5.2,0,4,2026-08-27T08:46:27.019873+00:00,ok,,mnist,classification,traditional_field_relu,Traditional neuron + Lambda-Psi + ReLU,traditional,1,after_field,0,1,1,0.5,0.5,1,2026,0.001,0.0001,0.0,50,46,41,5,0.0001,128,256,128,64,242768,242768,219.5739894581493,cuda,./results/lambda_psi_hidden_only/checkpoints/mnist/traditional_field_relu/mnist__traditional_field_relu__seed1__lr0p001__cfg47aaea2c71d0.pt,0.04313709286749363,98.76,100.0,,,,,,,0.03664644277331536,98.92,100.0,,,,,,,0.25244197249412537,0.31589606404304504,0.2887633144855499,0.28639328479766846,0.28817763924598694,0.2886854410171509,,
mnist__traditional_field_relu__seed2__lr0p001__cfg47aaea2c71d0,47aaea2c71d0,96b354dd2d4cd04c,2.12.1+cu130,0.27.1+cu130,1.9.0,2.5.2,0,4,2026-08-27T08:50:08.604750+00:00,ok,,mnist,classification,traditional_field_relu,Traditional neuron + Lambda-Psi + ReLU,traditional,1,after_field,0,1,1,0.5,0.5,2,2026,0.001,0.0001,0.0,50,46,41,5,0.0001,128,256,128,64,242768,242768,220.09233868680894,cuda,./results/lambda_psi_hidden_only/checkpoints/mnist/traditional_field_relu/mnist__traditional_field_relu__seed2__lr0p001__cfg47aaea2c71d0.pt,0.04227095063924789,98.83999999999999,99.98,,,,,,,0.038784544434119016,98.81,99.98,,,,,,,0.2593572437763214,0.31764620542526245,0.29402413964271545,0.2890552878379822,0.2901857793331146,0.2766137421131134,,
mnist__traditional_field_relu__seed3__lr0p001__cfg47aaea2c71d0,47aaea2c71d0,96b354dd2d4cd04c,2.12.1+cu130,0.27.1+cu130,1.9.0,2.5.2,0,4,2026-08-27T08:52:37.258470+00:00,ok,,mnist,classification,traditional_field_relu,Traditional neuron + Lambda-Psi + ReLU,traditional,1,after_field,0,1,1,0.5,0.5,3,2026,0.001,0.0001,0.0,50,31,26,5,0.0001,128,256,128,64,242768,242768,147.1849084009882,cuda,./results/lambda_psi_hidden_only/checkpoints/mnist/traditional_field_relu/mnist__traditional_field_relu__seed3__lr0p001__cfg47aaea2c71d0.pt,0.044608295238018035,98.74000000000001,100.0,,,,,,,0.04503548376895487,98.6,99.96000000000001,,,,,,,0.282914936542511,0.3216756582260132,0.31430190801620483,0.3066568672657013,0.30990058183670044,0.3078484833240509,,
mnist__traditional_field_relu__seed4__lr0p001__cfg47aaea2c71d0,47aaea2c71d0,96b354dd2d4cd04c,2.12.1+cu130,0.27.1+cu130,1.9.0,2.5.2,0,4,2026-08-27T08:55:43.724552+00:00,ok,,mnist,classification,traditional_field_relu,Traditional neuron + Lambda-Psi + ReLU,traditional,1,after_field,0,1,1,0.5,0.5,4,2026,0.001,0.0001,0.0,50,39,34,5,0.0001,128,256,128,64,242768,242768,185.03001232305542,cuda,./results/lambda_psi_hidden_only/checkpoints/mnist/traditional_field_relu/mnist__traditional_field_relu__seed4__lr0p001__cfg47aaea2c71d0.pt,0.043382579717040064,98.83999999999999,99.98,,,,,,,0.03459447960201651,98.91,99.99,,,,,,,0.27148595452308655,0.3218385577201843,0.31349727511405945,0.3026975095272064,0.30237576365470886,0.2958841621875763,,
mnist__traditional_field_relu__seed0__lr0p002__cfg47aaea2c71d0,47aaea2c71d0,96b354dd2d4cd04c,2.12.1+cu130,0.27.1+cu130,1.9.0,2.5.2,0,4,2026-08-27T08:59:03.210997+00:00,ok,,mnist,classification,traditional_field_relu,Traditional neuron + Lambda-Psi + ReLU,traditional,1,after_field,0,1,1,0.5,0.5,0,2026,0.002,0.0001,0.0,50,41,36,5,0.0001,128,256,128,64,242768,242768,198.03791984403506,cuda,./results/lambda_psi_hidden_only/checkpoints/mnist/traditional_field_relu/mnist__traditional_field_relu__seed0__lr0p002__cfg47aaea2c71d0.pt,0.04101223195157945,98.86,100.0,,,,,,,0.033032875692704695,99.0,100.0,,,,,,,0.35114723443984985,0.39271873235702515,0.40017440915107727,0.374546080827713,0.39897894859313965,0.35571610927581787,,
mnist__traditional_field_relu__seed1__lr0p002__cfg47aaea2c71d0,47aaea2c71d0,96b354dd2d4cd04c,2.12.1+cu130,0.27.1+cu130,1.9.0,2.5.2,0,4,2026-08-27T09:02:11.600666+00:00,ok,,mnist,classification,traditional_field_relu,Traditional neuron + Lambda-Psi + ReLU,traditional,1,after_field,0,1,1,0.5,0.5,1,2026,0.002,0.0001,0.0,50,39,34,5,0.0001,128,256,128,64,242768,242768,186.92004675301723,cuda,./results/lambda_psi_hidden_only/checkpoints/mnist/traditional_field_relu/mnist__traditional_field_relu__seed1__lr0p002__cfg47aaea2c71d0.pt,0.04407847658395767,98.9,100.0,,,,,,,0.03892894549081684,98.9,99.99,,,,,,,0.3559158146381378,0.3865489363670349,0.4038044512271881,0.36857208609580994,0.39868324995040894,0.35671108961105347,,
mnist__traditional_field_relu__seed2__lr0p002__cfg47aaea2c71d0,47aaea2c71d0,96b354dd2d4cd04c,2.12.1+cu130,0.27.1+cu130,1.9.0,2.5.2,0,4,2026-08-27T09:05:19.002296+00:00,ok,,mnist,classification,traditional_field_relu,Traditional neuron + Lambda-Psi + ReLU,traditional,1,after_field,0,1,1,0.5,0.5,2,2026,0.002,0.0001,0.0,50,39,34,5,0.0001,128,256,128,64,242768,242768,186.01957386382855,cuda,./results/lambda_psi_hidden_only/checkpoints/mnist/traditional_field_relu/mnist__traditional_field_relu__seed2__lr0p002__cfg47aaea2c71d0.pt,0.038197625783085824,98.94,99.98,,,,,,,0.03486602249602438,98.92,99.99,,,,,,,0.3617858290672302,0.3983687162399292,0.4142153561115265,0.3779553174972534,0.4079316556453705,0.35932910442352295,,
mnist__traditional_field_relu__seed3__lr0p002__cfg47aaea2c71d0,47aaea2c71d0,96b354dd2d4cd04c,2.12.1+cu130,0.27.1+cu130,1.9.0,2.5.2,0,4,2026-08-27T09:08:57.479736+00:00,ok,,mnist,classification,traditional_field_relu,Traditional neuron + Lambda-Psi + ReLU,traditional,1,after_field,0,1,1,0.5,0.5,3,2026,0.002,0.0001,0.0,50,45,40,5,0.0001,128,256,128,64,242768,242768,217.04232495906763,cuda,./results/lambda_psi_hidden_only/checkpoints/mnist/traditional_field_relu/mnist__traditional_field_relu__seed3__lr0p002__cfg47aaea2c71d0.pt,0.039298962472379205,98.98,100.0,,,,,,,0.03855337321204715,98.91,99.99,,,,,,,0.34538012742996216,0.3947766125202179,0.38391587138175964,0.36662963032722473,0.3872765302658081,0.34508857131004333,,
mnist__traditional_field_relu__seed4__lr0p002__cfg47aaea2c71d0,47aaea2c71d0,96b354dd2d4cd04c,2.12.1+cu130,0.27.1+cu130,1.9.0,2.5.2,0,4,2026-08-27T09:12:38.579994+00:00,ok,,mnist,classification,traditional_field_relu,Traditional neuron + Lambda-Psi + ReLU,traditional,1,after_field,0,1,1,0.5,0.5,4,2026,0.002,0.0001,0.0,50,45,40,5,0.0001,128,256,128,64,242768,242768,219.62511471100152,cuda,./results/lambda_psi_hidden_only/checkpoints/mnist/traditional_field_relu/mnist__traditional_field_relu__seed4__lr0p002__cfg47aaea2c71d0.pt,0.04338778885602951,99.02,100.0,,,,,,,0.03505900284541422,98.85000000000001,100.0,,,,,,,0.3461834490299225,0.3895295560359955,0.40107712149620056,0.36200353503227234,0.3914807140827179,0.3512501120567322,,
mnist__traditional_field_relu__seed0__lr0p003__cfg47aaea2c71d0,47aaea2c71d0,96b354dd2d4cd04c,2.12.1+cu130,0.27.1+cu130,1.9.0,2.5.2,0,4,2026-08-27T09:15:36.948410+00:00,ok,,mnist,classification,traditional_field_relu,Traditional neuron + Lambda-Psi + ReLU,traditional,1,after_field,0,1,1,0.5,0.5,0,2026,0.003,0.0001,0.0,50,36,31,5,0.0001,128,256,128,64,242768,242768,176.86957594403066,cuda,./results/lambda_psi_hidden_only/checkpoints/mnist/traditional_field_relu/mnist__traditional_field_relu__seed0__lr0p003__cfg47aaea2c71d0.pt,0.03577323161661625,98.88,100.0,,,,,,,0.03920879216161557,98.87,100.0,,,,,,,0.47503548860549927,0.4500802755355835,0.5335379242897034,0.42757371068000793,0.5200398564338684,0.41698893904685974,,
mnist__traditional_field_relu__seed1__lr0p003__cfg47aaea2c71d0,47aaea2c71d0,96b354dd2d4cd04c,2.12.1+cu130,0.27.1+cu130,1.9.0,2.5.2,0,4,2026-08-27T09:17:49.993219+00:00,ok,,mnist,classification,traditional_field_relu,Traditional neuron + Lambda-Psi + ReLU,traditional,1,after_field,0,1,1,0.5,0.5,1,2026,0.003,0.0001,0.0,50,25,20,5,0.0001,128,256,128,64,242768,242768,131.32082716887817,cuda,./results/lambda_psi_hidden_only/checkpoints/mnist/traditional_field_relu/mnist__traditional_field_relu__seed1__lr0p003__cfg47aaea2c71d0.pt,0.057555420869588855,98.54,100.0,,,,,,,0.04770891575284768,98.46000000000001,99.99,,,,,,,0.4788244962692261,0.44234922528266907,0.5376225709915161,0.4302683472633362,0.5131089687347412,0.4299944043159485,,
mnist__traditional_field_relu__seed2__lr0p003__cfg47aaea2c71d0,47aaea2c71d0,96b354dd2d4cd04c,2.12.1+cu130,0.27.1+cu130,1.9.0,2.5.2,0,4,2026-08-27T09:20:47.940047+00:00,ok,,mnist,classification,traditional_field_relu,Traditional neuron + Lambda-Psi + ReLU,traditional,1,after_field,0,1,1,0.5,0.5,2,2026,0.003,0.0001,0.0,50,26,21,5,0.0001,128,256,128,64,242768,242768,176.12899808282964,cuda,./results/lambda_psi_hidden_only/checkpoints/mnist/traditional_field_relu/mnist__traditional_field_relu__seed2__lr0p003__cfg47aaea2c71d0.pt,0.05373199770450592,98.7,99.98,,,,,,,0.04966485644029454,98.45,99.99,,,,,,,0.4781433343887329,0.44289377331733704,0.5309255719184875,0.4314524829387665,0.5226287841796875,0.4296249747276306,,
mnist__traditional_field_relu__seed3__lr0p003__cfg47aaea2c71d0,47aaea2c71d0,96b354dd2d4cd04c,2.12.1+cu130,0.27.1+cu130,1.9.0,2.5.2,0,4,2026-08-27T09:24:56.141891+00:00,ok,,mnist,classification,traditional_field_relu,Traditional neuron + Lambda-Psi + ReLU,traditional,1,after_field,0,1,1,0.5,0.5,3,2026,0.003,0.0001,0.0,50,36,31,5,0.0001,128,256,128,64,242768,242768,246.54989777109586,cuda,./results/lambda_psi_hidden_only/checkpoints/mnist/traditional_field_relu/mnist__traditional_field_relu__seed3__lr0p003__cfg47aaea2c71d0.pt,0.04122823924794793,98.96000000000001,100.0,,,,,,,0.03458129072566517,98.94,99.99,,,,,,,0.4923427104949951,0.4557652771472931,0.5374432802200317,0.42971840500831604,0.5171144604682922,0.411937415599823,,
mnist__traditional_field_relu__seed4__lr0p003__cfg47aaea2c71d0,47aaea2c71d0,96b354dd2d4cd04c,2.12.1+cu130,0.27.1+cu130,1.9.0,2.5.2,0,4,2026-08-27T09:27:42.660358+00:00,ok,,mnist,classification,traditional_field_relu,Traditional neuron + Lambda-Psi + ReLU,traditional,1,after_field,0,1,1,0.5,0.5,4,2026,0.003,0.0001,0.0,50,24,19,5,0.0001,128,256,128,64,242768,242768,164.7572118169628,cuda,./results/lambda_psi_hidden_only/checkpoints/mnist/traditional_field_relu/mnist__traditional_field_relu__seed4__lr0p003__cfg47aaea2c71d0.pt,0.050525330477952955,98.6,99.96000000000001,,,,,,,0.04695993993300945,98.53,99.96000000000001,,,,,,,0.46865618228912354,0.4476945102214813,0.5325711369514465,0.42230767011642456,0.5149938464164734,0.41978251934051514,,
mnist__traditional_relu_field__seed0__lr0p0003__cfg2d38c17352ee,2d38c17352ee,96b354dd2d4cd04c,2.12.1+cu130,0.27.1+cu130,1.9.0,2.5.2,0,4,2026-08-27T09:31:43.988288+00:00,ok,,mnist,classification,traditional_relu_field,Traditional neuron + ReLU + Lambda-Psi,traditional,1,before_field,0,1,1,0.5,0.5,0,2026,0.0003,0.0001,0.0,50,40,35,5,0.0001,128,256,128,64,242768,242768,239.86917810095474,cuda,./results/lambda_psi_hidden_only/checkpoints/mnist/traditional_relu_field/mnist__traditional_relu_field__seed0__lr0p0003__cfg2d38c17352ee.pt,0.07873542869091034,97.54,99.94,,,,,,,0.06828027286529541,97.72999999999999,99.99,,,,,,,0.27686282992362976,0.33465689420700073,0.2734576165676117,0.2828671336174011,0.27389979362487793,0.2887198030948639,,
mnist__traditional_relu_field__seed1__lr0p0003__cfg2d38c17352ee,2d38c17352ee,96b354dd2d4cd04c,2.12.1+cu130,0.27.1+cu130,1.9.0,2.5.2,0,4,2026-08-27T09:34:59.515593+00:00,ok,,mnist,classification,traditional_relu_field,Traditional neuron + ReLU + Lambda-Psi,traditional,1,before_field,0,1,1,0.5,0.5,1,2026,0.0003,0.0001,0.0,50,40,35,5,0.0001,128,256,128,64,242768,242768,194.0251552988775,cuda,./results/lambda_psi_hidden_only/checkpoints/mnist/traditional_relu_field/mnist__traditional_relu_field__seed1__lr0p0003__cfg2d38c17352ee.pt,0.07990213091373444,97.64,99.98,,,,,,,0.06618592158555985,97.83,99.99,,,,,,,0.2728326618671417,0.34661865234375,0.2676765024662018,0.29944875836372375,0.2675289809703827,0.27370303869247437,,
mnist__traditional_relu_field__seed2__lr0p0003__cfg2d38c17352ee,2d38c17352ee,96b354dd2d4cd04c,2.12.1+cu130,0.27.1+cu130,1.9.0,2.5.2,0,4,2026-08-27T09:38:47.578738+00:00,ok,,mnist,classification,traditional_relu_field,Traditional neuron + ReLU + Lambda-Psi,traditional,1,before_field,0,1,1,0.5,0.5,2,2026,0.0003,0.0001,0.0,50,47,42,5,0.0001,128,256,128,64,242768,242768,226.64782150485553,cuda,./results/lambda_psi_hidden_only/checkpoints/mnist/traditional_relu_field/mnist__traditional_relu_field__seed2__lr0p0003__cfg2d38c17352ee.pt,0.07539741339683532,97.72,99.96000000000001,,,,,,,0.06171734456717968,98.06,99.99,,,,,,,0.2729179263114929,0.3370719850063324,0.2676732838153839,0.2972944676876068,0.2653068006038666,0.30662092566490173,,
mnist__traditional_relu_field__seed3__lr0p0003__cfg2d38c17352ee,2d38c17352ee,96b354dd2d4cd04c,2.12.1+cu130,0.27.1+cu130,1.9.0,2.5.2,0,4,2026-08-27T09:41:51.303937+00:00,ok,,mnist,classification,traditional_relu_field,Traditional neuron + ReLU + Lambda-Psi,traditional,1,before_field,0,1,1,0.5,0.5,3,2026,0.0003,0.0001,0.0,50,38,33,5,0.0001,128,256,128,64,242768,242768,182.23074945085682,cuda,./results/lambda_psi_hidden_only/checkpoints/mnist/traditional_relu_field/mnist__traditional_relu_field__seed3__lr0p0003__cfg2d38c17352ee.pt,0.07260711545944214,97.82,99.96000000000001,,,,,,,0.06515344809498638,97.8,99.98,,,,,,,0.27702680230140686,0.32793259620666504,0.27416953444480896,0.2857753038406372,0.2731197774410248,0.2884131073951721,,
mnist__traditional_relu_field__seed4__lr0p0003__cfg2d38c17352ee,2d38c17352ee,96b354dd2d4cd04c,2.12.1+cu130,0.27.1+cu130,1.9.0,2.5.2,0,4,2026-08-27T09:45:48.367632+00:00,ok,,mnist,classification,traditional_relu_field,Traditional neuron + ReLU + Lambda-Psi,traditional,1,before_field,0,1,1,0.5,0.5,4,2026,0.0003,0.0001,0.0,50,49,44,5,0.0001,128,256,128,64,242768,242768,235.5321018069517,cuda,./results/lambda_psi_hidden_only/checkpoints/mnist/traditional_relu_field/mnist__traditional_relu_field__seed4__lr0p0003__cfg2d38c17352ee.pt,0.07228766045570374,97.84,99.98,,,,,,,0.06152633395157754,97.94,99.99,,,,,,,0.268170028924942,0.3185291886329651,0.265949010848999,0.2790694534778595,0.2648099958896637,0.287680447101593,,
mnist__traditional_relu_field__seed0__lr0p0005__cfg2d38c17352ee,2d38c17352ee,96b354dd2d4cd04c,2.12.1+cu130,0.27.1+cu130,1.9.0,2.5.2,0,4,2026-08-27T09:48:08.787700+00:00,ok,,mnist,classification,traditional_relu_field,Traditional neuron + ReLU + Lambda-Psi,traditional,1,before_field,0,1,1,0.5,0.5,0,2026,0.0005,0.0001,0.0,50,29,24,5,0.0001,128,256,128,64,242768,242768,138.95516367582604,cuda,./results/lambda_psi_hidden_only/checkpoints/mnist/traditional_relu_field/mnist__traditional_relu_field__seed0__lr0p0005__cfg2d38c17352ee.pt,0.06727794659137726,97.89999999999999,99.98,,,,,,,0.05739460806623101,98.07000000000001,99.97,,,,,,,0.26834723353385925,0.3165813982486725,0.2724774181842804,0.26596659421920776,0.2715795338153839,0.2753481864929199,,
mnist__traditional_relu_field__seed1__lr0p0005__cfg2d38c17352ee,2d38c17352ee,96b354dd2d4cd04c,2.12.1+cu130,0.27.1+cu130,1.9.0,2.5.2,0,4,2026-08-27T09:51:51.279477+00:00,ok,,mnist,classification,traditional_relu_field,Traditional neuron + ReLU + Lambda-Psi,traditional,1,before_field,0,1,1,0.5,0.5,1,2026,0.0005,0.0001,0.0,50,45,40,5,0.0001,128,256,128,64,242768,242768,220.97500243317336,cuda,./results/lambda_psi_hidden_only/checkpoints/mnist/traditional_relu_field/mnist__traditional_relu_field__seed1__lr0p0005__cfg2d38c17352ee.pt,0.05907269420623779,98.22,100.0,,,,,,,0.051913342698663476,98.53,99.97,,,,,,,0.2542218267917633,0.32125210762023926,0.25358814001083374,0.24787478148937225,0.2527403235435486,0.2468383014202118,,
mnist__traditional_relu_field__seed2__lr0p0005__cfg2d38c17352ee,2d38c17352ee,96b354dd2d4cd04c,2.12.1+cu130,0.27.1+cu130,1.9.0,2.5.2,0,4,2026-08-27T09:55:52.598568+00:00,ok,,mnist,classification,traditional_relu_field,Traditional neuron + ReLU + Lambda-Psi,traditional,1,before_field,0,1,1,0.5,0.5,2,2026,0.0005,0.0001,0.0,50,50,45,5,0.0001,128,256,128,64,242768,242768,239.83930133795366,cuda,./results/lambda_psi_hidden_only/checkpoints/mnist/traditional_relu_field/mnist__traditional_relu_field__seed2__lr0p0005__cfg2d38c17352ee.pt,0.061466495525836946,98.22,99.98,,,,,,,0.0448256720284,98.55000000000001,99.96000000000001,,,,,,,0.2527186870574951,0.3076893091201782,0.2530097961425781,0.25272244215011597,0.24912811815738678,0.2786732316017151,,
mnist__traditional_relu_field__seed3__lr0p0005__cfg2d38c17352ee,2d38c17352ee,96b354dd2d4cd04c,2.12.1+cu130,0.27.1+cu130,1.9.0,2.5.2,0,4,2026-08-27T09:59:39.435418+00:00,ok,,mnist,classification,traditional_relu_field,Traditional neuron + ReLU + Lambda-Psi,traditional,1,before_field,0,1,1,0.5,0.5,3,2026,0.0005,0.0001,0.0,50,47,42,5,0.0001,128,256,128,64,242768,242768,225.3397293870803,cuda,./results/lambda_psi_hidden_only/checkpoints/mnist/traditional_relu_field/mnist__traditional_relu_field__seed3__lr0p0005__cfg2d38c17352ee.pt,0.049543729853630064,98.64,99.98,,,,,,,0.04677833784744143,98.58,99.99,,,,,,,0.24511104822158813,0.2887917459011078,0.25092291831970215,0.23674210906028748,0.2496163249015808,0.25592344999313354,,
mnist__traditional_relu_field__seed4__lr0p0005__cfg2d38c17352ee,2d38c17352ee,96b354dd2d4cd04c,2.12.1+cu130,0.27.1+cu130,1.9.0,2.5.2,0,4,2026-08-27T10:02:31.692237+00:00,ok,,mnist,classification,traditional_relu_field,Traditional neuron + ReLU + Lambda-Psi,traditional,1,before_field,0,1,1,0.5,0.5,4,2026,0.0005,0.0001,0.0,50,35,30,5,0.0001,128,256,128,64,242768,242768,170.7299390148837,cuda,./results/lambda_psi_hidden_only/checkpoints/mnist/traditional_relu_field/mnist__traditional_relu_field__seed4__lr0p0005__cfg2d38c17352ee.pt,0.06244879548549652,98.11999999999999,99.96000000000001,,,,,,,0.052899967408925296,98.38,99.99,,,,,,,0.25943315029144287,0.30103111267089844,0.2655896842479706,0.2545201778411865,0.2644186019897461,0.26937180757522583,,
mnist__traditional_relu_field__seed0__lr0p001__cfg2d38c17352ee,2d38c17352ee,96b354dd2d4cd04c,2.12.1+cu130,0.27.1+cu130,1.9.0,2.5.2,0,4,2026-08-27T10:05:38.098900+00:00,ok,,mnist,classification,traditional_relu_field,Traditional neuron + ReLU + Lambda-Psi,traditional,1,before_field,0,1,1,0.5,0.5,0,2026,0.001,0.0001,0.0,50,38,33,5,0.0001,128,256,128,64,242768,242768,184.8843728681095,cuda,./results/lambda_psi_hidden_only/checkpoints/mnist/traditional_relu_field/mnist__traditional_relu_field__seed0__lr0p001__cfg2d38c17352ee.pt,0.047245836406946184,98.72,100.0,,,,,,,0.03924722581175156,98.69,100.0,,,,,,,0.22409243881702423,0.2557951807975769,0.2739036977291107,0.20404785871505737,0.2764442563056946,0.23271343111991882,,
mnist__traditional_relu_field__seed1__lr0p001__cfg2d38c17352ee,2d38c17352ee,96b354dd2d4cd04c,2.12.1+cu130,0.27.1+cu130,1.9.0,2.5.2,0,4,2026-08-27T10:08:22.396851+00:00,ok,,mnist,classification,traditional_relu_field,Traditional neuron + ReLU + Lambda-Psi,traditional,1,before_field,0,1,1,0.5,0.5,1,2026,0.001,0.0001,0.0,50,33,28,5,0.0001,128,256,128,64,242768,242768,162.75760321505368,cuda,./results/lambda_psi_hidden_only/checkpoints/mnist/traditional_relu_field/mnist__traditional_relu_field__seed1__lr0p001__cfg2d38c17352ee.pt,0.05079254139065743,98.58,100.0,,,,,,,0.04511810624804348,98.58,100.0,,,,,,,0.23947827517986298,0.2744612693786621,0.2822272479534149,0.21812111139297485,0.281550794839859,0.22381144762039185,,
mnist__traditional_relu_field__seed2__lr0p001__cfg2d38c17352ee,2d38c17352ee,96b354dd2d4cd04c,2.12.1+cu130,0.27.1+cu130,1.9.0,2.5.2,0,4,2026-08-27T10:13:01.034225+00:00,ok,,mnist,classification,traditional_relu_field,Traditional neuron + ReLU + Lambda-Psi,traditional,1,before_field,0,1,1,0.5,0.5,2,2026,0.001,0.0001,0.0,50,45,40,5,0.0001,128,256,128,64,242768,242768,276.87329837703146,cuda,./results/lambda_psi_hidden_only/checkpoints/mnist/traditional_relu_field/mnist__traditional_relu_field__seed2__lr0p001__cfg2d38c17352ee.pt,0.04865594401359558,98.56,99.96000000000001,,,,,,,0.03871688780451077,98.81,99.96000000000001,,,,,,,0.22502167522907257,0.2688770890235901,0.2714826166629791,0.20218193531036377,0.2711639702320099,0.23051448166370392,,
mnist__traditional_relu_field__seed3__lr0p001__cfg2d38c17352ee,2d38c17352ee,96b354dd2d4cd04c,2.12.1+cu130,0.27.1+cu130,1.9.0,2.5.2,0,4,2026-08-27T10:16:49.778154+00:00,ok,,mnist,classification,traditional_relu_field,Traditional neuron + ReLU + Lambda-Psi,traditional,1,before_field,0,1,1,0.5,0.5,3,2026,0.001,0.0001,0.0,50,34,29,5,0.0001,128,256,128,64,242768,242768,227.01531095989048,cuda,./results/lambda_psi_hidden_only/checkpoints/mnist/traditional_relu_field/mnist__traditional_relu_field__seed3__lr0p001__cfg2d38c17352ee.pt,0.04699783151745796,98.74000000000001,99.94,,,,,,,0.04172646512959618,98.69,99.98,,,,,,,0.23719148337841034,0.2478734850883484,0.29030492901802063,0.22463467717170715,0.28458088636398315,0.24419447779655457,,
mnist__traditional_relu_field__seed4__lr0p001__cfg2d38c17352ee,2d38c17352ee,96b354dd2d4cd04c,2.12.1+cu130,0.27.1+cu130,1.9.0,2.5.2,0,4,2026-08-27T10:22:20.485616+00:00,ok,,mnist,classification,traditional_relu_field,Traditional neuron + ReLU + Lambda-Psi,traditional,1,before_field,0,1,1,0.5,0.5,4,2026,0.001,0.0001,0.0,50,48,43,5,0.0001,128,256,128,64,242768,242768,328.9546332540922,cuda,./results/lambda_psi_hidden_only/checkpoints/mnist/traditional_relu_field/mnist__traditional_relu_field__seed4__lr0p001__cfg2d38c17352ee.pt,0.039549059867858886,98.88,100.0,,,,,,,0.04254612136017531,98.72999999999999,99.99,,,,,,,0.22323940694332123,0.25671496987342834,0.26474612951278687,0.19726569950580597,0.2651429772377014,0.23987823724746704,,
mnist__traditional_relu_field__seed0__lr0p002__cfg2d38c17352ee,2d38c17352ee,96b354dd2d4cd04c,2.12.1+cu130,0.27.1+cu130,1.9.0,2.5.2,0,4,2026-08-27T10:24:30.154254+00:00,ok,,mnist,classification,traditional_relu_field,Traditional neuron + ReLU + Lambda-Psi,traditional,1,before_field,0,1,1,0.5,0.5,0,2026,0.002,0.0001,0.0,50,20,15,5,0.0001,128,256,128,64,242768,242768,128.20188155514188,cuda,./results/lambda_psi_hidden_only/checkpoints/mnist/traditional_relu_field/mnist__traditional_relu_field__seed0__lr0p002__cfg2d38c17352ee.pt,0.06396140911579132,98.24000000000001,99.96000000000001,,,,,,,0.0544394506579265,98.32,99.96000000000001,,,,,,,0.26925212144851685,0.2547246217727661,0.4034835994243622,0.23164953291416168,0.4158481955528259,0.2750930190086365,,
mnist__traditional_relu_field__seed1__lr0p002__cfg2d38c17352ee,2d38c17352ee,96b354dd2d4cd04c,2.12.1+cu130,0.27.1+cu130,1.9.0,2.5.2,0,4,2026-08-27T10:27:04.572634+00:00,ok,,mnist,classification,traditional_relu_field,Traditional neuron + ReLU + Lambda-Psi,traditional,1,before_field,0,1,1,0.5,0.5,1,2026,0.002,0.0001,0.0,50,28,23,5,0.0001,128,256,128,64,242768,242768,152.60510838404298,cuda,./results/lambda_psi_hidden_only/checkpoints/mnist/traditional_relu_field/mnist__traditional_relu_field__seed1__lr0p002__cfg2d38c17352ee.pt,0.0523774882376194,98.61999999999999,99.94,,,,,,,0.04834742956571281,98.52,99.98,,,,,,,0.23197491466999054,0.21353395283222198,0.40245169401168823,0.21513018012046814,0.3875656723976135,0.24364563822746277,,
mnist__traditional_relu_field__seed2__lr0p002__cfg2d38c17352ee,2d38c17352ee,96b354dd2d4cd04c,2.12.1+cu130,0.27.1+cu130,1.9.0,2.5.2,0,4,2026-08-27T10:30:53.664699+00:00,ok,,mnist,classification,traditional_relu_field,Traditional neuron + ReLU + Lambda-Psi,traditional,1,before_field,0,1,1,0.5,0.5,2,2026,0.002,0.0001,0.0,50,33,28,5,0.0001,128,256,128,64,242768,242768,227.26530739711598,cuda,./results/lambda_psi_hidden_only/checkpoints/mnist/traditional_relu_field/mnist__traditional_relu_field__seed2__lr0p002__cfg2d38c17352ee.pt,0.049967246240377426,98.61999999999999,99.98,,,,,,,0.038957734443736264,98.72,100.0,,,,,,,0.22891806066036224,0.20464415848255157,0.4231886565685272,0.19588223099708557,0.43978163599967957,0.2440767139196396,,
mnist__traditional_relu_field__seed3__lr0p002__cfg2d38c17352ee,2d38c17352ee,96b354dd2d4cd04c,2.12.1+cu130,0.27.1+cu130,1.9.0,2.5.2,0,4,2026-08-27T10:34:27.699590+00:00,ok,,mnist,classification,traditional_relu_field,Traditional neuron + ReLU + Lambda-Psi,traditional,1,before_field,0,1,1,0.5,0.5,3,2026,0.002,0.0001,0.0,50,36,31,5,0.0001,128,256,128,64,242768,242768,212.53793549793772,cuda,./results/lambda_psi_hidden_only/checkpoints/mnist/traditional_relu_field/mnist__traditional_relu_field__seed3__lr0p002__cfg2d38c17352ee.pt,0.04971500253677368,98.82,99.98,,,,,,,0.03960582863832824,98.72,99.99,,,,,,,0.22194086015224457,0.17916834354400635,0.4285343587398529,0.19311708211898804,0.44090622663497925,0.23402436077594757,,
mnist__traditional_relu_field__seed4__lr0p002__cfg2d38c17352ee,2d38c17352ee,96b354dd2d4cd04c,2.12.1+cu130,0.27.1+cu130,1.9.0,2.5.2,0,4,2026-08-27T10:38:14.912066+00:00,ok,,mnist,classification,traditional_relu_field,Traditional neuron + ReLU + Lambda-Psi,traditional,1,before_field,0,1,1,0.5,0.5,4,2026,0.002,0.0001,0.0,50,35,30,5,0.0001,128,256,128,64,242768,242768,225.67762324493378,cuda,./results/lambda_psi_hidden_only/checkpoints/mnist/traditional_relu_field/mnist__traditional_relu_field__seed4__lr0p002__cfg2d38c17352ee.pt,0.044556741791963575,98.78,99.96000000000001,,,,,,,0.04072991412426345,98.74000000000001,99.99,,,,,,,0.24147489666938782,0.19098030030727386,0.4261496663093567,0.2013169825077057,0.4444256126880646,0.2506297826766968,,
mnist__traditional_relu_field__seed0__lr0p003__cfg2d38c17352ee,2d38c17352ee,96b354dd2d4cd04c,2.12.1+cu130,0.27.1+cu130,1.9.0,2.5.2,0,4,2026-08-27T10:40:38.424967+00:00,ok,,mnist,classification,traditional_relu_field,Traditional neuron + ReLU + Lambda-Psi,traditional,1,before_field,0,1,1,0.5,0.5,0,2026,0.003,0.0001,0.0,50,21,16,5,0.0001,128,256,128,64,242768,242768,141.7630668641068,cuda,./results/lambda_psi_hidden_only/checkpoints/mnist/traditional_relu_field/mnist__traditional_relu_field__seed0__lr0p003__cfg2d38c17352ee.pt,0.0527621906042099,98.3,99.98,,,,,,,0.05160026989541948,98.45,99.97,,,,,,,0.2788918912410736,0.189107745885849,0.5316860675811768,0.21455658972263336,0.5740299820899963,0.2831270396709442,,
mnist__traditional_relu_field__seed1__lr0p003__cfg2d38c17352ee,2d38c17352ee,96b354dd2d4cd04c,2.12.1+cu130,0.27.1+cu130,1.9.0,2.5.2,0,4,2026-08-27T10:43:06.005484+00:00,ok,,mnist,classification,traditional_relu_field,Traditional neuron + ReLU + Lambda-Psi,traditional,1,before_field,0,1,1,0.5,0.5,1,2026,0.003,0.0001,0.0,50,21,16,5,0.0001,128,256,128,64,242768,242768,145.77582703600638,cuda,./results/lambda_psi_hidden_only/checkpoints/mnist/traditional_relu_field/mnist__traditional_relu_field__seed1__lr0p003__cfg2d38c17352ee.pt,0.05923772068023682,98.28,99.96000000000001,,,,,,,0.049237575262691825,98.35000000000001,99.98,,,,,,,0.2695658206939697,0.18710678815841675,0.5157765746116638,0.2189331203699112,0.5086044073104858,0.2691718637943268,,
mnist__traditional_relu_field__seed2__lr0p003__cfg2d38c17352ee,2d38c17352ee,96b354dd2d4cd04c,2.12.1+cu130,0.27.1+cu130,1.9.0,2.5.2,0,4,2026-08-27T10:46:29.942538+00:00,ok,,mnist,classification,traditional_relu_field,Traditional neuron + ReLU + Lambda-Psi,traditional,1,before_field,0,1,1,0.5,0.5,2,2026,0.003,0.0001,0.0,50,29,24,5,0.0001,128,256,128,64,242768,242768,202.12794131808914,cuda,./results/lambda_psi_hidden_only/checkpoints/mnist/traditional_relu_field/mnist__traditional_relu_field__seed2__lr0p003__cfg2d38c17352ee.pt,0.0445302997469902,98.6,100.0,,,,,,,0.042179857455845925,98.53,99.97,,,,,,,0.26017412543296814,0.14956146478652954,0.576250433921814,0.17745459079742432,0.6148301362991333,0.26880016922950745,,
mnist__traditional_relu_field__seed3__lr0p003__cfg2d38c17352ee,2d38c17352ee,96b354dd2d4cd04c,2.12.1+cu130,0.27.1+cu130,1.9.0,2.5.2,0,4,2026-08-27T10:50:32.833836+00:00,ok,,mnist,classification,traditional_relu_field,Traditional neuron + ReLU + Lambda-Psi,traditional,1,before_field,0,1,1,0.5,0.5,3,2026,0.003,0.0001,0.0,50,35,30,5,0.0001,128,256,128,64,242768,242768,241.04113433486782,cuda,./results/lambda_psi_hidden_only/checkpoints/mnist/traditional_relu_field/mnist__traditional_relu_field__seed3__lr0p003__cfg2d38c17352ee.pt,0.049816375386714934,98.8,100.0,,,,,,,0.035167297561932355,98.9,100.0,,,,,,,0.2262113392353058,0.13557256758213043,0.5734732151031494,0.18258225917816162,0.6059045791625977,0.24813039600849152,,
mnist__traditional_relu_field__seed4__lr0p003__cfg2d38c17352ee,2d38c17352ee,96b354dd2d4cd04c,2.12.1+cu130,0.27.1+cu130,1.9.0,2.5.2,0,4,2026-08-27T10:53:16.336277+00:00,ok,,mnist,classification,traditional_relu_field,Traditional neuron + ReLU + Lambda-Psi,traditional,1,before_field,0,1,1,0.5,0.5,4,2026,0.003,0.0001,0.0,50,22,17,5,0.0001,128,256,128,64,242768,242768,161.3677246698644,cuda,./results/lambda_psi_hidden_only/checkpoints/mnist/traditional_relu_field/mnist__traditional_relu_field__seed4__lr0p003__cfg2d38c17352ee.pt,0.05349910991191864,98.52,99.96000000000001,,,,,,,0.044764595786761494,98.67,99.99,,,,,,,0.2869093418121338,0.18679186701774597,0.5527769327163696,0.19773365557193756,0.5749205946922302,0.28741899132728577,,
mnist__aptx_field__seed0__lr0p0003__cfgdb271a5801f6,db271a5801f6,96b354dd2d4cd04c,2.12.1+cu130,0.27.1+cu130,1.9.0,2.5.2,0,4,2026-08-27T10:58:22.194657+00:00,ok,,mnist,classification,aptx_field,APTx Neuron + Lambda-Psi,aptx,1,none,0,1,1,0.5,0.5,0,2026,0.0003,0.0001,0.0,50,35,30,5,0.0001,128,256,128,64,727376,727376,303.90144784213044,cuda,./results/lambda_psi_hidden_only/checkpoints/mnist/aptx_field/mnist__aptx_field__seed0__lr0p0003__cfgdb271a5801f6.pt,0.14905349388122557,95.67999999999999,99.92,,,,,,,0.12502162239849568,96.16,99.92,,,,,,,0.7878180742263794,0.7732243537902832,0.8124359846115112,0.7973179817199707,0.8279196619987488,0.8089306950569153,,
mnist__aptx_field__seed1__lr0p0003__cfgdb271a5801f6,db271a5801f6,96b354dd2d4cd04c,2.12.1+cu130,0.27.1+cu130,1.9.0,2.5.2,0,4,2026-08-27T11:03:51.818717+00:00,ok,,mnist,classification,aptx_field,APTx Neuron + Lambda-Psi,aptx,1,none,0,1,1,0.5,0.5,1,2026,0.0003,0.0001,0.0,50,39,34,5,0.0001,128,256,128,64,727376,727376,327.8033105288632,cuda,./results/lambda_psi_hidden_only/checkpoints/mnist/aptx_field/mnist__aptx_field__seed1__lr0p0003__cfgdb271a5801f6.pt,0.13565241980552672,96.2,99.94,,,,,,,0.11781100965738296,96.33,99.94,,,,,,,0.7867609858512878,0.7728099822998047,0.8117639422416687,0.7934567332267761,0.8278682231903076,0.8087388277053833,,
mnist__aptx_field__seed2__lr0p0003__cfgdb271a5801f6,db271a5801f6,96b354dd2d4cd04c,2.12.1+cu130,0.27.1+cu130,1.9.0,2.5.2,0,4,2026-08-27T11:09:19.671771+00:00,ok,,mnist,classification,aptx_field,APTx Neuron + Lambda-Psi,aptx,1,none,0,1,1,0.5,0.5,2,2026,0.0003,0.0001,0.0,50,40,35,5,0.0001,128,256,128,64,727376,727376,325.92640606407076,cuda,./results/lambda_psi_hidden_only/checkpoints/mnist/aptx_field/mnist__aptx_field__seed2__lr0p0003__cfgdb271a5801f6.pt,0.14269120531082152,95.78,99.88,,,,,,,0.12211781001463533,95.92,99.96000000000001,,,,,,,0.7865450382232666,0.7715358734130859,0.8119274377822876,0.7972450852394104,0.8219362497329712,0.8116910457611084,,
mnist__aptx_field__seed3__lr0p0003__cfgdb271a5801f6,db271a5801f6,96b354dd2d4cd04c,2.12.1+cu130,0.27.1+cu130,1.9.0,2.5.2,0,4,2026-08-27T11:14:57.738627+00:00,ok,,mnist,classification,aptx_field,APTx Neuron + Lambda-Psi,aptx,1,none,0,1,1,0.5,0.5,3,2026,0.0003,0.0001,0.0,50,38,33,5,0.0001,128,256,128,64,727376,727376,335.01111201103777,cuda,./results/lambda_psi_hidden_only/checkpoints/mnist/aptx_field/mnist__aptx_field__seed3__lr0p0003__cfgdb271a5801f6.pt,0.14771092793941498,95.66,99.86,,,,,,,0.12485967026650906,96.05,99.96000000000001,,,,,,,0.7882972359657288,0.7742217779159546,0.8105403780937195,0.7948944568634033,0.8242956399917603,0.8094534277915955,,
mnist__aptx_field__seed4__lr0p0003__cfgdb271a5801f6,db271a5801f6,96b354dd2d4cd04c,2.12.1+cu130,0.27.1+cu130,1.9.0,2.5.2,0,4,2026-08-27T11:22:18.769989+00:00,ok,,mnist,classification,aptx_field,APTx Neuron + Lambda-Psi,aptx,1,none,0,1,1,0.5,0.5,4,2026,0.0003,0.0001,0.0,50,48,43,5,0.0001,128,256,128,64,727376,727376,439.439804174006,cuda,./results/lambda_psi_hidden_only/checkpoints/mnist/aptx_field/mnist__aptx_field__seed4__lr0p0003__cfgdb271a5801f6.pt,0.13728138475418092,95.86,99.86,,,,,,,0.11116345991119743,96.69,99.91,,,,,,,0.7905768752098083,0.7776695489883423,0.8137819170951843,0.7915409207344055,0.8336531519889832,0.8073256015777588,,
mnist__aptx_field__seed0__lr0p0005__cfgdb271a5801f6,db271a5801f6,96b354dd2d4cd04c,2.12.1+cu130,0.27.1+cu130,1.9.0,2.5.2,0,4,2026-08-27T11:26:50.794586+00:00,ok,,mnist,classification,aptx_field,APTx Neuron + Lambda-Psi,aptx,1,none,0,1,1,0.5,0.5,0,2026,0.0005,0.0001,0.0,50,50,45,5,0.0001,128,256,128,64,727376,727376,270.5364046290051,cuda,./results/lambda_psi_hidden_only/checkpoints/mnist/aptx_field/mnist__aptx_field__seed0__lr0p0005__cfgdb271a5801f6.pt,0.10022404096126557,97.08,99.94,,,,,,,0.07841514917910099,97.48,99.98,,,,,,,0.7904495596885681,0.7675371170043945,0.8200802803039551,0.7953624129295349,0.8351801633834839,0.8081724643707275,,
mnist__aptx_field__seed1__lr0p0005__cfgdb271a5801f6,db271a5801f6,96b354dd2d4cd04c,2.12.1+cu130,0.27.1+cu130,1.9.0,2.5.2,0,4,2026-08-27T11:31:12.595788+00:00,ok,,mnist,classification,aptx_field,APTx Neuron + Lambda-Psi,aptx,1,none,0,1,1,0.5,0.5,1,2026,0.0005,0.0001,0.0,50,49,44,5,0.0001,128,256,128,64,727376,727376,260.2559756820556,cuda,./results/lambda_psi_hidden_only/checkpoints/mnist/aptx_field/mnist__aptx_field__seed1__lr0p0005__cfgdb271a5801f6.pt,0.09311103882789612,97.42,99.92,,,,,,,0.08272904908135534,97.44,99.96000000000001,,,,,,,0.7896823883056641,0.7681449055671692,0.8199785947799683,0.7928398847579956,0.8351699113845825,0.8096680045127869,,
mnist__aptx_field__seed2__lr0p0005__cfgdb271a5801f6,db271a5801f6,96b354dd2d4cd04c,2.12.1+cu130,0.27.1+cu130,1.9.0,2.5.2,0,4,2026-08-27T11:34:37.230843+00:00,ok,,mnist,classification,aptx_field,APTx Neuron + Lambda-Psi,aptx,1,none,0,1,1,0.5,0.5,2,2026,0.0005,0.0001,0.0,50,38,33,5,0.0001,128,256,128,64,727376,727376,202.7281638190616,cuda,./results/lambda_psi_hidden_only/checkpoints/mnist/aptx_field/mnist__aptx_field__seed2__lr0p0005__cfgdb271a5801f6.pt,0.10732272896766662,96.88,99.9,,,,,,,0.08734142865426839,97.23,99.96000000000001,,,,,,,0.790398120880127,0.766478419303894,0.8202348351478577,0.7971029877662659,0.8291731476783752,0.8122336864471436,,
mnist__aptx_field__seed3__lr0p0005__cfgdb271a5801f6,db271a5801f6,96b354dd2d4cd04c,2.12.1+cu130,0.27.1+cu130,1.9.0,2.5.2,0,4,2026-08-27T11:38:13.344752+00:00,ok,,mnist,classification,aptx_field,APTx Neuron + Lambda-Psi,aptx,1,none,0,1,1,0.5,0.5,3,2026,0.0005,0.0001,0.0,50,40,35,5,0.0001,128,256,128,64,727376,727376,214.62846263800748,cuda,./results/lambda_psi_hidden_only/checkpoints/mnist/aptx_field/mnist__aptx_field__seed3__lr0p0005__cfgdb271a5801f6.pt,0.10435762147903442,97.04,99.98,,,,,,,0.0825693622417748,97.21,99.97,,,,,,,0.7913805246353149,0.7718159556388855,0.8148088455200195,0.7928531765937805,0.8312657475471497,0.8124546408653259,,
mnist__aptx_field__seed4__lr0p0005__cfgdb271a5801f6,db271a5801f6,96b354dd2d4cd04c,2.12.1+cu130,0.27.1+cu130,1.9.0,2.5.2,0,4,2026-08-27T11:42:06.825851+00:00,ok,,mnist,classification,aptx_field,APTx Neuron + Lambda-Psi,aptx,1,none,0,1,1,0.5,0.5,4,2026,0.0005,0.0001,0.0,50,42,37,5,0.0001,128,256,128,64,727376,727376,231.96867060102522,cuda,./results/lambda_psi_hidden_only/checkpoints/mnist/aptx_field/mnist__aptx_field__seed4__lr0p0005__cfgdb271a5801f6.pt,0.10438561339378356,97.16,99.96000000000001,,,,,,,0.08401584332622587,97.45,99.97,,,,,,,0.7917237877845764,0.7720434069633484,0.8191158771514893,0.7903910875320435,0.8370281457901001,0.8112685680389404,,
mnist__aptx_field__seed0__lr0p001__cfgdb271a5801f6,db271a5801f6,96b354dd2d4cd04c,2.12.1+cu130,0.27.1+cu130,1.9.0,2.5.2,0,4,2026-08-27T11:46:34.340021+00:00,ok,,mnist,classification,aptx_field,APTx Neuron + Lambda-Psi,aptx,1,none,0,1,1,0.5,0.5,0,2026,0.001,0.0001,0.0,50,50,47,5,0.0001,128,256,128,64,727376,727376,266.0424880969804,cuda,./results/lambda_psi_hidden_only/checkpoints/mnist/aptx_field/mnist__aptx_field__seed0__lr0p001__cfgdb271a5801f6.pt,0.06951784082949161,97.98,99.96000000000001,,,,,,,0.060593835750781,98.15,99.97,,,,,,,0.8016051054000854,0.763066291809082,0.8325216174125671,0.7910876274108887,0.8468060493469238,0.8077375292778015,,
mnist__aptx_field__seed1__lr0p001__cfgdb271a5801f6,db271a5801f6,96b354dd2d4cd04c,2.12.1+cu130,0.27.1+cu130,1.9.0,2.5.2,0,4,2026-08-27T11:48:49.235011+00:00,ok,,mnist,classification,aptx_field,APTx Neuron + Lambda-Psi,aptx,1,none,0,1,1,0.5,0.5,1,2026,0.001,0.0001,0.0,50,25,20,5,0.0001,128,256,128,64,727376,727376,133.35972107411362,cuda,./results/lambda_psi_hidden_only/checkpoints/mnist/aptx_field/mnist__aptx_field__seed1__lr0p001__cfgdb271a5801f6.pt,0.08004416801333428,97.82,99.96000000000001,,,,,,,0.07513563074693083,97.71,99.97,,,,,,,0.79948490858078,0.7709159851074219,0.8304081559181213,0.7934547662734985,0.8500306010246277,0.8132504820823669,,
mnist__aptx_field__seed2__lr0p001__cfgdb271a5801f6,db271a5801f6,96b354dd2d4cd04c,2.12.1+cu130,0.27.1+cu130,1.9.0,2.5.2,0,4,2026-08-27T11:53:15.984062+00:00,ok,,mnist,classification,aptx_field,APTx Neuron + Lambda-Psi,aptx,1,none,0,1,1,0.5,0.5,2,2026,0.001,0.0001,0.0,50,50,45,5,0.0001,128,256,128,64,727376,727376,265.287653259933,cuda,./results/lambda_psi_hidden_only/checkpoints/mnist/aptx_field/mnist__aptx_field__seed2__lr0p001__cfgdb271a5801f6.pt,0.08026863280534745,97.92,99.96000000000001,,,,,,,0.06228619914501905,97.92999999999999,99.97,,,,,,,0.8000272512435913,0.7620462775230408,0.8363175392150879,0.789976179599762,0.8430425524711609,0.8108665943145752,,
mnist__aptx_field__seed3__lr0p001__cfgdb271a5801f6,db271a5801f6,96b354dd2d4cd04c,2.12.1+cu130,0.27.1+cu130,1.9.0,2.5.2,0,4,2026-08-27T11:56:39.246303+00:00,ok,,mnist,classification,aptx_field,APTx Neuron + Lambda-Psi,aptx,1,none,0,1,1,0.5,0.5,3,2026,0.001,0.0001,0.0,50,38,33,5,0.0001,128,256,128,64,727376,727376,201.76175593887456,cuda,./results/lambda_psi_hidden_only/checkpoints/mnist/aptx_field/mnist__aptx_field__seed3__lr0p001__cfgdb271a5801f6.pt,0.0711783350944519,97.86,99.96000000000001,,,,,,,0.06284108719676733,97.85000000000001,99.98,,,,,,,0.8045589327812195,0.7721838355064392,0.827403724193573,0.791164219379425,0.8442205190658569,0.8095960021018982,,
mnist__aptx_field__seed4__lr0p001__cfgdb271a5801f6,db271a5801f6,96b354dd2d4cd04c,2.12.1+cu130,0.27.1+cu130,1.9.0,2.5.2,0,4,2026-08-27T11:59:58.277584+00:00,ok,,mnist,classification,aptx_field,APTx Neuron + Lambda-Psi,aptx,1,none,0,1,1,0.5,0.5,4,2026,0.001,0.0001,0.0,50,37,32,5,0.0001,128,256,128,64,727376,727376,197.5242378199473,cuda,./results/lambda_psi_hidden_only/checkpoints/mnist/aptx_field/mnist__aptx_field__seed4__lr0p001__cfgdb271a5801f6.pt,0.07950397526025772,97.96000000000001,99.98,,,,,,,0.06285605942066759,98.03,99.98,,,,,,,0.8062466979026794,0.7724725604057312,0.8309894800186157,0.7879663705825806,0.8472021818161011,0.8097662329673767,,
mnist__aptx_field__seed0__lr0p002__cfgdb271a5801f6,db271a5801f6,96b354dd2d4cd04c,2.12.1+cu130,0.27.1+cu130,1.9.0,2.5.2,0,4,2026-08-27T12:02:07.303989+00:00,ok,,mnist,classification,aptx_field,APTx Neuron + Lambda-Psi,aptx,1,none,0,1,1,0.5,0.5,0,2026,0.002,0.0001,0.0,50,24,19,5,0.0001,128,256,128,64,727376,727376,127.46453362307511,cuda,./results/lambda_psi_hidden_only/checkpoints/mnist/aptx_field/mnist__aptx_field__seed0__lr0p002__cfgdb271a5801f6.pt,0.07096536556482315,98.0,99.98,,,,,,,0.0581583204805851,98.1,99.97,,,,,,,0.8214260339736938,0.762238621711731,0.8560569286346436,0.7956562042236328,0.8685187101364136,0.8155946731567383,,
mnist__aptx_field__seed1__lr0p002__cfgdb271a5801f6,db271a5801f6,96b354dd2d4cd04c,2.12.1+cu130,0.27.1+cu130,1.9.0,2.5.2,0,4,2026-08-27T12:04:09.888019+00:00,ok,,mnist,classification,aptx_field,APTx Neuron + Lambda-Psi,aptx,1,none,0,1,1,0.5,0.5,1,2026,0.002,0.0001,0.0,50,23,18,5,0.0001,128,256,128,64,727376,727376,121.11130603286438,cuda,./results/lambda_psi_hidden_only/checkpoints/mnist/aptx_field/mnist__aptx_field__seed1__lr0p002__cfgdb271a5801f6.pt,0.07112605131864548,98.0,99.98,,,,,,,0.06367419585846365,97.95,99.99,,,,,,,0.8219598531723022,0.7706263065338135,0.8565736413002014,0.787771463394165,0.8729081749916077,0.8135669231414795,,
mnist__aptx_field__seed2__lr0p002__cfgdb271a5801f6,db271a5801f6,96b354dd2d4cd04c,2.12.1+cu130,0.27.1+cu130,1.9.0,2.5.2,0,4,2026-08-27T12:06:46.939637+00:00,ok,,mnist,classification,aptx_field,APTx Neuron + Lambda-Psi,aptx,1,none,0,1,1,0.5,0.5,2,2026,0.002,0.0001,0.0,50,29,24,5,0.0001,128,256,128,64,727376,727376,155.52398585993797,cuda,./results/lambda_psi_hidden_only/checkpoints/mnist/aptx_field/mnist__aptx_field__seed2__lr0p002__cfgdb271a5801f6.pt,0.062028982090950015,98.14,100.0,,,,,,,0.05197600581422448,98.3,99.98,,,,,,,0.8228914141654968,0.7577234506607056,0.8596017956733704,0.789557933807373,0.8739257454872131,0.8187495470046997,,
mnist__aptx_field__seed3__lr0p002__cfgdb271a5801f6,db271a5801f6,96b354dd2d4cd04c,2.12.1+cu130,0.27.1+cu130,1.9.0,2.5.2,0,4,2026-08-27T12:10:24.563191+00:00,ok,,mnist,classification,aptx_field,APTx Neuron + Lambda-Psi,aptx,1,none,0,1,1,0.5,0.5,3,2026,0.002,0.0001,0.0,50,40,35,5,0.0001,128,256,128,64,727376,727376,216.12177259894088,cuda,./results/lambda_psi_hidden_only/checkpoints/mnist/aptx_field/mnist__aptx_field__seed3__lr0p002__cfgdb271a5801f6.pt,0.05719506866931915,98.38,99.98,,,,,,,0.04771972241003532,98.54,99.99,,,,,,,0.8268086314201355,0.7717272639274597,0.8532862067222595,0.7712964415550232,0.867673397064209,0.8123596906661987,,
mnist__aptx_field__seed4__lr0p002__cfgdb271a5801f6,db271a5801f6,96b354dd2d4cd04c,2.12.1+cu130,0.27.1+cu130,1.9.0,2.5.2,0,4,2026-08-27T12:13:53.879771+00:00,ok,,mnist,classification,aptx_field,APTx Neuron + Lambda-Psi,aptx,1,none,0,1,1,0.5,0.5,4,2026,0.002,0.0001,0.0,50,39,34,5,0.0001,128,256,128,64,727376,727376,207.7668346920982,cuda,./results/lambda_psi_hidden_only/checkpoints/mnist/aptx_field/mnist__aptx_field__seed4__lr0p002__cfgdb271a5801f6.pt,0.06163131827712059,98.44000000000001,99.98,,,,,,,0.04930946323990356,98.49,99.96000000000001,,,,,,,0.831087052822113,0.768081784248352,0.8601707816123962,0.7878631949424744,0.8633318543434143,0.7959604263305664,,
mnist__aptx_field__seed0__lr0p003__cfgdb271a5801f6,db271a5801f6,96b354dd2d4cd04c,2.12.1+cu130,0.27.1+cu130,1.9.0,2.5.2,0,4,2026-08-27T12:17:49.343715+00:00,ok,,mnist,classification,aptx_field,APTx Neuron + Lambda-Psi,aptx,1,none,0,1,1,0.5,0.5,0,2026,0.003,0.0001,0.0,50,44,39,5,0.0001,128,256,128,64,727376,727376,233.92599830799736,cuda,./results/lambda_psi_hidden_only/checkpoints/mnist/aptx_field/mnist__aptx_field__seed0__lr0p003__cfgdb271a5801f6.pt,0.04973495389223099,98.58,100.0,,,,,,,0.041513974719925316,98.64,99.99,,,,,,,0.8511440753936768,0.7431488037109375,0.8801629543304443,0.7713022232055664,0.887904167175293,0.8028203248977661,,
mnist__aptx_field__seed1__lr0p003__cfgdb271a5801f6,db271a5801f6,96b354dd2d4cd04c,2.12.1+cu130,0.27.1+cu130,1.9.0,2.5.2,0,4,2026-08-27T12:21:49.618732+00:00,ok,,mnist,classification,aptx_field,APTx Neuron + Lambda-Psi,aptx,1,none,0,1,1,0.5,0.5,1,2026,0.003,0.0001,0.0,50,45,40,5,0.0001,128,256,128,64,727376,727376,238.71369793103077,cuda,./results/lambda_psi_hidden_only/checkpoints/mnist/aptx_field/mnist__aptx_field__seed1__lr0p003__cfgdb271a5801f6.pt,0.044950086963176726,98.76,99.98,,,,,,,0.03699620028319769,98.75,99.99,,,,,,,0.8471719026565552,0.7589048147201538,0.8792543411254883,0.7540762424468994,0.8922262787818909,0.8004094362258911,,
mnist__aptx_field__seed2__lr0p003__cfgdb271a5801f6,db271a5801f6,96b354dd2d4cd04c,2.12.1+cu130,0.27.1+cu130,1.9.0,2.5.2,0,4,2026-08-27T12:24:10.661525+00:00,ok,,mnist,classification,aptx_field,APTx Neuron + Lambda-Psi,aptx,1,none,0,1,1,0.5,0.5,2,2026,0.003,0.0001,0.0,50,26,21,5,0.0001,128,256,128,64,727376,727376,139.5325663939584,cuda,./results/lambda_psi_hidden_only/checkpoints/mnist/aptx_field/mnist__aptx_field__seed2__lr0p003__cfgdb271a5801f6.pt,0.05853161556720734,98.32,99.98,,,,,,,0.05242542313542217,98.32,100.0,,,,,,,0.8447071313858032,0.752592146396637,0.8787883520126343,0.77668297290802,0.8926340341567993,0.8185108304023743,,
mnist__aptx_field__seed3__lr0p003__cfgdb271a5801f6,db271a5801f6,96b354dd2d4cd04c,2.12.1+cu130,0.27.1+cu130,1.9.0,2.5.2,0,4,2026-08-27T12:28:08.104295+00:00,ok,,mnist,classification,aptx_field,APTx Neuron + Lambda-Psi,aptx,1,none,0,1,1,0.5,0.5,3,2026,0.003,0.0001,0.0,50,44,39,5,0.0001,128,256,128,64,727376,727376,235.96199141605757,cuda,./results/lambda_psi_hidden_only/checkpoints/mnist/aptx_field/mnist__aptx_field__seed3__lr0p003__cfgdb271a5801f6.pt,0.05285785762965679,98.68,100.0,,,,,,,0.041257673201529545,98.69,99.99,,,,,,,0.8487723469734192,0.7652326822280884,0.8782894015312195,0.7555044889450073,0.8896424174308777,0.8091599941253662,,
mnist__aptx_field__seed4__lr0p003__cfgdb271a5801f6,db271a5801f6,96b354dd2d4cd04c,2.12.1+cu130,0.27.1+cu130,1.9.0,2.5.2,0,4,2026-08-27T12:31:05.916381+00:00,ok,,mnist,classification,aptx_field,APTx Neuron + Lambda-Psi,aptx,1,none,0,1,1,0.5,0.5,4,2026,0.003,0.0001,0.0,50,33,28,5,0.0001,128,256,128,64,727376,727376,176.28528014197946,cuda,./results/lambda_psi_hidden_only/checkpoints/mnist/aptx_field/mnist__aptx_field__seed4__lr0p003__cfgdb271a5801f6.pt,0.05611783671379089,98.4,100.0,,,,,,,0.04796612415667623,98.42,99.98,,,,,,,0.8503117561340332,0.7659441232681274,0.8777449727058411,0.7833131551742554,0.8924506902694702,0.7941358089447021,,
mnist__aptx_field_relu__seed0__lr0p0003__cfg19616d62aa52,19616d62aa52,96b354dd2d4cd04c,2.12.1+cu130,0.27.1+cu130,1.9.0,2.5.2,0,4,2026-08-27T12:31:40.255868+00:00,ok,,mnist,classification,aptx_field_relu,APTx Neuron + Lambda-Psi + ReLU,aptx,1,after_field,0,1,1,0.5,0.5,0,2026,0.0003,0.0001,0.0,50,6,1,5,0.0001,128,256,128,64,727376,727376,32.78950771992095,cuda,./results/lambda_psi_hidden_only/checkpoints/mnist/aptx_field_relu/mnist__aptx_field_relu__seed0__lr0p0003__cfg19616d62aa52.pt,2.3014743812561034,11.52,51.7,,,,,,,2.3041613182067873,11.35,52.15,,,,,,,0.5080401301383972,0.5068666934967041,0.5078604221343994,0.5076704621315002,0.5079034566879272,0.5149023532867432,,
mnist__aptx_field_relu__seed1__lr0p0003__cfg19616d62aa52,19616d62aa52,96b354dd2d4cd04c,2.12.1+cu130,0.27.1+cu130,1.9.0,2.5.2,0,4,2026-08-27T12:36:09.602435+00:00,ok,,mnist,classification,aptx_field_relu,APTx Neuron + Lambda-Psi + ReLU,aptx,1,after_field,0,1,1,0.5,0.5,1,2026,0.0003,0.0001,0.0,50,50,46,5,0.0001,128,256,128,64,727376,727376,267.86224379297346,cuda,./results/lambda_psi_hidden_only/checkpoints/mnist/aptx_field_relu/mnist__aptx_field_relu__seed1__lr0p0003__cfg19616d62aa52.pt,0.24623794507980346,92.54,99.72,,,,,,,0.21342655959129334,93.58,99.68,,,,,,,0.7362385392189026,0.6690908670425415,0.7522832155227661,0.622118353843689,0.7509317994117737,0.5439858436584473,,
mnist__aptx_field_relu__seed2__lr0p0003__cfg19616d62aa52,19616d62aa52,96b354dd2d4cd04c,2.12.1+cu130,0.27.1+cu130,1.9.0,2.5.2,0,4,2026-08-27T12:40:33.092461+00:00,ok,,mnist,classification,aptx_field_relu,APTx Neuron + Lambda-Psi + ReLU,aptx,1,after_field,0,1,1,0.5,0.5,2,2026,0.0003,0.0001,0.0,50,50,47,5,0.0001,128,256,128,64,727376,727376,262.0353968909476,cuda,./results/lambda_psi_hidden_only/checkpoints/mnist/aptx_field_relu/mnist__aptx_field_relu__seed2__lr0p0003__cfg19616d62aa52.pt,0.8898458089828492,67.22,98.14,,,,,,,0.8583063105583191,67.51,98.55000000000001,,,,,,,0.6791133880615234,0.6698361039161682,0.6896024346351624,0.6293007731437683,0.6997539401054382,0.5299534201622009,,
mnist__aptx_field_relu__seed3__lr0p0003__cfg19616d62aa52,19616d62aa52,96b354dd2d4cd04c,2.12.1+cu130,0.27.1+cu130,1.9.0,2.5.2,0,4,2026-08-27T12:45:00.372472+00:00,ok,,mnist,classification,aptx_field_relu,APTx Neuron + Lambda-Psi + ReLU,aptx,1,after_field,0,1,1,0.5,0.5,3,2026,0.0003,0.0001,0.0,50,50,47,5,0.0001,128,256,128,64,727376,727376,265.85679859900847,cuda,./results/lambda_psi_hidden_only/checkpoints/mnist/aptx_field_relu/mnist__aptx_field_relu__seed3__lr0p0003__cfg19616d62aa52.pt,0.40469340543746946,88.4,99.11999999999999,,,,,,,0.38114548845291135,89.12,99.29,,,,,,,0.7110562920570374,0.6833092570304871,0.751618504524231,0.6544129252433777,0.755749523639679,0.5298365950584412,,
mnist__aptx_field_relu__seed4__lr0p0003__cfg19616d62aa52,19616d62aa52,96b354dd2d4cd04c,2.12.1+cu130,0.27.1+cu130,1.9.0,2.5.2,0,4,2026-08-27T12:49:30.653837+00:00,ok,,mnist,classification,aptx_field_relu,APTx Neuron + Lambda-Psi + ReLU,aptx,1,after_field,0,1,1,0.5,0.5,4,2026,0.0003,0.0001,0.0,50,50,49,5,0.0001,128,256,128,64,727376,727376,268.8814097510185,cuda,./results/lambda_psi_hidden_only/checkpoints/mnist/aptx_field_relu/mnist__aptx_field_relu__seed4__lr0p0003__cfg19616d62aa52.pt,0.9727263381958008,64.44,98.11999999999999,,,,,,,0.9460297473907471,64.95,98.50999999999999,,,,,,,0.6813541650772095,0.6664008498191833,0.7112888097763062,0.6125309467315674,0.7382705807685852,0.5422945618629456,,
mnist__aptx_field_relu__seed0__lr0p0005__cfg19616d62aa52,19616d62aa52,96b354dd2d4cd04c,2.12.1+cu130,0.27.1+cu130,1.9.0,2.5.2,0,4,2026-08-27T12:54:01.753459+00:00,ok,,mnist,classification,aptx_field_relu,APTx Neuron + Lambda-Psi + ReLU,aptx,1,after_field,0,1,1,0.5,0.5,0,2026,0.0005,0.0001,0.0,50,50,46,5,0.0001,128,256,128,64,727376,727376,269.6416271140333,cuda,./results/lambda_psi_hidden_only/checkpoints/mnist/aptx_field_relu/mnist__aptx_field_relu__seed0__lr0p0005__cfg19616d62aa52.pt,0.5919670057296753,85.88,98.98,,,,,,,0.5418006185531616,87.09,99.25,,,,,,,0.6309975981712341,0.6011801958084106,0.6266452670097351,0.6076579093933105,0.6314890384674072,0.5287866592407227,,
mnist__aptx_field_relu__seed1__lr0p0005__cfg19616d62aa52,19616d62aa52,96b354dd2d4cd04c,2.12.1+cu130,0.27.1+cu130,1.9.0,2.5.2,0,4,2026-08-27T12:58:18.505776+00:00,ok,,mnist,classification,aptx_field_relu,APTx Neuron + Lambda-Psi + ReLU,aptx,1,after_field,0,1,1,0.5,0.5,1,2026,0.0005,0.0001,0.0,50,48,43,5,0.0001,128,256,128,64,727376,727376,255.18390432395972,cuda,./results/lambda_psi_hidden_only/checkpoints/mnist/aptx_field_relu/mnist__aptx_field_relu__seed1__lr0p0005__cfg19616d62aa52.pt,0.16034371509552,95.28,99.86,,,,,,,0.15068213564753533,95.38,99.83,,,,,,,0.7243878245353699,0.6517732739448547,0.729349672794342,0.6174430251121521,0.724355161190033,0.538325309753418,,
mnist__aptx_field_relu__seed2__lr0p0005__cfg19616d62aa52,19616d62aa52,96b354dd2d4cd04c,2.12.1+cu130,0.27.1+cu130,1.9.0,2.5.2,0,4,2026-08-27T13:02:48.168361+00:00,ok,,mnist,classification,aptx_field_relu,APTx Neuron + Lambda-Psi + ReLU,aptx,1,after_field,0,1,1,0.5,0.5,2,2026,0.0005,0.0001,0.0,50,50,48,5,0.0001,128,256,128,64,727376,727376,268.13413076405413,cuda,./results/lambda_psi_hidden_only/checkpoints/mnist/aptx_field_relu/mnist__aptx_field_relu__seed2__lr0p0005__cfg19616d62aa52.pt,0.31025074405670167,91.82000000000001,99.2,,,,,,,0.2978361832499504,91.92,99.44,,,,,,,0.6423125267028809,0.6170760989189148,0.6543077826499939,0.6144147515296936,0.6527633666992188,0.5322278141975403,,
mnist__aptx_field_relu__seed3__lr0p0005__cfg19616d62aa52,19616d62aa52,96b354dd2d4cd04c,2.12.1+cu130,0.27.1+cu130,1.9.0,2.5.2,0,4,2026-08-27T13:07:13.373373+00:00,ok,,mnist,classification,aptx_field_relu,APTx Neuron + Lambda-Psi + ReLU,aptx,1,after_field,0,1,1,0.5,0.5,3,2026,0.0005,0.0001,0.0,50,49,44,5,0.0001,128,256,128,64,727376,727376,263.78105963394046,cuda,./results/lambda_psi_hidden_only/checkpoints/mnist/aptx_field_relu/mnist__aptx_field_relu__seed3__lr0p0005__cfg19616d62aa52.pt,0.19027779273986817,94.62,99.82,,,,,,,0.1674848774433136,94.86,99.83,,,,,,,0.7173448801040649,0.6831783056259155,0.7389031648635864,0.6660958528518677,0.7412230372428894,0.5353477001190186,,
mnist__aptx_field_relu__seed4__lr0p0005__cfg19616d62aa52,19616d62aa52,96b354dd2d4cd04c,2.12.1+cu130,0.27.1+cu130,1.9.0,2.5.2,0,4,2026-08-27T13:11:45.835975+00:00,ok,,mnist,classification,aptx_field_relu,APTx Neuron + Lambda-Psi + ReLU,aptx,1,after_field,0,1,1,0.5,0.5,4,2026,0.0005,0.0001,0.0,50,50,48,5,0.0001,128,256,128,64,727376,727376,270.9927285690792,cuda,./results/lambda_psi_hidden_only/checkpoints/mnist/aptx_field_relu/mnist__aptx_field_relu__seed4__lr0p0005__cfg19616d62aa52.pt,0.21224211163520812,94.06,99.6,,,,,,,0.18677806782722473,94.72,99.77000000000001,,,,,,,0.6649528741836548,0.6265774965286255,0.6831637620925903,0.59022057056427,0.6865454316139221,0.5385429263114929,,
mnist__aptx_field_relu__seed0__lr0p001__cfg19616d62aa52,19616d62aa52,96b354dd2d4cd04c,2.12.1+cu130,0.27.1+cu130,1.9.0,2.5.2,0,4,2026-08-27T13:12:19.597150+00:00,ok,,mnist,classification,aptx_field_relu,APTx Neuron + Lambda-Psi + ReLU,aptx,1,after_field,0,1,1,0.5,0.5,0,2026,0.001,0.0001,0.0,50,6,1,5,0.0001,128,256,128,64,727376,727376,32.24775705579668,cuda,./results/lambda_psi_hidden_only/checkpoints/mnist/aptx_field_relu/mnist__aptx_field_relu__seed0__lr0p001__cfg19616d62aa52.pt,2.3012096099853516,11.5,51.68000000000001,,,,,,,2.3010512306213378,11.35,52.14,,,,,,,0.5111538171768188,0.5087565779685974,0.5109475255012512,0.5092821717262268,0.5109946727752686,0.5188394784927368,,
mnist__aptx_field_relu__seed1__lr0p001__cfg19616d62aa52,19616d62aa52,96b354dd2d4cd04c,2.12.1+cu130,0.27.1+cu130,1.9.0,2.5.2,0,4,2026-08-27T13:15:45.733994+00:00,ok,,mnist,classification,aptx_field_relu,APTx Neuron + Lambda-Psi + ReLU,aptx,1,after_field,0,1,1,0.5,0.5,1,2026,0.001,0.0001,0.0,50,38,33,5,0.0001,128,256,128,64,727376,727376,204.66645526187494,cuda,./results/lambda_psi_hidden_only/checkpoints/mnist/aptx_field_relu/mnist__aptx_field_relu__seed1__lr0p001__cfg19616d62aa52.pt,0.08590743700265885,97.46000000000001,99.96000000000001,,,,,,,0.0765943082228303,97.64,99.94,,,,,,,0.7443912625312805,0.6471582055091858,0.7483137845993042,0.6218906044960022,0.7453401684761047,0.5498997569084167,,
mnist__aptx_field_relu__seed2__lr0p001__cfg19616d62aa52,19616d62aa52,96b354dd2d4cd04c,2.12.1+cu130,0.27.1+cu130,1.9.0,2.5.2,0,4,2026-08-27T13:19:46.981645+00:00,ok,,mnist,classification,aptx_field_relu,APTx Neuron + Lambda-Psi + ReLU,aptx,1,after_field,0,1,1,0.5,0.5,2,2026,0.001,0.0001,0.0,50,45,40,5,0.0001,128,256,128,64,727376,727376,239.7670755069703,cuda,./results/lambda_psi_hidden_only/checkpoints/mnist/aptx_field_relu/mnist__aptx_field_relu__seed2__lr0p001__cfg19616d62aa52.pt,0.10209017028808594,97.24000000000001,99.88,,,,,,,0.09260186629742384,97.37,99.9,,,,,,,0.735802412033081,0.6355534195899963,0.7135618925094604,0.6457763910293579,0.6976678371429443,0.5345199704170227,,
mnist__aptx_field_relu__seed3__lr0p001__cfg19616d62aa52,19616d62aa52,96b354dd2d4cd04c,2.12.1+cu130,0.27.1+cu130,1.9.0,2.5.2,0,4,2026-08-27T13:23:56.345997+00:00,ok,,mnist,classification,aptx_field_relu,APTx Neuron + Lambda-Psi + ReLU,aptx,1,after_field,0,1,1,0.5,0.5,3,2026,0.001,0.0001,0.0,50,46,41,5,0.0001,128,256,128,64,727376,727376,247.85986465704627,cuda,./results/lambda_psi_hidden_only/checkpoints/mnist/aptx_field_relu/mnist__aptx_field_relu__seed3__lr0p001__cfg19616d62aa52.pt,0.10739582319259644,96.88,99.92,,,,,,,0.08529835165441037,97.31,99.92,,,,,,,0.7335179448127747,0.6627845168113708,0.7510801553726196,0.6548690795898438,0.737838089466095,0.5367419719696045,,
mnist__aptx_field_relu__seed4__lr0p001__cfg19616d62aa52,19616d62aa52,96b354dd2d4cd04c,2.12.1+cu130,0.27.1+cu130,1.9.0,2.5.2,0,4,2026-08-27T13:28:12.019191+00:00,ok,,mnist,classification,aptx_field_relu,APTx Neuron + Lambda-Psi + ReLU,aptx,1,after_field,0,1,1,0.5,0.5,4,2026,0.001,0.0001,0.0,50,48,43,5,0.0001,128,256,128,64,727376,727376,254.19253045110963,cuda,./results/lambda_psi_hidden_only/checkpoints/mnist/aptx_field_relu/mnist__aptx_field_relu__seed4__lr0p001__cfg19616d62aa52.pt,0.10539535713195801,97.04,99.92,,,,,,,0.09175088059585541,97.24000000000001,99.92999999999999,,,,,,,0.7142580151557922,0.6420982480049133,0.725217342376709,0.607016384601593,0.724414587020874,0.5375361442565918,,
mnist__aptx_field_relu__seed0__lr0p002__cfg19616d62aa52,19616d62aa52,96b354dd2d4cd04c,2.12.1+cu130,0.27.1+cu130,1.9.0,2.5.2,0,4,2026-08-27T13:29:05.608972+00:00,ok,,mnist,classification,aptx_field_relu,APTx Neuron + Lambda-Psi + ReLU,aptx,1,after_field,0,1,1,0.5,0.5,0,2026,0.002,0.0001,0.0,50,10,5,5,0.0001,128,256,128,64,727376,727376,52.06929398491047,cuda,./results/lambda_psi_hidden_only/checkpoints/mnist/aptx_field_relu/mnist__aptx_field_relu__seed0__lr0p002__cfg19616d62aa52.pt,2.300294956588745,11.559999999999999,51.76,,,,,,,2.2991949928283693,11.43,52.25,,,,,,,0.5140668749809265,0.5093033909797668,0.5141842365264893,0.5122072696685791,0.5143025517463684,0.522361159324646,,
mnist__aptx_field_relu__seed1__lr0p002__cfg19616d62aa52,19616d62aa52,96b354dd2d4cd04c,2.12.1+cu130,0.27.1+cu130,1.9.0,2.5.2,0,4,2026-08-27T13:31:57.912324+00:00,ok,,mnist,classification,aptx_field_relu,APTx Neuron + Lambda-Psi + ReLU,aptx,1,after_field,0,1,1,0.5,0.5,1,2026,0.002,0.0001,0.0,50,33,28,5,0.0001,128,256,128,64,727376,727376,170.79557752981782,cuda,./results/lambda_psi_hidden_only/checkpoints/mnist/aptx_field_relu/mnist__aptx_field_relu__seed1__lr0p002__cfg19616d62aa52.pt,0.08387116646766662,97.66,99.94,,,,,,,0.07328225532136858,97.92,99.95,,,,,,,0.7324142456054688,0.6340653300285339,0.7241807579994202,0.6173102259635925,0.6959860324859619,0.5443644523620605,,
mnist__aptx_field_relu__seed2__lr0p002__cfg19616d62aa52,19616d62aa52,96b354dd2d4cd04c,2.12.1+cu130,0.27.1+cu130,1.9.0,2.5.2,0,4,2026-08-27T13:32:31.632764+00:00,ok,,mnist,classification,aptx_field_relu,APTx Neuron + Lambda-Psi + ReLU,aptx,1,after_field,0,1,1,0.5,0.5,2,2026,0.002,0.0001,0.0,50,6,1,5,0.0001,128,256,128,64,727376,727376,32.21327903796919,cuda,./results/lambda_psi_hidden_only/checkpoints/mnist/aptx_field_relu/mnist__aptx_field_relu__seed2__lr0p002__cfg19616d62aa52.pt,2.3012548122406007,11.5,51.68000000000001,,,,,,,2.301012190246582,11.35,52.14,,,,,,,0.516977846622467,0.5140528678894043,0.5166810750961304,0.5149926543235779,0.5165505409240723,0.5225913524627686,,
mnist__aptx_field_relu__seed3__lr0p002__cfg19616d62aa52,19616d62aa52,96b354dd2d4cd04c,2.12.1+cu130,0.27.1+cu130,1.9.0,2.5.2,0,4,2026-08-27T13:36:02.843017+00:00,ok,,mnist,classification,aptx_field_relu,APTx Neuron + Lambda-Psi + ReLU,aptx,1,after_field,0,1,1,0.5,0.5,3,2026,0.002,0.0001,0.0,50,39,34,5,0.0001,128,256,128,64,727376,727376,209.6774735120125,cuda,./results/lambda_psi_hidden_only/checkpoints/mnist/aptx_field_relu/mnist__aptx_field_relu__seed3__lr0p002__cfg19616d62aa52.pt,0.07150663030147553,97.86,99.98,,,,,,,0.06738767971843482,97.89999999999999,99.98,,,,,,,0.8020773530006409,0.6394971609115601,0.800020158290863,0.6410040855407715,0.7849646806716919,0.5345463156700134,,
mnist__aptx_field_relu__seed4__lr0p002__cfg19616d62aa52,19616d62aa52,96b354dd2d4cd04c,2.12.1+cu130,0.27.1+cu130,1.9.0,2.5.2,0,4,2026-08-27T13:39:50.383699+00:00,ok,,mnist,classification,aptx_field_relu,APTx Neuron + Lambda-Psi + ReLU,aptx,1,after_field,0,1,1,0.5,0.5,4,2026,0.002,0.0001,0.0,50,42,37,5,0.0001,128,256,128,64,727376,727376,226.04287909995764,cuda,./results/lambda_psi_hidden_only/checkpoints/mnist/aptx_field_relu/mnist__aptx_field_relu__seed4__lr0p002__cfg19616d62aa52.pt,0.0967490216255188,97.28,99.94,,,,,,,0.08207846616432071,97.69,99.92,,,,,,,0.7006198167800903,0.6057674884796143,0.7051832675933838,0.6246662139892578,0.6828367114067078,0.5383371114730835,,
mnist__aptx_field_relu__seed0__lr0p003__cfg19616d62aa52,19616d62aa52,96b354dd2d4cd04c,2.12.1+cu130,0.27.1+cu130,1.9.0,2.5.2,0,4,2026-08-27T13:40:23.031009+00:00,ok,,mnist,classification,aptx_field_relu,APTx Neuron + Lambda-Psi + ReLU,aptx,1,after_field,0,1,1,0.5,0.5,0,2026,0.003,0.0001,0.0,50,6,1,5,0.0001,128,256,128,64,727376,727376,31.16486090887338,cuda,./results/lambda_psi_hidden_only/checkpoints/mnist/aptx_field_relu/mnist__aptx_field_relu__seed0__lr0p003__cfg19616d62aa52.pt,2.3014312370300294,11.5,50.72,,,,,,,2.301166938018799,11.35,51.62,,,,,,,0.5178183317184448,0.5157939791679382,0.5179268717765808,0.5142448544502258,0.5177631974220276,0.5241321921348572,,
mnist__aptx_field_relu__seed1__lr0p003__cfg19616d62aa52,19616d62aa52,96b354dd2d4cd04c,2.12.1+cu130,0.27.1+cu130,1.9.0,2.5.2,0,4,2026-08-27T13:44:08.515582+00:00,ok,,mnist,classification,aptx_field_relu,APTx Neuron + Lambda-Psi + ReLU,aptx,1,after_field,0,1,1,0.5,0.5,1,2026,0.003,0.0001,0.0,50,42,37,5,0.0001,128,256,128,64,727376,727376,223.96664068684913,cuda,./results/lambda_psi_hidden_only/checkpoints/mnist/aptx_field_relu/mnist__aptx_field_relu__seed1__lr0p003__cfg19616d62aa52.pt,0.05360191832780838,98.64,99.94,,,,,,,0.04762319372221827,98.41,99.98,,,,,,,0.8415319323539734,0.6195436716079712,0.8304429054260254,0.609099805355072,0.7774521708488464,0.5307261347770691,,
mnist__aptx_field_relu__seed2__lr0p003__cfg19616d62aa52,19616d62aa52,96b354dd2d4cd04c,2.12.1+cu130,0.27.1+cu130,1.9.0,2.5.2,0,4,2026-08-27T13:47:58.859196+00:00,ok,,mnist,classification,aptx_field_relu,APTx Neuron + Lambda-Psi + ReLU,aptx,1,after_field,0,1,1,0.5,0.5,2,2026,0.003,0.0001,0.0,50,43,38,5,0.0001,128,256,128,64,727376,727376,228.87393880006857,cuda,./results/lambda_psi_hidden_only/checkpoints/mnist/aptx_field_relu/mnist__aptx_field_relu__seed2__lr0p003__cfg19616d62aa52.pt,0.08507272124290466,97.64,99.94,,,,,,,0.0737130692139268,98.04,99.83999999999999,,,,,,,0.7545045018196106,0.5775694251060486,0.725983202457428,0.6421149969100952,0.6998637318611145,0.536727786064148,,
mnist__aptx_field_relu__seed3__lr0p003__cfg19616d62aa52,19616d62aa52,96b354dd2d4cd04c,2.12.1+cu130,0.27.1+cu130,1.9.0,2.5.2,0,4,2026-08-27T13:48:32.904354+00:00,ok,,mnist,classification,aptx_field_relu,APTx Neuron + Lambda-Psi + ReLU,aptx,1,after_field,0,1,1,0.5,0.5,3,2026,0.003,0.0001,0.0,50,6,1,5,0.0001,128,256,128,64,727376,727376,32.56602748390287,cuda,./results/lambda_psi_hidden_only/checkpoints/mnist/aptx_field_relu/mnist__aptx_field_relu__seed3__lr0p003__cfg19616d62aa52.pt,2.3012528484344483,11.5,51.85999999999999,,,,,,,2.301122261047363,11.35,51.849999999999994,,,,,,,0.5224239826202393,0.5189523696899414,0.522087574005127,0.5176543593406677,0.5217791795730591,0.5283439755439758,,
mnist__aptx_field_relu__seed4__lr0p003__cfg19616d62aa52,19616d62aa52,96b354dd2d4cd04c,2.12.1+cu130,0.27.1+cu130,1.9.0,2.5.2,0,4,2026-08-27T13:51:56.467525+00:00,ok,,mnist,classification,aptx_field_relu,APTx Neuron + Lambda-Psi + ReLU,aptx,1,after_field,0,1,1,0.5,0.5,4,2026,0.003,0.0001,0.0,50,37,32,5,0.0001,128,256,128,64,727376,727376,202.05436423700303,cuda,./results/lambda_psi_hidden_only/checkpoints/mnist/aptx_field_relu/mnist__aptx_field_relu__seed4__lr0p003__cfg19616d62aa52.pt,0.06430748462677002,98.16,99.98,,,,,,,0.053141438443493096,98.4,99.97,,,,,,,0.8424105644226074,0.6092694997787476,0.8166378736495972,0.6023758053779602,0.7902303338050842,0.5070998668670654,,
mnist__aptx_relu_field__seed0__lr0p0003__cfgd6060a004c0c,d6060a004c0c,96b354dd2d4cd04c,2.12.1+cu130,0.27.1+cu130,1.9.0,2.5.2,0,4,2026-08-27T13:56:24.453403+00:00,ok,,mnist,classification,aptx_relu_field,APTx Neuron + ReLU + Lambda-Psi,aptx,1,before_field,0,1,1,0.5,0.5,0,2026,0.0003,0.0001,0.0,50,50,49,5,0.0001,128,256,128,64,727376,727376,266.56200020201504,cuda,./results/lambda_psi_hidden_only/checkpoints/mnist/aptx_relu_field/mnist__aptx_relu_field__seed0__lr0p0003__cfgd6060a004c0c.pt,0.4989241399765015,85.92,98.61999999999999,,,,,,,0.4690715230464935,86.82,98.7,,,,,,,0.590420663356781,0.5575629472732544,0.6082999110221863,0.5523214936256409,0.6588529348373413,0.5350468754768372,,
mnist__aptx_relu_field__seed1__lr0p0003__cfgd6060a004c0c,d6060a004c0c,96b354dd2d4cd04c,2.12.1+cu130,0.27.1+cu130,1.9.0,2.5.2,0,4,2026-08-27T14:00:53.395587+00:00,ok,,mnist,classification,aptx_relu_field,APTx Neuron + ReLU + Lambda-Psi,aptx,1,before_field,0,1,1,0.5,0.5,1,2026,0.0003,0.0001,0.0,50,50,48,5,0.0001,128,256,128,64,727376,727376,267.49485426885076,cuda,./results/lambda_psi_hidden_only/checkpoints/mnist/aptx_relu_field/mnist__aptx_relu_field__seed1__lr0p0003__cfgd6060a004c0c.pt,0.16995876588821413,95.1,99.76,,,,,,,0.14423682584762573,95.71,99.83999999999999,,,,,,,0.7360673546791077,0.7238788604736328,0.7588037848472595,0.6824005246162415,0.7661150097846985,0.6343357563018799,,
mnist__aptx_relu_field__seed2__lr0p0003__cfgd6060a004c0c,d6060a004c0c,96b354dd2d4cd04c,2.12.1+cu130,0.27.1+cu130,1.9.0,2.5.2,0,4,2026-08-27T14:05:21.005904+00:00,ok,,mnist,classification,aptx_relu_field,APTx Neuron + ReLU + Lambda-Psi,aptx,1,before_field,0,1,1,0.5,0.5,2,2026,0.0003,0.0001,0.0,50,50,46,5,0.0001,128,256,128,64,727376,727376,266.12064794194885,cuda,./results/lambda_psi_hidden_only/checkpoints/mnist/aptx_relu_field/mnist__aptx_relu_field__seed2__lr0p0003__cfgd6060a004c0c.pt,0.20409454073905944,94.14,99.6,,,,,,,0.17600005301237107,94.81,99.67,,,,,,,0.6749350428581238,0.6663305163383484,0.6938987970352173,0.6566666960716248,0.6936018466949463,0.6492823362350464,,
mnist__aptx_relu_field__seed3__lr0p0003__cfgd6060a004c0c,d6060a004c0c,96b354dd2d4cd04c,2.12.1+cu130,0.27.1+cu130,1.9.0,2.5.2,0,4,2026-08-27T14:09:22.284665+00:00,ok,,mnist,classification,aptx_relu_field,APTx Neuron + ReLU + Lambda-Psi,aptx,1,before_field,0,1,1,0.5,0.5,3,2026,0.0003,0.0001,0.0,50,45,40,5,0.0001,128,256,128,64,727376,727376,239.82319943699986,cuda,./results/lambda_psi_hidden_only/checkpoints/mnist/aptx_relu_field/mnist__aptx_relu_field__seed3__lr0p0003__cfgd6060a004c0c.pt,0.18298486213684081,94.72,99.86,,,,,,,0.14744230637550354,95.55,99.81,,,,,,,0.7151907682418823,0.6970717906951904,0.7308385968208313,0.6766582131385803,0.742642879486084,0.6532893776893616,,
mnist__aptx_relu_field__seed4__lr0p0003__cfgd6060a004c0c,d6060a004c0c,96b354dd2d4cd04c,2.12.1+cu130,0.27.1+cu130,1.9.0,2.5.2,0,4,2026-08-27T14:13:48.299528+00:00,ok,,mnist,classification,aptx_relu_field,APTx Neuron + ReLU + Lambda-Psi,aptx,1,before_field,0,1,1,0.5,0.5,4,2026,0.0003,0.0001,0.0,50,50,46,5,0.0001,128,256,128,64,727376,727376,264.4800866721198,cuda,./results/lambda_psi_hidden_only/checkpoints/mnist/aptx_relu_field/mnist__aptx_relu_field__seed4__lr0p0003__cfgd6060a004c0c.pt,0.2467131049156189,92.9,99.53999999999999,,,,,,,0.21228979424834252,93.86,99.65,,,,,,,0.6043236255645752,0.6151894330978394,0.6113151907920837,0.5984010696411133,0.613031804561615,0.6026486754417419,,
mnist__aptx_relu_field__seed0__lr0p0005__cfgd6060a004c0c,d6060a004c0c,96b354dd2d4cd04c,2.12.1+cu130,0.27.1+cu130,1.9.0,2.5.2,0,4,2026-08-27T14:17:45.199857+00:00,ok,,mnist,classification,aptx_relu_field,APTx Neuron + ReLU + Lambda-Psi,aptx,1,before_field,0,1,1,0.5,0.5,0,2026,0.0005,0.0001,0.0,50,44,39,5,0.0001,128,256,128,64,727376,727376,235.49823559098877,cuda,./results/lambda_psi_hidden_only/checkpoints/mnist/aptx_relu_field/mnist__aptx_relu_field__seed0__lr0p0005__cfgd6060a004c0c.pt,0.2809654459953308,92.25999999999999,99.62,,,,,,,0.24828388268947602,93.03,99.72999999999999,,,,,,,0.5686890482902527,0.5489096641540527,0.5867971777915955,0.5435234308242798,0.6476325988769531,0.5255773663520813,,
mnist__aptx_relu_field__seed1__lr0p0005__cfgd6060a004c0c,d6060a004c0c,96b354dd2d4cd04c,2.12.1+cu130,0.27.1+cu130,1.9.0,2.5.2,0,4,2026-08-27T14:20:41.954551+00:00,ok,,mnist,classification,aptx_relu_field,APTx Neuron + ReLU + Lambda-Psi,aptx,1,before_field,0,1,1,0.5,0.5,1,2026,0.0005,0.0001,0.0,50,32,27,5,0.0001,128,256,128,64,727376,727376,175.22156234900467,cuda,./results/lambda_psi_hidden_only/checkpoints/mnist/aptx_relu_field/mnist__aptx_relu_field__seed1__lr0p0005__cfgd6060a004c0c.pt,0.13793899130821227,96.04,99.9,,,,,,,0.11678555760383606,96.46000000000001,99.88,,,,,,,0.739381730556488,0.7010142207145691,0.7665181756019592,0.6800870895385742,0.7733247876167297,0.6446408629417419,,
mnist__aptx_relu_field__seed2__lr0p0005__cfgd6060a004c0c,d6060a004c0c,96b354dd2d4cd04c,2.12.1+cu130,0.27.1+cu130,1.9.0,2.5.2,0,4,2026-08-27T14:24:22.457230+00:00,ok,,mnist,classification,aptx_relu_field,APTx Neuron + ReLU + Lambda-Psi,aptx,1,before_field,0,1,1,0.5,0.5,2,2026,0.0005,0.0001,0.0,50,41,36,5,0.0001,128,256,128,64,727376,727376,219.00651384796947,cuda,./results/lambda_psi_hidden_only/checkpoints/mnist/aptx_relu_field/mnist__aptx_relu_field__seed2__lr0p0005__cfgd6060a004c0c.pt,0.14102747764587403,96.28,99.82,,,,,,,0.12379789490997792,96.22,99.83999999999999,,,,,,,0.6792305111885071,0.6482678651809692,0.7033624649047852,0.6568953990936279,0.7018410563468933,0.6526203751564026,,
mnist__aptx_relu_field__seed3__lr0p0005__cfgd6060a004c0c,d6060a004c0c,96b354dd2d4cd04c,2.12.1+cu130,0.27.1+cu130,1.9.0,2.5.2,0,4,2026-08-27T14:27:26.582007+00:00,ok,,mnist,classification,aptx_relu_field,APTx Neuron + ReLU + Lambda-Psi,aptx,1,before_field,0,1,1,0.5,0.5,3,2026,0.0005,0.0001,0.0,50,34,29,5,0.0001,128,256,128,64,727376,727376,182.65273144305684,cuda,./results/lambda_psi_hidden_only/checkpoints/mnist/aptx_relu_field/mnist__aptx_relu_field__seed3__lr0p0005__cfgd6060a004c0c.pt,0.14349483957290649,96.12,99.94,,,,,,,0.11263685786128044,96.47,99.9,,,,,,,0.723036527633667,0.6783115863800049,0.7386572360992432,0.6748729348182678,0.7542861700057983,0.6624395251274109,,
mnist__aptx_relu_field__seed4__lr0p0005__cfgd6060a004c0c,d6060a004c0c,96b354dd2d4cd04c,2.12.1+cu130,0.27.1+cu130,1.9.0,2.5.2,0,4,2026-08-27T14:31:30.221794+00:00,ok,,mnist,classification,aptx_relu_field,APTx Neuron + ReLU + Lambda-Psi,aptx,1,before_field,0,1,1,0.5,0.5,4,2026,0.0005,0.0001,0.0,50,45,40,5,0.0001,128,256,128,64,727376,727376,242.18771824100986,cuda,./results/lambda_psi_hidden_only/checkpoints/mnist/aptx_relu_field/mnist__aptx_relu_field__seed4__lr0p0005__cfgd6060a004c0c.pt,0.18577201223373413,94.82000000000001,99.78,,,,,,,0.16594325236082078,95.14,99.86,,,,,,,0.6334201097488403,0.5918957591056824,0.64599609375,0.618890106678009,0.6736763715744019,0.6051161885261536,,
mnist__aptx_relu_field__seed0__lr0p001__cfgd6060a004c0c,d6060a004c0c,96b354dd2d4cd04c,2.12.1+cu130,0.27.1+cu130,1.9.0,2.5.2,0,4,2026-08-27T14:35:51.259558+00:00,ok,,mnist,classification,aptx_relu_field,APTx Neuron + ReLU + Lambda-Psi,aptx,1,before_field,0,1,1,0.5,0.5,0,2026,0.001,0.0001,0.0,50,50,48,5,0.0001,128,256,128,64,727376,727376,259.51826034206897,cuda,./results/lambda_psi_hidden_only/checkpoints/mnist/aptx_relu_field/mnist__aptx_relu_field__seed0__lr0p001__cfgd6060a004c0c.pt,0.1407530240058899,96.28,99.8,,,,,,,0.11872100831866264,96.65,99.88,,,,,,,0.6205945014953613,0.544526219367981,0.6238895654678345,0.5869079232215881,0.6806681752204895,0.5185410380363464,,
mnist__aptx_relu_field__seed1__lr0p001__cfgd6060a004c0c,d6060a004c0c,96b354dd2d4cd04c,2.12.1+cu130,0.27.1+cu130,1.9.0,2.5.2,0,4,2026-08-27T14:39:57.739600+00:00,ok,,mnist,classification,aptx_relu_field,APTx Neuron + ReLU + Lambda-Psi,aptx,1,before_field,0,1,1,0.5,0.5,1,2026,0.001,0.0001,0.0,50,46,41,5,0.0001,128,256,128,64,727376,727376,245.0178803699091,cuda,./results/lambda_psi_hidden_only/checkpoints/mnist/aptx_relu_field/mnist__aptx_relu_field__seed1__lr0p001__cfgd6060a004c0c.pt,0.08188484930992126,97.61999999999999,99.94,,,,,,,0.0612248706843704,98.0,100.0,,,,,,,0.7686561346054077,0.6365177631378174,0.8066256046295166,0.645715057849884,0.81032794713974,0.6361625790596008,,
mnist__aptx_relu_field__seed2__lr0p001__cfgd6060a004c0c,d6060a004c0c,96b354dd2d4cd04c,2.12.1+cu130,0.27.1+cu130,1.9.0,2.5.2,0,4,2026-08-27T14:44:26.816787+00:00,ok,,mnist,classification,aptx_relu_field,APTx Neuron + ReLU + Lambda-Psi,aptx,1,before_field,0,1,1,0.5,0.5,2,2026,0.001,0.0001,0.0,50,50,46,5,0.0001,128,256,128,64,727376,727376,267.60257025389,cuda,./results/lambda_psi_hidden_only/checkpoints/mnist/aptx_relu_field/mnist__aptx_relu_field__seed2__lr0p001__cfgd6060a004c0c.pt,0.08986992597579956,97.54,99.94,,,,,,,0.07513923749029637,97.59,99.92999999999999,,,,,,,0.685889720916748,0.5828167200088501,0.7111814022064209,0.6208862662315369,0.6974266171455383,0.6420926451683044,,
mnist__aptx_relu_field__seed3__lr0p001__cfgd6060a004c0c,d6060a004c0c,96b354dd2d4cd04c,2.12.1+cu130,0.27.1+cu130,1.9.0,2.5.2,0,4,2026-08-27T14:48:22.409460+00:00,ok,,mnist,classification,aptx_relu_field,APTx Neuron + ReLU + Lambda-Psi,aptx,1,before_field,0,1,1,0.5,0.5,3,2026,0.001,0.0001,0.0,50,44,39,5,0.0001,128,256,128,64,727376,727376,234.13845856999978,cuda,./results/lambda_psi_hidden_only/checkpoints/mnist/aptx_relu_field/mnist__aptx_relu_field__seed3__lr0p001__cfgd6060a004c0c.pt,0.08585564813613891,97.32,99.96000000000001,,,,,,,0.07062399283014238,97.75,99.97,,,,,,,0.7413386106491089,0.6323086023330688,0.7580653429031372,0.6466111540794373,0.7720942497253418,0.6437358260154724,,
mnist__aptx_relu_field__seed4__lr0p001__cfgd6060a004c0c,d6060a004c0c,96b354dd2d4cd04c,2.12.1+cu130,0.27.1+cu130,1.9.0,2.5.2,0,4,2026-08-27T14:52:46.269656+00:00,ok,,mnist,classification,aptx_relu_field,APTx Neuron + ReLU + Lambda-Psi,aptx,1,before_field,0,1,1,0.5,0.5,4,2026,0.001,0.0001,0.0,50,48,43,5,0.0001,128,256,128,64,727376,727376,261.9827225848567,cuda,./results/lambda_psi_hidden_only/checkpoints/mnist/aptx_relu_field/mnist__aptx_relu_field__seed4__lr0p001__cfgd6060a004c0c.pt,0.10600393180847167,96.94,99.88,,,,,,,0.09369569043666125,97.1,99.89,,,,,,,0.6325108408927917,0.5584573745727539,0.6464478373527527,0.6017627120018005,0.6533007025718689,0.594614565372467,,
mnist__aptx_relu_field__seed0__lr0p002__cfgd6060a004c0c,d6060a004c0c,96b354dd2d4cd04c,2.12.1+cu130,0.27.1+cu130,1.9.0,2.5.2,0,4,2026-08-27T14:57:16.652509+00:00,ok,,mnist,classification,aptx_relu_field,APTx Neuron + ReLU + Lambda-Psi,aptx,1,before_field,0,1,1,0.5,0.5,0,2026,0.002,0.0001,0.0,50,50,45,5,0.0001,128,256,128,64,727376,727376,268.9186965019908,cuda,./results/lambda_psi_hidden_only/checkpoints/mnist/aptx_relu_field/mnist__aptx_relu_field__seed0__lr0p002__cfgd6060a004c0c.pt,0.17851923155784608,95.6,99.64,,,,,,,0.1586738543957472,95.89,99.74,,,,,,,0.608776867389679,0.45617255568504333,0.6086362600326538,0.5683860778808594,0.655592143535614,0.49458274245262146,,
mnist__aptx_relu_field__seed1__lr0p002__cfgd6060a004c0c,d6060a004c0c,96b354dd2d4cd04c,2.12.1+cu130,0.27.1+cu130,1.9.0,2.5.2,0,4,2026-08-27T15:00:44.998523+00:00,ok,,mnist,classification,aptx_relu_field,APTx Neuron + ReLU + Lambda-Psi,aptx,1,before_field,0,1,1,0.5,0.5,1,2026,0.002,0.0001,0.0,50,39,34,5,0.0001,128,256,128,64,727376,727376,206.84140536398627,cuda,./results/lambda_psi_hidden_only/checkpoints/mnist/aptx_relu_field/mnist__aptx_relu_field__seed1__lr0p002__cfgd6060a004c0c.pt,0.0677488013625145,98.24000000000001,99.98,,,,,,,0.04900888392776251,98.31,99.99,,,,,,,0.8082520365715027,0.5166096091270447,0.8566589951515198,0.5802093148231506,0.8686924576759338,0.6050015687942505,,
mnist__aptx_relu_field__seed2__lr0p002__cfgd6060a004c0c,d6060a004c0c,96b354dd2d4cd04c,2.12.1+cu130,0.27.1+cu130,1.9.0,2.5.2,0,4,2026-08-27T15:04:30.101595+00:00,ok,,mnist,classification,aptx_relu_field,APTx Neuron + ReLU + Lambda-Psi,aptx,1,before_field,0,1,1,0.5,0.5,2,2026,0.002,0.0001,0.0,50,42,37,5,0.0001,128,256,128,64,727376,727376,223.59415857400745,cuda,./results/lambda_psi_hidden_only/checkpoints/mnist/aptx_relu_field/mnist__aptx_relu_field__seed2__lr0p002__cfgd6060a004c0c.pt,0.07704318294525146,97.7,100.0,,,,,,,0.0705481151945889,97.75,99.95,,,,,,,0.7445473074913025,0.5062487721443176,0.7832474112510681,0.6241578459739685,0.7862749099731445,0.47436219453811646,,
mnist__aptx_relu_field__seed3__lr0p002__cfgd6060a004c0c,d6060a004c0c,96b354dd2d4cd04c,2.12.1+cu130,0.27.1+cu130,1.9.0,2.5.2,0,4,2026-08-27T15:08:51.727233+00:00,ok,,mnist,classification,aptx_relu_field,APTx Neuron + ReLU + Lambda-Psi,aptx,1,before_field,0,1,1,0.5,0.5,3,2026,0.002,0.0001,0.0,50,49,44,5,0.0001,128,256,128,64,727376,727376,259.98332871706225,cuda,./results/lambda_psi_hidden_only/checkpoints/mnist/aptx_relu_field/mnist__aptx_relu_field__seed3__lr0p002__cfgd6060a004c0c.pt,0.05818298716545105,98.34,99.96000000000001,,,,,,,0.05079596411208622,98.32,99.98,,,,,,,0.778774619102478,0.5014750361442566,0.8042414784431458,0.6048442721366882,0.8199206590652466,0.5720735788345337,,
mnist__aptx_relu_field__seed4__lr0p002__cfgd6060a004c0c,d6060a004c0c,96b354dd2d4cd04c,2.12.1+cu130,0.27.1+cu130,1.9.0,2.5.2,0,4,2026-08-27T15:12:13.766387+00:00,ok,,mnist,classification,aptx_relu_field,APTx Neuron + ReLU + Lambda-Psi,aptx,1,before_field,0,1,1,0.5,0.5,4,2026,0.002,0.0001,0.0,50,38,33,5,0.0001,128,256,128,64,727376,727376,200.5975175211206,cuda,./results/lambda_psi_hidden_only/checkpoints/mnist/aptx_relu_field/mnist__aptx_relu_field__seed4__lr0p002__cfgd6060a004c0c.pt,0.08549093010425568,97.58,99.9,,,,,,,0.08027449826672674,97.61999999999999,99.96000000000001,,,,,,,0.6704839468002319,0.508911669254303,0.6935728192329407,0.6160687208175659,0.7194185256958008,0.5078856348991394,,
mnist__aptx_relu_field__seed0__lr0p003__cfgd6060a004c0c,d6060a004c0c,96b354dd2d4cd04c,2.12.1+cu130,0.27.1+cu130,1.9.0,2.5.2,0,4,2026-08-27T15:13:03.747722+00:00,ok,,mnist,classification,aptx_relu_field,APTx Neuron + ReLU + Lambda-Psi,aptx,1,before_field,0,1,1,0.5,0.5,0,2026,0.003,0.0001,0.0,50,9,4,5,0.0001,128,256,128,64,727376,727376,48.519191446946934,cuda,./results/lambda_psi_hidden_only/checkpoints/mnist/aptx_relu_field/mnist__aptx_relu_field__seed0__lr0p003__cfgd6060a004c0c.pt,2.301676433944702,11.5,51.78,,,,,,,2.3023931518554686,11.35,51.78,,,,,,,0.5346172451972961,0.5512731671333313,0.5344346165657043,0.5477843880653381,0.4630267322063446,0.6223413944244385,,
mnist__aptx_relu_field__seed1__lr0p003__cfgd6060a004c0c,d6060a004c0c,96b354dd2d4cd04c,2.12.1+cu130,0.27.1+cu130,1.9.0,2.5.2,0,4,2026-08-27T15:15:13.435928+00:00,ok,,mnist,classification,aptx_relu_field,APTx Neuron + ReLU + Lambda-Psi,aptx,1,before_field,0,1,1,0.5,0.5,1,2026,0.003,0.0001,0.0,50,24,19,5,0.0001,128,256,128,64,727376,727376,128.23612675699405,cuda,./results/lambda_psi_hidden_only/checkpoints/mnist/aptx_relu_field/mnist__aptx_relu_field__seed1__lr0p003__cfgd6060a004c0c.pt,0.07420677251815797,97.88,99.98,,,,,,,0.07049584325747564,97.58,99.99,,,,,,,0.821347713470459,0.5063509941101074,0.865978479385376,0.5596751570701599,0.8679556250572205,0.5833109021186829,,
mnist__aptx_relu_field__seed2__lr0p003__cfgd6060a004c0c,d6060a004c0c,96b354dd2d4cd04c,2.12.1+cu130,0.27.1+cu130,1.9.0,2.5.2,0,4,2026-08-27T15:18:41.339771+00:00,ok,,mnist,classification,aptx_relu_field,APTx Neuron + ReLU + Lambda-Psi,aptx,1,before_field,0,1,1,0.5,0.5,2,2026,0.003,0.0001,0.0,50,38,33,5,0.0001,128,256,128,64,727376,727376,206.34461095300503,cuda,./results/lambda_psi_hidden_only/checkpoints/mnist/aptx_relu_field/mnist__aptx_relu_field__seed2__lr0p003__cfgd6060a004c0c.pt,0.07282576913833619,97.92,99.88,,,,,,,0.056851335215568545,98.24000000000001,99.9,,,,,,,0.7697963714599609,0.41157910227775574,0.8151878118515015,0.6504653692245483,0.8022814393043518,0.5804634094238281,,
mnist__aptx_relu_field__seed3__lr0p003__cfgd6060a004c0c,d6060a004c0c,96b354dd2d4cd04c,2.12.1+cu130,0.27.1+cu130,1.9.0,2.5.2,0,4,2026-08-27T15:22:13.328508+00:00,ok,,mnist,classification,aptx_relu_field,APTx Neuron + ReLU + Lambda-Psi,aptx,1,before_field,0,1,1,0.5,0.5,3,2026,0.003,0.0001,0.0,50,39,34,5,0.0001,128,256,128,64,727376,727376,210.51834426796995,cuda,./results/lambda_psi_hidden_only/checkpoints/mnist/aptx_relu_field/mnist__aptx_relu_field__seed3__lr0p003__cfgd6060a004c0c.pt,0.05339542999267578,98.36,100.0,,,,,,,0.04992396605880931,98.42999999999999,99.98,,,,,,,0.8037973642349243,0.46009135246276855,0.8372536897659302,0.5461826324462891,0.8586350083351135,0.5081408619880676,,
mnist__aptx_relu_field__seed4__lr0p003__cfgd6060a004c0c,d6060a004c0c,96b354dd2d4cd04c,2.12.1+cu130,0.27.1+cu130,1.9.0,2.5.2,0,4,2026-08-27T15:22:52.402564+00:00,ok,,mnist,classification,aptx_relu_field,APTx Neuron + ReLU + Lambda-Psi,aptx,1,before_field,0,1,1,0.5,0.5,4,2026,0.003,0.0001,0.0,50,7,2,5,0.0001,128,256,128,64,727376,727376,37.54533453611657,cuda,./results/lambda_psi_hidden_only/checkpoints/mnist/aptx_relu_field/mnist__aptx_relu_field__seed4__lr0p003__cfgd6060a004c0c.pt,2.301566707229614,11.5,51.85999999999999,,,,,,,2.3019070442199707,11.35,51.849999999999994,,,,,,,0.5434127449989319,0.558760404586792,0.5430648922920227,0.5595126152038574,0.5164334774017334,0.5733157396316528,,
fashion_mnist__traditional_field__seed0__lr0p0003__cfgcc397fda0293,cc397fda0293,96b354dd2d4cd04c,2.12.1+cu130,0.27.1+cu130,1.9.0,2.5.2,0,4,2026-08-27T15:28:06.304708+00:00,ok,,fashion_mnist,classification,traditional_field,Traditional neuron + Lambda-Psi,traditional,1,none,0,1,1,0.5,0.5,0,2026,0.0003,0.0001,0.0,100,66,56,10,0.0001,128,256,192,128,276304,276304,312.39493441884406,cuda,./results/lambda_psi_hidden_only/checkpoints/fashion_mnist/traditional_field/fashion_mnist__traditional_field__seed0__lr0p0003__cfgcc397fda0293.pt,0.4364394637107849,84.76,99.64,,,,,,,0.4516056216716766,83.91,99.72,,,,,,,0.7959529757499695,0.3184497356414795,0.5727515816688538,0.3363663852214813,0.4896819293498993,0.318815141916275,,
fashion_mnist__traditional_field__seed1__lr0p0003__cfgcc397fda0293,cc397fda0293,96b354dd2d4cd04c,2.12.1+cu130,0.27.1+cu130,1.9.0,2.5.2,0,4,2026-08-27T15:34:48.189016+00:00,ok,,fashion_mnist,classification,traditional_field,Traditional neuron + Lambda-Psi,traditional,1,none,0,1,1,0.5,0.5,1,2026,0.0003,0.0001,0.0,100,85,75,10,0.0001,128,256,192,128,276304,276304,400.3811980600003,cuda,./results/lambda_psi_hidden_only/checkpoints/fashion_mnist/traditional_field/fashion_mnist__traditional_field__seed1__lr0p0003__cfgcc397fda0293.pt,0.40147278594970703,85.96000000000001,99.76,,,,,,,0.41558082695007326,85.18,99.74,,,,,,,0.8497670292854309,0.2955462634563446,0.5451967716217041,0.3053497076034546,0.45961105823516846,0.27719664573669434,,
fashion_mnist__traditional_field__seed2__lr0p0003__cfgcc397fda0293,cc397fda0293,96b354dd2d4cd04c,2.12.1+cu130,0.27.1+cu130,1.9.0,2.5.2,0,4,2026-08-27T15:42:12.778710+00:00,ok,,fashion_mnist,classification,traditional_field,Traditional neuron + Lambda-Psi,traditional,1,none,0,1,1,0.5,0.5,2,2026,0.0003,0.0001,0.0,100,94,84,10,0.0001,128,256,192,128,276304,276304,443.07834060397,cuda,./results/lambda_psi_hidden_only/checkpoints/fashion_mnist/traditional_field/fashion_mnist__traditional_field__seed2__lr0p0003__cfgcc397fda0293.pt,0.4014175416946411,85.9,99.72,,,,,,,0.41499321727752686,85.3,99.71,,,,,,,0.8333001136779785,0.28788432478904724,0.5687013268470764,0.2853524386882782,0.4645937383174896,0.26727452874183655,,
fashion_mnist__traditional_field__seed3__lr0p0003__cfgcc397fda0293,cc397fda0293,96b354dd2d4cd04c,2.12.1+cu130,0.27.1+cu130,1.9.0,2.5.2,0,4,2026-08-27T15:49:56.080754+00:00,ok,,fashion_mnist,classification,traditional_field,Traditional neuron + Lambda-Psi,traditional,1,none,0,1,1,0.5,0.5,3,2026,0.0003,0.0001,0.0,100,98,88,10,0.0001,128,256,192,128,276304,276304,461.7967253581155,cuda,./results/lambda_psi_hidden_only/checkpoints/fashion_mnist/traditional_field/fashion_mnist__traditional_field__seed3__lr0p0003__cfgcc397fda0293.pt,0.4034594678878784,86.0,99.66000000000001,,,,,,,0.41737946352958677,85.04,99.71,,,,,,,0.8395383954048157,0.3096722662448883,0.5452961921691895,0.3208369314670563,0.4480970501899719,0.2665722370147705,,
fashion_mnist__traditional_field__seed4__lr0p0003__cfgcc397fda0293,cc397fda0293,96b354dd2d4cd04c,2.12.1+cu130,0.27.1+cu130,1.9.0,2.5.2,0,4,2026-08-27T15:57:48.498721+00:00,ok,,fashion_mnist,classification,traditional_field,Traditional neuron + Lambda-Psi,traditional,1,none,0,1,1,0.5,0.5,4,2026,0.0003,0.0001,0.0,100,100,94,10,0.0001,128,256,192,128,276304,276304,470.9505211231299,cuda,./results/lambda_psi_hidden_only/checkpoints/fashion_mnist/traditional_field/fashion_mnist__traditional_field__seed4__lr0p0003__cfgcc397fda0293.pt,0.38620906114578246,86.36,99.72,,,,,,,0.3968118463993073,85.83,99.79,,,,,,,0.8731485605239868,0.27779093384742737,0.5369282364845276,0.29518741369247437,0.42891165614128113,0.2852221429347992,,
fashion_mnist__traditional_field__seed0__lr0p0005__cfgcc397fda0293,cc397fda0293,96b354dd2d4cd04c,2.12.1+cu130,0.27.1+cu130,1.9.0,2.5.2,0,4,2026-08-27T16:04:14.867997+00:00,ok,,fashion_mnist,classification,traditional_field,Traditional neuron + Lambda-Psi,traditional,1,none,0,1,1,0.5,0.5,0,2026,0.0005,0.0001,0.0,100,81,71,10,0.0001,128,256,192,128,276304,276304,384.9010884470772,cuda,./results/lambda_psi_hidden_only/checkpoints/fashion_mnist/traditional_field/fashion_mnist__traditional_field__seed0__lr0p0005__cfgcc397fda0293.pt,0.3431886504173279,87.78,99.78,,,,,,,0.35182349348068237,87.38,99.72999999999999,,,,,,,0.95332932472229,0.26136404275894165,0.6400339007377625,0.2589506506919861,0.4946933388710022,0.23669686913490295,,
fashion_mnist__traditional_field__seed1__lr0p0005__cfgcc397fda0293,cc397fda0293,96b354dd2d4cd04c,2.12.1+cu130,0.27.1+cu130,1.9.0,2.5.2,0,4,2026-08-27T16:10:41.289518+00:00,ok,,fashion_mnist,classification,traditional_field,Traditional neuron + Lambda-Psi,traditional,1,none,0,1,1,0.5,0.5,1,2026,0.0005,0.0001,0.0,100,81,71,10,0.0001,128,256,192,128,276304,276304,384.9120346780401,cuda,./results/lambda_psi_hidden_only/checkpoints/fashion_mnist/traditional_field/fashion_mnist__traditional_field__seed1__lr0p0005__cfgcc397fda0293.pt,0.3429118101119995,88.1,99.9,,,,,,,0.3577219683885574,87.16000000000001,99.79,,,,,,,0.957811713218689,0.2648136019706726,0.6193157434463501,0.26855772733688354,0.5074259638786316,0.23474733531475067,,
fashion_mnist__traditional_field__seed2__lr0p0005__cfgcc397fda0293,cc397fda0293,96b354dd2d4cd04c,2.12.1+cu130,0.27.1+cu130,1.9.0,2.5.2,0,4,2026-08-27T16:18:35.414962+00:00,ok,,fashion_mnist,classification,traditional_field,Traditional neuron + Lambda-Psi,traditional,1,none,0,1,1,0.5,0.5,2,2026,0.0005,0.0001,0.0,100,100,90,10,0.0001,128,256,192,128,276304,276304,472.6597515088506,cuda,./results/lambda_psi_hidden_only/checkpoints/fashion_mnist/traditional_field/fashion_mnist__traditional_field__seed2__lr0p0005__cfgcc397fda0293.pt,0.3383380283355713,88.34,99.78,,,,,,,0.3494467583656311,87.57000000000001,99.74,,,,,,,0.9501988291740417,0.25482475757598877,0.6495447158813477,0.22982719540596008,0.5052834749221802,0.21708598732948303,,
fashion_mnist__traditional_field__seed3__lr0p0005__cfgcc397fda0293,cc397fda0293,96b354dd2d4cd04c,2.12.1+cu130,0.27.1+cu130,1.9.0,2.5.2,0,4,2026-08-27T16:25:03.219669+00:00,ok,,fashion_mnist,classification,traditional_field,Traditional neuron + Lambda-Psi,traditional,1,none,0,1,1,0.5,0.5,3,2026,0.0005,0.0001,0.0,100,82,72,10,0.0001,128,256,192,128,276304,276304,386.3006747388281,cuda,./results/lambda_psi_hidden_only/checkpoints/fashion_mnist/traditional_field/fashion_mnist__traditional_field__seed3__lr0p0005__cfgcc397fda0293.pt,0.34388821744918824,87.94,99.83999999999999,,,,,,,0.3536755817890167,87.14,99.76,,,,,,,0.9549650549888611,0.2807997763156891,0.612067461013794,0.27003222703933716,0.49017974734306335,0.23339976370334625,,
fashion_mnist__traditional_field__seed4__lr0p0005__cfgcc397fda0293,cc397fda0293,96b354dd2d4cd04c,2.12.1+cu130,0.27.1+cu130,1.9.0,2.5.2,0,4,2026-08-27T16:30:28.900372+00:00,ok,,fashion_mnist,classification,traditional_field,Traditional neuron + Lambda-Psi,traditional,1,none,0,1,1,0.5,0.5,4,2026,0.0005,0.0001,0.0,100,69,59,10,0.0001,128,256,192,128,276304,276304,324.1863537961617,cuda,./results/lambda_psi_hidden_only/checkpoints/fashion_mnist/traditional_field/fashion_mnist__traditional_field__seed4__lr0p0005__cfgcc397fda0293.pt,0.34717611446380614,87.94,99.82,,,,,,,0.36351514987945555,86.86,99.71,,,,,,,0.9570336937904358,0.27824166417121887,0.6135172247886658,0.2820364832878113,0.4850428104400635,0.2679544687271118,,
fashion_mnist__traditional_field__seed0__lr0p001__cfgcc397fda0293,cc397fda0293,96b354dd2d4cd04c,2.12.1+cu130,0.27.1+cu130,1.9.0,2.5.2,0,4,2026-08-27T16:35:57.890317+00:00,ok,,fashion_mnist,classification,traditional_field,Traditional neuron + Lambda-Psi,traditional,1,none,0,1,1,0.5,0.5,0,2026,0.001,0.0001,0.0,100,69,59,10,0.0001,128,256,192,128,276304,276304,327.502230477985,cuda,./results/lambda_psi_hidden_only/checkpoints/fashion_mnist/traditional_field/fashion_mnist__traditional_field__seed0__lr0p001__cfgcc397fda0293.pt,0.3238883800983429,88.9,99.74,,,,,,,0.3346479371070862,87.69,99.82,,,,,,,0.9927391409873962,0.255519300699234,0.8050998449325562,0.27086830139160156,0.6928010582923889,0.27699798345565796,,
fashion_mnist__traditional_field__seed1__lr0p001__cfgcc397fda0293,cc397fda0293,96b354dd2d4cd04c,2.12.1+cu130,0.27.1+cu130,1.9.0,2.5.2,0,4,2026-08-27T16:40:54.768602+00:00,ok,,fashion_mnist,classification,traditional_field,Traditional neuron + Lambda-Psi,traditional,1,none,0,1,1,0.5,0.5,1,2026,0.001,0.0001,0.0,100,63,53,10,0.0001,128,256,192,128,276304,276304,295.3835077229887,cuda,./results/lambda_psi_hidden_only/checkpoints/fashion_mnist/traditional_field/fashion_mnist__traditional_field__seed1__lr0p001__cfgcc397fda0293.pt,0.3211625615119934,89.03999999999999,99.76,,,,,,,0.3339508899450302,88.01,99.81,,,,,,,0.9933007955551147,0.27894914150238037,0.758152425289154,0.30444392561912537,0.6940587162971497,0.30073368549346924,,
fashion_mnist__traditional_field__seed2__lr0p001__cfgcc397fda0293,cc397fda0293,96b354dd2d4cd04c,2.12.1+cu130,0.27.1+cu130,1.9.0,2.5.2,0,4,2026-08-27T16:48:47.272594+00:00,ok,,fashion_mnist,classification,traditional_field,Traditional neuron + Lambda-Psi,traditional,1,none,0,1,1,0.5,0.5,2,2026,0.001,0.0001,0.0,100,100,90,10,0.0001,128,256,192,128,276304,276304,471.04250067891553,cuda,./results/lambda_psi_hidden_only/checkpoints/fashion_mnist/traditional_field/fashion_mnist__traditional_field__seed2__lr0p001__cfgcc397fda0293.pt,0.30964130625724795,89.14,99.88,,,,,,,0.3133421469449997,88.77000000000001,99.81,,,,,,,0.9941510558128357,0.24711018800735474,0.7909255027770996,0.23506800830364227,0.7126137614250183,0.24664756655693054,,
fashion_mnist__traditional_field__seed3__lr0p001__cfgcc397fda0293,cc397fda0293,96b354dd2d4cd04c,2.12.1+cu130,0.27.1+cu130,1.9.0,2.5.2,0,4,2026-08-27T16:55:29.065905+00:00,ok,,fashion_mnist,classification,traditional_field,Traditional neuron + Lambda-Psi,traditional,1,none,0,1,1,0.5,0.5,3,2026,0.001,0.0001,0.0,100,85,75,10,0.0001,128,256,192,128,276304,276304,400.3000222360715,cuda,./results/lambda_psi_hidden_only/checkpoints/fashion_mnist/traditional_field/fashion_mnist__traditional_field__seed3__lr0p001__cfgcc397fda0293.pt,0.31226547894477846,89.08,99.82,,,,,,,0.3181762560367584,88.4,99.8,,,,,,,0.9948430061340332,0.28580841422080994,0.7360633015632629,0.2721923589706421,0.7075999975204468,0.2855586111545563,,
fashion_mnist__traditional_field__seed4__lr0p001__cfgcc397fda0293,cc397fda0293,96b354dd2d4cd04c,2.12.1+cu130,0.27.1+cu130,1.9.0,2.5.2,0,4,2026-08-27T16:59:50.901564+00:00,ok,,fashion_mnist,classification,traditional_field,Traditional neuron + Lambda-Psi,traditional,1,none,0,1,1,0.5,0.5,4,2026,0.001,0.0001,0.0,100,55,45,10,0.0001,128,256,192,128,276304,276304,260.3360358669888,cuda,./results/lambda_psi_hidden_only/checkpoints/fashion_mnist/traditional_field/fashion_mnist__traditional_field__seed4__lr0p001__cfgcc397fda0293.pt,0.32492798862457273,88.64,99.83999999999999,,,,,,,0.3412828498363495,87.63,99.72999999999999,,,,,,,0.9916161894798279,0.2979629337787628,0.7785616517066956,0.2997588813304901,0.6635319590568542,0.30665403604507446,,
fashion_mnist__traditional_field__seed0__lr0p002__cfgcc397fda0293,cc397fda0293,96b354dd2d4cd04c,2.12.1+cu130,0.27.1+cu130,1.9.0,2.5.2,0,4,2026-08-27T17:06:39.174915+00:00,ok,,fashion_mnist,classification,traditional_field,Traditional neuron + Lambda-Psi,traditional,1,none,0,1,1,0.5,0.5,0,2026,0.002,0.0001,0.0,100,86,76,10,0.0001,128,256,192,128,276304,276304,406.71462304284796,cuda,./results/lambda_psi_hidden_only/checkpoints/fashion_mnist/traditional_field/fashion_mnist__traditional_field__seed0__lr0p002__cfgcc397fda0293.pt,0.3020316576957703,89.46,99.83999999999999,,,,,,,0.3097588208675385,88.89,99.83999999999999,,,,,,,0.9967240691184998,0.09209732711315155,0.973650336265564,0.23393096029758453,0.8821896314620972,0.31802183389663696,,
fashion_mnist__traditional_field__seed1__lr0p002__cfgcc397fda0293,cc397fda0293,96b354dd2d4cd04c,2.12.1+cu130,0.27.1+cu130,1.9.0,2.5.2,0,4,2026-08-27T17:13:27.957821+00:00,ok,,fashion_mnist,classification,traditional_field,Traditional neuron + Lambda-Psi,traditional,1,none,0,1,1,0.5,0.5,1,2026,0.002,0.0001,0.0,100,86,76,10,0.0001,128,256,192,128,276304,276304,407.3028900248464,cuda,./results/lambda_psi_hidden_only/checkpoints/fashion_mnist/traditional_field/fashion_mnist__traditional_field__seed1__lr0p002__cfgcc397fda0293.pt,0.30536767368316653,89.44,99.96000000000001,,,,,,,0.3033797700166702,89.01,99.86,,,,,,,0.99796462059021,0.09897107630968094,0.9565041065216064,0.2213572859764099,0.9122351408004761,0.3109895884990692,,
fashion_mnist__traditional_field__seed2__lr0p002__cfgcc397fda0293,cc397fda0293,96b354dd2d4cd04c,2.12.1+cu130,0.27.1+cu130,1.9.0,2.5.2,0,4,2026-08-27T17:20:24.826411+00:00,ok,,fashion_mnist,classification,traditional_field,Traditional neuron + Lambda-Psi,traditional,1,none,0,1,1,0.5,0.5,2,2026,0.002,0.0001,0.0,100,88,78,10,0.0001,128,256,192,128,276304,276304,415.3224692598451,cuda,./results/lambda_psi_hidden_only/checkpoints/fashion_mnist/traditional_field/fashion_mnist__traditional_field__seed2__lr0p002__cfgcc397fda0293.pt,0.2995098165512085,89.58,99.92,,,,,,,0.30850765278339387,88.81,99.85000000000001,,,,,,,0.9974890947341919,0.13746468722820282,0.9493203163146973,0.17078697681427002,0.9292465448379517,0.2876213490962982,,
fashion_mnist__traditional_field__seed3__lr0p002__cfgcc397fda0293,cc397fda0293,96b354dd2d4cd04c,2.12.1+cu130,0.27.1+cu130,1.9.0,2.5.2,0,4,2026-08-27T17:26:48.843638+00:00,ok,,fashion_mnist,classification,traditional_field,Traditional neuron + Lambda-Psi,traditional,1,none,0,1,1,0.5,0.5,3,2026,0.002,0.0001,0.0,100,81,71,10,0.0001,128,256,192,128,276304,276304,382.4894986350555,cuda,./results/lambda_psi_hidden_only/checkpoints/fashion_mnist/traditional_field/fashion_mnist__traditional_field__seed3__lr0p002__cfgcc397fda0293.pt,0.3031281677246094,89.05999999999999,99.88,,,,,,,0.31533922843933104,88.7,99.85000000000001,,,,,,,0.9973583817481995,0.14541612565517426,0.9444036483764648,0.2067435085773468,0.9263226985931396,0.3147309720516205,,
fashion_mnist__traditional_field__seed4__lr0p002__cfgcc397fda0293,cc397fda0293,96b354dd2d4cd04c,2.12.1+cu130,0.27.1+cu130,1.9.0,2.5.2,0,4,2026-08-27T17:32:15.581746+00:00,ok,,fashion_mnist,classification,traditional_field,Traditional neuron + Lambda-Psi,traditional,1,none,0,1,1,0.5,0.5,4,2026,0.002,0.0001,0.0,100,69,59,10,0.0001,128,256,192,128,276304,276304,325.24158256989904,cuda,./results/lambda_psi_hidden_only/checkpoints/fashion_mnist/traditional_field/fashion_mnist__traditional_field__seed4__lr0p002__cfgcc397fda0293.pt,0.30689429130554197,89.28,99.86,,,,,,,0.31737308309078216,88.44,99.8,,,,,,,0.996929943561554,0.09218286722898483,0.9761645793914795,0.2968003451824188,0.8584321737289429,0.38231390714645386,,
fashion_mnist__traditional_field__seed0__lr0p003__cfgcc397fda0293,cc397fda0293,96b354dd2d4cd04c,2.12.1+cu130,0.27.1+cu130,1.9.0,2.5.2,0,4,2026-08-27T17:39:30.044394+00:00,ok,,fashion_mnist,classification,traditional_field,Traditional neuron + Lambda-Psi,traditional,1,none,0,1,1,0.5,0.5,0,2026,0.003,0.0001,0.0,100,92,82,10,0.0001,128,256,192,128,276304,276304,432.9635283101816,cuda,./results/lambda_psi_hidden_only/checkpoints/fashion_mnist/traditional_field/fashion_mnist__traditional_field__seed0__lr0p003__cfgcc397fda0293.pt,0.30037787289619444,89.28,99.9,,,,,,,0.31575700256824496,88.53999999999999,99.81,,,,,,,0.9939186573028564,0.1291099190711975,0.9956192374229431,0.13107743859291077,0.9594916105270386,0.3259490728378296,,
fashion_mnist__traditional_field__seed1__lr0p003__cfgcc397fda0293,cc397fda0293,96b354dd2d4cd04c,2.12.1+cu130,0.27.1+cu130,1.9.0,2.5.2,0,4,2026-08-27T17:42:29.942290+00:00,ok,,fashion_mnist,classification,traditional_field,Traditional neuron + Lambda-Psi,traditional,1,none,0,1,1,0.5,0.5,1,2026,0.003,0.0001,0.0,100,38,28,10,0.0001,128,256,192,128,276304,276304,178.38011226593517,cuda,./results/lambda_psi_hidden_only/checkpoints/fashion_mnist/traditional_field/fashion_mnist__traditional_field__seed1__lr0p003__cfgcc397fda0293.pt,0.3499043733119965,87.56,99.74,,,,,,,0.36694361085891725,86.53999999999999,99.76,,,,,,,0.994979202747345,0.18616405129432678,0.9718647599220276,0.32618972659111023,0.9342448711395264,0.4140152931213379,,
fashion_mnist__traditional_field__seed2__lr0p003__cfgcc397fda0293,cc397fda0293,96b354dd2d4cd04c,2.12.1+cu130,0.27.1+cu130,1.9.0,2.5.2,0,4,2026-08-27T17:47:08.272024+00:00,ok,,fashion_mnist,classification,traditional_field,Traditional neuron + Lambda-Psi,traditional,1,none,0,1,1,0.5,0.5,2,2026,0.003,0.0001,0.0,100,59,49,10,0.0001,128,256,192,128,276304,276304,276.8637912340928,cuda,./results/lambda_psi_hidden_only/checkpoints/fashion_mnist/traditional_field/fashion_mnist__traditional_field__seed2__lr0p003__cfgcc397fda0293.pt,0.3267760241508484,88.34,99.83999999999999,,,,,,,0.3389811735868454,87.58,99.81,,,,,,,0.9936282634735107,0.19710049033164978,0.9870193004608154,0.166078120470047,0.9727790951728821,0.3429119884967804,,
fashion_mnist__traditional_field__seed3__lr0p003__cfgcc397fda0293,cc397fda0293,96b354dd2d4cd04c,2.12.1+cu130,0.27.1+cu130,1.9.0,2.5.2,0,4,2026-08-27T17:50:22.312928+00:00,ok,,fashion_mnist,classification,traditional_field,Traditional neuron + Lambda-Psi,traditional,1,none,0,1,1,0.5,0.5,3,2026,0.003,0.0001,0.0,100,41,31,10,0.0001,128,256,192,128,276304,276304,192.5038641958963,cuda,./results/lambda_psi_hidden_only/checkpoints/fashion_mnist/traditional_field/fashion_mnist__traditional_field__seed3__lr0p003__cfgcc397fda0293.pt,0.3548762431144714,87.74,99.8,,,,,,,0.370572030544281,86.4,99.78,,,,,,,0.994684636592865,0.24169979989528656,0.9680910706520081,0.2774384021759033,0.9540499448776245,0.4063149094581604,,
fashion_mnist__traditional_field__seed4__lr0p003__cfgcc397fda0293,cc397fda0293,96b354dd2d4cd04c,2.12.1+cu130,0.27.1+cu130,1.9.0,2.5.2,0,4,2026-08-27T17:57:37.552427+00:00,ok,,fashion_mnist,classification,traditional_field,Traditional neuron + Lambda-Psi,traditional,1,none,0,1,1,0.5,0.5,4,2026,0.003,0.0001,0.0,100,92,82,10,0.0001,128,256,192,128,276304,276304,433.7559661818668,cuda,./results/lambda_psi_hidden_only/checkpoints/fashion_mnist/traditional_field/fashion_mnist__traditional_field__seed4__lr0p003__cfgcc397fda0293.pt,0.30340166492462156,89.25999999999999,99.86,,,,,,,0.30880466125011446,88.91,99.88,,,,,,,0.9945001602172852,0.13424555957317352,0.994385838508606,0.10371840745210648,0.969550609588623,0.3030904531478882,,
fashion_mnist__traditional_field_relu__seed0__lr0p0003__cfgf7ac98375620,f7ac98375620,96b354dd2d4cd04c,2.12.1+cu130,0.27.1+cu130,1.9.0,2.5.2,0,4,2026-08-27T18:01:10.196944+00:00,ok,,fashion_mnist,classification,traditional_field_relu,Traditional neuron + Lambda-Psi + ReLU,traditional,1,after_field,0,1,1,0.5,0.5,0,2026,0.0003,0.0001,0.0,100,44,34,10,0.0001,128,256,192,128,276304,276304,211.23735816590488,cuda,./results/lambda_psi_hidden_only/checkpoints/fashion_mnist/traditional_field_relu/fashion_mnist__traditional_field_relu__seed0__lr0p0003__cfgf7ac98375620.pt,0.34129669275283814,88.18,99.82,,,,,,,0.3607595235347748,87.18,99.76,,,,,,,0.36667099595069885,0.33771151304244995,0.3689541518688202,0.3852185606956482,0.3596651256084442,0.3707701563835144,,
fashion_mnist__traditional_field_relu__seed1__lr0p0003__cfgf7ac98375620,f7ac98375620,96b354dd2d4cd04c,2.12.1+cu130,0.27.1+cu130,1.9.0,2.5.2,0,4,2026-08-27T18:08:58.141966+00:00,ok,,fashion_mnist,classification,traditional_field_relu,Traditional neuron + Lambda-Psi + ReLU,traditional,1,after_field,0,1,1,0.5,0.5,1,2026,0.0003,0.0001,0.0,100,98,88,10,0.0001,128,256,192,128,276304,276304,466.3934141139034,cuda,./results/lambda_psi_hidden_only/checkpoints/fashion_mnist/traditional_field_relu/fashion_mnist__traditional_field_relu__seed1__lr0p0003__cfgf7ac98375620.pt,0.31699334564208986,88.98,99.83999999999999,,,,,,,0.32547306332588194,88.5,99.83,,,,,,,0.3426136374473572,0.2915908694267273,0.3369465172290802,0.3515866994857788,0.32078251242637634,0.31155654788017273,,
fashion_mnist__traditional_field_relu__seed2__lr0p0003__cfgf7ac98375620,f7ac98375620,96b354dd2d4cd04c,2.12.1+cu130,0.27.1+cu130,1.9.0,2.5.2,0,4,2026-08-27T18:15:41.788263+00:00,ok,,fashion_mnist,classification,traditional_field_relu,Traditional neuron + Lambda-Psi + ReLU,traditional,1,after_field,0,1,1,0.5,0.5,2,2026,0.0003,0.0001,0.0,100,84,74,10,0.0001,128,256,192,128,276304,276304,402.172271855874,cuda,./results/lambda_psi_hidden_only/checkpoints/fashion_mnist/traditional_field_relu/fashion_mnist__traditional_field_relu__seed2__lr0p0003__cfgf7ac98375620.pt,0.31442951140403747,89.14,99.8,,,,,,,0.3255187014341354,88.44,99.8,,,,,,,0.3159680962562561,0.29156458377838135,0.3346439301967621,0.33644238114356995,0.3182913362979889,0.3146336078643799,,
fashion_mnist__traditional_field_relu__seed3__lr0p0003__cfgf7ac98375620,f7ac98375620,96b354dd2d4cd04c,2.12.1+cu130,0.27.1+cu130,1.9.0,2.5.2,0,4,2026-08-27T18:22:29.445002+00:00,ok,,fashion_mnist,classification,traditional_field_relu,Traditional neuron + Lambda-Psi + ReLU,traditional,1,after_field,0,1,1,0.5,0.5,3,2026,0.0003,0.0001,0.0,100,86,76,10,0.0001,128,256,192,128,276304,276304,406.15332007501274,cuda,./results/lambda_psi_hidden_only/checkpoints/fashion_mnist/traditional_field_relu/fashion_mnist__traditional_field_relu__seed3__lr0p0003__cfgf7ac98375620.pt,0.31637112460136413,89.03999999999999,99.83999999999999,,,,,,,0.3262090610980988,88.57000000000001,99.78,,,,,,,0.3288377523422241,0.2934088706970215,0.33559876680374146,0.34593281149864197,0.3264601528644562,0.3280588388442993,,
fashion_mnist__traditional_field_relu__seed4__lr0p0003__cfgf7ac98375620,f7ac98375620,96b354dd2d4cd04c,2.12.1+cu130,0.27.1+cu130,1.9.0,2.5.2,0,4,2026-08-27T18:29:53.213727+00:00,ok,,fashion_mnist,classification,traditional_field_relu,Traditional neuron + Lambda-Psi + ReLU,traditional,1,after_field,0,1,1,0.5,0.5,4,2026,0.0003,0.0001,0.0,100,93,83,10,0.0001,128,256,192,128,276304,276304,442.25450335792266,cuda,./results/lambda_psi_hidden_only/checkpoints/fashion_mnist/traditional_field_relu/fashion_mnist__traditional_field_relu__seed4__lr0p0003__cfgf7ac98375620.pt,0.30591964530944826,89.02,99.8,,,,,,,0.31927153096199035,88.4,99.8,,,,,,,0.31987860798835754,0.2946639060974121,0.3267439305782318,0.3136126399040222,0.31605732440948486,0.3072700798511505,,
fashion_mnist__traditional_field_relu__seed0__lr0p0005__cfgf7ac98375620,f7ac98375620,96b354dd2d4cd04c,2.12.1+cu130,0.27.1+cu130,1.9.0,2.5.2,0,4,2026-08-27T18:37:00.856205+00:00,ok,,fashion_mnist,classification,traditional_field_relu,Traditional neuron + Lambda-Psi + ReLU,traditional,1,after_field,0,1,1,0.5,0.5,0,2026,0.0005,0.0001,0.0,100,90,80,10,0.0001,128,256,192,128,276304,276304,426.1509087739978,cuda,./results/lambda_psi_hidden_only/checkpoints/fashion_mnist/traditional_field_relu/fashion_mnist__traditional_field_relu__seed0__lr0p0005__cfgf7ac98375620.pt,0.29435878620147704,90.03999999999999,99.83999999999999,,,,,,,0.30309973738193513,89.18,99.87,,,,,,,0.2910920977592468,0.30236196517944336,0.3298473060131073,0.31144851446151733,0.31584349274635315,0.2787063717842102,,
fashion_mnist__traditional_field_relu__seed1__lr0p0005__cfgf7ac98375620,f7ac98375620,96b354dd2d4cd04c,2.12.1+cu130,0.27.1+cu130,1.9.0,2.5.2,0,4,2026-08-27T18:40:03.735828+00:00,ok,,fashion_mnist,classification,traditional_field_relu,Traditional neuron + Lambda-Psi + ReLU,traditional,1,after_field,0,1,1,0.5,0.5,1,2026,0.0005,0.0001,0.0,100,38,28,10,0.0001,128,256,192,128,276304,276304,181.39681464713067,cuda,./results/lambda_psi_hidden_only/checkpoints/fashion_mnist/traditional_field_relu/fashion_mnist__traditional_field_relu__seed1__lr0p0005__cfgf7ac98375620.pt,0.3367163404464722,88.42,99.82,,,,,,,0.3525603190422058,87.03,99.79,,,,,,,0.3712446391582489,0.3466862142086029,0.38563773036003113,0.37167349457740784,0.3745933175086975,0.3488222658634186,,
fashion_mnist__traditional_field_relu__seed2__lr0p0005__cfgf7ac98375620,f7ac98375620,96b354dd2d4cd04c,2.12.1+cu130,0.27.1+cu130,1.9.0,2.5.2,0,4,2026-08-27T18:46:02.233829+00:00,ok,,fashion_mnist,classification,traditional_field_relu,Traditional neuron + Lambda-Psi + ReLU,traditional,1,after_field,0,1,1,0.5,0.5,2,2026,0.0005,0.0001,0.0,100,75,65,10,0.0001,128,256,192,128,276304,276304,357.01806204905733,cuda,./results/lambda_psi_hidden_only/checkpoints/fashion_mnist/traditional_field_relu/fashion_mnist__traditional_field_relu__seed2__lr0p0005__cfgf7ac98375620.pt,0.2943296531200409,89.60000000000001,99.9,,,,,,,0.3076917289018631,88.94999999999999,99.88,,,,,,,0.28960445523262024,0.3135607838630676,0.33851298689842224,0.3097694218158722,0.32113778591156006,0.29341796040534973,,
fashion_mnist__traditional_field_relu__seed3__lr0p0005__cfgf7ac98375620,f7ac98375620,96b354dd2d4cd04c,2.12.1+cu130,0.27.1+cu130,1.9.0,2.5.2,0,4,2026-08-27T18:52:28.637472+00:00,ok,,fashion_mnist,classification,traditional_field_relu,Traditional neuron + Lambda-Psi + ReLU,traditional,1,after_field,0,1,1,0.5,0.5,3,2026,0.0005,0.0001,0.0,100,81,71,10,0.0001,128,256,192,128,276304,276304,384.93733809003606,cuda,./results/lambda_psi_hidden_only/checkpoints/fashion_mnist/traditional_field_relu/fashion_mnist__traditional_field_relu__seed3__lr0p0005__cfgf7ac98375620.pt,0.29232944297790525,89.68,99.88,,,,,,,0.3060156848907471,89.01,99.83999999999999,,,,,,,0.29507389664649963,0.3086010217666626,0.3394615948200226,0.31140702962875366,0.3326381742954254,0.2933848202228546,,
fashion_mnist__traditional_field_relu__seed4__lr0p0005__cfgf7ac98375620,f7ac98375620,96b354dd2d4cd04c,2.12.1+cu130,0.27.1+cu130,1.9.0,2.5.2,0,4,2026-08-27T18:57:07.116703+00:00,ok,,fashion_mnist,classification,traditional_field_relu,Traditional neuron + Lambda-Psi + ReLU,traditional,1,after_field,0,1,1,0.5,0.5,4,2026,0.0005,0.0001,0.0,100,58,48,10,0.0001,128,256,192,128,276304,276304,277.0125135059934,cuda,./results/lambda_psi_hidden_only/checkpoints/fashion_mnist/traditional_field_relu/fashion_mnist__traditional_field_relu__seed4__lr0p0005__cfgf7ac98375620.pt,0.30644124460220334,89.22,99.88,,,,,,,0.31283871943950653,88.56,99.83999999999999,,,,,,,0.31452247500419617,0.3222561180591583,0.3474056124687195,0.32237356901168823,0.3412267565727234,0.3033318519592285,,
fashion_mnist__traditional_field_relu__seed0__lr0p001__cfgf7ac98375620,f7ac98375620,96b354dd2d4cd04c,2.12.1+cu130,0.27.1+cu130,1.9.0,2.5.2,0,4,2026-08-27T19:02:02.878893+00:00,ok,,fashion_mnist,classification,traditional_field_relu,Traditional neuron + Lambda-Psi + ReLU,traditional,1,after_field,0,1,1,0.5,0.5,0,2026,0.001,0.0001,0.0,100,62,52,10,0.0001,128,256,192,128,276304,276304,294.1729980527889,cuda,./results/lambda_psi_hidden_only/checkpoints/fashion_mnist/traditional_field_relu/fashion_mnist__traditional_field_relu__seed0__lr0p001__cfgf7ac98375620.pt,0.29120222477912905,90.03999999999999,99.92,,,,,,,0.3055649088382721,89.34,99.85000000000001,,,,,,,0.31162965297698975,0.3978867530822754,0.3997034430503845,0.35570478439331055,0.3898594379425049,0.3338759243488312,,
fashion_mnist__traditional_field_relu__seed1__lr0p001__cfgf7ac98375620,f7ac98375620,96b354dd2d4cd04c,2.12.1+cu130,0.27.1+cu130,1.9.0,2.5.2,0,4,2026-08-27T19:06:01.757715+00:00,ok,,fashion_mnist,classification,traditional_field_relu,Traditional neuron + Lambda-Psi + ReLU,traditional,1,after_field,0,1,1,0.5,0.5,1,2026,0.001,0.0001,0.0,100,49,39,10,0.0001,128,256,192,128,276304,276304,237.33036001282744,cuda,./results/lambda_psi_hidden_only/checkpoints/fashion_mnist/traditional_field_relu/fashion_mnist__traditional_field_relu__seed1__lr0p001__cfgf7ac98375620.pt,0.29791785230636597,89.66,99.88,,,,,,,0.30357146682739256,88.92,99.81,,,,,,,0.34536147117614746,0.39136359095573425,0.4202483594417572,0.37374934554100037,0.4181189239025116,0.34616270661354065,,
fashion_mnist__traditional_field_relu__seed2__lr0p001__cfgf7ac98375620,f7ac98375620,96b354dd2d4cd04c,2.12.1+cu130,0.27.1+cu130,1.9.0,2.5.2,0,4,2026-08-27T19:09:53.315908+00:00,ok,,fashion_mnist,classification,traditional_field_relu,Traditional neuron + Lambda-Psi + ReLU,traditional,1,after_field,0,1,1,0.5,0.5,2,2026,0.001,0.0001,0.0,100,48,38,10,0.0001,128,256,192,128,276304,276304,230.0975543980021,cuda,./results/lambda_psi_hidden_only/checkpoints/fashion_mnist/traditional_field_relu/fashion_mnist__traditional_field_relu__seed2__lr0p001__cfgf7ac98375620.pt,0.31289259781837464,89.72,99.9,,,,,,,0.3200924417972565,88.5,99.83999999999999,,,,,,,0.33661460876464844,0.4089463949203491,0.4240438640117645,0.36861562728881836,0.41170668601989746,0.3496207892894745,,
fashion_mnist__traditional_field_relu__seed3__lr0p001__cfgf7ac98375620,f7ac98375620,96b354dd2d4cd04c,2.12.1+cu130,0.27.1+cu130,1.9.0,2.5.2,0,4,2026-08-27T19:17:52.134355+00:00,ok,,fashion_mnist,classification,traditional_field_relu,Traditional neuron + Lambda-Psi + ReLU,traditional,1,after_field,0,1,1,0.5,0.5,3,2026,0.001,0.0001,0.0,100,100,93,10,0.0001,128,256,192,128,276304,276304,477.339015227044,cuda,./results/lambda_psi_hidden_only/checkpoints/fashion_mnist/traditional_field_relu/fashion_mnist__traditional_field_relu__seed3__lr0p001__cfgf7ac98375620.pt,0.30877130584716794,90.14,99.96000000000001,,,,,,,0.30229563822746275,89.87,99.86,,,,,,,0.2519650459289551,0.3835815191268921,0.3142032027244568,0.3301970362663269,0.3398932218551636,0.29109159111976624,,
fashion_mnist__traditional_field_relu__seed4__lr0p001__cfgf7ac98375620,f7ac98375620,96b354dd2d4cd04c,2.12.1+cu130,0.27.1+cu130,1.9.0,2.5.2,0,4,2026-08-27T19:23:36.649998+00:00,ok,,fashion_mnist,classification,traditional_field_relu,Traditional neuron + Lambda-Psi + ReLU,traditional,1,after_field,0,1,1,0.5,0.5,4,2026,0.001,0.0001,0.0,100,72,62,10,0.0001,128,256,192,128,276304,276304,343.0707290659193,cuda,./results/lambda_psi_hidden_only/checkpoints/fashion_mnist/traditional_field_relu/fashion_mnist__traditional_field_relu__seed4__lr0p001__cfgf7ac98375620.pt,0.31194897089004514,89.98,99.82,,,,,,,0.2993261170506477,89.61,99.89,,,,,,,0.2959323227405548,0.38462454080581665,0.351951003074646,0.35468485951423645,0.3938734531402588,0.3130752146244049,,
fashion_mnist__traditional_field_relu__seed0__lr0p002__cfgf7ac98375620,f7ac98375620,96b354dd2d4cd04c,2.12.1+cu130,0.27.1+cu130,1.9.0,2.5.2,0,4,2026-08-27T19:30:32.605437+00:00,ok,,fashion_mnist,classification,traditional_field_relu,Traditional neuron + Lambda-Psi + ReLU,traditional,1,after_field,0,1,1,0.5,0.5,0,2026,0.002,0.0001,0.0,100,87,77,10,0.0001,128,256,192,128,276304,276304,414.4750951558817,cuda,./results/lambda_psi_hidden_only/checkpoints/fashion_mnist/traditional_field_relu/fashion_mnist__traditional_field_relu__seed0__lr0p002__cfgf7ac98375620.pt,0.3081253671646118,90.58,99.94,,,,,,,0.3125239394903183,89.64,99.89,,,,,,,0.38767915964126587,0.50364750623703,0.4971346855163574,0.4200306236743927,0.5441547632217407,0.39562395215034485,,
fashion_mnist__traditional_field_relu__seed1__lr0p002__cfgf7ac98375620,f7ac98375620,96b354dd2d4cd04c,2.12.1+cu130,0.27.1+cu130,1.9.0,2.5.2,0,4,2026-08-27T19:34:44.594829+00:00,ok,,fashion_mnist,classification,traditional_field_relu,Traditional neuron + Lambda-Psi + ReLU,traditional,1,after_field,0,1,1,0.5,0.5,1,2026,0.002,0.0001,0.0,100,53,43,10,0.0001,128,256,192,128,276304,276304,250.52287288405932,cuda,./results/lambda_psi_hidden_only/checkpoints/fashion_mnist/traditional_field_relu/fashion_mnist__traditional_field_relu__seed1__lr0p002__cfgf7ac98375620.pt,0.30334823513031006,89.84,99.9,,,,,,,0.30366000068187715,89.05999999999999,99.83,,,,,,,0.48002758622169495,0.5094155669212341,0.5749192833900452,0.44870680570602417,0.5903058052062988,0.4193878769874573,,
fashion_mnist__traditional_field_relu__seed2__lr0p002__cfgf7ac98375620,f7ac98375620,96b354dd2d4cd04c,2.12.1+cu130,0.27.1+cu130,1.9.0,2.5.2,0,4,2026-08-27T19:36:54.749127+00:00,ok,,fashion_mnist,classification,traditional_field_relu,Traditional neuron + Lambda-Psi + ReLU,traditional,1,after_field,0,1,1,0.5,0.5,2,2026,0.002,0.0001,0.0,100,27,17,10,0.0001,128,256,192,128,276304,276304,128.6139149859082,cuda,./results/lambda_psi_hidden_only/checkpoints/fashion_mnist/traditional_field_relu/fashion_mnist__traditional_field_relu__seed2__lr0p002__cfgf7ac98375620.pt,0.3290841878890991,88.6,99.88,,,,,,,0.33518552737236024,87.97,99.79,,,,,,,0.45829612016677856,0.4948914349079132,0.5392511487007141,0.43906667828559875,0.5256324410438538,0.4232693612575531,,
fashion_mnist__traditional_field_relu__seed3__lr0p002__cfgf7ac98375620,f7ac98375620,96b354dd2d4cd04c,2.12.1+cu130,0.27.1+cu130,1.9.0,2.5.2,0,4,2026-08-27T19:43:16.326369+00:00,ok,,fashion_mnist,classification,traditional_field_relu,Traditional neuron + Lambda-Psi + ReLU,traditional,1,after_field,0,1,1,0.5,0.5,3,2026,0.002,0.0001,0.0,100,80,70,10,0.0001,128,256,192,128,276304,276304,380.12212369707413,cuda,./results/lambda_psi_hidden_only/checkpoints/fashion_mnist/traditional_field_relu/fashion_mnist__traditional_field_relu__seed3__lr0p002__cfgf7ac98375620.pt,0.30943189735412596,90.06,99.83999999999999,,,,,,,0.30401597328186036,89.67,99.9,,,,,,,0.4196836054325104,0.5075202584266663,0.5047131180763245,0.4391050636768341,0.5557714700698853,0.39274054765701294,,
fashion_mnist__traditional_field_relu__seed4__lr0p002__cfgf7ac98375620,f7ac98375620,96b354dd2d4cd04c,2.12.1+cu130,0.27.1+cu130,1.9.0,2.5.2,0,4,2026-08-27T19:50:37.552871+00:00,ok,,fashion_mnist,classification,traditional_field_relu,Traditional neuron + Lambda-Psi + ReLU,traditional,1,after_field,0,1,1,0.5,0.5,4,2026,0.002,0.0001,0.0,100,92,82,10,0.0001,128,256,192,128,276304,276304,439.5937075158581,cuda,./results/lambda_psi_hidden_only/checkpoints/fashion_mnist/traditional_field_relu/fashion_mnist__traditional_field_relu__seed4__lr0p002__cfgf7ac98375620.pt,0.3232172291755676,90.56,99.83999999999999,,,,,,,0.31301489787101744,89.8,99.88,,,,,,,0.37727877497673035,0.4872707724571228,0.46337440609931946,0.42708542943000793,0.5482064485549927,0.38239777088165283,,
fashion_mnist__traditional_field_relu__seed0__lr0p003__cfgf7ac98375620,f7ac98375620,96b354dd2d4cd04c,2.12.1+cu130,0.27.1+cu130,1.9.0,2.5.2,0,4,2026-08-27T19:56:40.445685+00:00,ok,,fashion_mnist,classification,traditional_field_relu,Traditional neuron + Lambda-Psi + ReLU,traditional,1,after_field,0,1,1,0.5,0.5,0,2026,0.003,0.0001,0.0,100,76,66,10,0.0001,128,256,192,128,276304,276304,361.4522999059409,cuda,./results/lambda_psi_hidden_only/checkpoints/fashion_mnist/traditional_field_relu/fashion_mnist__traditional_field_relu__seed0__lr0p003__cfgf7ac98375620.pt,0.3052908257961273,90.2,99.92,,,,,,,0.30809682579040526,89.77000000000001,99.87,,,,,,,0.5544601082801819,0.5331059098243713,0.6460843682289124,0.4708104133605957,0.7112805843353271,0.4505801796913147,,
fashion_mnist__traditional_field_relu__seed1__lr0p003__cfgf7ac98375620,f7ac98375620,96b354dd2d4cd04c,2.12.1+cu130,0.27.1+cu130,1.9.0,2.5.2,0,4,2026-08-27T20:00:36.367708+00:00,ok,,fashion_mnist,classification,traditional_field_relu,Traditional neuron + Lambda-Psi + ReLU,traditional,1,after_field,0,1,1,0.5,0.5,1,2026,0.003,0.0001,0.0,100,49,39,10,0.0001,128,256,192,128,276304,276304,234.42584566003643,cuda,./results/lambda_psi_hidden_only/checkpoints/fashion_mnist/traditional_field_relu/fashion_mnist__traditional_field_relu__seed1__lr0p003__cfgf7ac98375620.pt,0.29916811208724975,89.78,99.88,,,,,,,0.2985134331703186,89.18,99.81,,,,,,,0.600002110004425,0.5219247341156006,0.6780241131782532,0.4859592914581299,0.7348976135253906,0.4763835668563843,,
fashion_mnist__traditional_field_relu__seed2__lr0p003__cfgf7ac98375620,f7ac98375620,96b354dd2d4cd04c,2.12.1+cu130,0.27.1+cu130,1.9.0,2.5.2,0,4,2026-08-27T20:06:29.125340+00:00,ok,,fashion_mnist,classification,traditional_field_relu,Traditional neuron + Lambda-Psi + ReLU,traditional,1,after_field,0,1,1,0.5,0.5,2,2026,0.003,0.0001,0.0,100,74,64,10,0.0001,128,256,192,128,276304,276304,351.3116183599923,cuda,./results/lambda_psi_hidden_only/checkpoints/fashion_mnist/traditional_field_relu/fashion_mnist__traditional_field_relu__seed2__lr0p003__cfgf7ac98375620.pt,0.30739788694381714,90.10000000000001,99.9,,,,,,,0.3014106651306152,89.83,99.82,,,,,,,0.547337532043457,0.5379003882408142,0.6493041515350342,0.4652228057384491,0.7276206016540527,0.4586675763130188,,
fashion_mnist__traditional_field_relu__seed3__lr0p003__cfgf7ac98375620,f7ac98375620,96b354dd2d4cd04c,2.12.1+cu130,0.27.1+cu130,1.9.0,2.5.2,0,4,2026-08-27T20:12:48.404422+00:00,ok,,fashion_mnist,classification,traditional_field_relu,Traditional neuron + Lambda-Psi + ReLU,traditional,1,after_field,0,1,1,0.5,0.5,3,2026,0.003,0.0001,0.0,100,79,69,10,0.0001,128,256,192,128,276304,276304,377.78650324209593,cuda,./results/lambda_psi_hidden_only/checkpoints/fashion_mnist/traditional_field_relu/fashion_mnist__traditional_field_relu__seed3__lr0p003__cfgf7ac98375620.pt,0.32362878341674806,90.03999999999999,99.83999999999999,,,,,,,0.30771700296401977,89.61,99.81,,,,,,,0.5556555390357971,0.530893087387085,0.6467978358268738,0.46701106429100037,0.7206929326057434,0.4530317783355713,,
fashion_mnist__traditional_field_relu__seed4__lr0p003__cfgf7ac98375620,f7ac98375620,96b354dd2d4cd04c,2.12.1+cu130,0.27.1+cu130,1.9.0,2.5.2,0,4,2026-08-27T20:16:11.861732+00:00,ok,,fashion_mnist,classification,traditional_field_relu,Traditional neuron + Lambda-Psi + ReLU,traditional,1,after_field,0,1,1,0.5,0.5,4,2026,0.003,0.0001,0.0,100,42,32,10,0.0001,128,256,192,128,276304,276304,201.96909122704528,cuda,./results/lambda_psi_hidden_only/checkpoints/fashion_mnist/traditional_field_relu/fashion_mnist__traditional_field_relu__seed4__lr0p003__cfgf7ac98375620.pt,0.30566827306747435,89.56,99.83999999999999,,,,,,,0.31314464561939237,88.5,99.83,,,,,,,0.6016499996185303,0.5451534390449524,0.681129515171051,0.47999221086502075,0.7321340441703796,0.4770781993865967,,
fashion_mnist__traditional_relu_field__seed0__lr0p0003__cfgcdeb56b60c6d,cdeb56b60c6d,96b354dd2d4cd04c,2.12.1+cu130,0.27.1+cu130,1.9.0,2.5.2,0,4,2026-08-27T20:22:24.133033+00:00,ok,,fashion_mnist,classification,traditional_relu_field,Traditional neuron + ReLU + Lambda-Psi,traditional,1,before_field,0,1,1,0.5,0.5,0,2026,0.0003,0.0001,0.0,100,77,67,10,0.0001,128,256,192,128,276304,276304,370.79946140991524,cuda,./results/lambda_psi_hidden_only/checkpoints/fashion_mnist/traditional_relu_field/fashion_mnist__traditional_relu_field__seed0__lr0p0003__cfgcdeb56b60c6d.pt,0.3323381465435028,88.18,99.82,,,,,,,0.353020960688591,87.49,99.75,,,,,,,0.29452940821647644,0.33450937271118164,0.2848649024963379,0.2915096879005432,0.28001052141189575,0.30022865533828735,,
fashion_mnist__traditional_relu_field__seed1__lr0p0003__cfgcdeb56b60c6d,cdeb56b60c6d,96b354dd2d4cd04c,2.12.1+cu130,0.27.1+cu130,1.9.0,2.5.2,0,4,2026-08-27T20:29:26.498053+00:00,ok,,fashion_mnist,classification,traditional_relu_field,Traditional neuron + ReLU + Lambda-Psi,traditional,1,before_field,0,1,1,0.5,0.5,1,2026,0.0003,0.0001,0.0,100,88,78,10,0.0001,128,256,192,128,276304,276304,420.91739044198766,cuda,./results/lambda_psi_hidden_only/checkpoints/fashion_mnist/traditional_relu_field/fashion_mnist__traditional_relu_field__seed1__lr0p0003__cfgcdeb56b60c6d.pt,0.33527708139419554,88.22,99.82,,,,,,,0.34546283102035524,87.9,99.81,,,,,,,0.31315934658050537,0.3093894124031067,0.29911091923713684,0.30949100852012634,0.2921565771102905,0.2884337306022644,,
fashion_mnist__traditional_relu_field__seed2__lr0p0003__cfgcdeb56b60c6d,cdeb56b60c6d,96b354dd2d4cd04c,2.12.1+cu130,0.27.1+cu130,1.9.0,2.5.2,0,4,2026-08-27T20:36:26.349717+00:00,ok,,fashion_mnist,classification,traditional_relu_field,Traditional neuron + ReLU + Lambda-Psi,traditional,1,before_field,0,1,1,0.5,0.5,2,2026,0.0003,0.0001,0.0,100,88,78,10,0.0001,128,256,192,128,276304,276304,418.3062237019185,cuda,./results/lambda_psi_hidden_only/checkpoints/fashion_mnist/traditional_relu_field/fashion_mnist__traditional_relu_field__seed2__lr0p0003__cfgcdeb56b60c6d.pt,0.3271038736343384,88.8,99.88,,,,,,,0.3410327573776245,88.06,99.75,,,,,,,0.2769457995891571,0.3327551484107971,0.27401360869407654,0.293384313583374,0.2683359384536743,0.30457988381385803,,
fashion_mnist__traditional_relu_field__seed3__lr0p0003__cfgcdeb56b60c6d,cdeb56b60c6d,96b354dd2d4cd04c,2.12.1+cu130,0.27.1+cu130,1.9.0,2.5.2,0,4,2026-08-27T20:42:16.475581+00:00,ok,,fashion_mnist,classification,traditional_relu_field,Traditional neuron + ReLU + Lambda-Psi,traditional,1,before_field,0,1,1,0.5,0.5,3,2026,0.0003,0.0001,0.0,100,73,63,10,0.0001,128,256,192,128,276304,276304,348.6101925498806,cuda,./results/lambda_psi_hidden_only/checkpoints/fashion_mnist/traditional_relu_field/fashion_mnist__traditional_relu_field__seed3__lr0p0003__cfgcdeb56b60c6d.pt,0.33625174551010134,88.03999999999999,99.82,,,,,,,0.35162907655239106,87.19,99.74,,,,,,,0.29511743783950806,0.3094627857208252,0.29779648780822754,0.32622653245925903,0.2920258641242981,0.2883138060569763,,
fashion_mnist__traditional_relu_field__seed4__lr0p0003__cfgcdeb56b60c6d,cdeb56b60c6d,96b354dd2d4cd04c,2.12.1+cu130,0.27.1+cu130,1.9.0,2.5.2,0,4,2026-08-27T20:48:41.610452+00:00,ok,,fashion_mnist,classification,traditional_relu_field,Traditional neuron + ReLU + Lambda-Psi,traditional,1,before_field,0,1,1,0.5,0.5,4,2026,0.0003,0.0001,0.0,100,80,70,10,0.0001,128,256,192,128,276304,276304,383.5978825991042,cuda,./results/lambda_psi_hidden_only/checkpoints/fashion_mnist/traditional_relu_field/fashion_mnist__traditional_relu_field__seed4__lr0p0003__cfgcdeb56b60c6d.pt,0.32830869789123535,88.12,99.83999999999999,,,,,,,0.3397386069059372,87.72,99.81,,,,,,,0.30306127667427063,0.31505587697029114,0.3007790446281433,0.2961694002151489,0.2942498028278351,0.269203245639801,,
fashion_mnist__traditional_relu_field__seed0__lr0p0005__cfgcdeb56b60c6d,cdeb56b60c6d,96b354dd2d4cd04c,2.12.1+cu130,0.27.1+cu130,1.9.0,2.5.2,0,4,2026-08-27T20:53:30.635417+00:00,ok,,fashion_mnist,classification,traditional_relu_field,Traditional neuron + ReLU + Lambda-Psi,traditional,1,before_field,0,1,1,0.5,0.5,0,2026,0.0005,0.0001,0.0,100,60,50,10,0.0001,128,256,192,128,276304,276304,287.5502724519465,cuda,./results/lambda_psi_hidden_only/checkpoints/fashion_mnist/traditional_relu_field/fashion_mnist__traditional_relu_field__seed0__lr0p0005__cfgcdeb56b60c6d.pt,0.31959953098297117,88.82,99.83999999999999,,,,,,,0.33731689248085023,87.85,99.81,,,,,,,0.29139402508735657,0.2940596044063568,0.2930470108985901,0.26891911029815674,0.2889243960380554,0.266469269990921,,
fashion_mnist__traditional_relu_field__seed1__lr0p0005__cfgcdeb56b60c6d,cdeb56b60c6d,96b354dd2d4cd04c,2.12.1+cu130,0.27.1+cu130,1.9.0,2.5.2,0,4,2026-08-27T20:59:41.256548+00:00,ok,,fashion_mnist,classification,traditional_relu_field,Traditional neuron + ReLU + Lambda-Psi,traditional,1,before_field,0,1,1,0.5,0.5,1,2026,0.0005,0.0001,0.0,100,78,68,10,0.0001,128,256,192,128,276304,276304,369.033136412967,cuda,./results/lambda_psi_hidden_only/checkpoints/fashion_mnist/traditional_relu_field/fashion_mnist__traditional_relu_field__seed1__lr0p0005__cfgcdeb56b60c6d.pt,0.3038877955436707,89.18,99.82,,,,,,,0.31926363327503204,88.62,99.88,,,,,,,0.2920508086681366,0.23538142442703247,0.29896897077560425,0.24445240199565887,0.2990027964115143,0.24259720742702484,,
fashion_mnist__traditional_relu_field__seed2__lr0p0005__cfgcdeb56b60c6d,cdeb56b60c6d,96b354dd2d4cd04c,2.12.1+cu130,0.27.1+cu130,1.9.0,2.5.2,0,4,2026-08-27T21:04:40.597538+00:00,ok,,fashion_mnist,classification,traditional_relu_field,Traditional neuron + ReLU + Lambda-Psi,traditional,1,before_field,0,1,1,0.5,0.5,2,2026,0.0005,0.0001,0.0,100,62,52,10,0.0001,128,256,192,128,276304,276304,297.74283718387596,cuda,./results/lambda_psi_hidden_only/checkpoints/fashion_mnist/traditional_relu_field/fashion_mnist__traditional_relu_field__seed2__lr0p0005__cfgcdeb56b60c6d.pt,0.30857259969711304,89.05999999999999,99.88,,,,,,,0.3210796308040619,88.3,99.81,,,,,,,0.2816277742385864,0.2863828241825104,0.29777029156684875,0.24790935218334198,0.292656272649765,0.2892891764640808,,
fashion_mnist__traditional_relu_field__seed3__lr0p0005__cfgcdeb56b60c6d,cdeb56b60c6d,96b354dd2d4cd04c,2.12.1+cu130,0.27.1+cu130,1.9.0,2.5.2,0,4,2026-08-27T21:12:40.811378+00:00,ok,,fashion_mnist,classification,traditional_relu_field,Traditional neuron + ReLU + Lambda-Psi,traditional,1,before_field,0,1,1,0.5,0.5,3,2026,0.0005,0.0001,0.0,100,100,92,10,0.0001,128,256,192,128,276304,276304,478.74234084109776,cuda,./results/lambda_psi_hidden_only/checkpoints/fashion_mnist/traditional_relu_field/fashion_mnist__traditional_relu_field__seed3__lr0p0005__cfgcdeb56b60c6d.pt,0.30158886127471923,89.53999999999999,99.83999999999999,,,,,,,0.30956435319185255,88.99000000000001,99.83999999999999,,,,,,,0.26083314418792725,0.22955180704593658,0.284091055393219,0.26171427965164185,0.2830471098423004,0.24455490708351135,,
fashion_mnist__traditional_relu_field__seed4__lr0p0005__cfgcdeb56b60c6d,cdeb56b60c6d,96b354dd2d4cd04c,2.12.1+cu130,0.27.1+cu130,1.9.0,2.5.2,0,4,2026-08-27T21:19:54.695586+00:00,ok,,fashion_mnist,classification,traditional_relu_field,Traditional neuron + ReLU + Lambda-Psi,traditional,1,before_field,0,1,1,0.5,0.5,4,2026,0.0005,0.0001,0.0,100,91,81,10,0.0001,128,256,192,128,276304,276304,432.3754206348676,cuda,./results/lambda_psi_hidden_only/checkpoints/fashion_mnist/traditional_relu_field/fashion_mnist__traditional_relu_field__seed4__lr0p0005__cfgcdeb56b60c6d.pt,0.29751275072097777,89.74,99.88,,,,,,,0.3118579916238785,88.84,99.9,,,,,,,0.26691964268684387,0.2556779086589813,0.28328442573547363,0.2258034497499466,0.28334149718284607,0.2304207682609558,,
fashion_mnist__traditional_relu_field__seed0__lr0p001__cfgcdeb56b60c6d,cdeb56b60c6d,96b354dd2d4cd04c,2.12.1+cu130,0.27.1+cu130,1.9.0,2.5.2,0,4,2026-08-27T21:23:49.312566+00:00,ok,,fashion_mnist,classification,traditional_relu_field,Traditional neuron + ReLU + Lambda-Psi,traditional,1,before_field,0,1,1,0.5,0.5,0,2026,0.001,0.0001,0.0,100,49,39,10,0.0001,128,256,192,128,276304,276304,233.1539279180579,cuda,./results/lambda_psi_hidden_only/checkpoints/fashion_mnist/traditional_relu_field/fashion_mnist__traditional_relu_field__seed0__lr0p001__cfgcdeb56b60c6d.pt,0.31010900893211363,89.18,99.83999999999999,,,,,,,0.32513402709960937,88.28,99.83,,,,,,,0.2970573306083679,0.221438467502594,0.35291823744773865,0.21900328993797302,0.35081639885902405,0.27227088809013367,,
fashion_mnist__traditional_relu_field__seed1__lr0p001__cfgcdeb56b60c6d,cdeb56b60c6d,96b354dd2d4cd04c,2.12.1+cu130,0.27.1+cu130,1.9.0,2.5.2,0,4,2026-08-27T21:30:47.647865+00:00,ok,,fashion_mnist,classification,traditional_relu_field,Traditional neuron + ReLU + Lambda-Psi,traditional,1,before_field,0,1,1,0.5,0.5,1,2026,0.001,0.0001,0.0,100,88,78,10,0.0001,128,256,192,128,276304,276304,416.8857453549281,cuda,./results/lambda_psi_hidden_only/checkpoints/fashion_mnist/traditional_relu_field/fashion_mnist__traditional_relu_field__seed1__lr0p001__cfgcdeb56b60c6d.pt,0.29813893213272097,89.72,99.83999999999999,,,,,,,0.3055849536418915,89.31,99.88,,,,,,,0.23972728848457336,0.15804608166217804,0.33010390400886536,0.17995654046535492,0.36216017603874207,0.21061557531356812,,
fashion_mnist__traditional_relu_field__seed2__lr0p001__cfgcdeb56b60c6d,cdeb56b60c6d,96b354dd2d4cd04c,2.12.1+cu130,0.27.1+cu130,1.9.0,2.5.2,0,4,2026-08-27T21:36:52.329226+00:00,ok,,fashion_mnist,classification,traditional_relu_field,Traditional neuron + ReLU + Lambda-Psi,traditional,1,before_field,0,1,1,0.5,0.5,2,2026,0.001,0.0001,0.0,100,77,67,10,0.0001,128,256,192,128,276304,276304,363.1677371507976,cuda,./results/lambda_psi_hidden_only/checkpoints/fashion_mnist/traditional_relu_field/fashion_mnist__traditional_relu_field__seed2__lr0p001__cfgcdeb56b60c6d.pt,0.28913495111465454,90.02,99.94,,,,,,,0.30133202431201933,89.52,99.87,,,,,,,0.22809138894081116,0.19842056930065155,0.32240772247314453,0.1607455462217331,0.3521382808685303,0.2433287799358368,,
fashion_mnist__traditional_relu_field__seed3__lr0p001__cfgcdeb56b60c6d,cdeb56b60c6d,96b354dd2d4cd04c,2.12.1+cu130,0.27.1+cu130,1.9.0,2.5.2,0,4,2026-08-27T21:44:50.570672+00:00,ok,,fashion_mnist,classification,traditional_relu_field,Traditional neuron + ReLU + Lambda-Psi,traditional,1,before_field,0,1,1,0.5,0.5,3,2026,0.001,0.0001,0.0,100,100,92,10,0.0001,128,256,192,128,276304,276304,476.78140617511235,cuda,./results/lambda_psi_hidden_only/checkpoints/fashion_mnist/traditional_relu_field/fashion_mnist__traditional_relu_field__seed3__lr0p001__cfgcdeb56b60c6d.pt,0.28831125469207763,90.18,99.83999999999999,,,,,,,0.3021878789186478,89.35,99.83999999999999,,,,,,,0.22882376611232758,0.15839874744415283,0.3184834122657776,0.17710155248641968,0.34948036074638367,0.21661044657230377,,
fashion_mnist__traditional_relu_field__seed4__lr0p001__cfgcdeb56b60c6d,cdeb56b60c6d,96b354dd2d4cd04c,2.12.1+cu130,0.27.1+cu130,1.9.0,2.5.2,0,4,2026-08-27T21:51:33.618573+00:00,ok,,fashion_mnist,classification,traditional_relu_field,Traditional neuron + ReLU + Lambda-Psi,traditional,1,before_field,0,1,1,0.5,0.5,4,2026,0.001,0.0001,0.0,100,84,74,10,0.0001,128,256,192,128,276304,276304,401.58591347397305,cuda,./results/lambda_psi_hidden_only/checkpoints/fashion_mnist/traditional_relu_field/fashion_mnist__traditional_relu_field__seed4__lr0p001__cfgcdeb56b60c6d.pt,0.2927967351913452,89.96,99.86,,,,,,,0.3070824387073517,89.34,99.87,,,,,,,0.22886812686920166,0.18104267120361328,0.3232707977294922,0.17313478887081146,0.3557121157646179,0.23410218954086304,,
fashion_mnist__traditional_relu_field__seed0__lr0p002__cfgcdeb56b60c6d,cdeb56b60c6d,96b354dd2d4cd04c,2.12.1+cu130,0.27.1+cu130,1.9.0,2.5.2,0,4,2026-08-27T21:55:05.283287+00:00,ok,,fashion_mnist,classification,traditional_relu_field,Traditional neuron + ReLU + Lambda-Psi,traditional,1,before_field,0,1,1,0.5,0.5,0,2026,0.002,0.0001,0.0,100,44,34,10,0.0001,128,256,192,128,276304,276304,210.19455729005858,cuda,./results/lambda_psi_hidden_only/checkpoints/fashion_mnist/traditional_relu_field/fashion_mnist__traditional_relu_field__seed0__lr0p002__cfgcdeb56b60c6d.pt,0.30676825160980226,89.16,99.83999999999999,,,,,,,0.3180777940154076,88.81,99.85000000000001,,,,,,,0.32392776012420654,0.18741589784622192,0.518718957901001,0.23928752541542053,0.5085835456848145,0.33699527382850647,,
fashion_mnist__traditional_relu_field__seed1__lr0p002__cfgcdeb56b60c6d,cdeb56b60c6d,96b354dd2d4cd04c,2.12.1+cu130,0.27.1+cu130,1.9.0,2.5.2,0,4,2026-08-27T21:59:15.022341+00:00,ok,,fashion_mnist,classification,traditional_relu_field,Traditional neuron + ReLU + Lambda-Psi,traditional,1,before_field,0,1,1,0.5,0.5,1,2026,0.002,0.0001,0.0,100,52,42,10,0.0001,128,256,192,128,276304,276304,248.28392628207803,cuda,./results/lambda_psi_hidden_only/checkpoints/fashion_mnist/traditional_relu_field/fashion_mnist__traditional_relu_field__seed1__lr0p002__cfgcdeb56b60c6d.pt,0.30680704078674315,89.36,99.83999999999999,,,,,,,0.31812985148429873,88.44,99.78,,,,,,,0.30822861194610596,0.14267325401306152,0.5574554204940796,0.22295896708965302,0.5702866315841675,0.3433990776538849,,
fashion_mnist__traditional_relu_field__seed2__lr0p002__cfgcdeb56b60c6d,cdeb56b60c6d,96b354dd2d4cd04c,2.12.1+cu130,0.27.1+cu130,1.9.0,2.5.2,0,4,2026-08-27T22:02:09.686982+00:00,ok,,fashion_mnist,classification,traditional_relu_field,Traditional neuron + ReLU + Lambda-Psi,traditional,1,before_field,0,1,1,0.5,0.5,2,2026,0.002,0.0001,0.0,100,36,26,10,0.0001,128,256,192,128,276304,276304,173.18476380081847,cuda,./results/lambda_psi_hidden_only/checkpoints/fashion_mnist/traditional_relu_field/fashion_mnist__traditional_relu_field__seed2__lr0p002__cfgcdeb56b60c6d.pt,0.3181451670646667,88.64,99.86,,,,,,,0.3281965948700905,87.88,99.86,,,,,,,0.3097512125968933,0.1793517917394638,0.5115450024604797,0.2364935278892517,0.5286600589752197,0.33031684160232544,,
fashion_mnist__traditional_relu_field__seed3__lr0p002__cfgcdeb56b60c6d,cdeb56b60c6d,96b354dd2d4cd04c,2.12.1+cu130,0.27.1+cu130,1.9.0,2.5.2,0,4,2026-08-27T22:07:35.772546+00:00,ok,,fashion_mnist,classification,traditional_relu_field,Traditional neuron + ReLU + Lambda-Psi,traditional,1,before_field,0,1,1,0.5,0.5,3,2026,0.002,0.0001,0.0,100,68,58,10,0.0001,128,256,192,128,276304,276304,324.5985993021168,cuda,./results/lambda_psi_hidden_only/checkpoints/fashion_mnist/traditional_relu_field/fashion_mnist__traditional_relu_field__seed3__lr0p002__cfgcdeb56b60c6d.pt,0.30232186183929444,89.98,99.92,,,,,,,0.30195388417243957,89.3,99.88,,,,,,,0.2771669924259186,0.13752245903015137,0.5527269840240479,0.18902017176151276,0.5904415249824524,0.3378278315067291,,
fashion_mnist__traditional_relu_field__seed4__lr0p002__cfgcdeb56b60c6d,cdeb56b60c6d,96b354dd2d4cd04c,2.12.1+cu130,0.27.1+cu130,1.9.0,2.5.2,0,4,2026-08-27T22:11:57.249130+00:00,ok,,fashion_mnist,classification,traditional_relu_field,Traditional neuron + ReLU + Lambda-Psi,traditional,1,before_field,0,1,1,0.5,0.5,4,2026,0.002,0.0001,0.0,100,54,44,10,0.0001,128,256,192,128,276304,276304,259.9529158130754,cuda,./results/lambda_psi_hidden_only/checkpoints/fashion_mnist/traditional_relu_field/fashion_mnist__traditional_relu_field__seed4__lr0p002__cfgcdeb56b60c6d.pt,0.2967987636089325,89.66,99.86,,,,,,,0.31453593234419824,88.7,99.81,,,,,,,0.2797514498233795,0.15099786221981049,0.5369599461555481,0.19693635404109955,0.57341468334198,0.35165736079216003,,
fashion_mnist__traditional_relu_field__seed0__lr0p003__cfgcdeb56b60c6d,cdeb56b60c6d,96b354dd2d4cd04c,2.12.1+cu130,0.27.1+cu130,1.9.0,2.5.2,0,4,2026-08-27T22:15:52.138542+00:00,ok,,fashion_mnist,classification,traditional_relu_field,Traditional neuron + ReLU + Lambda-Psi,traditional,1,before_field,0,1,1,0.5,0.5,0,2026,0.003,0.0001,0.0,100,49,39,10,0.0001,128,256,192,128,276304,276304,233.42828490096144,cuda,./results/lambda_psi_hidden_only/checkpoints/fashion_mnist/traditional_relu_field/fashion_mnist__traditional_relu_field__seed0__lr0p003__cfgcdeb56b60c6d.pt,0.31415847058296203,88.92,99.78,,,,,,,0.31985835394859313,88.42,99.83999999999999,,,,,,,0.3244501054286957,0.1296461969614029,0.71055006980896,0.2345300316810608,0.6453087329864502,0.4376857876777649,,
fashion_mnist__traditional_relu_field__seed1__lr0p003__cfgcdeb56b60c6d,cdeb56b60c6d,96b354dd2d4cd04c,2.12.1+cu130,0.27.1+cu130,1.9.0,2.5.2,0,4,2026-08-27T22:19:18.938695+00:00,ok,,fashion_mnist,classification,traditional_relu_field,Traditional neuron + ReLU + Lambda-Psi,traditional,1,before_field,0,1,1,0.5,0.5,1,2026,0.003,0.0001,0.0,100,43,33,10,0.0001,128,256,192,128,276304,276304,205.39345163013786,cuda,./results/lambda_psi_hidden_only/checkpoints/fashion_mnist/traditional_relu_field/fashion_mnist__traditional_relu_field__seed1__lr0p003__cfgcdeb56b60c6d.pt,0.3114516044616699,89.03999999999999,99.83999999999999,,,,,,,0.32132991764545443,88.35,99.85000000000001,,,,,,,0.33355048298835754,0.12009251117706299,0.6787612438201904,0.23836825788021088,0.6738544702529907,0.4402046203613281,,
fashion_mnist__traditional_relu_field__seed2__lr0p003__cfgcdeb56b60c6d,cdeb56b60c6d,96b354dd2d4cd04c,2.12.1+cu130,0.27.1+cu130,1.9.0,2.5.2,0,4,2026-08-27T22:24:21.809762+00:00,ok,,fashion_mnist,classification,traditional_relu_field,Traditional neuron + ReLU + Lambda-Psi,traditional,1,before_field,0,1,1,0.5,0.5,2,2026,0.003,0.0001,0.0,100,63,53,10,0.0001,128,256,192,128,276304,276304,301.3149963798933,cuda,./results/lambda_psi_hidden_only/checkpoints/fashion_mnist/traditional_relu_field/fashion_mnist__traditional_relu_field__seed2__lr0p003__cfgcdeb56b60c6d.pt,0.3055949227333069,89.44,99.88,,,,,,,0.3066830243110657,89.03999999999999,99.83999999999999,,,,,,,0.2837153673171997,0.08804825693368912,0.6913464069366455,0.1670951247215271,0.7426576614379883,0.4844084084033966,,
fashion_mnist__traditional_relu_field__seed3__lr0p003__cfgcdeb56b60c6d,cdeb56b60c6d,96b354dd2d4cd04c,2.12.1+cu130,0.27.1+cu130,1.9.0,2.5.2,0,4,2026-08-27T22:29:20.955821+00:00,ok,,fashion_mnist,classification,traditional_relu_field,Traditional neuron + ReLU + Lambda-Psi,traditional,1,before_field,0,1,1,0.5,0.5,3,2026,0.003,0.0001,0.0,100,63,53,10,0.0001,128,256,192,128,276304,276304,297.72785804909654,cuda,./results/lambda_psi_hidden_only/checkpoints/fashion_mnist/traditional_relu_field/fashion_mnist__traditional_relu_field__seed3__lr0p003__cfgcdeb56b60c6d.pt,0.30052551612854006,89.66,99.74,,,,,,,0.3131971425414085,88.72,99.82,,,,,,,0.29898178577423096,0.09054239839315414,0.718188464641571,0.15600648522377014,0.7158751487731934,0.4738447964191437,,
fashion_mnist__traditional_relu_field__seed4__lr0p003__cfgcdeb56b60c6d,cdeb56b60c6d,96b354dd2d4cd04c,2.12.1+cu130,0.27.1+cu130,1.9.0,2.5.2,0,4,2026-08-27T22:35:28.913517+00:00,ok,,fashion_mnist,classification,traditional_relu_field,Traditional neuron + ReLU + Lambda-Psi,traditional,1,before_field,0,1,1,0.5,0.5,4,2026,0.003,0.0001,0.0,100,77,67,10,0.0001,128,256,192,128,276304,276304,366.43746487190947,cuda,./results/lambda_psi_hidden_only/checkpoints/fashion_mnist/traditional_relu_field/fashion_mnist__traditional_relu_field__seed4__lr0p003__cfgcdeb56b60c6d.pt,0.2961078426361084,90.18,99.9,,,,,,,0.2966623507857323,89.7,99.81,,,,,,,0.26361310482025146,0.07596789300441742,0.6862073540687561,0.15600180625915527,0.7444862723350525,0.4632784128189087,,
fashion_mnist__aptx_field__seed0__lr0p0003__cfge9043b469810,e9043b469810,96b354dd2d4cd04c,2.12.1+cu130,0.27.1+cu130,1.9.0,2.5.2,0,4,2026-08-27T22:41:35.366063+00:00,ok,,fashion_mnist,classification,aptx_field,APTx Neuron + Lambda-Psi,aptx,1,none,0,1,1,0.5,0.5,0,2026,0.0003,0.0001,0.0,100,69,59,10,0.0001,128,256,192,128,827728,827728,364.92395014106296,cuda,./results/lambda_psi_hidden_only/checkpoints/fashion_mnist/aptx_field/fashion_mnist__aptx_field__seed0__lr0p0003__cfge9043b469810.pt,0.3659392765045166,87.18,99.66000000000001,,,,,,,0.3832931554555893,86.1,99.77000000000001,,,,,,,0.8011587262153625,0.7888405919075012,0.8270283937454224,0.8149438500404358,0.8477161526679993,0.8350822329521179,,
fashion_mnist__aptx_field__seed1__lr0p0003__cfge9043b469810,e9043b469810,96b354dd2d4cd04c,2.12.1+cu130,0.27.1+cu130,1.9.0,2.5.2,0,4,2026-08-27T22:46:39.191768+00:00,ok,,fashion_mnist,classification,aptx_field,APTx Neuron + Lambda-Psi,aptx,1,none,0,1,1,0.5,0.5,1,2026,0.0003,0.0001,0.0,100,57,47,10,0.0001,128,256,192,128,827728,827728,302.28083540685475,cuda,./results/lambda_psi_hidden_only/checkpoints/fashion_mnist/aptx_field/fashion_mnist__aptx_field__seed1__lr0p0003__cfge9043b469810.pt,0.3735811517715454,86.86,99.7,,,,,,,0.38418797788619996,86.19,99.71,,,,,,,0.8012508749961853,0.7878333926200867,0.8295374512672424,0.8223647475242615,0.8475890755653381,0.8376010656356812,,
fashion_mnist__aptx_field__seed2__lr0p0003__cfge9043b469810,e9043b469810,96b354dd2d4cd04c,2.12.1+cu130,0.27.1+cu130,1.9.0,2.5.2,0,4,2026-08-27T22:50:45.895280+00:00,ok,,fashion_mnist,classification,aptx_field,APTx Neuron + Lambda-Psi,aptx,1,none,0,1,1,0.5,0.5,2,2026,0.0003,0.0001,0.0,100,46,36,10,0.0001,128,256,192,128,827728,827728,245.17262651980855,cuda,./results/lambda_psi_hidden_only/checkpoints/fashion_mnist/aptx_field/fashion_mnist__aptx_field__seed2__lr0p0003__cfge9043b469810.pt,0.3835725794792175,86.68,99.68,,,,,,,0.4073487074136734,84.95,99.72,,,,,,,0.8042330741882324,0.793229877948761,0.8209764957427979,0.8114286065101624,0.8491425514221191,0.8461601138114929,,
fashion_mnist__aptx_field__seed3__lr0p0003__cfge9043b469810,e9043b469810,96b354dd2d4cd04c,2.12.1+cu130,0.27.1+cu130,1.9.0,2.5.2,0,4,2026-08-27T22:54:19.613369+00:00,ok,,fashion_mnist,classification,aptx_field,APTx Neuron + Lambda-Psi,aptx,1,none,0,1,1,0.5,0.5,3,2026,0.0003,0.0001,0.0,100,40,30,10,0.0001,128,256,192,128,827728,827728,212.13022278505377,cuda,./results/lambda_psi_hidden_only/checkpoints/fashion_mnist/aptx_field/fashion_mnist__aptx_field__seed3__lr0p0003__cfge9043b469810.pt,0.39422567257881164,86.33999999999999,99.68,,,,,,,0.41762365140914914,84.95,99.69,,,,,,,0.8068711757659912,0.797612190246582,0.8256306648254395,0.8156642317771912,0.8423565626144409,0.8370056748390198,,
fashion_mnist__aptx_field__seed4__lr0p0003__cfge9043b469810,e9043b469810,96b354dd2d4cd04c,2.12.1+cu130,0.27.1+cu130,1.9.0,2.5.2,0,4,2026-08-27T23:02:13.683407+00:00,ok,,fashion_mnist,classification,aptx_field,APTx Neuron + Lambda-Psi,aptx,1,none,0,1,1,0.5,0.5,4,2026,0.0003,0.0001,0.0,100,90,80,10,0.0001,128,256,192,128,827728,827728,472.5751896179281,cuda,./results/lambda_psi_hidden_only/checkpoints/fashion_mnist/aptx_field/fashion_mnist__aptx_field__seed4__lr0p0003__cfge9043b469810.pt,0.35176860790252684,87.83999999999999,99.74,,,,,,,0.3669626764059067,87.03999999999999,99.75,,,,,,,0.8017687201499939,0.7876660227775574,0.8274192214012146,0.8198301792144775,0.8474823236465454,0.8423359990119934,,
fashion_mnist__aptx_field__seed0__lr0p0005__cfge9043b469810,e9043b469810,96b354dd2d4cd04c,2.12.1+cu130,0.27.1+cu130,1.9.0,2.5.2,0,4,2026-08-27T23:10:40.855574+00:00,ok,,fashion_mnist,classification,aptx_field,APTx Neuron + Lambda-Psi,aptx,1,none,0,1,1,0.5,0.5,0,2026,0.0005,0.0001,0.0,100,96,86,10,0.0001,128,256,192,128,827728,827728,505.7243386730552,cuda,./results/lambda_psi_hidden_only/checkpoints/fashion_mnist/aptx_field/fashion_mnist__aptx_field__seed0__lr0p0005__cfge9043b469810.pt,0.3259200602054596,88.56,99.78,,,,,,,0.34212887618541715,87.82,99.75,,,,,,,0.8005176186561584,0.7805612087249756,0.8297341465950012,0.8127294182777405,0.8597387075424194,0.8460031151771545,,
fashion_mnist__aptx_field__seed1__lr0p0005__cfge9043b469810,e9043b469810,96b354dd2d4cd04c,2.12.1+cu130,0.27.1+cu130,1.9.0,2.5.2,0,4,2026-08-27T23:17:56.478038+00:00,ok,,fashion_mnist,classification,aptx_field,APTx Neuron + Lambda-Psi,aptx,1,none,0,1,1,0.5,0.5,1,2026,0.0005,0.0001,0.0,100,83,73,10,0.0001,128,256,192,128,827728,827728,434.1313339089975,cuda,./results/lambda_psi_hidden_only/checkpoints/fashion_mnist/aptx_field/fashion_mnist__aptx_field__seed1__lr0p0005__cfge9043b469810.pt,0.33507823944091797,88.28,99.8,,,,,,,0.34271016917228697,87.7,99.77000000000001,,,,,,,0.8007221817970276,0.7810034155845642,0.8275711536407471,0.8150939345359802,0.8584316968917847,0.8538098931312561,,
fashion_mnist__aptx_field__seed2__lr0p0005__cfge9043b469810,e9043b469810,96b354dd2d4cd04c,2.12.1+cu130,0.27.1+cu130,1.9.0,2.5.2,0,4,2026-08-27T23:24:13.203131+00:00,ok,,fashion_mnist,classification,aptx_field,APTx Neuron + Lambda-Psi,aptx,1,none,0,1,1,0.5,0.5,2,2026,0.0005,0.0001,0.0,100,72,62,10,0.0001,128,256,192,128,827728,827728,375.26767999189906,cuda,./results/lambda_psi_hidden_only/checkpoints/fashion_mnist/aptx_field/fashion_mnist__aptx_field__seed2__lr0p0005__cfge9043b469810.pt,0.3371917648792267,88.22,99.83999999999999,,,,,,,0.34999602591991424,87.33,99.79,,,,,,,0.802861750125885,0.785304069519043,0.825069785118103,0.8074286580085754,0.8632583618164062,0.8539379239082336,,
fashion_mnist__aptx_field__seed3__lr0p0005__cfge9043b469810,e9043b469810,96b354dd2d4cd04c,2.12.1+cu130,0.27.1+cu130,1.9.0,2.5.2,0,4,2026-08-27T23:29:51.920943+00:00,ok,,fashion_mnist,classification,aptx_field,APTx Neuron + Lambda-Psi,aptx,1,none,0,1,1,0.5,0.5,3,2026,0.0005,0.0001,0.0,100,63,53,10,0.0001,128,256,192,128,827728,827728,337.2426825459115,cuda,./results/lambda_psi_hidden_only/checkpoints/fashion_mnist/aptx_field/fashion_mnist__aptx_field__seed3__lr0p0005__cfge9043b469810.pt,0.3407576055526733,87.86,99.8,,,,,,,0.34890668425559995,87.31,99.78,,,,,,,0.8030538558959961,0.7856046557426453,0.8312823176383972,0.8125851154327393,0.8569284677505493,0.8481055498123169,,
fashion_mnist__aptx_field__seed4__lr0p0005__cfge9043b469810,e9043b469810,96b354dd2d4cd04c,2.12.1+cu130,0.27.1+cu130,1.9.0,2.5.2,0,4,2026-08-27T23:33:01.350844+00:00,ok,,fashion_mnist,classification,aptx_field,APTx Neuron + Lambda-Psi,aptx,1,none,0,1,1,0.5,0.5,4,2026,0.0005,0.0001,0.0,100,35,25,10,0.0001,128,256,192,128,827728,827728,188.0456662280485,cuda,./results/lambda_psi_hidden_only/checkpoints/fashion_mnist/aptx_field/fashion_mnist__aptx_field__seed4__lr0p0005__cfge9043b469810.pt,0.36365361042022704,87.1,99.72,,,,,,,0.3851555498838425,86.41,99.7,,,,,,,0.8051669001579285,0.7926276922225952,0.8300368189811707,0.823001503944397,0.8555682301521301,0.85016930103302,,
fashion_mnist__aptx_field__seed0__lr0p001__cfge9043b469810,e9043b469810,96b354dd2d4cd04c,2.12.1+cu130,0.27.1+cu130,1.9.0,2.5.2,0,4,2026-08-27T23:40:35.159520+00:00,ok,,fashion_mnist,classification,aptx_field,APTx Neuron + Lambda-Psi,aptx,1,none,0,1,1,0.5,0.5,0,2026,0.001,0.0001,0.0,100,86,76,10,0.0001,128,256,192,128,827728,827728,452.23420760198496,cuda,./results/lambda_psi_hidden_only/checkpoints/fashion_mnist/aptx_field/fashion_mnist__aptx_field__seed0__lr0p001__cfge9043b469810.pt,0.3058036456108093,89.74,99.8,,,,,,,0.3108627715229988,89.14,99.79,,,,,,,0.805004894733429,0.7676771879196167,0.8347238898277283,0.806583821773529,0.8818932175636292,0.8630711436271667,,
fashion_mnist__aptx_field__seed1__lr0p001__cfge9043b469810,e9043b469810,96b354dd2d4cd04c,2.12.1+cu130,0.27.1+cu130,1.9.0,2.5.2,0,4,2026-08-27T23:46:07.094840+00:00,ok,,fashion_mnist,classification,aptx_field,APTx Neuron + Lambda-Psi,aptx,1,none,0,1,1,0.5,0.5,1,2026,0.001,0.0001,0.0,100,61,51,10,0.0001,128,256,192,128,827728,827728,330.4532604308333,cuda,./results/lambda_psi_hidden_only/checkpoints/fashion_mnist/aptx_field/fashion_mnist__aptx_field__seed1__lr0p001__cfge9043b469810.pt,0.31372969732284545,89.24,99.78,,,,,,,0.3258184937596321,88.22,99.8,,,,,,,0.8047691583633423,0.7734308838844299,0.8405435681343079,0.8115903735160828,0.8837601542472839,0.866567850112915,,
fashion_mnist__aptx_field__seed2__lr0p001__cfge9043b469810,e9043b469810,96b354dd2d4cd04c,2.12.1+cu130,0.27.1+cu130,1.9.0,2.5.2,0,4,2026-08-27T23:54:35.880009+00:00,ok,,fashion_mnist,classification,aptx_field,APTx Neuron + Lambda-Psi,aptx,1,none,0,1,1,0.5,0.5,2,2026,0.001,0.0001,0.0,100,95,85,10,0.0001,128,256,192,128,827728,827728,507.2947195470333,cuda,./results/lambda_psi_hidden_only/checkpoints/fashion_mnist/aptx_field/fashion_mnist__aptx_field__seed2__lr0p001__cfge9043b469810.pt,0.30187849116325377,89.46,99.88,,,,,,,0.31046076362133024,88.94999999999999,99.83999999999999,,,,,,,0.8068482279777527,0.7683122158050537,0.8376300930976868,0.8060619831085205,0.8793933391571045,0.8627049922943115,,
fashion_mnist__aptx_field__seed3__lr0p001__cfge9043b469810,e9043b469810,96b354dd2d4cd04c,2.12.1+cu130,0.27.1+cu130,1.9.0,2.5.2,0,4,2026-08-28T00:00:03.753408+00:00,ok,,fashion_mnist,classification,aptx_field,APTx Neuron + Lambda-Psi,aptx,1,none,0,1,1,0.5,0.5,3,2026,0.001,0.0001,0.0,100,62,52,10,0.0001,128,256,192,128,827728,827728,326.34700320800766,cuda,./results/lambda_psi_hidden_only/checkpoints/fashion_mnist/aptx_field/fashion_mnist__aptx_field__seed3__lr0p001__cfge9043b469810.pt,0.31012701621055605,88.98,99.88,,,,,,,0.32162475497722626,88.34,99.85000000000001,,,,,,,0.8119925260543823,0.7778580784797668,0.8403906226158142,0.8058878779411316,0.8770631551742554,0.8630502820014954,,
fashion_mnist__aptx_field__seed4__lr0p001__cfge9043b469810,e9043b469810,96b354dd2d4cd04c,2.12.1+cu130,0.27.1+cu130,1.9.0,2.5.2,0,4,2026-08-28T00:04:41.011512+00:00,ok,,fashion_mnist,classification,aptx_field,APTx Neuron + Lambda-Psi,aptx,1,none,0,1,1,0.5,0.5,4,2026,0.001,0.0001,0.0,100,52,42,10,0.0001,128,256,192,128,827728,827728,275.7442347300239,cuda,./results/lambda_psi_hidden_only/checkpoints/fashion_mnist/aptx_field/fashion_mnist__aptx_field__seed4__lr0p001__cfge9043b469810.pt,0.31994958057403566,88.72,99.74,,,,,,,0.32834751024246217,88.33,99.81,,,,,,,0.813082218170166,0.7772948741912842,0.8422242403030396,0.8161919116973877,0.8732342720031738,0.8678768873214722,,
fashion_mnist__aptx_field__seed0__lr0p002__cfge9043b469810,e9043b469810,96b354dd2d4cd04c,2.12.1+cu130,0.27.1+cu130,1.9.0,2.5.2,0,4,2026-08-28T00:08:56.759953+00:00,ok,,fashion_mnist,classification,aptx_field,APTx Neuron + Lambda-Psi,aptx,1,none,0,1,1,0.5,0.5,0,2026,0.002,0.0001,0.0,100,48,38,10,0.0001,128,256,192,128,827728,827728,254.2352013720665,cuda,./results/lambda_psi_hidden_only/checkpoints/fashion_mnist/aptx_field/fashion_mnist__aptx_field__seed0__lr0p002__cfge9043b469810.pt,0.3262925461769104,89.0,99.86,,,,,,,0.31642016372680665,88.64,99.83999999999999,,,,,,,0.8383718729019165,0.7634924054145813,0.8689935207366943,0.7994006872177124,0.9076107740402222,0.8782668113708496,,
fashion_mnist__aptx_field__seed1__lr0p002__cfge9043b469810,e9043b469810,96b354dd2d4cd04c,2.12.1+cu130,0.27.1+cu130,1.9.0,2.5.2,0,4,2026-08-28T00:15:15.928830+00:00,ok,,fashion_mnist,classification,aptx_field,APTx Neuron + Lambda-Psi,aptx,1,none,0,1,1,0.5,0.5,1,2026,0.002,0.0001,0.0,100,71,61,10,0.0001,128,256,192,128,827728,827728,377.64545147283934,cuda,./results/lambda_psi_hidden_only/checkpoints/fashion_mnist/aptx_field/fashion_mnist__aptx_field__seed1__lr0p002__cfge9043b469810.pt,0.29308533387184144,90.22,99.83999999999999,,,,,,,0.2940990921974182,89.47,99.85000000000001,,,,,,,0.8386988639831543,0.7535881996154785,0.8680569529533386,0.793437659740448,0.9078648090362549,0.8689521551132202,,
fashion_mnist__aptx_field__seed2__lr0p002__cfge9043b469810,e9043b469810,96b354dd2d4cd04c,2.12.1+cu130,0.27.1+cu130,1.9.0,2.5.2,0,4,2026-08-28T00:21:11.773917+00:00,ok,,fashion_mnist,classification,aptx_field,APTx Neuron + Lambda-Psi,aptx,1,none,0,1,1,0.5,0.5,2,2026,0.002,0.0001,0.0,100,67,57,10,0.0001,128,256,192,128,827728,827728,354.311659371946,cuda,./results/lambda_psi_hidden_only/checkpoints/fashion_mnist/aptx_field/fashion_mnist__aptx_field__seed2__lr0p002__cfge9043b469810.pt,0.288127227306366,89.88000000000001,99.88,,,,,,,0.30189954558610915,88.98,99.86,,,,,,,0.8435984253883362,0.7499717473983765,0.8648322224617004,0.7924008965492249,0.9125089645385742,0.870851993560791,,
fashion_mnist__aptx_field__seed3__lr0p002__cfge9043b469810,e9043b469810,96b354dd2d4cd04c,2.12.1+cu130,0.27.1+cu130,1.9.0,2.5.2,0,4,2026-08-28T00:26:40.643882+00:00,ok,,fashion_mnist,classification,aptx_field,APTx Neuron + Lambda-Psi,aptx,1,none,0,1,1,0.5,0.5,3,2026,0.002,0.0001,0.0,100,62,52,10,0.0001,128,256,192,128,827728,827728,327.4302972771693,cuda,./results/lambda_psi_hidden_only/checkpoints/fashion_mnist/aptx_field/fashion_mnist__aptx_field__seed3__lr0p002__cfge9043b469810.pt,0.2872004461288452,90.12,99.88,,,,,,,0.30169848883152006,89.19,99.86,,,,,,,0.8449146151542664,0.7568572759628296,0.8701816201210022,0.7993617653846741,0.9046024084091187,0.8650720715522766,,
fashion_mnist__aptx_field__seed4__lr0p002__cfge9043b469810,e9043b469810,96b354dd2d4cd04c,2.12.1+cu130,0.27.1+cu130,1.9.0,2.5.2,0,4,2026-08-28T00:32:53.054021+00:00,ok,,fashion_mnist,classification,aptx_field,APTx Neuron + Lambda-Psi,aptx,1,none,0,1,1,0.5,0.5,4,2026,0.002,0.0001,0.0,100,70,60,10,0.0001,128,256,192,128,827728,827728,370.8587075378746,cuda,./results/lambda_psi_hidden_only/checkpoints/fashion_mnist/aptx_field/fashion_mnist__aptx_field__seed4__lr0p002__cfge9043b469810.pt,0.2983280055999756,89.75999999999999,99.86,,,,,,,0.2966606740951538,89.44,99.83999999999999,,,,,,,0.8385745882987976,0.7527176737785339,0.8659743070602417,0.7944681644439697,0.9067674279212952,0.8711880445480347,,
fashion_mnist__aptx_field__seed0__lr0p003__cfge9043b469810,e9043b469810,96b354dd2d4cd04c,2.12.1+cu130,0.27.1+cu130,1.9.0,2.5.2,0,4,2026-08-28T00:39:55.602771+00:00,ok,,fashion_mnist,classification,aptx_field,APTx Neuron + Lambda-Psi,aptx,1,none,0,1,1,0.5,0.5,0,2026,0.003,0.0001,0.0,100,80,70,10,0.0001,128,256,192,128,827728,827728,421.0449713249691,cuda,./results/lambda_psi_hidden_only/checkpoints/fashion_mnist/aptx_field/fashion_mnist__aptx_field__seed0__lr0p003__cfge9043b469810.pt,0.2857745220661163,90.16,99.88,,,,,,,0.28437773849964143,89.86,99.92,,,,,,,0.8653475046157837,0.7448121309280396,0.8880965113639832,0.7628355622291565,0.932447075843811,0.8654943704605103,,
fashion_mnist__aptx_field__seed1__lr0p003__cfge9043b469810,e9043b469810,96b354dd2d4cd04c,2.12.1+cu130,0.27.1+cu130,1.9.0,2.5.2,0,4,2026-08-28T00:45:30.887830+00:00,ok,,fashion_mnist,classification,aptx_field,APTx Neuron + Lambda-Psi,aptx,1,none,0,1,1,0.5,0.5,1,2026,0.003,0.0001,0.0,100,63,53,10,0.0001,128,256,192,128,827728,827728,333.8000138909556,cuda,./results/lambda_psi_hidden_only/checkpoints/fashion_mnist/aptx_field/fashion_mnist__aptx_field__seed1__lr0p003__cfge9043b469810.pt,0.2905523866891861,89.88000000000001,99.88,,,,,,,0.30442875761985777,89.17,99.86,,,,,,,0.8683078289031982,0.7466859221458435,0.8930249214172363,0.7808424830436707,0.9299429655075073,0.8711360692977905,,
fashion_mnist__aptx_field__seed2__lr0p003__cfge9043b469810,e9043b469810,96b354dd2d4cd04c,2.12.1+cu130,0.27.1+cu130,1.9.0,2.5.2,0,4,2026-08-28T00:53:50.466713+00:00,ok,,fashion_mnist,classification,aptx_field,APTx Neuron + Lambda-Psi,aptx,1,none,0,1,1,0.5,0.5,2,2026,0.003,0.0001,0.0,100,95,85,10,0.0001,128,256,192,128,827728,827728,498.0742671759799,cuda,./results/lambda_psi_hidden_only/checkpoints/fashion_mnist/aptx_field/fashion_mnist__aptx_field__seed2__lr0p003__cfge9043b469810.pt,0.2773618497610092,90.92,99.9,,,,,,,0.2801876387119293,90.25,99.88,,,,,,,0.8667154908180237,0.7157490253448486,0.8825860619544983,0.7762702107429504,0.935450553894043,0.860853374004364,,
fashion_mnist__aptx_field__seed3__lr0p003__cfge9043b469810,e9043b469810,96b354dd2d4cd04c,2.12.1+cu130,0.27.1+cu130,1.9.0,2.5.2,0,4,2026-08-28T01:02:15.761094+00:00,ok,,fashion_mnist,classification,aptx_field,APTx Neuron + Lambda-Psi,aptx,1,none,0,1,1,0.5,0.5,3,2026,0.003,0.0001,0.0,100,95,85,10,0.0001,128,256,192,128,827728,827728,503.70920818299055,cuda,./results/lambda_psi_hidden_only/checkpoints/fashion_mnist/aptx_field/fashion_mnist__aptx_field__seed3__lr0p003__cfge9043b469810.pt,0.28013338425159456,90.62,99.9,,,,,,,0.28079045333862307,90.25,99.87,,,,,,,0.8653807640075684,0.7357190847396851,0.8806755542755127,0.7692273855209351,0.927166223526001,0.8606915473937988,,
fashion_mnist__aptx_field__seed4__lr0p003__cfge9043b469810,e9043b469810,96b354dd2d4cd04c,2.12.1+cu130,0.27.1+cu130,1.9.0,2.5.2,0,4,2026-08-28T01:11:01.780699+00:00,ok,,fashion_mnist,classification,aptx_field,APTx Neuron + Lambda-Psi,aptx,1,none,0,1,1,0.5,0.5,4,2026,0.003,0.0001,0.0,100,100,96,10,0.0001,128,256,192,128,827728,827728,524.540430650115,cuda,./results/lambda_psi_hidden_only/checkpoints/fashion_mnist/aptx_field/fashion_mnist__aptx_field__seed4__lr0p003__cfge9043b469810.pt,0.2888397680282593,90.62,99.8,,,,,,,0.28706872706413267,89.96,99.85000000000001,,,,,,,0.8649043440818787,0.7347196936607361,0.8824397325515747,0.7733619213104248,0.9286695718765259,0.8579142093658447,,
fashion_mnist__aptx_field_relu__seed0__lr0p0003__cfg961f650e1d0f,961f650e1d0f,96b354dd2d4cd04c,2.12.1+cu130,0.27.1+cu130,1.9.0,2.5.2,0,4,2026-08-28T01:19:41.865900+00:00,ok,,fashion_mnist,classification,aptx_field_relu,APTx Neuron + Lambda-Psi + ReLU,aptx,1,after_field,0,1,1,0.5,0.5,0,2026,0.0003,0.0001,0.0,100,97,87,10,0.0001,128,256,192,128,827728,827728,518.6653205610346,cuda,./results/lambda_psi_hidden_only/checkpoints/fashion_mnist/aptx_field_relu/fashion_mnist__aptx_field_relu__seed0__lr0p0003__cfg961f650e1d0f.pt,0.46909413356781005,83.28,99.64,,,,,,,0.4911388343811035,82.35,99.47,,,,,,,0.6961012482643127,0.61199551820755,0.7122967839241028,0.6408573389053345,0.7240841388702393,0.5627421736717224,,
fashion_mnist__aptx_field_relu__seed1__lr0p0003__cfg961f650e1d0f,961f650e1d0f,96b354dd2d4cd04c,2.12.1+cu130,0.27.1+cu130,1.9.0,2.5.2,0,4,2026-08-28T01:27:51.052497+00:00,ok,,fashion_mnist,classification,aptx_field_relu,APTx Neuron + Lambda-Psi + ReLU,aptx,1,after_field,0,1,1,0.5,0.5,1,2026,0.0003,0.0001,0.0,100,92,82,10,0.0001,128,256,192,128,827728,827728,487.66432457696646,cuda,./results/lambda_psi_hidden_only/checkpoints/fashion_mnist/aptx_field_relu/fashion_mnist__aptx_field_relu__seed1__lr0p0003__cfg961f650e1d0f.pt,0.40184197211265565,85.54,99.58,,,,,,,0.4121146127939224,85.18,99.64,,,,,,,0.7184941172599792,0.6259034872055054,0.723265528678894,0.6411557197570801,0.7196617126464844,0.5736124515533447,,
fashion_mnist__aptx_field_relu__seed2__lr0p0003__cfg961f650e1d0f,961f650e1d0f,96b354dd2d4cd04c,2.12.1+cu130,0.27.1+cu130,1.9.0,2.5.2,0,4,2026-08-28T01:35:39.307693+00:00,ok,,fashion_mnist,classification,aptx_field_relu,APTx Neuron + Lambda-Psi + ReLU,aptx,1,after_field,0,1,1,0.5,0.5,2,2026,0.0003,0.0001,0.0,100,88,78,10,0.0001,128,256,192,128,827728,827728,466.77224639593624,cuda,./results/lambda_psi_hidden_only/checkpoints/fashion_mnist/aptx_field_relu/fashion_mnist__aptx_field_relu__seed2__lr0p0003__cfg961f650e1d0f.pt,0.41327865371704103,85.74000000000001,99.6,,,,,,,0.42308538644313815,84.6,99.55000000000001,,,,,,,0.697484016418457,0.6256500482559204,0.7030844688415527,0.6245965957641602,0.7081413269042969,0.569642961025238,,
fashion_mnist__aptx_field_relu__seed3__lr0p0003__cfg961f650e1d0f,961f650e1d0f,96b354dd2d4cd04c,2.12.1+cu130,0.27.1+cu130,1.9.0,2.5.2,0,4,2026-08-28T01:42:21.896351+00:00,ok,,fashion_mnist,classification,aptx_field_relu,APTx Neuron + Lambda-Psi + ReLU,aptx,1,after_field,0,1,1,0.5,0.5,3,2026,0.0003,0.0001,0.0,100,75,65,10,0.0001,128,256,192,128,827728,827728,401.1235757798422,cuda,./results/lambda_psi_hidden_only/checkpoints/fashion_mnist/aptx_field_relu/fashion_mnist__aptx_field_relu__seed3__lr0p0003__cfg961f650e1d0f.pt,0.4297261424064636,85.06,99.64,,,,,,,0.45467997393608095,83.88,99.63,,,,,,,0.7076123356819153,0.6170487999916077,0.7143394351005554,0.6681570410728455,0.7286155819892883,0.5615118741989136,,
fashion_mnist__aptx_field_relu__seed4__lr0p0003__cfg961f650e1d0f,961f650e1d0f,96b354dd2d4cd04c,2.12.1+cu130,0.27.1+cu130,1.9.0,2.5.2,0,4,2026-08-28T01:50:51.447526+00:00,ok,,fashion_mnist,classification,aptx_field_relu,APTx Neuron + Lambda-Psi + ReLU,aptx,1,after_field,0,1,1,0.5,0.5,4,2026,0.0003,0.0001,0.0,100,96,86,10,0.0001,128,256,192,128,827728,827728,508.1275258450769,cuda,./results/lambda_psi_hidden_only/checkpoints/fashion_mnist/aptx_field_relu/fashion_mnist__aptx_field_relu__seed4__lr0p0003__cfg961f650e1d0f.pt,0.4441534564971924,84.04,99.66000000000001,,,,,,,0.45794633378982547,83.08,99.64,,,,,,,0.7002028822898865,0.6457427144050598,0.7136106491088867,0.6222105622291565,0.717552661895752,0.5576272010803223,,
fashion_mnist__aptx_field_relu__seed0__lr0p0005__cfg961f650e1d0f,961f650e1d0f,96b354dd2d4cd04c,2.12.1+cu130,0.27.1+cu130,1.9.0,2.5.2,0,4,2026-08-28T01:58:14.144736+00:00,ok,,fashion_mnist,classification,aptx_field_relu,APTx Neuron + Lambda-Psi + ReLU,aptx,1,after_field,0,1,1,0.5,0.5,0,2026,0.0005,0.0001,0.0,100,83,73,10,0.0001,128,256,192,128,827728,827728,441.18666858412325,cuda,./results/lambda_psi_hidden_only/checkpoints/fashion_mnist/aptx_field_relu/fashion_mnist__aptx_field_relu__seed0__lr0p0005__cfg961f650e1d0f.pt,0.3748305965423584,86.66,99.72,,,,,,,0.388538076877594,86.27,99.64,,,,,,,0.7481507658958435,0.6385778784751892,0.7544974088668823,0.6502827405929565,0.7455673813819885,0.5633307099342346,,
fashion_mnist__aptx_field_relu__seed1__lr0p0005__cfg961f650e1d0f,961f650e1d0f,96b354dd2d4cd04c,2.12.1+cu130,0.27.1+cu130,1.9.0,2.5.2,0,4,2026-08-28T02:06:12.436749+00:00,ok,,fashion_mnist,classification,aptx_field_relu,APTx Neuron + Lambda-Psi + ReLU,aptx,1,after_field,0,1,1,0.5,0.5,1,2026,0.0005,0.0001,0.0,100,89,79,10,0.0001,128,256,192,128,827728,827728,476.7959929329809,cuda,./results/lambda_psi_hidden_only/checkpoints/fashion_mnist/aptx_field_relu/fashion_mnist__aptx_field_relu__seed1__lr0p0005__cfg961f650e1d0f.pt,0.3692672543525696,86.83999999999999,99.78,,,,,,,0.3879497665405273,85.81,99.77000000000001,,,,,,,0.7386963963508606,0.6344902515411377,0.7480294704437256,0.6594241261482239,0.7393113374710083,0.5830281972885132,,
fashion_mnist__aptx_field_relu__seed2__lr0p0005__cfg961f650e1d0f,961f650e1d0f,96b354dd2d4cd04c,2.12.1+cu130,0.27.1+cu130,1.9.0,2.5.2,0,4,2026-08-28T02:14:08.286625+00:00,ok,,fashion_mnist,classification,aptx_field_relu,APTx Neuron + Lambda-Psi + ReLU,aptx,1,after_field,0,1,1,0.5,0.5,2,2026,0.0005,0.0001,0.0,100,88,78,10,0.0001,128,256,192,128,827728,827728,474.35048785991967,cuda,./results/lambda_psi_hidden_only/checkpoints/fashion_mnist/aptx_field_relu/fashion_mnist__aptx_field_relu__seed2__lr0p0005__cfg961f650e1d0f.pt,0.3517649807929993,87.58,99.83999999999999,,,,,,,0.37077552518844603,86.64,99.71,,,,,,,0.7221907377243042,0.6382919549942017,0.7221641540527344,0.6296831369400024,0.7237675786018372,0.5749801397323608,,
fashion_mnist__aptx_field_relu__seed3__lr0p0005__cfg961f650e1d0f,961f650e1d0f,96b354dd2d4cd04c,2.12.1+cu130,0.27.1+cu130,1.9.0,2.5.2,0,4,2026-08-28T02:21:04.907837+00:00,ok,,fashion_mnist,classification,aptx_field_relu,APTx Neuron + Lambda-Psi + ReLU,aptx,1,after_field,0,1,1,0.5,0.5,3,2026,0.0005,0.0001,0.0,100,77,67,10,0.0001,128,256,192,128,827728,827728,415.16498282086104,cuda,./results/lambda_psi_hidden_only/checkpoints/fashion_mnist/aptx_field_relu/fashion_mnist__aptx_field_relu__seed3__lr0p0005__cfg961f650e1d0f.pt,0.3914371064662933,86.42,99.66000000000001,,,,,,,0.407841793680191,85.16,99.7,,,,,,,0.7052666544914246,0.6300603151321411,0.7011722922325134,0.6464630365371704,0.7086750864982605,0.563534677028656,,
fashion_mnist__aptx_field_relu__seed4__lr0p0005__cfg961f650e1d0f,961f650e1d0f,96b354dd2d4cd04c,2.12.1+cu130,0.27.1+cu130,1.9.0,2.5.2,0,4,2026-08-28T02:27:54.529879+00:00,ok,,fashion_mnist,classification,aptx_field_relu,APTx Neuron + Lambda-Psi + ReLU,aptx,1,after_field,0,1,1,0.5,0.5,4,2026,0.0005,0.0001,0.0,100,77,67,10,0.0001,128,256,192,128,827728,827728,408.1226214589551,cuda,./results/lambda_psi_hidden_only/checkpoints/fashion_mnist/aptx_field_relu/fashion_mnist__aptx_field_relu__seed4__lr0p0005__cfg961f650e1d0f.pt,0.39328944120407106,86.32,99.66000000000001,,,,,,,0.40582831735610964,85.49,99.74,,,,,,,0.7295507788658142,0.6569396257400513,0.7318885326385498,0.6296899318695068,0.7228909134864807,0.5574341416358948,,
fashion_mnist__aptx_field_relu__seed0__lr0p001__cfg961f650e1d0f,961f650e1d0f,96b354dd2d4cd04c,2.12.1+cu130,0.27.1+cu130,1.9.0,2.5.2,0,4,2026-08-28T02:34:49.508785+00:00,ok,,fashion_mnist,classification,aptx_field_relu,APTx Neuron + Lambda-Psi + ReLU,aptx,1,after_field,0,1,1,0.5,0.5,0,2026,0.001,0.0001,0.0,100,79,69,10,0.0001,128,256,192,128,827728,827728,413.4245990898926,cuda,./results/lambda_psi_hidden_only/checkpoints/fashion_mnist/aptx_field_relu/fashion_mnist__aptx_field_relu__seed0__lr0p001__cfg961f650e1d0f.pt,0.34465642700195315,87.7,99.83999999999999,,,,,,,0.3472160541057587,87.36,99.77000000000001,,,,,,,0.7554927468299866,0.6240907311439514,0.7426069378852844,0.6426985263824463,0.7273489832878113,0.564963161945343,,
fashion_mnist__aptx_field_relu__seed1__lr0p001__cfg961f650e1d0f,961f650e1d0f,96b354dd2d4cd04c,2.12.1+cu130,0.27.1+cu130,1.9.0,2.5.2,0,4,2026-08-28T02:41:13.492824+00:00,ok,,fashion_mnist,classification,aptx_field_relu,APTx Neuron + Lambda-Psi + ReLU,aptx,1,after_field,0,1,1,0.5,0.5,1,2026,0.001,0.0001,0.0,100,73,63,10,0.0001,128,256,192,128,827728,827728,382.45435698213987,cuda,./results/lambda_psi_hidden_only/checkpoints/fashion_mnist/aptx_field_relu/fashion_mnist__aptx_field_relu__seed1__lr0p001__cfg961f650e1d0f.pt,0.33687522354125976,88.22,99.8,,,,,,,0.34483532350063323,87.18,99.79,,,,,,,0.7584303021430969,0.6350660920143127,0.7304182052612305,0.6485996842384338,0.7194007635116577,0.5833887457847595,,
fashion_mnist__aptx_field_relu__seed2__lr0p001__cfg961f650e1d0f,961f650e1d0f,96b354dd2d4cd04c,2.12.1+cu130,0.27.1+cu130,1.9.0,2.5.2,0,4,2026-08-28T02:49:20.249507+00:00,ok,,fashion_mnist,classification,aptx_field_relu,APTx Neuron + Lambda-Psi + ReLU,aptx,1,after_field,0,1,1,0.5,0.5,2,2026,0.001,0.0001,0.0,100,91,81,10,0.0001,128,256,192,128,827728,827728,485.3101510030683,cuda,./results/lambda_psi_hidden_only/checkpoints/fashion_mnist/aptx_field_relu/fashion_mnist__aptx_field_relu__seed2__lr0p001__cfg961f650e1d0f.pt,0.32679413719177247,88.88000000000001,99.76,,,,,,,0.345449573636055,87.6,99.72999999999999,,,,,,,0.732613205909729,0.6321702003479004,0.7245913147926331,0.621354341506958,0.7020532488822937,0.5765917897224426,,
fashion_mnist__aptx_field_relu__seed3__lr0p001__cfg961f650e1d0f,961f650e1d0f,96b354dd2d4cd04c,2.12.1+cu130,0.27.1+cu130,1.9.0,2.5.2,0,4,2026-08-28T02:56:16.042994+00:00,ok,,fashion_mnist,classification,aptx_field_relu,APTx Neuron + Lambda-Psi + ReLU,aptx,1,after_field,0,1,1,0.5,0.5,3,2026,0.001,0.0001,0.0,100,79,69,10,0.0001,128,256,192,128,827728,827728,414.3193204740528,cuda,./results/lambda_psi_hidden_only/checkpoints/fashion_mnist/aptx_field_relu/fashion_mnist__aptx_field_relu__seed3__lr0p001__cfg961f650e1d0f.pt,0.3495966932296753,87.76,99.74,,,,,,,0.35910260109901426,86.98,99.76,,,,,,,0.7437646389007568,0.6184475421905518,0.728670597076416,0.6553062200546265,0.733623206615448,0.5695673823356628,,
fashion_mnist__aptx_field_relu__seed4__lr0p001__cfg961f650e1d0f,961f650e1d0f,96b354dd2d4cd04c,2.12.1+cu130,0.27.1+cu130,1.9.0,2.5.2,0,4,2026-08-28T03:02:08.791447+00:00,ok,,fashion_mnist,classification,aptx_field_relu,APTx Neuron + Lambda-Psi + ReLU,aptx,1,after_field,0,1,1,0.5,0.5,4,2026,0.001,0.0001,0.0,100,65,55,10,0.0001,128,256,192,128,827728,827728,351.25613574613817,cuda,./results/lambda_psi_hidden_only/checkpoints/fashion_mnist/aptx_field_relu/fashion_mnist__aptx_field_relu__seed4__lr0p001__cfg961f650e1d0f.pt,0.3596728938579559,87.86,99.6,,,,,,,0.3786032733678818,86.91,99.56,,,,,,,0.6813603043556213,0.6304104924201965,0.685184895992279,0.6097010374069214,0.6868961453437805,0.558314859867096,,
fashion_mnist__aptx_field_relu__seed0__lr0p002__cfg961f650e1d0f,961f650e1d0f,96b354dd2d4cd04c,2.12.1+cu130,0.27.1+cu130,1.9.0,2.5.2,0,4,2026-08-28T03:07:33.439870+00:00,ok,,fashion_mnist,classification,aptx_field_relu,APTx Neuron + Lambda-Psi + ReLU,aptx,1,after_field,0,1,1,0.5,0.5,0,2026,0.002,0.0001,0.0,100,60,50,10,0.0001,128,256,192,128,827728,827728,323.1471584320534,cuda,./results/lambda_psi_hidden_only/checkpoints/fashion_mnist/aptx_field_relu/fashion_mnist__aptx_field_relu__seed0__lr0p002__cfg961f650e1d0f.pt,0.32753659133911134,88.6,99.8,,,,,,,0.3373209257602692,87.42999999999999,99.78,,,,,,,0.8026561737060547,0.607742428779602,0.789747953414917,0.6407496929168701,0.7636276483535767,0.5605651140213013,,
fashion_mnist__aptx_field_relu__seed1__lr0p002__cfg961f650e1d0f,961f650e1d0f,96b354dd2d4cd04c,2.12.1+cu130,0.27.1+cu130,1.9.0,2.5.2,0,4,2026-08-28T03:15:10.173980+00:00,ok,,fashion_mnist,classification,aptx_field_relu,APTx Neuron + Lambda-Psi + ReLU,aptx,1,after_field,0,1,1,0.5,0.5,1,2026,0.002,0.0001,0.0,100,85,75,10,0.0001,128,256,192,128,827728,827728,455.2351081590168,cuda,./results/lambda_psi_hidden_only/checkpoints/fashion_mnist/aptx_field_relu/fashion_mnist__aptx_field_relu__seed1__lr0p002__cfg961f650e1d0f.pt,0.31515564861297607,89.2,99.8,,,,,,,0.3197976033687592,88.48,99.83999999999999,,,,,,,0.8124995231628418,0.6002870202064514,0.7726444602012634,0.6419460773468018,0.7438231110572815,0.5681494474411011,,
fashion_mnist__aptx_field_relu__seed2__lr0p002__cfg961f650e1d0f,961f650e1d0f,96b354dd2d4cd04c,2.12.1+cu130,0.27.1+cu130,1.9.0,2.5.2,0,4,2026-08-28T03:21:12.359271+00:00,ok,,fashion_mnist,classification,aptx_field_relu,APTx Neuron + Lambda-Psi + ReLU,aptx,1,after_field,0,1,1,0.5,0.5,2,2026,0.002,0.0001,0.0,100,68,58,10,0.0001,128,256,192,128,827728,827728,360.64972876687534,cuda,./results/lambda_psi_hidden_only/checkpoints/fashion_mnist/aptx_field_relu/fashion_mnist__aptx_field_relu__seed2__lr0p002__cfg961f650e1d0f.pt,0.3160369257926941,88.86,99.94,,,,,,,0.32373629734516146,88.39,99.85000000000001,,,,,,,0.8075143694877625,0.6257490515708923,0.7819269895553589,0.6311492919921875,0.7599754929542542,0.5590939521789551,,
fashion_mnist__aptx_field_relu__seed3__lr0p002__cfg961f650e1d0f,961f650e1d0f,96b354dd2d4cd04c,2.12.1+cu130,0.27.1+cu130,1.9.0,2.5.2,0,4,2026-08-28T03:26:25.170067+00:00,ok,,fashion_mnist,classification,aptx_field_relu,APTx Neuron + Lambda-Psi + ReLU,aptx,1,after_field,0,1,1,0.5,0.5,3,2026,0.002,0.0001,0.0,100,58,48,10,0.0001,128,256,192,128,827728,827728,311.3419606240932,cuda,./results/lambda_psi_hidden_only/checkpoints/fashion_mnist/aptx_field_relu/fashion_mnist__aptx_field_relu__seed3__lr0p002__cfg961f650e1d0f.pt,0.33627826790809634,88.5,99.78,,,,,,,0.3455751920700073,87.5,99.76,,,,,,,0.8182052373886108,0.6090534925460815,0.7952783703804016,0.66794353723526,0.7729735970497131,0.5712997317314148,,
fashion_mnist__aptx_field_relu__seed4__lr0p002__cfg961f650e1d0f,961f650e1d0f,96b354dd2d4cd04c,2.12.1+cu130,0.27.1+cu130,1.9.0,2.5.2,0,4,2026-08-28T03:34:34.095078+00:00,ok,,fashion_mnist,classification,aptx_field_relu,APTx Neuron + Lambda-Psi + ReLU,aptx,1,after_field,0,1,1,0.5,0.5,4,2026,0.002,0.0001,0.0,100,91,81,10,0.0001,128,256,192,128,827728,827728,487.46049193898216,cuda,./results/lambda_psi_hidden_only/checkpoints/fashion_mnist/aptx_field_relu/fashion_mnist__aptx_field_relu__seed4__lr0p002__cfg961f650e1d0f.pt,0.31301198892593385,89.44,99.76,,,,,,,0.3237810966968536,88.57000000000001,99.79,,,,,,,0.7834106683731079,0.6257957220077515,0.7583250403404236,0.6157678961753845,0.7380837798118591,0.5538245439529419,,
fashion_mnist__aptx_field_relu__seed0__lr0p003__cfg961f650e1d0f,961f650e1d0f,96b354dd2d4cd04c,2.12.1+cu130,0.27.1+cu130,1.9.0,2.5.2,0,4,2026-08-28T03:41:24.488965+00:00,ok,,fashion_mnist,classification,aptx_field_relu,APTx Neuron + Lambda-Psi + ReLU,aptx,1,after_field,0,1,1,0.5,0.5,0,2026,0.003,0.0001,0.0,100,78,68,10,0.0001,128,256,192,128,827728,827728,408.8178317840211,cuda,./results/lambda_psi_hidden_only/checkpoints/fashion_mnist/aptx_field_relu/fashion_mnist__aptx_field_relu__seed0__lr0p003__cfg961f650e1d0f.pt,0.31566665353775025,89.36,99.78,,,,,,,0.32826090014576914,88.42999999999999,99.78,,,,,,,0.8642263412475586,0.5774144530296326,0.8379328846931458,0.6341559290885925,0.7750231623649597,0.5125346779823303,,
fashion_mnist__aptx_field_relu__seed1__lr0p003__cfg961f650e1d0f,961f650e1d0f,96b354dd2d4cd04c,2.12.1+cu130,0.27.1+cu130,1.9.0,2.5.2,0,4,2026-08-28T03:48:07.092581+00:00,ok,,fashion_mnist,classification,aptx_field_relu,APTx Neuron + Lambda-Psi + ReLU,aptx,1,after_field,0,1,1,0.5,0.5,1,2026,0.003,0.0001,0.0,100,73,63,10,0.0001,128,256,192,128,827728,827728,400.6319564410951,cuda,./results/lambda_psi_hidden_only/checkpoints/fashion_mnist/aptx_field_relu/fashion_mnist__aptx_field_relu__seed1__lr0p003__cfg961f650e1d0f.pt,0.318938587474823,89.1,99.86,,,,,,,0.3185442189693451,88.44999999999999,99.83,,,,,,,0.8663896322250366,0.574579119682312,0.8195639252662659,0.6377496123313904,0.8011304140090942,0.5568892955780029,,
fashion_mnist__aptx_field_relu__seed2__lr0p003__cfg961f650e1d0f,961f650e1d0f,96b354dd2d4cd04c,2.12.1+cu130,0.27.1+cu130,1.9.0,2.5.2,0,4,2026-08-28T03:55:01.154960+00:00,ok,,fashion_mnist,classification,aptx_field_relu,APTx Neuron + Lambda-Psi + ReLU,aptx,1,after_field,0,1,1,0.5,0.5,2,2026,0.003,0.0001,0.0,100,78,68,10,0.0001,128,256,192,128,827728,827728,412.51914724404924,cuda,./results/lambda_psi_hidden_only/checkpoints/fashion_mnist/aptx_field_relu/fashion_mnist__aptx_field_relu__seed2__lr0p003__cfg961f650e1d0f.pt,0.3047072033405304,89.4,99.82,,,,,,,0.32103624851703644,88.69,99.79,,,,,,,0.8499879837036133,0.5782490372657776,0.7987498044967651,0.6293790340423584,0.7676569223403931,0.5560463070869446,,
fashion_mnist__aptx_field_relu__seed3__lr0p003__cfg961f650e1d0f,961f650e1d0f,96b354dd2d4cd04c,2.12.1+cu130,0.27.1+cu130,1.9.0,2.5.2,0,4,2026-08-28T04:03:00.366867+00:00,ok,,fashion_mnist,classification,aptx_field_relu,APTx Neuron + Lambda-Psi + ReLU,aptx,1,after_field,0,1,1,0.5,0.5,3,2026,0.003,0.0001,0.0,100,90,80,10,0.0001,128,256,192,128,827728,827728,477.74545524502173,cuda,./results/lambda_psi_hidden_only/checkpoints/fashion_mnist/aptx_field_relu/fashion_mnist__aptx_field_relu__seed3__lr0p003__cfg961f650e1d0f.pt,0.3183656615257263,89.08,99.76,,,,,,,0.3206237821817398,88.42999999999999,99.75,,,,,,,0.8582733273506165,0.5868555307388306,0.8238535523414612,0.6378961205482483,0.7940876483917236,0.5422412753105164,,
fashion_mnist__aptx_field_relu__seed4__lr0p003__cfg961f650e1d0f,961f650e1d0f,96b354dd2d4cd04c,2.12.1+cu130,0.27.1+cu130,1.9.0,2.5.2,0,4,2026-08-28T04:11:54.840456+00:00,ok,,fashion_mnist,classification,aptx_field_relu,APTx Neuron + Lambda-Psi + ReLU,aptx,1,after_field,0,1,1,0.5,0.5,4,2026,0.003,0.0001,0.0,100,100,98,10,0.0001,128,256,192,128,827728,827728,532.983013611054,cuda,./results/lambda_psi_hidden_only/checkpoints/fashion_mnist/aptx_field_relu/fashion_mnist__aptx_field_relu__seed4__lr0p003__cfg961f650e1d0f.pt,0.2981027718067169,89.75999999999999,99.9,,,,,,,0.3077569517314434,89.27000000000001,99.8,,,,,,,0.8629372715950012,0.5868226885795593,0.817741870880127,0.602445662021637,0.772854208946228,0.5296784043312073,,
fashion_mnist__aptx_relu_field__seed0__lr0p0003__cfg5232102548cf,5232102548cf,96b354dd2d4cd04c,2.12.1+cu130,0.27.1+cu130,1.9.0,2.5.2,0,4,2026-08-28T04:19:32.608232+00:00,ok,,fashion_mnist,classification,aptx_relu_field,APTx Neuron + ReLU + Lambda-Psi,aptx,1,before_field,0,1,1,0.5,0.5,0,2026,0.0003,0.0001,0.0,100,86,76,10,0.0001,128,256,192,128,827728,827728,456.24546719598584,cuda,./results/lambda_psi_hidden_only/checkpoints/fashion_mnist/aptx_relu_field/fashion_mnist__aptx_relu_field__seed0__lr0p0003__cfg5232102548cf.pt,0.38861633110046384,86.14,99.76,,,,,,,0.40977890022993085,85.2,99.71,,,,,,,0.7640985250473022,0.7186791896820068,0.7895327806472778,0.7057122588157654,0.8092078566551208,0.6600447297096252,,
fashion_mnist__aptx_relu_field__seed1__lr0p0003__cfg5232102548cf,5232102548cf,96b354dd2d4cd04c,2.12.1+cu130,0.27.1+cu130,1.9.0,2.5.2,0,4,2026-08-28T04:27:28.888468+00:00,ok,,fashion_mnist,classification,aptx_relu_field,APTx Neuron + ReLU + Lambda-Psi,aptx,1,before_field,0,1,1,0.5,0.5,1,2026,0.0003,0.0001,0.0,100,89,79,10,0.0001,128,256,192,128,827728,827728,474.76377690490335,cuda,./results/lambda_psi_hidden_only/checkpoints/fashion_mnist/aptx_relu_field/fashion_mnist__aptx_relu_field__seed1__lr0p0003__cfg5232102548cf.pt,0.39092131509780886,86.18,99.66000000000001,,,,,,,0.41497055950164796,84.78,99.76,,,,,,,0.7889649868011475,0.7448909282684326,0.8005699515342712,0.6638233065605164,0.8159334063529968,0.6492400169372559,,
fashion_mnist__aptx_relu_field__seed2__lr0p0003__cfg5232102548cf,5232102548cf,96b354dd2d4cd04c,2.12.1+cu130,0.27.1+cu130,1.9.0,2.5.2,0,4,2026-08-28T04:33:04.073410+00:00,ok,,fashion_mnist,classification,aptx_relu_field,APTx Neuron + ReLU + Lambda-Psi,aptx,1,before_field,0,1,1,0.5,0.5,2,2026,0.0003,0.0001,0.0,100,63,53,10,0.0001,128,256,192,128,827728,827728,333.62419317499734,cuda,./results/lambda_psi_hidden_only/checkpoints/fashion_mnist/aptx_relu_field/fashion_mnist__aptx_relu_field__seed2__lr0p0003__cfg5232102548cf.pt,0.41189944686889646,85.3,99.78,,,,,,,0.43624854707717897,84.16,99.63,,,,,,,0.7536678910255432,0.7217811942100525,0.763238251209259,0.68832927942276,0.7818801403045654,0.6525304913520813,,
fashion_mnist__aptx_relu_field__seed3__lr0p0003__cfg5232102548cf,5232102548cf,96b354dd2d4cd04c,2.12.1+cu130,0.27.1+cu130,1.9.0,2.5.2,0,4,2026-08-28T04:39:43.750867+00:00,ok,,fashion_mnist,classification,aptx_relu_field,APTx Neuron + ReLU + Lambda-Psi,aptx,1,before_field,0,1,1,0.5,0.5,3,2026,0.0003,0.0001,0.0,100,75,65,10,0.0001,128,256,192,128,827728,827728,398.1738227698952,cuda,./results/lambda_psi_hidden_only/checkpoints/fashion_mnist/aptx_relu_field/fashion_mnist__aptx_relu_field__seed3__lr0p0003__cfg5232102548cf.pt,0.3893072075843811,86.42,99.68,,,,,,,0.40918501896858217,85.22,99.74,,,,,,,0.7510978579521179,0.7070155143737793,0.778822660446167,0.7031369209289551,0.81354159116745,0.7001239657402039,,
fashion_mnist__aptx_relu_field__seed4__lr0p0003__cfg5232102548cf,5232102548cf,96b354dd2d4cd04c,2.12.1+cu130,0.27.1+cu130,1.9.0,2.5.2,0,4,2026-08-28T04:47:54.863041+00:00,ok,,fashion_mnist,classification,aptx_relu_field,APTx Neuron + ReLU + Lambda-Psi,aptx,1,before_field,0,1,1,0.5,0.5,4,2026,0.0003,0.0001,0.0,100,93,83,10,0.0001,128,256,192,128,827728,827728,489.6070535639301,cuda,./results/lambda_psi_hidden_only/checkpoints/fashion_mnist/aptx_relu_field/fashion_mnist__aptx_relu_field__seed4__lr0p0003__cfg5232102548cf.pt,0.3762376392364502,86.36,99.72,,,,,,,0.40195293848514557,85.49,99.68,,,,,,,0.7571931481361389,0.7168722152709961,0.7907558083534241,0.7191742658615112,0.8059650659561157,0.6849891543388367,,
fashion_mnist__aptx_relu_field__seed0__lr0p0005__cfg5232102548cf,5232102548cf,96b354dd2d4cd04c,2.12.1+cu130,0.27.1+cu130,1.9.0,2.5.2,0,4,2026-08-28T04:53:33.951737+00:00,ok,,fashion_mnist,classification,aptx_relu_field,APTx Neuron + ReLU + Lambda-Psi,aptx,1,before_field,0,1,1,0.5,0.5,0,2026,0.0005,0.0001,0.0,100,64,54,10,0.0001,128,256,192,128,827728,827728,337.6000882079825,cuda,./results/lambda_psi_hidden_only/checkpoints/fashion_mnist/aptx_relu_field/fashion_mnist__aptx_relu_field__seed0__lr0p0005__cfg5232102548cf.pt,0.373980052280426,86.83999999999999,99.68,,,,,,,0.3927466997861862,85.82,99.74,,,,,,,0.7713799476623535,0.697089433670044,0.802754819393158,0.701412558555603,0.8246865272521973,0.6724405884742737,,
fashion_mnist__aptx_relu_field__seed1__lr0p0005__cfg5232102548cf,5232102548cf,96b354dd2d4cd04c,2.12.1+cu130,0.27.1+cu130,1.9.0,2.5.2,0,4,2026-08-28T04:58:49.841803+00:00,ok,,fashion_mnist,classification,aptx_relu_field,APTx Neuron + ReLU + Lambda-Psi,aptx,1,before_field,0,1,1,0.5,0.5,1,2026,0.0005,0.0001,0.0,100,59,49,10,0.0001,128,256,192,128,827728,827728,314.38464953401126,cuda,./results/lambda_psi_hidden_only/checkpoints/fashion_mnist/aptx_relu_field/fashion_mnist__aptx_relu_field__seed1__lr0p0005__cfg5232102548cf.pt,0.37968448777198793,86.52,99.74,,,,,,,0.39355683116912843,85.47,99.75,,,,,,,0.7891812324523926,0.7129183411598206,0.8135488033294678,0.6676692962646484,0.8411202430725098,0.6647002696990967,,
fashion_mnist__aptx_relu_field__seed2__lr0p0005__cfg5232102548cf,5232102548cf,96b354dd2d4cd04c,2.12.1+cu130,0.27.1+cu130,1.9.0,2.5.2,0,4,2026-08-28T05:06:03.217699+00:00,ok,,fashion_mnist,classification,aptx_relu_field,APTx Neuron + ReLU + Lambda-Psi,aptx,1,before_field,0,1,1,0.5,0.5,2,2026,0.0005,0.0001,0.0,100,81,71,10,0.0001,128,256,192,128,827728,827728,431.87695270590484,cuda,./results/lambda_psi_hidden_only/checkpoints/fashion_mnist/aptx_relu_field/fashion_mnist__aptx_relu_field__seed2__lr0p0005__cfg5232102548cf.pt,0.3556385396957397,87.42,99.78,,,,,,,0.38055708680152894,86.59,99.76,,,,,,,0.7536627054214478,0.6889716982841492,0.7753798961639404,0.6868959069252014,0.8082812428474426,0.6566316485404968,,
fashion_mnist__aptx_relu_field__seed3__lr0p0005__cfg5232102548cf,5232102548cf,96b354dd2d4cd04c,2.12.1+cu130,0.27.1+cu130,1.9.0,2.5.2,0,4,2026-08-28T05:12:52.796936+00:00,ok,,fashion_mnist,classification,aptx_relu_field,APTx Neuron + ReLU + Lambda-Psi,aptx,1,before_field,0,1,1,0.5,0.5,3,2026,0.0005,0.0001,0.0,100,76,66,10,0.0001,128,256,192,128,827728,827728,408.05921790306456,cuda,./results/lambda_psi_hidden_only/checkpoints/fashion_mnist/aptx_relu_field/fashion_mnist__aptx_relu_field__seed3__lr0p0005__cfg5232102548cf.pt,0.3613774088382721,87.14,99.76,,,,,,,0.37477066655158997,86.18,99.75,,,,,,,0.7607167363166809,0.672563374042511,0.7962327003479004,0.6859807968139648,0.8351472616195679,0.7067044973373413,,
fashion_mnist__aptx_relu_field__seed4__lr0p0005__cfg5232102548cf,5232102548cf,96b354dd2d4cd04c,2.12.1+cu130,0.27.1+cu130,1.9.0,2.5.2,0,4,2026-08-28T05:18:15.155515+00:00,ok,,fashion_mnist,classification,aptx_relu_field,APTx Neuron + ReLU + Lambda-Psi,aptx,1,before_field,0,1,1,0.5,0.5,4,2026,0.0005,0.0001,0.0,100,60,50,10,0.0001,128,256,192,128,827728,827728,320.8791785710491,cuda,./results/lambda_psi_hidden_only/checkpoints/fashion_mnist/aptx_relu_field/fashion_mnist__aptx_relu_field__seed4__lr0p0005__cfg5232102548cf.pt,0.3643916010856628,87.1,99.74,,,,,,,0.38553960633277895,85.98,99.65,,,,,,,0.7630001306533813,0.6924809813499451,0.792539656162262,0.6981722712516785,0.8233131766319275,0.6826578974723816,,
fashion_mnist__aptx_relu_field__seed0__lr0p001__cfg5232102548cf,5232102548cf,96b354dd2d4cd04c,2.12.1+cu130,0.27.1+cu130,1.9.0,2.5.2,0,4,2026-08-28T05:22:47.897359+00:00,ok,,fashion_mnist,classification,aptx_relu_field,APTx Neuron + ReLU + Lambda-Psi,aptx,1,before_field,0,1,1,0.5,0.5,0,2026,0.001,0.0001,0.0,100,51,41,10,0.0001,128,256,192,128,827728,827728,271.19072478008457,cuda,./results/lambda_psi_hidden_only/checkpoints/fashion_mnist/aptx_relu_field/fashion_mnist__aptx_relu_field__seed0__lr0p001__cfg5232102548cf.pt,0.3512944214344025,87.53999999999999,99.76,,,,,,,0.37088949139118194,86.22999999999999,99.78,,,,,,,0.7915241122245789,0.6419770121574402,0.8170256018638611,0.6681769490242004,0.8464826941490173,0.6935543417930603,,
fashion_mnist__aptx_relu_field__seed1__lr0p001__cfg5232102548cf,5232102548cf,96b354dd2d4cd04c,2.12.1+cu130,0.27.1+cu130,1.9.0,2.5.2,0,4,2026-08-28T05:30:31.012839+00:00,ok,,fashion_mnist,classification,aptx_relu_field,APTx Neuron + ReLU + Lambda-Psi,aptx,1,before_field,0,1,1,0.5,0.5,1,2026,0.001,0.0001,0.0,100,85,75,10,0.0001,128,256,192,128,827728,827728,461.6325738350861,cuda,./results/lambda_psi_hidden_only/checkpoints/fashion_mnist/aptx_relu_field/fashion_mnist__aptx_relu_field__seed1__lr0p001__cfg5232102548cf.pt,0.3306613275527954,88.52,99.8,,,,,,,0.34042441482543945,87.71,99.82,,,,,,,0.7993398308753967,0.6209700703620911,0.844129204750061,0.6377236247062683,0.8835339546203613,0.6612895131111145,,
fashion_mnist__aptx_relu_field__seed2__lr0p001__cfg5232102548cf,5232102548cf,96b354dd2d4cd04c,2.12.1+cu130,0.27.1+cu130,1.9.0,2.5.2,0,4,2026-08-28T05:34:51.937624+00:00,ok,,fashion_mnist,classification,aptx_relu_field,APTx Neuron + ReLU + Lambda-Psi,aptx,1,before_field,0,1,1,0.5,0.5,2,2026,0.001,0.0001,0.0,100,47,37,10,0.0001,128,256,192,128,827728,827728,259.26336162304506,cuda,./results/lambda_psi_hidden_only/checkpoints/fashion_mnist/aptx_relu_field/fashion_mnist__aptx_relu_field__seed2__lr0p001__cfg5232102548cf.pt,0.354869264125824,87.3,99.76,,,,,,,0.3633365744829178,86.9,99.78,,,,,,,0.773283839225769,0.6513231992721558,0.7950316667556763,0.659856379032135,0.8389384150505066,0.6741829514503479,,
fashion_mnist__aptx_relu_field__seed3__lr0p001__cfg5232102548cf,5232102548cf,96b354dd2d4cd04c,2.12.1+cu130,0.27.1+cu130,1.9.0,2.5.2,0,4,2026-08-28T05:43:52.169414+00:00,ok,,fashion_mnist,classification,aptx_relu_field,APTx Neuron + ReLU + Lambda-Psi,aptx,1,before_field,0,1,1,0.5,0.5,3,2026,0.001,0.0001,0.0,100,86,76,10,0.0001,128,256,192,128,827728,827728,538.2551375229377,cuda,./results/lambda_psi_hidden_only/checkpoints/fashion_mnist/aptx_relu_field/fashion_mnist__aptx_relu_field__seed3__lr0p001__cfg5232102548cf.pt,0.33088194036483765,88.42,99.78,,,,,,,0.3413904876708984,87.72,99.76,,,,,,,0.7837207317352295,0.5973106622695923,0.8180903196334839,0.6438806056976318,0.859516978263855,0.6907206773757935,,
fashion_mnist__aptx_relu_field__seed4__lr0p001__cfg5232102548cf,5232102548cf,96b354dd2d4cd04c,2.12.1+cu130,0.27.1+cu130,1.9.0,2.5.2,0,4,2026-08-28T05:53:33.833112+00:00,ok,,fashion_mnist,classification,aptx_relu_field,APTx Neuron + ReLU + Lambda-Psi,aptx,1,before_field,0,1,1,0.5,0.5,4,2026,0.001,0.0001,0.0,100,69,59,10,0.0001,128,256,192,128,827728,827728,579.6764421721455,cuda,./results/lambda_psi_hidden_only/checkpoints/fashion_mnist/aptx_relu_field/fashion_mnist__aptx_relu_field__seed4__lr0p001__cfg5232102548cf.pt,0.34314568347930907,88.16000000000001,99.82,,,,,,,0.3407359725952148,87.46000000000001,99.78,,,,,,,0.7786190509796143,0.5986524820327759,0.818915069103241,0.6507507562637329,0.8586065173149109,0.6902318000793457,,
fashion_mnist__aptx_relu_field__seed0__lr0p002__cfg5232102548cf,5232102548cf,96b354dd2d4cd04c,2.12.1+cu130,0.27.1+cu130,1.9.0,2.5.2,0,4,2026-08-28T06:05:04.214400+00:00,ok,,fashion_mnist,classification,aptx_relu_field,APTx Neuron + ReLU + Lambda-Psi,aptx,1,before_field,0,1,1,0.5,0.5,0,2026,0.002,0.0001,0.0,100,81,71,10,0.0001,128,256,192,128,827728,827728,688.5436875920277,cuda,./results/lambda_psi_hidden_only/checkpoints/fashion_mnist/aptx_relu_field/fashion_mnist__aptx_relu_field__seed0__lr0p002__cfg5232102548cf.pt,0.31784956970214845,88.75999999999999,99.88,,,,,,,0.3249228528499603,87.86,99.76,,,,,,,0.8160793781280518,0.4878251552581787,0.8589566946029663,0.5742784142494202,0.8953506350517273,0.7130158543586731,,
fashion_mnist__aptx_relu_field__seed1__lr0p002__cfg5232102548cf,5232102548cf,96b354dd2d4cd04c,2.12.1+cu130,0.27.1+cu130,1.9.0,2.5.2,0,4,2026-08-28T06:15:16.370507+00:00,ok,,fashion_mnist,classification,aptx_relu_field,APTx Neuron + ReLU + Lambda-Psi,aptx,1,before_field,0,1,1,0.5,0.5,1,2026,0.002,0.0001,0.0,100,72,62,10,0.0001,128,256,192,128,827728,827728,610.2084380430169,cuda,./results/lambda_psi_hidden_only/checkpoints/fashion_mnist/aptx_relu_field/fashion_mnist__aptx_relu_field__seed1__lr0p002__cfg5232102548cf.pt,0.3144304274559021,88.88000000000001,99.9,,,,,,,0.3158637073993683,88.75999999999999,99.82,,,,,,,0.8181535005569458,0.47919195890426636,0.8556832671165466,0.5694853663444519,0.9292122721672058,0.6920801401138306,,
fashion_mnist__aptx_relu_field__seed2__lr0p002__cfg5232102548cf,5232102548cf,96b354dd2d4cd04c,2.12.1+cu130,0.27.1+cu130,1.9.0,2.5.2,0,4,2026-08-28T06:25:32.841151+00:00,ok,,fashion_mnist,classification,aptx_relu_field,APTx Neuron + ReLU + Lambda-Psi,aptx,1,before_field,0,1,1,0.5,0.5,2,2026,0.002,0.0001,0.0,100,88,78,10,0.0001,128,256,192,128,827728,827728,614.9729951519985,cuda,./results/lambda_psi_hidden_only/checkpoints/fashion_mnist/aptx_relu_field/fashion_mnist__aptx_relu_field__seed2__lr0p002__cfg5232102548cf.pt,0.30270125150680544,89.08,99.8,,,,,,,0.3127437459945679,88.79,99.83999999999999,,,,,,,0.8145089149475098,0.48009029030799866,0.8373947739601135,0.5936846137046814,0.8839787244796753,0.6774503588676453,,
fashion_mnist__aptx_relu_field__seed3__lr0p002__cfg5232102548cf,5232102548cf,96b354dd2d4cd04c,2.12.1+cu130,0.27.1+cu130,1.9.0,2.5.2,0,4,2026-08-28T06:32:08.742023+00:00,ok,,fashion_mnist,classification,aptx_relu_field,APTx Neuron + ReLU + Lambda-Psi,aptx,1,before_field,0,1,1,0.5,0.5,3,2026,0.002,0.0001,0.0,100,74,64,10,0.0001,128,256,192,128,827728,827728,394.3859147801995,cuda,./results/lambda_psi_hidden_only/checkpoints/fashion_mnist/aptx_relu_field/fashion_mnist__aptx_relu_field__seed3__lr0p002__cfg5232102548cf.pt,0.3144156232357025,89.02,99.83999999999999,,,,,,,0.3137929636955261,88.57000000000001,99.79,,,,,,,0.8126783967018127,0.4297383725643158,0.8538228273391724,0.576167643070221,0.8921346068382263,0.6711790561676025,,
fashion_mnist__aptx_relu_field__seed4__lr0p002__cfg5232102548cf,5232102548cf,96b354dd2d4cd04c,2.12.1+cu130,0.27.1+cu130,1.9.0,2.5.2,0,4,2026-08-28T06:38:31.015934+00:00,ok,,fashion_mnist,classification,aptx_relu_field,APTx Neuron + ReLU + Lambda-Psi,aptx,1,before_field,0,1,1,0.5,0.5,4,2026,0.002,0.0001,0.0,100,71,61,10,0.0001,128,256,192,128,827728,827728,380.69370628288016,cuda,./results/lambda_psi_hidden_only/checkpoints/fashion_mnist/aptx_relu_field/fashion_mnist__aptx_relu_field__seed4__lr0p002__cfg5232102548cf.pt,0.3052807335853577,89.0,99.86,,,,,,,0.31612522342205046,88.48,99.83,,,,,,,0.8194264769554138,0.45139771699905396,0.8539665937423706,0.5590243935585022,0.9094113111495972,0.6943491697311401,,
fashion_mnist__aptx_relu_field__seed0__lr0p003__cfg5232102548cf,5232102548cf,96b354dd2d4cd04c,2.12.1+cu130,0.27.1+cu130,1.9.0,2.5.2,0,4,2026-08-28T06:46:40.070508+00:00,ok,,fashion_mnist,classification,aptx_relu_field,APTx Neuron + ReLU + Lambda-Psi,aptx,1,before_field,0,1,1,0.5,0.5,0,2026,0.003,0.0001,0.0,100,89,79,10,0.0001,128,256,192,128,827728,827728,487.4769966478925,cuda,./results/lambda_psi_hidden_only/checkpoints/fashion_mnist/aptx_relu_field/fashion_mnist__aptx_relu_field__seed0__lr0p003__cfg5232102548cf.pt,0.30352200927734374,89.48,99.82,,,,,,,0.3153306415557861,88.8,99.83,,,,,,,0.8138514757156372,0.3536595404148102,0.8763793110847473,0.5068260431289673,0.9229071736335754,0.7139577269554138,,
fashion_mnist__aptx_relu_field__seed1__lr0p003__cfg5232102548cf,5232102548cf,96b354dd2d4cd04c,2.12.1+cu130,0.27.1+cu130,1.9.0,2.5.2,0,4,2026-08-28T06:55:48.958483+00:00,ok,,fashion_mnist,classification,aptx_relu_field,APTx Neuron + ReLU + Lambda-Psi,aptx,1,before_field,0,1,1,0.5,0.5,1,2026,0.003,0.0001,0.0,100,100,90,10,0.0001,128,256,192,128,827728,827728,547.3256026899908,cuda,./results/lambda_psi_hidden_only/checkpoints/fashion_mnist/aptx_relu_field/fashion_mnist__aptx_relu_field__seed1__lr0p003__cfg5232102548cf.pt,0.3004234745979309,89.68,99.86,,,,,,,0.3106752102136612,88.75999999999999,99.82,,,,,,,0.8237891793251038,0.3500005900859833,0.8767036199569702,0.4856601655483246,0.9468308687210083,0.7162237763404846,,
fashion_mnist__aptx_relu_field__seed2__lr0p003__cfg5232102548cf,5232102548cf,96b354dd2d4cd04c,2.12.1+cu130,0.27.1+cu130,1.9.0,2.5.2,0,4,2026-08-28T07:00:04.166605+00:00,ok,,fashion_mnist,classification,aptx_relu_field,APTx Neuron + ReLU + Lambda-Psi,aptx,1,before_field,0,1,1,0.5,0.5,2,2026,0.003,0.0001,0.0,100,47,37,10,0.0001,128,256,192,128,827728,827728,253.57944196206518,cuda,./results/lambda_psi_hidden_only/checkpoints/fashion_mnist/aptx_relu_field/fashion_mnist__aptx_relu_field__seed2__lr0p003__cfg5232102548cf.pt,0.33402429780960086,88.24,99.86,,,,,,,0.34097634246349334,87.57000000000001,99.79,,,,,,,0.8248391151428223,0.4078325033187866,0.8689603805541992,0.5615366697311401,0.9213669896125793,0.7021865844726562,,
fashion_mnist__aptx_relu_field__seed3__lr0p003__cfg5232102548cf,5232102548cf,96b354dd2d4cd04c,2.12.1+cu130,0.27.1+cu130,1.9.0,2.5.2,0,4,2026-08-28T07:02:38.392976+00:00,ok,,fashion_mnist,classification,aptx_relu_field,APTx Neuron + ReLU + Lambda-Psi,aptx,1,before_field,0,1,1,0.5,0.5,3,2026,0.003,0.0001,0.0,100,28,18,10,0.0001,128,256,192,128,827728,827728,152.65749634592794,cuda,./results/lambda_psi_hidden_only/checkpoints/fashion_mnist/aptx_relu_field/fashion_mnist__aptx_relu_field__seed3__lr0p003__cfg5232102548cf.pt,0.3460928383827209,87.36,99.82,,,,,,,0.37232988233566283,86.47,99.76,,,,,,,0.8048624992370605,0.5214393734931946,0.8455699682235718,0.6116172075271606,0.8846103549003601,0.6993352770805359,,
fashion_mnist__aptx_relu_field__seed4__lr0p003__cfg5232102548cf,5232102548cf,96b354dd2d4cd04c,2.12.1+cu130,0.27.1+cu130,1.9.0,2.5.2,0,4,2026-08-28T07:08:16.396136+00:00,ok,,fashion_mnist,classification,aptx_relu_field,APTx Neuron + ReLU + Lambda-Psi,aptx,1,before_field,0,1,1,0.5,0.5,4,2026,0.003,0.0001,0.0,100,63,53,10,0.0001,128,256,192,128,827728,827728,336.4606718120631,cuda,./results/lambda_psi_hidden_only/checkpoints/fashion_mnist/aptx_relu_field/fashion_mnist__aptx_relu_field__seed4__lr0p003__cfg5232102548cf.pt,0.31447602252960205,89.12,99.8,,,,,,,0.32176427836418153,88.36,99.82,,,,,,,0.826594889163971,0.30299198627471924,0.8945418000221252,0.4752010405063629,0.940157413482666,0.7158668637275696,,
cifar10__traditional_field__seed0__lr0p0003__cfg355a35575255,355a35575255,96b354dd2d4cd04c,2.12.1+cu130,0.27.1+cu130,1.9.0,2.5.2,0,4,2026-08-28T07:20:31.625726+00:00,ok,,cifar10,classification,traditional_field,Traditional neuron + Lambda-Psi,traditional,1,none,0,1,1,0.5,0.5,0,2026,0.0003,0.0002,0.05,100,100,89,15,0.0001,64,384,256,192,1329872,1329872,731.5367695628665,cuda,./results/lambda_psi_hidden_only/checkpoints/cifar10/traditional_field/cifar10__traditional_field__seed0__lr0p0003__cfg355a35575255.pt,1.5398613344192504,49.62,91.14,,,,,,,1.5402244831085206,49.08,90.93,,,,,,,0.8152633905410767,0.39668527245521545,0.9526807069778442,0.24166510999202728,0.5765654444694519,0.20942647755146027,,
cifar10__traditional_field__seed1__lr0p0003__cfg355a35575255,355a35575255,96b354dd2d4cd04c,2.12.1+cu130,0.27.1+cu130,1.9.0,2.5.2,0,4,2026-08-28T07:33:07.703500+00:00,ok,,cifar10,classification,traditional_field,Traditional neuron + Lambda-Psi,traditional,1,none,0,1,1,0.5,0.5,1,2026,0.0003,0.0002,0.05,100,100,91,15,0.0001,64,384,256,192,1329872,1329872,752.5233477349393,cuda,./results/lambda_psi_hidden_only/checkpoints/cifar10/traditional_field/cifar10__traditional_field__seed1__lr0p0003__cfg355a35575255.pt,1.49802540473938,51.18000000000001,92.14,,,,,,,1.5009831047058106,50.11,92.27,,,,,,,0.8179976940155029,0.39053118228912354,0.9565165638923645,0.2195190042257309,0.5752753019332886,0.2068798691034317,,
cifar10__traditional_field__seed2__lr0p0003__cfg355a35575255,355a35575255,96b354dd2d4cd04c,2.12.1+cu130,0.27.1+cu130,1.9.0,2.5.2,0,4,2026-08-28T07:45:54.873249+00:00,ok,,cifar10,classification,traditional_field,Traditional neuron + Lambda-Psi,traditional,1,none,0,1,1,0.5,0.5,2,2026,0.0003,0.0002,0.05,100,100,90,15,0.0001,64,384,256,192,1329872,1329872,763.5361339091323,cuda,./results/lambda_psi_hidden_only/checkpoints/cifar10/traditional_field/cifar10__traditional_field__seed2__lr0p0003__cfg355a35575255.pt,1.5182933885574341,50.1,91.52,,,,,,,1.5201267333984374,49.65,91.52,,,,,,,0.8256155252456665,0.3729020059108734,0.950131893157959,0.25789231061935425,0.5867586731910706,0.20821455121040344,,
cifar10__traditional_field__seed3__lr0p0003__cfg355a35575255,355a35575255,96b354dd2d4cd04c,2.12.1+cu130,0.27.1+cu130,1.9.0,2.5.2,0,4,2026-08-28T07:58:53.195254+00:00,ok,,cifar10,classification,traditional_field,Traditional neuron + Lambda-Psi,traditional,1,none,0,1,1,0.5,0.5,3,2026,0.0003,0.0002,0.05,100,100,97,15,0.0001,64,384,256,192,1329872,1329872,772.1705939541571,cuda,./results/lambda_psi_hidden_only/checkpoints/cifar10/traditional_field/cifar10__traditional_field__seed3__lr0p0003__cfg355a35575255.pt,1.5341253688812255,49.54,91.52,,,,,,,1.5336395099639892,49.34,91.25,,,,,,,0.8062370419502258,0.40768662095069885,0.954537034034729,0.25557345151901245,0.5588580965995789,0.2108394354581833,,
cifar10__traditional_field__seed4__lr0p0003__cfg355a35575255,355a35575255,96b354dd2d4cd04c,2.12.1+cu130,0.27.1+cu130,1.9.0,2.5.2,0,4,2026-08-28T08:12:40.020920+00:00,ok,,cifar10,classification,traditional_field,Traditional neuron + Lambda-Psi,traditional,1,none,0,1,1,0.5,0.5,4,2026,0.0003,0.0002,0.05,100,100,98,15,0.0001,64,384,256,192,1329872,1329872,821.741465752013,cuda,./results/lambda_psi_hidden_only/checkpoints/cifar10/traditional_field/cifar10__traditional_field__seed4__lr0p0003__cfg355a35575255.pt,1.5001207248687745,50.96000000000001,91.86,,,,,,,1.49286829662323,50.760000000000005,92.36,,,,,,,0.8168764710426331,0.3807213604450226,0.9518754482269287,0.24359604716300964,0.5785344839096069,0.21348366141319275,,
cifar10__traditional_field__seed0__lr0p0005__cfg355a35575255,355a35575255,96b354dd2d4cd04c,2.12.1+cu130,0.27.1+cu130,1.9.0,2.5.2,0,4,2026-08-28T08:25:09.842960+00:00,ok,,cifar10,classification,traditional_field,Traditional neuron + Lambda-Psi,traditional,1,none,0,1,1,0.5,0.5,0,2026,0.0005,0.0002,0.05,100,100,94,15,0.0001,64,384,256,192,1329872,1329872,746.1874024081044,cuda,./results/lambda_psi_hidden_only/checkpoints/cifar10/traditional_field/cifar10__traditional_field__seed0__lr0p0005__cfg355a35575255.pt,1.446705233001709,54.0,92.86,,,,,,,1.4317632759094239,52.89,93.19,,,,,,,0.91139817237854,0.48365238308906555,0.9829818606376648,0.22924208641052246,0.7474852800369263,0.16953161358833313,,
cifar10__traditional_field__seed1__lr0p0005__cfg355a35575255,355a35575255,96b354dd2d4cd04c,2.12.1+cu130,0.27.1+cu130,1.9.0,2.5.2,0,4,2026-08-28T08:37:27.439929+00:00,ok,,cifar10,classification,traditional_field,Traditional neuron + Lambda-Psi,traditional,1,none,0,1,1,0.5,0.5,1,2026,0.0005,0.0002,0.05,100,99,84,15,0.0001,64,384,256,192,1329872,1329872,733.9975593369454,cuda,./results/lambda_psi_hidden_only/checkpoints/cifar10/traditional_field/cifar10__traditional_field__seed1__lr0p0005__cfg355a35575255.pt,1.4241183940887452,54.14,92.92,,,,,,,1.4209706418991088,53.76,93.7,,,,,,,0.9122227430343628,0.4825828969478607,0.9833305478096008,0.22869111597537994,0.751837432384491,0.18017734587192535,,
cifar10__traditional_field__seed2__lr0p0005__cfg355a35575255,355a35575255,96b354dd2d4cd04c,2.12.1+cu130,0.27.1+cu130,1.9.0,2.5.2,0,4,2026-08-28T08:49:54.230604+00:00,ok,,cifar10,classification,traditional_field,Traditional neuron + Lambda-Psi,traditional,1,none,0,1,1,0.5,0.5,2,2026,0.0005,0.0002,0.05,100,100,90,15,0.0001,64,384,256,192,1329872,1329872,743.2715111300349,cuda,./results/lambda_psi_hidden_only/checkpoints/cifar10/traditional_field/cifar10__traditional_field__seed2__lr0p0005__cfg355a35575255.pt,1.4203904428482055,54.900000000000006,93.24,,,,,,,1.4272312887191771,53.169999999999995,93.36,,,,,,,0.914567232131958,0.47357413172721863,0.9867990612983704,0.2721635699272156,0.7349622249603271,0.18993347883224487,,
cifar10__traditional_field__seed3__lr0p0005__cfg355a35575255,355a35575255,96b354dd2d4cd04c,2.12.1+cu130,0.27.1+cu130,1.9.0,2.5.2,0,4,2026-08-28T09:00:43.083432+00:00,ok,,cifar10,classification,traditional_field,Traditional neuron + Lambda-Psi,traditional,1,none,0,1,1,0.5,0.5,3,2026,0.0005,0.0002,0.05,100,88,73,15,0.0001,64,384,256,192,1329872,1329872,645.189692312153,cuda,./results/lambda_psi_hidden_only/checkpoints/cifar10/traditional_field/cifar10__traditional_field__seed3__lr0p0005__cfg355a35575255.pt,1.4278950750350952,54.300000000000004,93.34,,,,,,,1.4224957187652587,53.769999999999996,93.83,,,,,,,0.9186141490936279,0.4549224376678467,0.987707793712616,0.27532801032066345,0.6969593167304993,0.22543098032474518,,
cifar10__traditional_field__seed4__lr0p0005__cfg355a35575255,355a35575255,96b354dd2d4cd04c,2.12.1+cu130,0.27.1+cu130,1.9.0,2.5.2,0,4,2026-08-28T09:12:39.900974+00:00,ok,,cifar10,classification,traditional_field,Traditional neuron + Lambda-Psi,traditional,1,none,0,1,1,0.5,0.5,4,2026,0.0005,0.0002,0.05,100,96,81,15,0.0001,64,384,256,192,1329872,1329872,713.2488418279681,cuda,./results/lambda_psi_hidden_only/checkpoints/cifar10/traditional_field/cifar10__traditional_field__seed4__lr0p0005__cfg355a35575255.pt,1.4383616289138794,53.72,93.2,,,,,,,1.4244216730117798,53.64,93.36,,,,,,,0.9098829627037048,0.4756203293800354,0.9838322401046753,0.23606395721435547,0.7569125890731812,0.18084365129470825,,
cifar10__traditional_field__seed0__lr0p001__cfg355a35575255,355a35575255,96b354dd2d4cd04c,2.12.1+cu130,0.27.1+cu130,1.9.0,2.5.2,0,4,2026-08-28T09:24:45.566451+00:00,ok,,cifar10,classification,traditional_field,Traditional neuron + Lambda-Psi,traditional,1,none,0,1,1,0.5,0.5,0,2026,0.001,0.0002,0.05,100,98,83,15,0.0001,64,384,256,192,1329872,1329872,722.1117290609982,cuda,./results/lambda_psi_hidden_only/checkpoints/cifar10/traditional_field/cifar10__traditional_field__seed0__lr0p001__cfg355a35575255.pt,1.407708381843567,55.00000000000001,93.62,,,,,,,1.4131029487609863,54.16,93.49,,,,,,,0.9552299976348877,0.6925972104072571,0.981626033782959,0.11103173345327377,0.9640341997146606,0.013161529786884785,,
cifar10__traditional_field__seed1__lr0p001__cfg355a35575255,355a35575255,96b354dd2d4cd04c,2.12.1+cu130,0.27.1+cu130,1.9.0,2.5.2,0,4,2026-08-28T09:37:11.690836+00:00,ok,,cifar10,classification,traditional_field,Traditional neuron + Lambda-Psi,traditional,1,none,0,1,1,0.5,0.5,1,2026,0.001,0.0002,0.05,100,100,87,15,0.0001,64,384,256,192,1329872,1329872,742.6409558611922,cuda,./results/lambda_psi_hidden_only/checkpoints/cifar10/traditional_field/cifar10__traditional_field__seed1__lr0p001__cfg355a35575255.pt,1.407213240623474,54.900000000000006,93.46,,,,,,,1.405285398864746,54.75,93.7,,,,,,,0.9580129981040955,0.6937327980995178,0.9833877086639404,0.1321713924407959,0.9557133913040161,0.022042499855160713,,
cifar10__traditional_field__seed2__lr0p001__cfg355a35575255,355a35575255,96b354dd2d4cd04c,2.12.1+cu130,0.27.1+cu130,1.9.0,2.5.2,0,4,2026-08-28T09:49:40.373787+00:00,ok,,cifar10,classification,traditional_field,Traditional neuron + Lambda-Psi,traditional,1,none,0,1,1,0.5,0.5,2,2026,0.001,0.0002,0.05,100,100,90,15,0.0001,64,384,256,192,1329872,1329872,745.0631466929335,cuda,./results/lambda_psi_hidden_only/checkpoints/cifar10/traditional_field/cifar10__traditional_field__seed2__lr0p001__cfg355a35575255.pt,1.414323053741455,54.67999999999999,93.72,,,,,,,1.4111855295181275,54.35,93.4,,,,,,,0.9623867869377136,0.673366904258728,0.9836621880531311,0.1544121354818344,0.9490548968315125,0.036018334329128265,,
cifar10__traditional_field__seed3__lr0p001__cfg355a35575255,355a35575255,96b354dd2d4cd04c,2.12.1+cu130,0.27.1+cu130,1.9.0,2.5.2,0,4,2026-08-28T10:02:02.484258+00:00,ok,,cifar10,classification,traditional_field,Traditional neuron + Lambda-Psi,traditional,1,none,0,1,1,0.5,0.5,3,2026,0.001,0.0002,0.05,100,100,87,15,0.0001,64,384,256,192,1329872,1329872,738.4789485710207,cuda,./results/lambda_psi_hidden_only/checkpoints/cifar10/traditional_field/cifar10__traditional_field__seed3__lr0p001__cfg355a35575255.pt,1.3983012062072755,55.44,93.46,,,,,,,1.3993540004730225,54.98,93.77,,,,,,,0.9608203172683716,0.6748953461647034,0.9848412871360779,0.12125391513109207,0.9534218907356262,0.03053765557706356,,
cifar10__traditional_field__seed4__lr0p001__cfg355a35575255,355a35575255,96b354dd2d4cd04c,2.12.1+cu130,0.27.1+cu130,1.9.0,2.5.2,0,4,2026-08-28T10:14:31.264511+00:00,ok,,cifar10,classification,traditional_field,Traditional neuron + Lambda-Psi,traditional,1,none,0,1,1,0.5,0.5,4,2026,0.001,0.0002,0.05,100,100,96,15,0.0001,64,384,256,192,1329872,1329872,745.1276922679972,cuda,./results/lambda_psi_hidden_only/checkpoints/cifar10/traditional_field/cifar10__traditional_field__seed4__lr0p001__cfg355a35575255.pt,1.3976666969299316,55.800000000000004,93.89999999999999,,,,,,,1.3961012121200562,55.1,94.0,,,,,,,0.9565302729606628,0.6921240091323853,0.9829614758491516,0.11390981078147888,0.9574300646781921,0.025225970894098282,,
cifar10__traditional_field__seed0__lr0p002__cfg355a35575255,355a35575255,96b354dd2d4cd04c,2.12.1+cu130,0.27.1+cu130,1.9.0,2.5.2,0,4,2026-08-28T10:26:48.990075+00:00,ok,,cifar10,classification,traditional_field,Traditional neuron + Lambda-Psi,traditional,1,none,0,1,1,0.5,0.5,0,2026,0.002,0.0002,0.05,100,100,94,15,0.0001,64,384,256,192,1329872,1329872,734.2113693500869,cuda,./results/lambda_psi_hidden_only/checkpoints/cifar10/traditional_field/cifar10__traditional_field__seed0__lr0p002__cfg355a35575255.pt,1.416640691947937,55.279999999999994,93.26,,,,,,,1.4177416975021362,54.03,93.41000000000001,,,,,,,0.9826845526695251,0.8309661149978638,0.9964393973350525,0.2005583792924881,0.993811845779419,0.022116847336292267,,
cifar10__traditional_field__seed1__lr0p002__cfg355a35575255,355a35575255,96b354dd2d4cd04c,2.12.1+cu130,0.27.1+cu130,1.9.0,2.5.2,0,4,2026-08-28T10:38:24.926979+00:00,ok,,cifar10,classification,traditional_field,Traditional neuron + Lambda-Psi,traditional,1,none,0,1,1,0.5,0.5,1,2026,0.002,0.0002,0.05,100,94,79,15,0.0001,64,384,256,192,1329872,1329872,692.3944834428839,cuda,./results/lambda_psi_hidden_only/checkpoints/cifar10/traditional_field/cifar10__traditional_field__seed1__lr0p002__cfg355a35575255.pt,1.3969769540786743,55.879999999999995,93.58,,,,,,,1.4012977348327638,54.290000000000006,93.8,,,,,,,0.9832019209861755,0.8338468074798584,0.9984903335571289,0.18280762434005737,0.9923244714736938,0.035760752856731415,,
cifar10__traditional_field__seed2__lr0p002__cfg355a35575255,355a35575255,96b354dd2d4cd04c,2.12.1+cu130,0.27.1+cu130,1.9.0,2.5.2,0,4,2026-08-28T10:50:22.371537+00:00,ok,,cifar10,classification,traditional_field,Traditional neuron + Lambda-Psi,traditional,1,none,0,1,1,0.5,0.5,2,2026,0.002,0.0002,0.05,100,97,82,15,0.0001,64,384,256,192,1329872,1329872,713.9036089689471,cuda,./results/lambda_psi_hidden_only/checkpoints/cifar10/traditional_field/cifar10__traditional_field__seed2__lr0p002__cfg355a35575255.pt,1.4136652059555053,54.66,93.0,,,,,,,1.4195455707550049,54.269999999999996,93.46,,,,,,,0.9815735220909119,0.8443639278411865,0.9972176551818848,0.23475989699363708,0.9915750622749329,0.035357557237148285,,
cifar10__traditional_field__seed3__lr0p002__cfg355a35575255,355a35575255,96b354dd2d4cd04c,2.12.1+cu130,0.27.1+cu130,1.9.0,2.5.2,0,4,2026-08-28T11:02:18.957777+00:00,ok,,cifar10,classification,traditional_field,Traditional neuron + Lambda-Psi,traditional,1,none,0,1,1,0.5,0.5,3,2026,0.002,0.0002,0.05,100,97,82,15,0.0001,64,384,256,192,1329872,1329872,713.0928812311031,cuda,./results/lambda_psi_hidden_only/checkpoints/cifar10/traditional_field/cifar10__traditional_field__seed3__lr0p002__cfg355a35575255.pt,1.4120182624816895,54.58,93.34,,,,,,,1.4166928848266602,54.42,93.64,,,,,,,0.9816686511039734,0.8407310247421265,0.9957184195518494,0.2467053085565567,0.9942454695701599,0.03610169515013695,,
cifar10__traditional_field__seed4__lr0p002__cfg355a35575255,355a35575255,96b354dd2d4cd04c,2.12.1+cu130,0.27.1+cu130,1.9.0,2.5.2,0,4,2026-08-28T11:13:24.914061+00:00,ok,,cifar10,classification,traditional_field,Traditional neuron + Lambda-Psi,traditional,1,none,0,1,1,0.5,0.5,4,2026,0.002,0.0002,0.05,100,90,75,15,0.0001,64,384,256,192,1329872,1329872,662.3319368460216,cuda,./results/lambda_psi_hidden_only/checkpoints/cifar10/traditional_field/cifar10__traditional_field__seed4__lr0p002__cfg355a35575255.pt,1.4137587778091432,55.16,93.88,,,,,,,1.4094047222137451,54.190000000000005,93.66,,,,,,,0.9819728136062622,0.8421505689620972,0.9974109530448914,0.1853064000606537,0.9930718541145325,0.04011962562799454,,
cifar10__traditional_field__seed0__lr0p003__cfg355a35575255,355a35575255,96b354dd2d4cd04c,2.12.1+cu130,0.27.1+cu130,1.9.0,2.5.2,0,4,2026-08-28T11:25:40.602540+00:00,ok,,cifar10,classification,traditional_field,Traditional neuron + Lambda-Psi,traditional,1,none,0,1,1,0.5,0.5,0,2026,0.003,0.0002,0.05,100,100,86,15,0.0001,64,384,256,192,1329872,1329872,732.1150652400684,cuda,./results/lambda_psi_hidden_only/checkpoints/cifar10/traditional_field/cifar10__traditional_field__seed0__lr0p003__cfg355a35575255.pt,1.4221846548080443,54.400000000000006,93.26,,,,,,,1.4182452392578124,53.959999999999994,93.52000000000001,,,,,,,0.9894587993621826,0.8866515755653381,0.9973637461662292,0.4052741825580597,0.9978646636009216,0.14713367819786072,,
cifar10__traditional_field__seed1__lr0p003__cfg355a35575255,355a35575255,96b354dd2d4cd04c,2.12.1+cu130,0.27.1+cu130,1.9.0,2.5.2,0,4,2026-08-28T11:38:05.439318+00:00,ok,,cifar10,classification,traditional_field,Traditional neuron + Lambda-Psi,traditional,1,none,0,1,1,0.5,0.5,1,2026,0.003,0.0002,0.05,100,100,97,15,0.0001,64,384,256,192,1329872,1329872,741.2531668341253,cuda,./results/lambda_psi_hidden_only/checkpoints/cifar10/traditional_field/cifar10__traditional_field__seed1__lr0p003__cfg355a35575255.pt,1.4134451696395873,55.14,93.36,,,,,,,1.410272608757019,54.559999999999995,93.55,,,,,,,0.9890684485435486,0.8958214521408081,0.9995589852333069,0.33919766545295715,0.9981338381767273,0.11545870453119278,,
cifar10__traditional_field__seed2__lr0p003__cfg355a35575255,355a35575255,96b354dd2d4cd04c,2.12.1+cu130,0.27.1+cu130,1.9.0,2.5.2,0,4,2026-08-28T11:50:21.465876+00:00,ok,,cifar10,classification,traditional_field,Traditional neuron + Lambda-Psi,traditional,1,none,0,1,1,0.5,0.5,2,2026,0.003,0.0002,0.05,100,100,87,15,0.0001,64,384,256,192,1329872,1329872,732.4767568199895,cuda,./results/lambda_psi_hidden_only/checkpoints/cifar10/traditional_field/cifar10__traditional_field__seed2__lr0p003__cfg355a35575255.pt,1.4051316539764405,55.1,93.76,,,,,,,1.4124789085388183,54.44,93.8,,,,,,,0.9875836968421936,0.9072393178939819,0.9992285966873169,0.3816954493522644,0.9976492524147034,0.10554967075586319,,
cifar10__traditional_field__seed3__lr0p003__cfg355a35575255,355a35575255,96b354dd2d4cd04c,2.12.1+cu130,0.27.1+cu130,1.9.0,2.5.2,0,4,2026-08-28T12:02:38.806054+00:00,ok,,cifar10,classification,traditional_field,Traditional neuron + Lambda-Psi,traditional,1,none,0,1,1,0.5,0.5,3,2026,0.003,0.0002,0.05,100,100,92,15,0.0001,64,384,256,192,1329872,1329872,733.8066588491201,cuda,./results/lambda_psi_hidden_only/checkpoints/cifar10/traditional_field/cifar10__traditional_field__seed3__lr0p003__cfg355a35575255.pt,1.4272460414886474,54.0,93.54,,,,,,,1.428195271873474,53.7,93.4,,,,,,,0.9893448948860168,0.8862574696540833,0.9966644644737244,0.4563303589820862,0.9980727434158325,0.15697304904460907,,
cifar10__traditional_field__seed4__lr0p003__cfg355a35575255,355a35575255,96b354dd2d4cd04c,2.12.1+cu130,0.27.1+cu130,1.9.0,2.5.2,0,4,2026-08-28T12:14:01.102840+00:00,ok,,cifar10,classification,traditional_field,Traditional neuron + Lambda-Psi,traditional,1,none,0,1,1,0.5,0.5,4,2026,0.003,0.0002,0.05,100,92,77,15,0.0001,64,384,256,192,1329872,1329872,678.7915948871523,cuda,./results/lambda_psi_hidden_only/checkpoints/cifar10/traditional_field/cifar10__traditional_field__seed4__lr0p003__cfg355a35575255.pt,1.4142444492340087,54.72,93.42,,,,,,,1.4138288890838624,54.35,93.86,,,,,,,0.9885567426681519,0.8933165669441223,0.9971393346786499,0.41981756687164307,0.9978445768356323,0.18185663223266602,,
cifar10__traditional_field_relu__seed0__lr0p0003__cfg5d67b6f1b406,5d67b6f1b406,96b354dd2d4cd04c,2.12.1+cu130,0.27.1+cu130,1.9.0,2.5.2,0,4,2026-08-28T12:22:51.835783+00:00,ok,,cifar10,classification,traditional_field_relu,Traditional neuron + Lambda-Psi + ReLU,traditional,1,after_field,0,1,1,0.5,0.5,0,2026,0.0003,0.0002,0.05,100,71,56,15,0.0001,64,384,256,192,1329872,1329872,527.1333011181559,cuda,./results/lambda_psi_hidden_only/checkpoints/cifar10/traditional_field_relu/cifar10__traditional_field_relu__seed0__lr0p0003__cfg5d67b6f1b406.pt,1.3485024864196777,57.46,94.69999999999999,,,,,,,1.361390740776062,56.97,94.37,,,,,,,0.27998584508895874,0.3915099501609802,0.3549359142780304,0.35373547673225403,0.4095174968242645,0.3226563036441803,,
cifar10__traditional_field_relu__seed1__lr0p0003__cfg5d67b6f1b406,5d67b6f1b406,96b354dd2d4cd04c,2.12.1+cu130,0.27.1+cu130,1.9.0,2.5.2,0,4,2026-08-28T12:30:55.828084+00:00,ok,,cifar10,classification,traditional_field_relu,Traditional neuron + Lambda-Psi + ReLU,traditional,1,after_field,0,1,1,0.5,0.5,1,2026,0.0003,0.0002,0.05,100,65,50,15,0.0001,64,384,256,192,1329872,1329872,480.5847097369842,cuda,./results/lambda_psi_hidden_only/checkpoints/cifar10/traditional_field_relu/cifar10__traditional_field_relu__seed1__lr0p0003__cfg5d67b6f1b406.pt,1.3560248001098634,57.36,93.67999999999999,,,,,,,1.3664466007232665,56.46,93.81,,,,,,,0.29849064350128174,0.390914648771286,0.3604118227958679,0.3548588156700134,0.4190517067909241,0.3301360607147217,,
cifar10__traditional_field_relu__seed2__lr0p0003__cfg5d67b6f1b406,5d67b6f1b406,96b354dd2d4cd04c,2.12.1+cu130,0.27.1+cu130,1.9.0,2.5.2,0,4,2026-08-28T12:40:48.770090+00:00,ok,,cifar10,classification,traditional_field_relu,Traditional neuron + Lambda-Psi + ReLU,traditional,1,after_field,0,1,1,0.5,0.5,2,2026,0.0003,0.0002,0.05,100,79,64,15,0.0001,64,384,256,192,1329872,1329872,589.4386427358259,cuda,./results/lambda_psi_hidden_only/checkpoints/cifar10/traditional_field_relu/cifar10__traditional_field_relu__seed2__lr0p0003__cfg5d67b6f1b406.pt,1.3434139793395996,57.82000000000001,94.16,,,,,,,1.3614705978393555,57.38999999999999,94.15,,,,,,,0.27541375160217285,0.3866848349571228,0.33586761355400085,0.34739789366722107,0.41282764077186584,0.31233716011047363,,
cifar10__traditional_field_relu__seed3__lr0p0003__cfg5d67b6f1b406,5d67b6f1b406,96b354dd2d4cd04c,2.12.1+cu130,0.27.1+cu130,1.9.0,2.5.2,0,4,2026-08-28T12:48:42.451006+00:00,ok,,cifar10,classification,traditional_field_relu,Traditional neuron + Lambda-Psi + ReLU,traditional,1,after_field,0,1,1,0.5,0.5,3,2026,0.0003,0.0002,0.05,100,62,47,15,0.0001,64,384,256,192,1329872,1329872,470.1133174409624,cuda,./results/lambda_psi_hidden_only/checkpoints/cifar10/traditional_field_relu/cifar10__traditional_field_relu__seed3__lr0p0003__cfg5d67b6f1b406.pt,1.365339563369751,57.16,94.14,,,,,,,1.365330234336853,56.35,94.06,,,,,,,0.30028995871543884,0.3961634039878845,0.37379276752471924,0.36553555727005005,0.4198673963546753,0.33773526549339294,,
cifar10__traditional_field_relu__seed4__lr0p0003__cfg5d67b6f1b406,5d67b6f1b406,96b354dd2d4cd04c,2.12.1+cu130,0.27.1+cu130,1.9.0,2.5.2,0,4,2026-08-28T12:59:12.937886+00:00,ok,,cifar10,classification,traditional_field_relu,Traditional neuron + Lambda-Psi + ReLU,traditional,1,after_field,0,1,1,0.5,0.5,4,2026,0.0003,0.0002,0.05,100,85,70,15,0.0001,64,384,256,192,1329872,1329872,627.0113507430069,cuda,./results/lambda_psi_hidden_only/checkpoints/cifar10/traditional_field_relu/cifar10__traditional_field_relu__seed4__lr0p0003__cfg5d67b6f1b406.pt,1.3628121641159057,57.379999999999995,93.97999999999999,,,,,,,1.372830015182495,57.03,93.92,,,,,,,0.2678889036178589,0.37617090344429016,0.33528077602386475,0.34071922302246094,0.3930146396160126,0.3105138838291168,,
cifar10__traditional_field_relu__seed0__lr0p0005__cfg5d67b6f1b406,5d67b6f1b406,96b354dd2d4cd04c,2.12.1+cu130,0.27.1+cu130,1.9.0,2.5.2,0,4,2026-08-28T13:10:45.271149+00:00,ok,,cifar10,classification,traditional_field_relu,Traditional neuron + Lambda-Psi + ReLU,traditional,1,after_field,0,1,1,0.5,0.5,0,2026,0.0005,0.0002,0.05,100,93,78,15,0.0001,64,384,256,192,1329872,1329872,688.8280452738982,cuda,./results/lambda_psi_hidden_only/checkpoints/cifar10/traditional_field_relu/cifar10__traditional_field_relu__seed0__lr0p0005__cfg5d67b6f1b406.pt,1.3719332160949707,57.64,93.46,,,,,,,1.3770131956100464,57.21000000000001,93.75,,,,,,,0.27574434876441956,0.42907828092575073,0.37145882844924927,0.3909451961517334,0.532721996307373,0.3150218725204468,,
cifar10__traditional_field_relu__seed1__lr0p0005__cfg5d67b6f1b406,5d67b6f1b406,96b354dd2d4cd04c,2.12.1+cu130,0.27.1+cu130,1.9.0,2.5.2,0,4,2026-08-28T13:20:10.603872+00:00,ok,,cifar10,classification,traditional_field_relu,Traditional neuron + Lambda-Psi + ReLU,traditional,1,after_field,0,1,1,0.5,0.5,1,2026,0.0005,0.0002,0.05,100,75,60,15,0.0001,64,384,256,192,1329872,1329872,561.777500430122,cuda,./results/lambda_psi_hidden_only/checkpoints/cifar10/traditional_field_relu/cifar10__traditional_field_relu__seed1__lr0p0005__cfg5d67b6f1b406.pt,1.3805996968269347,57.4,93.47999999999999,,,,,,,1.3848351488113404,56.940000000000005,93.67,,,,,,,0.3060987591743469,0.4330192506313324,0.39449676871299744,0.3976055979728699,0.5383221507072449,0.33551421761512756,,
cifar10__traditional_field_relu__seed2__lr0p0005__cfg5d67b6f1b406,5d67b6f1b406,96b354dd2d4cd04c,2.12.1+cu130,0.27.1+cu130,1.9.0,2.5.2,0,4,2026-08-28T13:29:19.022674+00:00,ok,,cifar10,classification,traditional_field_relu,Traditional neuron + Lambda-Psi + ReLU,traditional,1,after_field,0,1,1,0.5,0.5,2,2026,0.0005,0.0002,0.05,100,72,57,15,0.0001,64,384,256,192,1329872,1329872,544.9717790929135,cuda,./results/lambda_psi_hidden_only/checkpoints/cifar10/traditional_field_relu/cifar10__traditional_field_relu__seed2__lr0p0005__cfg5d67b6f1b406.pt,1.3714807285308839,57.599999999999994,93.88,,,,,,,1.372562522506714,57.699999999999996,94.14,,,,,,,0.31693342328071594,0.4435085654258728,0.4029284715652466,0.4040493369102478,0.5643777251243591,0.3385566473007202,,
cifar10__traditional_field_relu__seed3__lr0p0005__cfg5d67b6f1b406,5d67b6f1b406,96b354dd2d4cd04c,2.12.1+cu130,0.27.1+cu130,1.9.0,2.5.2,0,4,2026-08-28T13:41:04.241563+00:00,ok,,cifar10,classification,traditional_field_relu,Traditional neuron + Lambda-Psi + ReLU,traditional,1,after_field,0,1,1,0.5,0.5,3,2026,0.0005,0.0002,0.05,100,95,80,15,0.0001,64,384,256,192,1329872,1329872,701.7103264911566,cuda,./results/lambda_psi_hidden_only/checkpoints/cifar10/traditional_field_relu/cifar10__traditional_field_relu__seed3__lr0p0005__cfg5d67b6f1b406.pt,1.367285584449768,57.66,93.96,,,,,,,1.3852723905563356,57.67,93.53,,,,,,,0.28100472688674927,0.4263381063938141,0.373709499835968,0.39483243227005005,0.5345879793167114,0.31979548931121826,,
cifar10__traditional_field_relu__seed4__lr0p0005__cfg5d67b6f1b406,5d67b6f1b406,96b354dd2d4cd04c,2.12.1+cu130,0.27.1+cu130,1.9.0,2.5.2,0,4,2026-08-28T13:50:47.537058+00:00,ok,,cifar10,classification,traditional_field_relu,Traditional neuron + Lambda-Psi + ReLU,traditional,1,after_field,0,1,1,0.5,0.5,4,2026,0.0005,0.0002,0.05,100,79,64,15,0.0001,64,384,256,192,1329872,1329872,579.6638165470213,cuda,./results/lambda_psi_hidden_only/checkpoints/cifar10/traditional_field_relu/cifar10__traditional_field_relu__seed4__lr0p0005__cfg5d67b6f1b406.pt,1.3740784420013428,57.3,94.04,,,,,,,1.3778443002700806,56.82000000000001,94.27,,,,,,,0.2962028384208679,0.4350101947784424,0.3921596109867096,0.3996981680393219,0.540127158164978,0.33579134941101074,,
cifar10__traditional_field_relu__seed0__lr0p001__cfg5d67b6f1b406,5d67b6f1b406,96b354dd2d4cd04c,2.12.1+cu130,0.27.1+cu130,1.9.0,2.5.2,0,4,2026-08-28T13:59:38.354377+00:00,ok,,cifar10,classification,traditional_field_relu,Traditional neuron + Lambda-Psi + ReLU,traditional,1,after_field,0,1,1,0.5,0.5,0,2026,0.001,0.0002,0.05,100,71,56,15,0.0001,64,384,256,192,1329872,1329872,527.2381391639356,cuda,./results/lambda_psi_hidden_only/checkpoints/cifar10/traditional_field_relu/cifar10__traditional_field_relu__seed0__lr0p001__cfg5d67b6f1b406.pt,1.379388186454773,56.940000000000005,93.97999999999999,,,,,,,1.3873504806518555,56.85,93.55,,,,,,,0.49106937646865845,0.55046546459198,0.6240905523300171,0.4982568323612213,0.8071672916412354,0.3488735854625702,,
cifar10__traditional_field_relu__seed1__lr0p001__cfg5d67b6f1b406,5d67b6f1b406,96b354dd2d4cd04c,2.12.1+cu130,0.27.1+cu130,1.9.0,2.5.2,0,4,2026-08-28T14:11:42.710539+00:00,ok,,cifar10,classification,traditional_field_relu,Traditional neuron + Lambda-Psi + ReLU,traditional,1,after_field,0,1,1,0.5,0.5,1,2026,0.001,0.0002,0.05,100,95,80,15,0.0001,64,384,256,192,1329872,1329872,720.8115306410473,cuda,./results/lambda_psi_hidden_only/checkpoints/cifar10/traditional_field_relu/cifar10__traditional_field_relu__seed1__lr0p001__cfg5d67b6f1b406.pt,1.4083897285461426,57.74,93.62,,,,,,,1.4098510931015014,57.47,93.4,,,,,,,0.46394509077072144,0.5418070554733276,0.5932723879814148,0.47928833961486816,0.7734140157699585,0.319561630487442,,
cifar10__traditional_field_relu__seed2__lr0p001__cfg5d67b6f1b406,5d67b6f1b406,96b354dd2d4cd04c,2.12.1+cu130,0.27.1+cu130,1.9.0,2.5.2,0,4,2026-08-28T14:19:37.684481+00:00,ok,,cifar10,classification,traditional_field_relu,Traditional neuron + Lambda-Psi + ReLU,traditional,1,after_field,0,1,1,0.5,0.5,2,2026,0.001,0.0002,0.05,100,63,48,15,0.0001,64,384,256,192,1329872,1329872,471.4672000980936,cuda,./results/lambda_psi_hidden_only/checkpoints/cifar10/traditional_field_relu/cifar10__traditional_field_relu__seed2__lr0p001__cfg5d67b6f1b406.pt,1.3788903722763062,57.3,93.58,,,,,,,1.3806918439865112,56.989999999999995,93.88,,,,,,,0.5095669031143188,0.5477892756462097,0.6226549744606018,0.49907416105270386,0.804455578327179,0.38622891902923584,,
cifar10__traditional_field_relu__seed3__lr0p001__cfg5d67b6f1b406,5d67b6f1b406,96b354dd2d4cd04c,2.12.1+cu130,0.27.1+cu130,1.9.0,2.5.2,0,4,2026-08-28T14:31:53.663554+00:00,ok,,cifar10,classification,traditional_field_relu,Traditional neuron + Lambda-Psi + ReLU,traditional,1,after_field,0,1,1,0.5,0.5,3,2026,0.001,0.0002,0.05,100,98,83,15,0.0001,64,384,256,192,1329872,1329872,732.3333926019259,cuda,./results/lambda_psi_hidden_only/checkpoints/cifar10/traditional_field_relu/cifar10__traditional_field_relu__seed3__lr0p001__cfg5d67b6f1b406.pt,1.399777482032776,57.74,93.46,,,,,,,1.3999406341552734,57.4,93.63,,,,,,,0.45443132519721985,0.5373550653457642,0.5985395312309265,0.490323543548584,0.7855759859085083,0.31428062915802,,
cifar10__traditional_field_relu__seed4__lr0p001__cfg5d67b6f1b406,5d67b6f1b406,96b354dd2d4cd04c,2.12.1+cu130,0.27.1+cu130,1.9.0,2.5.2,0,4,2026-08-28T14:40:42.544772+00:00,ok,,cifar10,classification,traditional_field_relu,Traditional neuron + Lambda-Psi + ReLU,traditional,1,after_field,0,1,1,0.5,0.5,4,2026,0.001,0.0002,0.05,100,70,55,15,0.0001,64,384,256,192,1329872,1329872,525.3021478981245,cuda,./results/lambda_psi_hidden_only/checkpoints/cifar10/traditional_field_relu/cifar10__traditional_field_relu__seed4__lr0p001__cfg5d67b6f1b406.pt,1.3630114534378053,57.78,94.38,,,,,,,1.3848675855636596,56.46,94.03,,,,,,,0.4925945997238159,0.5462758541107178,0.6277149319648743,0.500450849533081,0.7992833852767944,0.3701237142086029,,
cifar10__traditional_field_relu__seed0__lr0p002__cfg5d67b6f1b406,5d67b6f1b406,96b354dd2d4cd04c,2.12.1+cu130,0.27.1+cu130,1.9.0,2.5.2,0,4,2026-08-28T14:52:42.765470+00:00,ok,,cifar10,classification,traditional_field_relu,Traditional neuron + Lambda-Psi + ReLU,traditional,1,after_field,0,1,1,0.5,0.5,0,2026,0.002,0.0002,0.05,100,96,81,15,0.0001,64,384,256,192,1329872,1329872,716.5895208718721,cuda,./results/lambda_psi_hidden_only/checkpoints/cifar10/traditional_field_relu/cifar10__traditional_field_relu__seed0__lr0p002__cfg5d67b6f1b406.pt,1.376197594833374,58.220000000000006,93.86,,,,,,,1.3865031621932984,57.47,93.97,,,,,,,0.7583691477775574,0.5960875153541565,0.8554669618606567,0.4944341778755188,0.8983619213104248,0.3315217196941376,,
cifar10__traditional_field_relu__seed1__lr0p002__cfg5d67b6f1b406,5d67b6f1b406,96b354dd2d4cd04c,2.12.1+cu130,0.27.1+cu130,1.9.0,2.5.2,0,4,2026-08-28T15:05:11.678093+00:00,ok,,cifar10,classification,traditional_field_relu,Traditional neuron + Lambda-Psi + ReLU,traditional,1,after_field,0,1,1,0.5,0.5,1,2026,0.002,0.0002,0.05,100,100,88,15,0.0001,64,384,256,192,1329872,1329872,745.3834125332069,cuda,./results/lambda_psi_hidden_only/checkpoints/cifar10/traditional_field_relu/cifar10__traditional_field_relu__seed1__lr0p002__cfg5d67b6f1b406.pt,1.3771491687774657,58.4,94.06,,,,,,,1.382003197669983,57.68,94.08999999999999,,,,,,,0.7669122815132141,0.6061656475067139,0.848693311214447,0.4669812321662903,0.8556737899780273,0.35678181052207947,,
cifar10__traditional_field_relu__seed2__lr0p002__cfg5d67b6f1b406,5d67b6f1b406,96b354dd2d4cd04c,2.12.1+cu130,0.27.1+cu130,1.9.0,2.5.2,0,4,2026-08-28T15:15:20.071840+00:00,ok,,cifar10,classification,traditional_field_relu,Traditional neuron + Lambda-Psi + ReLU,traditional,1,after_field,0,1,1,0.5,0.5,2,2026,0.002,0.0002,0.05,100,83,68,15,0.0001,64,384,256,192,1329872,1329872,604.8174462241586,cuda,./results/lambda_psi_hidden_only/checkpoints/cifar10/traditional_field_relu/cifar10__traditional_field_relu__seed2__lr0p002__cfg5d67b6f1b406.pt,1.3600100645065307,57.98,94.1,,,,,,,1.3742188579559327,57.19,94.01,,,,,,,0.7663660049438477,0.6022201180458069,0.8472262024879456,0.4951789081096649,0.9402160048484802,0.3526644706726074,,
cifar10__traditional_field_relu__seed3__lr0p002__cfg5d67b6f1b406,5d67b6f1b406,96b354dd2d4cd04c,2.12.1+cu130,0.27.1+cu130,1.9.0,2.5.2,0,4,2026-08-28T15:26:18.783578+00:00,ok,,cifar10,classification,traditional_field_relu,Traditional neuron + Lambda-Psi + ReLU,traditional,1,after_field,0,1,1,0.5,0.5,3,2026,0.002,0.0002,0.05,100,88,73,15,0.0001,64,384,256,192,1329872,1329872,655.2011135318317,cuda,./results/lambda_psi_hidden_only/checkpoints/cifar10/traditional_field_relu/cifar10__traditional_field_relu__seed3__lr0p002__cfg5d67b6f1b406.pt,1.3519918521881102,58.28,94.19999999999999,,,,,,,1.3801528984069824,57.92,93.60000000000001,,,,,,,0.753181517124176,0.5976669192314148,0.8666035532951355,0.46253132820129395,0.8938933610916138,0.36521703004837036,,
cifar10__traditional_field_relu__seed4__lr0p002__cfg5d67b6f1b406,5d67b6f1b406,96b354dd2d4cd04c,2.12.1+cu130,0.27.1+cu130,1.9.0,2.5.2,0,4,2026-08-28T15:38:06.930534+00:00,ok,,cifar10,classification,traditional_field_relu,Traditional neuron + Lambda-Psi + ReLU,traditional,1,after_field,0,1,1,0.5,0.5,4,2026,0.002,0.0002,0.05,100,96,81,15,0.0001,64,384,256,192,1329872,1329872,704.6680699971039,cuda,./results/lambda_psi_hidden_only/checkpoints/cifar10/traditional_field_relu/cifar10__traditional_field_relu__seed4__lr0p002__cfg5d67b6f1b406.pt,1.3694494267463684,58.440000000000005,93.4,,,,,,,1.39596424369812,58.02,93.73,,,,,,,0.7521657347679138,0.6030533909797668,0.8542043566703796,0.5124983787536621,0.8767223954200745,0.3425327241420746,,
cifar10__traditional_field_relu__seed0__lr0p003__cfg5d67b6f1b406,5d67b6f1b406,96b354dd2d4cd04c,2.12.1+cu130,0.27.1+cu130,1.9.0,2.5.2,0,4,2026-08-28T15:48:55.256989+00:00,ok,,cifar10,classification,traditional_field_relu,Traditional neuron + Lambda-Psi + ReLU,traditional,1,after_field,0,1,1,0.5,0.5,0,2026,0.003,0.0002,0.05,100,87,72,15,0.0001,64,384,256,192,1329872,1329872,644.7635400639847,cuda,./results/lambda_psi_hidden_only/checkpoints/cifar10/traditional_field_relu/cifar10__traditional_field_relu__seed0__lr0p003__cfg5d67b6f1b406.pt,1.356411075592041,58.56,93.82000000000001,,,,,,,1.367376019859314,57.89,94.15,,,,,,,0.86239093542099,0.598279595375061,0.9286103248596191,0.4564296305179596,0.9263814091682434,0.443335622549057,,
cifar10__traditional_field_relu__seed1__lr0p003__cfg5d67b6f1b406,5d67b6f1b406,96b354dd2d4cd04c,2.12.1+cu130,0.27.1+cu130,1.9.0,2.5.2,0,4,2026-08-28T15:59:34.156680+00:00,ok,,cifar10,classification,traditional_field_relu,Traditional neuron + Lambda-Psi + ReLU,traditional,1,after_field,0,1,1,0.5,0.5,1,2026,0.003,0.0002,0.05,100,86,71,15,0.0001,64,384,256,192,1329872,1329872,635.2676104330458,cuda,./results/lambda_psi_hidden_only/checkpoints/cifar10/traditional_field_relu/cifar10__traditional_field_relu__seed1__lr0p003__cfg5d67b6f1b406.pt,1.3620852541923523,58.18,94.12,,,,,,,1.3608044387817382,58.489999999999995,93.83,,,,,,,0.8496376872062683,0.6120460629463196,0.9211788177490234,0.4621715545654297,0.8648095726966858,0.4795690178871155,,
cifar10__traditional_field_relu__seed2__lr0p003__cfg5d67b6f1b406,5d67b6f1b406,96b354dd2d4cd04c,2.12.1+cu130,0.27.1+cu130,1.9.0,2.5.2,0,4,2026-08-28T16:12:10.004514+00:00,ok,,cifar10,classification,traditional_field_relu,Traditional neuron + Lambda-Psi + ReLU,traditional,1,after_field,0,1,1,0.5,0.5,2,2026,0.003,0.0002,0.05,100,100,87,15,0.0001,64,384,256,192,1329872,1329872,752.3749084719457,cuda,./results/lambda_psi_hidden_only/checkpoints/cifar10/traditional_field_relu/cifar10__traditional_field_relu__seed2__lr0p003__cfg5d67b6f1b406.pt,1.3605732847213745,58.24,94.22,,,,,,,1.3688872798919678,57.67,94.26,,,,,,,0.8585231304168701,0.5854182243347168,0.922630786895752,0.46782684326171875,0.9080424904823303,0.4412824511528015,,
cifar10__traditional_field_relu__seed3__lr0p003__cfg5d67b6f1b406,5d67b6f1b406,96b354dd2d4cd04c,2.12.1+cu130,0.27.1+cu130,1.9.0,2.5.2,0,4,2026-08-28T16:24:31.197821+00:00,ok,,cifar10,classification,traditional_field_relu,Traditional neuron + Lambda-Psi + ReLU,traditional,1,after_field,0,1,1,0.5,0.5,3,2026,0.003,0.0002,0.05,100,100,92,15,0.0001,64,384,256,192,1329872,1329872,737.6261531461496,cuda,./results/lambda_psi_hidden_only/checkpoints/cifar10/traditional_field_relu/cifar10__traditional_field_relu__seed3__lr0p003__cfg5d67b6f1b406.pt,1.3671760025024413,58.120000000000005,93.94,,,,,,,1.3766512550354004,57.489999999999995,93.89,,,,,,,0.8530256152153015,0.597402036190033,0.9255205392837524,0.4275384843349457,0.8919626474380493,0.4528658986091614,,
cifar10__traditional_field_relu__seed4__lr0p003__cfg5d67b6f1b406,5d67b6f1b406,96b354dd2d4cd04c,2.12.1+cu130,0.27.1+cu130,1.9.0,2.5.2,0,4,2026-08-28T16:35:54.226731+00:00,ok,,cifar10,classification,traditional_field_relu,Traditional neuron + Lambda-Psi + ReLU,traditional,1,after_field,0,1,1,0.5,0.5,4,2026,0.003,0.0002,0.05,100,91,76,15,0.0001,64,384,256,192,1329872,1329872,679.4727176232263,cuda,./results/lambda_psi_hidden_only/checkpoints/cifar10/traditional_field_relu/cifar10__traditional_field_relu__seed4__lr0p003__cfg5d67b6f1b406.pt,1.356534383201599,58.06,94.16,,,,,,,1.3637220102310181,57.769999999999996,94.22,,,,,,,0.8490132093429565,0.587691068649292,0.9365040063858032,0.4462571144104004,0.9277212023735046,0.4204038977622986,,
cifar10__traditional_relu_field__seed0__lr0p0003__cfgee8ae7416f90,ee8ae7416f90,96b354dd2d4cd04c,2.12.1+cu130,0.27.1+cu130,1.9.0,2.5.2,0,4,2026-08-28T16:47:22.513019+00:00,ok,,cifar10,classification,traditional_relu_field,Traditional neuron + ReLU + Lambda-Psi,traditional,1,before_field,0,1,1,0.5,0.5,0,2026,0.0003,0.0002,0.05,100,93,78,15,0.0001,64,384,256,192,1329872,1329872,684.7486711279489,cuda,./results/lambda_psi_hidden_only/checkpoints/cifar10/traditional_relu_field/cifar10__traditional_relu_field__seed0__lr0p0003__cfgee8ae7416f90.pt,1.344019088935852,57.16,94.58,,,,,,,1.354823024749756,57.38999999999999,94.45,,,,,,,0.28385430574417114,0.2284698337316513,0.35027948021888733,0.23006987571716309,0.36687228083610535,0.2909366488456726,,
cifar10__traditional_relu_field__seed1__lr0p0003__cfgee8ae7416f90,ee8ae7416f90,96b354dd2d4cd04c,2.12.1+cu130,0.27.1+cu130,1.9.0,2.5.2,0,4,2026-08-28T16:58:20.633757+00:00,ok,,cifar10,classification,traditional_relu_field,Traditional neuron + ReLU + Lambda-Psi,traditional,1,before_field,0,1,1,0.5,0.5,1,2026,0.0003,0.0002,0.05,100,89,74,15,0.0001,64,384,256,192,1329872,1329872,654.6512007850688,cuda,./results/lambda_psi_hidden_only/checkpoints/cifar10/traditional_relu_field/cifar10__traditional_relu_field__seed1__lr0p0003__cfgee8ae7416f90.pt,1.3594019372940063,56.92,93.92,,,,,,,1.3473607418060303,57.599999999999994,94.25,,,,,,,0.2844911217689514,0.24043947458267212,0.3523627817630768,0.22876915335655212,0.36335593461990356,0.29423263669013977,,
cifar10__traditional_relu_field__seed2__lr0p0003__cfgee8ae7416f90,ee8ae7416f90,96b354dd2d4cd04c,2.12.1+cu130,0.27.1+cu130,1.9.0,2.5.2,0,4,2026-08-28T17:10:46.225053+00:00,ok,,cifar10,classification,traditional_relu_field,Traditional neuron + ReLU + Lambda-Psi,traditional,1,before_field,0,1,1,0.5,0.5,2,2026,0.0003,0.0002,0.05,100,100,90,15,0.0001,64,384,256,192,1329872,1329872,741.930728282081,cuda,./results/lambda_psi_hidden_only/checkpoints/cifar10/traditional_relu_field/cifar10__traditional_relu_field__seed2__lr0p0003__cfgee8ae7416f90.pt,1.3574496969223022,56.89999999999999,94.19999999999999,,,,,,,1.3515384258270264,56.85,94.3,,,,,,,0.2807661294937134,0.24005071818828583,0.35740911960601807,0.23299148678779602,0.36766499280929565,0.2919372022151947,,
cifar10__traditional_relu_field__seed3__lr0p0003__cfgee8ae7416f90,ee8ae7416f90,96b354dd2d4cd04c,2.12.1+cu130,0.27.1+cu130,1.9.0,2.5.2,0,4,2026-08-28T17:23:13.139878+00:00,ok,,cifar10,classification,traditional_relu_field,Traditional neuron + ReLU + Lambda-Psi,traditional,1,before_field,0,1,1,0.5,0.5,3,2026,0.0003,0.0002,0.05,100,100,95,15,0.0001,64,384,256,192,1329872,1329872,743.3878205409274,cuda,./results/lambda_psi_hidden_only/checkpoints/cifar10/traditional_relu_field/cifar10__traditional_relu_field__seed3__lr0p0003__cfgee8ae7416f90.pt,1.3485849663734435,57.54,94.06,,,,,,,1.352120964050293,57.37,94.39999999999999,,,,,,,0.27984437346458435,0.23751039803028107,0.35644274950027466,0.23078082501888275,0.3530040979385376,0.2818550169467926,,
cifar10__traditional_relu_field__seed4__lr0p0003__cfgee8ae7416f90,ee8ae7416f90,96b354dd2d4cd04c,2.12.1+cu130,0.27.1+cu130,1.9.0,2.5.2,0,4,2026-08-28T17:32:15.541454+00:00,ok,,cifar10,classification,traditional_relu_field,Traditional neuron + ReLU + Lambda-Psi,traditional,1,before_field,0,1,1,0.5,0.5,4,2026,0.0003,0.0002,0.05,100,73,58,15,0.0001,64,384,256,192,1329872,1329872,538.7481452680659,cuda,./results/lambda_psi_hidden_only/checkpoints/cifar10/traditional_relu_field/cifar10__traditional_relu_field__seed4__lr0p0003__cfgee8ae7416f90.pt,1.3638167417526246,57.04,94.26,,,,,,,1.3675632280349732,56.05,94.33,,,,,,,0.305905818939209,0.23378807306289673,0.3660908341407776,0.24540601670742035,0.3745324909687042,0.30721399188041687,,
cifar10__traditional_relu_field__seed0__lr0p0005__cfgee8ae7416f90,ee8ae7416f90,96b354dd2d4cd04c,2.12.1+cu130,0.27.1+cu130,1.9.0,2.5.2,0,4,2026-08-28T17:43:37.101720+00:00,ok,,cifar10,classification,traditional_relu_field,Traditional neuron + ReLU + Lambda-Psi,traditional,1,before_field,0,1,1,0.5,0.5,0,2026,0.0005,0.0002,0.05,100,91,76,15,0.0001,64,384,256,192,1329872,1329872,677.9972154858988,cuda,./results/lambda_psi_hidden_only/checkpoints/cifar10/traditional_relu_field/cifar10__traditional_relu_field__seed0__lr0p0005__cfgee8ae7416f90.pt,1.357592295074463,57.099999999999994,93.82000000000001,,,,,,,1.3541378326416016,57.21000000000001,94.36,,,,,,,0.3261825740337372,0.16638535261154175,0.4578498601913452,0.2144717574119568,0.44764065742492676,0.31882768869400024,,
cifar10__traditional_relu_field__seed1__lr0p0005__cfgee8ae7416f90,ee8ae7416f90,96b354dd2d4cd04c,2.12.1+cu130,0.27.1+cu130,1.9.0,2.5.2,0,4,2026-08-28T17:56:06.653350+00:00,ok,,cifar10,classification,traditional_relu_field,Traditional neuron + ReLU + Lambda-Psi,traditional,1,before_field,0,1,1,0.5,0.5,1,2026,0.0005,0.0002,0.05,100,100,85,15,0.0001,64,384,256,192,1329872,1329872,745.9498472898267,cuda,./results/lambda_psi_hidden_only/checkpoints/cifar10/traditional_relu_field/cifar10__traditional_relu_field__seed1__lr0p0005__cfgee8ae7416f90.pt,1.3449626733779907,58.120000000000005,94.26,,,,,,,1.3430801769256593,57.9,94.19,,,,,,,0.3270406424999237,0.1759851723909378,0.45903491973876953,0.2107977569103241,0.43138521909713745,0.31661486625671387,,
cifar10__traditional_relu_field__seed2__lr0p0005__cfgee8ae7416f90,ee8ae7416f90,96b354dd2d4cd04c,2.12.1+cu130,0.27.1+cu130,1.9.0,2.5.2,0,4,2026-08-28T18:04:00.552204+00:00,ok,,cifar10,classification,traditional_relu_field,Traditional neuron + ReLU + Lambda-Psi,traditional,1,before_field,0,1,1,0.5,0.5,2,2026,0.0005,0.0002,0.05,100,63,48,15,0.0001,64,384,256,192,1329872,1329872,470.28012753487565,cuda,./results/lambda_psi_hidden_only/checkpoints/cifar10/traditional_relu_field/cifar10__traditional_relu_field__seed2__lr0p0005__cfgee8ae7416f90.pt,1.3681764410018922,56.92,93.96,,,,,,,1.3627892009735108,56.45,94.38,,,,,,,0.3594833314418793,0.20324383676052094,0.47995296120643616,0.2449655532836914,0.474583238363266,0.3482944667339325,,
cifar10__traditional_relu_field__seed3__lr0p0005__cfgee8ae7416f90,ee8ae7416f90,96b354dd2d4cd04c,2.12.1+cu130,0.27.1+cu130,1.9.0,2.5.2,0,4,2026-08-28T18:16:23.978863+00:00,ok,,cifar10,classification,traditional_relu_field,Traditional neuron + ReLU + Lambda-Psi,traditional,1,before_field,0,1,1,0.5,0.5,3,2026,0.0005,0.0002,0.05,100,100,89,15,0.0001,64,384,256,192,1329872,1329872,739.7846967848018,cuda,./results/lambda_psi_hidden_only/checkpoints/cifar10/traditional_relu_field/cifar10__traditional_relu_field__seed3__lr0p0005__cfgee8ae7416f90.pt,1.3569550510406494,57.3,94.14,,,,,,,1.3453257722854615,57.730000000000004,94.3,,,,,,,0.33077213168144226,0.1778949797153473,0.4623395800590515,0.2095067799091339,0.4223194122314453,0.30950480699539185,,
cifar10__traditional_relu_field__seed4__lr0p0005__cfgee8ae7416f90,ee8ae7416f90,96b354dd2d4cd04c,2.12.1+cu130,0.27.1+cu130,1.9.0,2.5.2,0,4,2026-08-28T18:26:13.276275+00:00,ok,,cifar10,classification,traditional_relu_field,Traditional neuron + ReLU + Lambda-Psi,traditional,1,before_field,0,1,1,0.5,0.5,4,2026,0.0005,0.0002,0.05,100,79,64,15,0.0001,64,384,256,192,1329872,1329872,585.6825905921869,cuda,./results/lambda_psi_hidden_only/checkpoints/cifar10/traditional_relu_field/cifar10__traditional_relu_field__seed4__lr0p0005__cfgee8ae7416f90.pt,1.3661564393997192,56.96,94.1,,,,,,,1.3669763814926148,56.730000000000004,93.88,,,,,,,0.3397985100746155,0.17352984845638275,0.46780529618263245,0.21973147988319397,0.4540629982948303,0.3336057960987091,,
cifar10__traditional_relu_field__seed0__lr0p001__cfgee8ae7416f90,ee8ae7416f90,96b354dd2d4cd04c,2.12.1+cu130,0.27.1+cu130,1.9.0,2.5.2,0,4,2026-08-28T18:36:35.401404+00:00,ok,,cifar10,classification,traditional_relu_field,Traditional neuron + ReLU + Lambda-Psi,traditional,1,before_field,0,1,1,0.5,0.5,0,2026,0.001,0.0002,0.05,100,83,68,15,0.0001,64,384,256,192,1329872,1329872,618.5269261931535,cuda,./results/lambda_psi_hidden_only/checkpoints/cifar10/traditional_relu_field/cifar10__traditional_relu_field__seed0__lr0p001__cfgee8ae7416f90.pt,1.330270767211914,58.620000000000005,94.44,,,,,,,1.3319566614151002,58.489999999999995,94.78999999999999,,,,,,,0.5079396963119507,0.0907917320728302,0.7054255604743958,0.16608594357967377,0.6270385980606079,0.4671989679336548,,
cifar10__traditional_relu_field__seed1__lr0p001__cfgee8ae7416f90,ee8ae7416f90,96b354dd2d4cd04c,2.12.1+cu130,0.27.1+cu130,1.9.0,2.5.2,0,4,2026-08-28T18:48:36.329938+00:00,ok,,cifar10,classification,traditional_relu_field,Traditional neuron + ReLU + Lambda-Psi,traditional,1,before_field,0,1,1,0.5,0.5,1,2026,0.001,0.0002,0.05,100,97,82,15,0.0001,64,384,256,192,1329872,1329872,717.4228752078488,cuda,./results/lambda_psi_hidden_only/checkpoints/cifar10/traditional_relu_field/cifar10__traditional_relu_field__seed1__lr0p001__cfgee8ae7416f90.pt,1.3468678859710694,57.4,94.82000000000001,,,,,,,1.3359638511657714,57.4,94.65,,,,,,,0.49828049540519714,0.09210004657506943,0.7149849534034729,0.15959088504314423,0.5828039646148682,0.456943541765213,,
cifar10__traditional_relu_field__seed2__lr0p001__cfgee8ae7416f90,ee8ae7416f90,96b354dd2d4cd04c,2.12.1+cu130,0.27.1+cu130,1.9.0,2.5.2,0,4,2026-08-28T19:01:03.306005+00:00,ok,,cifar10,classification,traditional_relu_field,Traditional neuron + ReLU + Lambda-Psi,traditional,1,before_field,0,1,1,0.5,0.5,2,2026,0.001,0.0002,0.05,100,100,86,15,0.0001,64,384,256,192,1329872,1329872,743.4112219691742,cuda,./results/lambda_psi_hidden_only/checkpoints/cifar10/traditional_relu_field/cifar10__traditional_relu_field__seed2__lr0p001__cfgee8ae7416f90.pt,1.3379409440994263,57.720000000000006,94.98,,,,,,,1.358572710609436,56.879999999999995,94.33,,,,,,,0.5007925033569336,0.09381315857172012,0.6918233036994934,0.17357350885868073,0.5926379561424255,0.46474984288215637,,
cifar10__traditional_relu_field__seed3__lr0p001__cfgee8ae7416f90,ee8ae7416f90,96b354dd2d4cd04c,2.12.1+cu130,0.27.1+cu130,1.9.0,2.5.2,0,4,2026-08-28T19:12:05.947853+00:00,ok,,cifar10,classification,traditional_relu_field,Traditional neuron + ReLU + Lambda-Psi,traditional,1,before_field,0,1,1,0.5,0.5,3,2026,0.001,0.0002,0.05,100,88,73,15,0.0001,64,384,256,192,1329872,1329872,659.077375696972,cuda,./results/lambda_psi_hidden_only/checkpoints/cifar10/traditional_relu_field/cifar10__traditional_relu_field__seed3__lr0p001__cfgee8ae7416f90.pt,1.33067278175354,57.8,94.28,,,,,,,1.341470016860962,57.87,94.27,,,,,,,0.5130107998847961,0.09614349901676178,0.6880621314048767,0.17483747005462646,0.5843841433525085,0.4691106081008911,,
cifar10__traditional_relu_field__seed4__lr0p001__cfgee8ae7416f90,ee8ae7416f90,96b354dd2d4cd04c,2.12.1+cu130,0.27.1+cu130,1.9.0,2.5.2,0,4,2026-08-28T19:23:33.423796+00:00,ok,,cifar10,classification,traditional_relu_field,Traditional neuron + ReLU + Lambda-Psi,traditional,1,before_field,0,1,1,0.5,0.5,4,2026,0.001,0.0002,0.05,100,92,77,15,0.0001,64,384,256,192,1329872,1329872,683.9772310981061,cuda,./results/lambda_psi_hidden_only/checkpoints/cifar10/traditional_relu_field/cifar10__traditional_relu_field__seed4__lr0p001__cfgee8ae7416f90.pt,1.3406940477371216,57.8,94.17999999999999,,,,,,,1.3425389524459839,57.9,94.69999999999999,,,,,,,0.4875503480434418,0.08628496527671814,0.7013181447982788,0.14475861191749573,0.6158788204193115,0.4682639539241791,,
cifar10__traditional_relu_field__seed0__lr0p002__cfgee8ae7416f90,ee8ae7416f90,96b354dd2d4cd04c,2.12.1+cu130,0.27.1+cu130,1.9.0,2.5.2,0,4,2026-08-28T19:35:05.610730+00:00,ok,,cifar10,classification,traditional_relu_field,Traditional neuron + ReLU + Lambda-Psi,traditional,1,before_field,0,1,1,0.5,0.5,0,2026,0.002,0.0002,0.05,100,92,77,15,0.0001,64,384,256,192,1329872,1329872,688.6857973879669,cuda,./results/lambda_psi_hidden_only/checkpoints/cifar10/traditional_relu_field/cifar10__traditional_relu_field__seed0__lr0p002__cfgee8ae7416f90.pt,1.3419473821640016,57.34,94.08,,,,,,,1.3300395721435547,57.84,94.89,,,,,,,0.7055792212486267,0.039128419011831284,0.8300261497497559,0.13426311314105988,0.7632976174354553,0.6735250949859619,,
cifar10__traditional_relu_field__seed1__lr0p002__cfgee8ae7416f90,ee8ae7416f90,96b354dd2d4cd04c,2.12.1+cu130,0.27.1+cu130,1.9.0,2.5.2,0,4,2026-08-28T19:47:38.865494+00:00,ok,,cifar10,classification,traditional_relu_field,Traditional neuron + ReLU + Lambda-Psi,traditional,1,before_field,0,1,1,0.5,0.5,1,2026,0.002,0.0002,0.05,100,100,92,15,0.0001,64,384,256,192,1329872,1329872,749.7014592168853,cuda,./results/lambda_psi_hidden_only/checkpoints/cifar10/traditional_relu_field/cifar10__traditional_relu_field__seed1__lr0p002__cfgee8ae7416f90.pt,1.3321573299407958,57.58,94.89999999999999,,,,,,,1.3349733346939088,57.28,94.72,,,,,,,0.6788964867591858,0.030697284266352654,0.8613482713699341,0.12966151535511017,0.7759876251220703,0.6580217480659485,,
cifar10__traditional_relu_field__seed2__lr0p002__cfgee8ae7416f90,ee8ae7416f90,96b354dd2d4cd04c,2.12.1+cu130,0.27.1+cu130,1.9.0,2.5.2,0,4,2026-08-28T20:00:15.879409+00:00,ok,,cifar10,classification,traditional_relu_field,Traditional neuron + ReLU + Lambda-Psi,traditional,1,before_field,0,1,1,0.5,0.5,2,2026,0.002,0.0002,0.05,100,100,88,15,0.0001,64,384,256,192,1329872,1329872,753.476714041084,cuda,./results/lambda_psi_hidden_only/checkpoints/cifar10/traditional_relu_field/cifar10__traditional_relu_field__seed2__lr0p002__cfgee8ae7416f90.pt,1.3435075899124145,57.16,94.39999999999999,,,,,,,1.3412169250488282,57.37,94.58,,,,,,,0.6938519477844238,0.03488953039050102,0.8462579250335693,0.15361715853214264,0.7268770337104797,0.6745386123657227,,
cifar10__traditional_relu_field__seed3__lr0p002__cfgee8ae7416f90,ee8ae7416f90,96b354dd2d4cd04c,2.12.1+cu130,0.27.1+cu130,1.9.0,2.5.2,0,4,2026-08-28T20:12:46.661599+00:00,ok,,cifar10,classification,traditional_relu_field,Traditional neuron + ReLU + Lambda-Psi,traditional,1,before_field,0,1,1,0.5,0.5,3,2026,0.002,0.0002,0.05,100,100,87,15,0.0001,64,384,256,192,1329872,1329872,747.2606470820028,cuda,./results/lambda_psi_hidden_only/checkpoints/cifar10/traditional_relu_field/cifar10__traditional_relu_field__seed3__lr0p002__cfgee8ae7416f90.pt,1.3361216773986817,57.3,94.5,,,,,,,1.3427175188064575,57.43000000000001,94.59,,,,,,,0.7212806940078735,0.05256613343954086,0.8213309049606323,0.16366326808929443,0.7096630930900574,0.6765846014022827,,
cifar10__traditional_relu_field__seed4__lr0p002__cfgee8ae7416f90,ee8ae7416f90,96b354dd2d4cd04c,2.12.1+cu130,0.27.1+cu130,1.9.0,2.5.2,0,4,2026-08-28T20:25:21.454277+00:00,ok,,cifar10,classification,traditional_relu_field,Traditional neuron + ReLU + Lambda-Psi,traditional,1,before_field,0,1,1,0.5,0.5,4,2026,0.002,0.0002,0.05,100,100,91,15,0.0001,64,384,256,192,1329872,1329872,751.2053695898503,cuda,./results/lambda_psi_hidden_only/checkpoints/cifar10/traditional_relu_field/cifar10__traditional_relu_field__seed4__lr0p002__cfgee8ae7416f90.pt,1.3437371280670165,57.28,94.38,,,,,,,1.3433983226776123,57.599999999999994,94.67999999999999,,,,,,,0.681753396987915,0.033564746379852295,0.8444191217422485,0.13318587839603424,0.7895219922065735,0.6666200757026672,,
cifar10__traditional_relu_field__seed0__lr0p003__cfgee8ae7416f90,ee8ae7416f90,96b354dd2d4cd04c,2.12.1+cu130,0.27.1+cu130,1.9.0,2.5.2,0,4,2026-08-28T20:37:52.966076+00:00,ok,,cifar10,classification,traditional_relu_field,Traditional neuron + ReLU + Lambda-Psi,traditional,1,before_field,0,1,1,0.5,0.5,0,2026,0.003,0.0002,0.05,100,100,98,15,0.0001,64,384,256,192,1329872,1329872,747.8976967791095,cuda,./results/lambda_psi_hidden_only/checkpoints/cifar10/traditional_relu_field/cifar10__traditional_relu_field__seed0__lr0p003__cfgee8ae7416f90.pt,1.3556329933166504,57.34,94.42,,,,,,,1.3623643493652344,56.769999999999996,94.25,,,,,,,0.8218634128570557,0.027650853618979454,0.8793184161186218,0.21832342445850372,0.7075247168540955,0.731812596321106,,
cifar10__traditional_relu_field__seed1__lr0p003__cfgee8ae7416f90,ee8ae7416f90,96b354dd2d4cd04c,2.12.1+cu130,0.27.1+cu130,1.9.0,2.5.2,0,4,2026-08-28T20:49:52.650360+00:00,ok,,cifar10,classification,traditional_relu_field,Traditional neuron + ReLU + Lambda-Psi,traditional,1,before_field,0,1,1,0.5,0.5,1,2026,0.003,0.0002,0.05,100,96,81,15,0.0001,64,384,256,192,1329872,1329872,716.2164031721186,cuda,./results/lambda_psi_hidden_only/checkpoints/cifar10/traditional_relu_field/cifar10__traditional_relu_field__seed1__lr0p003__cfgee8ae7416f90.pt,1.3556564357757568,56.92,94.46,,,,,,,1.345782922554016,56.98,94.62,,,,,,,0.7978909611701965,0.017250899225473404,0.9256276488304138,0.23800306022167206,0.6984705924987793,0.7128732800483704,,
cifar10__traditional_relu_field__seed2__lr0p003__cfgee8ae7416f90,ee8ae7416f90,96b354dd2d4cd04c,2.12.1+cu130,0.27.1+cu130,1.9.0,2.5.2,0,4,2026-08-28T21:02:29.721711+00:00,ok,,cifar10,classification,traditional_relu_field,Traditional neuron + ReLU + Lambda-Psi,traditional,1,before_field,0,1,1,0.5,0.5,2,2026,0.003,0.0002,0.05,100,100,89,15,0.0001,64,384,256,192,1329872,1329872,753.4847526119556,cuda,./results/lambda_psi_hidden_only/checkpoints/cifar10/traditional_relu_field/cifar10__traditional_relu_field__seed2__lr0p003__cfgee8ae7416f90.pt,1.3583976154327393,56.68,94.54,,,,,,,1.3633626697540284,56.10000000000001,94.51,,,,,,,0.8297304511070251,0.02656809240579605,0.8864022493362427,0.18585722148418427,0.7246260046958923,0.7104737162590027,,
cifar10__traditional_relu_field__seed3__lr0p003__cfgee8ae7416f90,ee8ae7416f90,96b354dd2d4cd04c,2.12.1+cu130,0.27.1+cu130,1.9.0,2.5.2,0,4,2026-08-28T21:13:26.829163+00:00,ok,,cifar10,classification,traditional_relu_field,Traditional neuron + ReLU + Lambda-Psi,traditional,1,before_field,0,1,1,0.5,0.5,3,2026,0.003,0.0002,0.05,100,88,73,15,0.0001,64,384,256,192,1329872,1329872,653.5586396001745,cuda,./results/lambda_psi_hidden_only/checkpoints/cifar10/traditional_relu_field/cifar10__traditional_relu_field__seed3__lr0p003__cfgee8ae7416f90.pt,1.395435290336609,55.779999999999994,93.7,,,,,,,1.405434725189209,54.55,94.04,,,,,,,0.8480725884437561,0.06483805179595947,0.8558564186096191,0.3142267167568207,0.6449775695800781,0.7167873382568359,,
cifar10__traditional_relu_field__seed4__lr0p003__cfgee8ae7416f90,ee8ae7416f90,96b354dd2d4cd04c,2.12.1+cu130,0.27.1+cu130,1.9.0,2.5.2,0,4,2026-08-28T21:26:00.985641+00:00,ok,,cifar10,classification,traditional_relu_field,Traditional neuron + ReLU + Lambda-Psi,traditional,1,before_field,0,1,1,0.5,0.5,4,2026,0.003,0.0002,0.05,100,100,98,15,0.0001,64,384,256,192,1329872,1329872,750.5808907689061,cuda,./results/lambda_psi_hidden_only/checkpoints/cifar10/traditional_relu_field/cifar10__traditional_relu_field__seed4__lr0p003__cfgee8ae7416f90.pt,1.327874242591858,57.9,94.8,,,,,,,1.3399996006011963,57.489999999999995,94.35,,,,,,,0.7941439747810364,0.01215112954378128,0.8963475227355957,0.11102799326181412,0.8364466428756714,0.7039938569068909,,
cifar10__aptx_field__seed0__lr0p0003__cfgf29d0036035f,f29d0036035f,96b354dd2d4cd04c,2.12.1+cu130,0.27.1+cu130,1.9.0,2.5.2,0,4,2026-08-28T21:43:58.870264+00:00,ok,,cifar10,classification,aptx_field,APTx Neuron + Lambda-Psi,aptx,1,none,0,1,1,0.5,0.5,0,2026,0.0003,0.0002,0.05,100,100,90,15,0.0001,64,384,256,192,3987920,3987920,1074.1148684059735,cuda,./results/lambda_psi_hidden_only/checkpoints/cifar10/aptx_field/cifar10__aptx_field__seed0__lr0p0003__cfgf29d0036035f.pt,1.4161120262145996,55.2,93.58,,,,,,,1.4048950269699096,54.75,94.16,,,,,,,0.8621037006378174,0.8404507637023926,0.8822921514511108,0.8682278394699097,0.897799551486969,0.8747634291648865,,
cifar10__aptx_field__seed1__lr0p0003__cfgf29d0036035f,f29d0036035f,96b354dd2d4cd04c,2.12.1+cu130,0.27.1+cu130,1.9.0,2.5.2,0,4,2026-08-28T22:01:47.704945+00:00,ok,,cifar10,classification,aptx_field,APTx Neuron + Lambda-Psi,aptx,1,none,0,1,1,0.5,0.5,1,2026,0.0003,0.0002,0.05,100,100,93,15,0.0001,64,384,256,192,3987920,3987920,1065.0955380729865,cuda,./results/lambda_psi_hidden_only/checkpoints/cifar10/aptx_field/cifar10__aptx_field__seed1__lr0p0003__cfgf29d0036035f.pt,1.4113989471435546,55.08,93.78,,,,,,,1.4020704204559327,55.43,94.06,,,,,,,0.8585502505302429,0.8387221693992615,0.8799434900283813,0.8648084402084351,0.8892083764076233,0.8833632469177246,,
cifar10__aptx_field__seed2__lr0p0003__cfgf29d0036035f,f29d0036035f,96b354dd2d4cd04c,2.12.1+cu130,0.27.1+cu130,1.9.0,2.5.2,0,4,2026-08-28T22:18:13.701837+00:00,ok,,cifar10,classification,aptx_field,APTx Neuron + Lambda-Psi,aptx,1,none,0,1,1,0.5,0.5,2,2026,0.0003,0.0002,0.05,100,92,77,15,0.0001,64,384,256,192,3987920,3987920,982.2459176972043,cuda,./results/lambda_psi_hidden_only/checkpoints/cifar10/aptx_field/cifar10__aptx_field__seed2__lr0p0003__cfgf29d0036035f.pt,1.4192307229995726,54.92,93.56,,,,,,,1.4172098421096802,54.99000000000001,93.78,,,,,,,0.8577926158905029,0.8422185778617859,0.876959502696991,0.8633209466934204,0.8936021327972412,0.8883510231971741,,
cifar10__aptx_field__seed3__lr0p0003__cfgf29d0036035f,f29d0036035f,96b354dd2d4cd04c,2.12.1+cu130,0.27.1+cu130,1.9.0,2.5.2,0,4,2026-08-28T22:35:21.975980+00:00,ok,,cifar10,classification,aptx_field,APTx Neuron + Lambda-Psi,aptx,1,none,0,1,1,0.5,0.5,3,2026,0.0003,0.0002,0.05,100,97,82,15,0.0001,64,384,256,192,3987920,3987920,1024.5563476700336,cuda,./results/lambda_psi_hidden_only/checkpoints/cifar10/aptx_field/cifar10__aptx_field__seed3__lr0p0003__cfgf29d0036035f.pt,1.4176475091934204,55.74,93.28,,,,,,,1.406814239692688,54.879999999999995,93.93,,,,,,,0.857177197933197,0.8426609635353088,0.8790399432182312,0.8634187579154968,0.894453227519989,0.8880608081817627,,
cifar10__aptx_field__seed4__lr0p0003__cfgf29d0036035f,f29d0036035f,96b354dd2d4cd04c,2.12.1+cu130,0.27.1+cu130,1.9.0,2.5.2,0,4,2026-08-28T22:53:17.068753+00:00,ok,,cifar10,classification,aptx_field,APTx Neuron + Lambda-Psi,aptx,1,none,0,1,1,0.5,0.5,4,2026,0.0003,0.0002,0.05,100,100,98,15,0.0001,64,384,256,192,3987920,3987920,1071.3257173509337,cuda,./results/lambda_psi_hidden_only/checkpoints/cifar10/aptx_field/cifar10__aptx_field__seed4__lr0p0003__cfgf29d0036035f.pt,1.4201445182800292,54.879999999999995,93.5,,,,,,,1.406892841720581,55.34,93.88,,,,,,,0.8579400181770325,0.8379252552986145,0.8777417540550232,0.8628429770469666,0.8980562686920166,0.889846920967102,,
cifar10__aptx_field__seed0__lr0p0005__cfgf29d0036035f,f29d0036035f,96b354dd2d4cd04c,2.12.1+cu130,0.27.1+cu130,1.9.0,2.5.2,0,4,2026-08-28T23:11:07.256138+00:00,ok,,cifar10,classification,aptx_field,APTx Neuron + Lambda-Psi,aptx,1,none,0,1,1,0.5,0.5,0,2026,0.0005,0.0002,0.05,100,100,87,15,0.0001,64,384,256,192,3987920,3987920,1066.441155469045,cuda,./results/lambda_psi_hidden_only/checkpoints/cifar10/aptx_field/cifar10__aptx_field__seed0__lr0p0005__cfgf29d0036035f.pt,1.355403193473816,58.160000000000004,94.24,,,,,,,1.3384897508621216,57.599999999999994,94.98,,,,,,,0.8724926710128784,0.8276594877243042,0.8846580386161804,0.8589876294136047,0.9070312976837158,0.9024125933647156,,
cifar10__aptx_field__seed1__lr0p0005__cfgf29d0036035f,f29d0036035f,96b354dd2d4cd04c,2.12.1+cu130,0.27.1+cu130,1.9.0,2.5.2,0,4,2026-08-28T23:28:52.521046+00:00,ok,,cifar10,classification,aptx_field,APTx Neuron + Lambda-Psi,aptx,1,none,0,1,1,0.5,0.5,1,2026,0.0005,0.0002,0.05,100,100,85,15,0.0001,64,384,256,192,3987920,3987920,1061.5026960219257,cuda,./results/lambda_psi_hidden_only/checkpoints/cifar10/aptx_field/cifar10__aptx_field__seed1__lr0p0005__cfgf29d0036035f.pt,1.3321829465866089,58.540000000000006,94.86,,,,,,,1.3377187808990478,57.269999999999996,95.06,,,,,,,0.8682284355163574,0.8272128105163574,0.8871400952339172,0.8608709573745728,0.9020657539367676,0.8991962671279907,,
cifar10__aptx_field__seed2__lr0p0005__cfgf29d0036035f,f29d0036035f,96b354dd2d4cd04c,2.12.1+cu130,0.27.1+cu130,1.9.0,2.5.2,0,4,2026-08-28T23:46:44.090849+00:00,ok,,cifar10,classification,aptx_field,APTx Neuron + Lambda-Psi,aptx,1,none,0,1,1,0.5,0.5,2,2026,0.0005,0.0002,0.05,100,100,94,15,0.0001,64,384,256,192,3987920,3987920,1067.8309237249196,cuda,./results/lambda_psi_hidden_only/checkpoints/cifar10/aptx_field/cifar10__aptx_field__seed2__lr0p0005__cfgf29d0036035f.pt,1.3367944120407105,58.28,95.0,,,,,,,1.338052745437622,58.01,94.94,,,,,,,0.8695717453956604,0.8336931467056274,0.8809725046157837,0.8573527932167053,0.9041838049888611,0.9002920389175415,,
cifar10__aptx_field__seed3__lr0p0005__cfgf29d0036035f,f29d0036035f,96b354dd2d4cd04c,2.12.1+cu130,0.27.1+cu130,1.9.0,2.5.2,0,4,2026-08-29T00:02:25.107347+00:00,ok,,cifar10,classification,aptx_field,APTx Neuron + Lambda-Psi,aptx,1,none,0,1,1,0.5,0.5,3,2026,0.0005,0.0002,0.05,100,89,74,15,0.0001,64,384,256,192,3987920,3987920,937.2135061731096,cuda,./results/lambda_psi_hidden_only/checkpoints/cifar10/aptx_field/cifar10__aptx_field__seed3__lr0p0005__cfgf29d0036035f.pt,1.3578323860168457,57.940000000000005,94.46,,,,,,,1.3452686866760253,57.31,95.15,,,,,,,0.870048463344574,0.8331045508384705,0.8822020888328552,0.859284520149231,0.9072837829589844,0.9024049043655396,,
cifar10__aptx_field__seed4__lr0p0005__cfgf29d0036035f,f29d0036035f,96b354dd2d4cd04c,2.12.1+cu130,0.27.1+cu130,1.9.0,2.5.2,0,4,2026-08-29T00:19:55.891920+00:00,ok,,cifar10,classification,aptx_field,APTx Neuron + Lambda-Psi,aptx,1,none,0,1,1,0.5,0.5,4,2026,0.0005,0.0002,0.05,100,98,83,15,0.0001,64,384,256,192,3987920,3987920,1046.9831526328344,cuda,./results/lambda_psi_hidden_only/checkpoints/cifar10/aptx_field/cifar10__aptx_field__seed4__lr0p0005__cfgf29d0036035f.pt,1.3545067569732665,58.24,94.54,,,,,,,1.341733299255371,57.599999999999994,94.78,,,,,,,0.8691548705101013,0.8312907218933105,0.8870032429695129,0.8567640781402588,0.905259907245636,0.9009451270103455,,
cifar10__aptx_field__seed0__lr0p001__cfgf29d0036035f,f29d0036035f,96b354dd2d4cd04c,2.12.1+cu130,0.27.1+cu130,1.9.0,2.5.2,0,4,2026-08-29T00:37:41.188034+00:00,ok,,cifar10,classification,aptx_field,APTx Neuron + Lambda-Psi,aptx,1,none,0,1,1,0.5,0.5,0,2026,0.001,0.0002,0.05,100,100,85,15,0.0001,64,384,256,192,3987920,3987920,1061.434325250797,cuda,./results/lambda_psi_hidden_only/checkpoints/cifar10/aptx_field/cifar10__aptx_field__seed0__lr0p001__cfgf29d0036035f.pt,1.2720164178848266,60.46,95.28,,,,,,,1.2744348670959473,60.440000000000005,95.50999999999999,,,,,,,0.9107164144515991,0.8028627038002014,0.8991650342941284,0.8425122499465942,0.9192972779273987,0.9139690399169922,,
cifar10__aptx_field__seed1__lr0p001__cfgf29d0036035f,f29d0036035f,96b354dd2d4cd04c,2.12.1+cu130,0.27.1+cu130,1.9.0,2.5.2,0,4,2026-08-29T00:55:22.576229+00:00,ok,,cifar10,classification,aptx_field,APTx Neuron + Lambda-Psi,aptx,1,none,0,1,1,0.5,0.5,1,2026,0.001,0.0002,0.05,100,100,92,15,0.0001,64,384,256,192,3987920,3987920,1057.6612497780006,cuda,./results/lambda_psi_hidden_only/checkpoints/cifar10/aptx_field/cifar10__aptx_field__seed1__lr0p001__cfgf29d0036035f.pt,1.2755172082901,60.660000000000004,95.19999999999999,,,,,,,1.2695039817810059,61.27,95.42,,,,,,,0.9074824452400208,0.806047797203064,0.8980005383491516,0.842386782169342,0.918712854385376,0.90828937292099,,
cifar10__aptx_field__seed2__lr0p001__cfgf29d0036035f,f29d0036035f,96b354dd2d4cd04c,2.12.1+cu130,0.27.1+cu130,1.9.0,2.5.2,0,4,2026-08-29T01:13:00.703857+00:00,ok,,cifar10,classification,aptx_field,APTx Neuron + Lambda-Psi,aptx,1,none,0,1,1,0.5,0.5,2,2026,0.001,0.0002,0.05,100,100,89,15,0.0001,64,384,256,192,3987920,3987920,1054.358169130981,cuda,./results/lambda_psi_hidden_only/checkpoints/cifar10/aptx_field/cifar10__aptx_field__seed2__lr0p001__cfgf29d0036035f.pt,1.2908881797790528,59.86,94.88,,,,,,,1.276384008026123,61.21,95.39,,,,,,,0.9105114936828613,0.8100859522819519,0.9006816744804382,0.8444809317588806,0.9178675413131714,0.9027659893035889,,
cifar10__aptx_field__seed3__lr0p001__cfgf29d0036035f,f29d0036035f,96b354dd2d4cd04c,2.12.1+cu130,0.27.1+cu130,1.9.0,2.5.2,0,4,2026-08-29T01:30:50.702702+00:00,ok,,cifar10,classification,aptx_field,APTx Neuron + Lambda-Psi,aptx,1,none,0,1,1,0.5,0.5,3,2026,0.001,0.0002,0.05,100,100,91,15,0.0001,64,384,256,192,3987920,3987920,1066.271745996084,cuda,./results/lambda_psi_hidden_only/checkpoints/cifar10/aptx_field/cifar10__aptx_field__seed3__lr0p001__cfgf29d0036035f.pt,1.2769420345306397,61.199999999999996,95.02000000000001,,,,,,,1.2713749998092652,60.980000000000004,95.76,,,,,,,0.910088300704956,0.8061959743499756,0.9022232294082642,0.8407707214355469,0.9200787544250488,0.9084624648094177,,
cifar10__aptx_field__seed4__lr0p001__cfgf29d0036035f,f29d0036035f,96b354dd2d4cd04c,2.12.1+cu130,0.27.1+cu130,1.9.0,2.5.2,0,4,2026-08-29T01:47:34.564026+00:00,ok,,cifar10,classification,aptx_field,APTx Neuron + Lambda-Psi,aptx,1,none,0,1,1,0.5,0.5,4,2026,0.001,0.0002,0.05,100,94,79,15,0.0001,64,384,256,192,3987920,3987920,1000.0281888660975,cuda,./results/lambda_psi_hidden_only/checkpoints/cifar10/aptx_field/cifar10__aptx_field__seed4__lr0p001__cfgf29d0036035f.pt,1.2808974231719972,60.260000000000005,95.17999999999999,,,,,,,1.2719018409729004,61.12,95.6,,,,,,,0.9080623984336853,0.8046278953552246,0.901738703250885,0.840355396270752,0.9260030388832092,0.9098225831985474,,
cifar10__aptx_field__seed0__lr0p002__cfgf29d0036035f,f29d0036035f,96b354dd2d4cd04c,2.12.1+cu130,0.27.1+cu130,1.9.0,2.5.2,0,4,2026-08-29T02:02:55.758423+00:00,ok,,cifar10,classification,aptx_field,APTx Neuron + Lambda-Psi,aptx,1,none,0,1,1,0.5,0.5,0,2026,0.002,0.0002,0.05,100,86,71,15,0.0001,64,384,256,192,3987920,3987920,917.396793885855,cuda,./results/lambda_psi_hidden_only/checkpoints/cifar10/aptx_field/cifar10__aptx_field__seed0__lr0p002__cfgf29d0036035f.pt,1.2475157911300658,61.760000000000005,95.67999999999999,,,,,,,1.2435024326324462,62.53999999999999,95.86,,,,,,,0.9550799131393433,0.7601629495620728,0.933891773223877,0.8015497326850891,0.9553199410438538,0.8977325558662415,,
cifar10__aptx_field__seed1__lr0p002__cfgf29d0036035f,f29d0036035f,96b354dd2d4cd04c,2.12.1+cu130,0.27.1+cu130,1.9.0,2.5.2,0,4,2026-08-29T02:18:08.067085+00:00,ok,,cifar10,classification,aptx_field,APTx Neuron + Lambda-Psi,aptx,1,none,0,1,1,0.5,0.5,1,2026,0.002,0.0002,0.05,100,86,71,15,0.0001,64,384,256,192,3987920,3987920,908.4923780970275,cuda,./results/lambda_psi_hidden_only/checkpoints/cifar10/aptx_field/cifar10__aptx_field__seed1__lr0p002__cfgf29d0036035f.pt,1.2431009204864503,62.63999999999999,95.64,,,,,,,1.239913942527771,62.27,95.81,,,,,,,0.9521114230155945,0.7633320093154907,0.9332595467567444,0.8156377077102661,0.9512052536010742,0.8848648071289062,,
cifar10__aptx_field__seed2__lr0p002__cfgf29d0036035f,f29d0036035f,96b354dd2d4cd04c,2.12.1+cu130,0.27.1+cu130,1.9.0,2.5.2,0,4,2026-08-29T02:35:45.055851+00:00,ok,,cifar10,classification,aptx_field,APTx Neuron + Lambda-Psi,aptx,1,none,0,1,1,0.5,0.5,2,2026,0.002,0.0002,0.05,100,100,86,15,0.0001,64,384,256,192,3987920,3987920,1053.2263989208732,cuda,./results/lambda_psi_hidden_only/checkpoints/cifar10/aptx_field/cifar10__aptx_field__seed2__lr0p002__cfgf29d0036035f.pt,1.2442731597900392,62.56,95.46,,,,,,,1.2369627765655518,62.39,95.82000000000001,,,,,,,0.9521360397338867,0.7759969830513,0.927579939365387,0.8287445902824402,0.9539508819580078,0.8649041056632996,,
cifar10__aptx_field__seed3__lr0p002__cfgf29d0036035f,f29d0036035f,96b354dd2d4cd04c,2.12.1+cu130,0.27.1+cu130,1.9.0,2.5.2,0,4,2026-08-29T02:51:43.970502+00:00,ok,,cifar10,classification,aptx_field,APTx Neuron + Lambda-Psi,aptx,1,none,0,1,1,0.5,0.5,3,2026,0.002,0.0002,0.05,100,91,76,15,0.0001,64,384,256,192,3987920,3987920,955.1034661598969,cuda,./results/lambda_psi_hidden_only/checkpoints/cifar10/aptx_field/cifar10__aptx_field__seed3__lr0p002__cfgf29d0036035f.pt,1.2590564338684083,61.96,95.36,,,,,,,1.256221537399292,61.23,95.87,,,,,,,0.9557446241378784,0.7662911415100098,0.9266452193260193,0.8098037242889404,0.9564899206161499,0.8852334022521973,,
cifar10__aptx_field__seed4__lr0p002__cfgf29d0036035f,f29d0036035f,96b354dd2d4cd04c,2.12.1+cu130,0.27.1+cu130,1.9.0,2.5.2,0,4,2026-08-29T03:08:22.176900+00:00,ok,,cifar10,classification,aptx_field,APTx Neuron + Lambda-Psi,aptx,1,none,0,1,1,0.5,0.5,4,2026,0.002,0.0002,0.05,100,94,79,15,0.0001,64,384,256,192,3987920,3987920,994.4060157190543,cuda,./results/lambda_psi_hidden_only/checkpoints/cifar10/aptx_field/cifar10__aptx_field__seed4__lr0p002__cfgf29d0036035f.pt,1.2389240259170533,62.63999999999999,95.52000000000001,,,,,,,1.246579853439331,61.83,95.84,,,,,,,0.9515067338943481,0.7794549465179443,0.9318490624427795,0.821378231048584,0.956381618976593,0.8781263828277588,,
cifar10__aptx_field__seed0__lr0p003__cfgf29d0036035f,f29d0036035f,96b354dd2d4cd04c,2.12.1+cu130,0.27.1+cu130,1.9.0,2.5.2,0,4,2026-08-29T03:24:55.255992+00:00,ok,,cifar10,classification,aptx_field,APTx Neuron + Lambda-Psi,aptx,1,none,0,1,1,0.5,0.5,0,2026,0.003,0.0002,0.05,100,93,78,15,0.0001,64,384,256,192,3987920,3987920,989.2899386829231,cuda,./results/lambda_psi_hidden_only/checkpoints/cifar10/aptx_field/cifar10__aptx_field__seed0__lr0p003__cfgf29d0036035f.pt,1.234137134552002,62.739999999999995,95.98,,,,,,,1.2300158977508544,62.5,95.85000000000001,,,,,,,0.9696415066719055,0.7470884323120117,0.9449241757392883,0.7948412299156189,0.9715067148208618,0.8772121667861938,,
cifar10__aptx_field__seed1__lr0p003__cfgf29d0036035f,f29d0036035f,96b354dd2d4cd04c,2.12.1+cu130,0.27.1+cu130,1.9.0,2.5.2,0,4,2026-08-29T03:41:13.806625+00:00,ok,,cifar10,classification,aptx_field,APTx Neuron + Lambda-Psi,aptx,1,none,0,1,1,0.5,0.5,1,2026,0.003,0.0002,0.05,100,92,77,15,0.0001,64,384,256,192,3987920,3987920,974.7477899889927,cuda,./results/lambda_psi_hidden_only/checkpoints/cifar10/aptx_field/cifar10__aptx_field__seed1__lr0p003__cfgf29d0036035f.pt,1.2269621252059937,62.82,95.78,,,,,,,1.2368857488632201,62.44,95.94,,,,,,,0.9690108895301819,0.7507046461105347,0.9471040964126587,0.8070554137229919,0.9686230421066284,0.8630183935165405,,
cifar10__aptx_field__seed2__lr0p003__cfgf29d0036035f,f29d0036035f,96b354dd2d4cd04c,2.12.1+cu130,0.27.1+cu130,1.9.0,2.5.2,0,4,2026-08-29T03:58:57.040820+00:00,ok,,cifar10,classification,aptx_field,APTx Neuron + Lambda-Psi,aptx,1,none,0,1,1,0.5,0.5,2,2026,0.003,0.0002,0.05,100,100,88,15,0.0001,64,384,256,192,3987920,3987920,1059.4411210329272,cuda,./results/lambda_psi_hidden_only/checkpoints/cifar10/aptx_field/cifar10__aptx_field__seed2__lr0p003__cfgf29d0036035f.pt,1.2256601600646972,63.12,95.46,,,,,,,1.234754630470276,62.45,95.93,,,,,,,0.9692617058753967,0.7577491402626038,0.9418128132820129,0.7852643132209778,0.973045289516449,0.8736593723297119,,
cifar10__aptx_field__seed3__lr0p003__cfgf29d0036035f,f29d0036035f,96b354dd2d4cd04c,2.12.1+cu130,0.27.1+cu130,1.9.0,2.5.2,0,4,2026-08-29T04:15:55.062327+00:00,ok,,cifar10,classification,aptx_field,APTx Neuron + Lambda-Psi,aptx,1,none,0,1,1,0.5,0.5,3,2026,0.003,0.0002,0.05,100,96,81,15,0.0001,64,384,256,192,3987920,3987920,1014.1980808798689,cuda,./results/lambda_psi_hidden_only/checkpoints/cifar10/aptx_field/cifar10__aptx_field__seed3__lr0p003__cfgf29d0036035f.pt,1.223820909500122,62.44,95.98,,,,,,,1.2284920078277588,63.05,95.91,,,,,,,0.9695132970809937,0.7406348586082458,0.9482712149620056,0.7944121956825256,0.972572386264801,0.8725581169128418,,
cifar10__aptx_field__seed4__lr0p003__cfgf29d0036035f,f29d0036035f,96b354dd2d4cd04c,2.12.1+cu130,0.27.1+cu130,1.9.0,2.5.2,0,4,2026-08-29T04:31:10.149084+00:00,ok,,cifar10,classification,aptx_field,APTx Neuron + Lambda-Psi,aptx,1,none,0,1,1,0.5,0.5,4,2026,0.003,0.0002,0.05,100,85,70,15,0.0001,64,384,256,192,3987920,3987920,911.2506927950308,cuda,./results/lambda_psi_hidden_only/checkpoints/cifar10/aptx_field/cifar10__aptx_field__seed4__lr0p003__cfgf29d0036035f.pt,1.242117916870117,61.7,95.56,,,,,,,1.2495510738372804,61.839999999999996,95.99,,,,,,,0.9679630398750305,0.7429224848747253,0.9479700922966003,0.7922706007957458,0.973673939704895,0.8844144940376282,,
cifar10__aptx_field_relu__seed0__lr0p0003__cfg727ce2f1ecba,727ce2f1ecba,96b354dd2d4cd04c,2.12.1+cu130,0.27.1+cu130,1.9.0,2.5.2,0,4,2026-08-29T04:34:38.513390+00:00,ok,,cifar10,classification,aptx_field_relu,APTx Neuron + Lambda-Psi + ReLU,aptx,1,after_field,0,1,1,0.5,0.5,0,2026,0.0003,0.0002,0.05,100,19,4,15,0.0001,64,384,256,192,3987920,3987920,204.62202471098863,cuda,./results/lambda_psi_hidden_only/checkpoints/cifar10/aptx_field_relu/cifar10__aptx_field_relu__seed0__lr0p0003__cfg727ce2f1ecba.pt,2.3505201709747316,9.94,48.8,,,,,,,2.3439243015289306,9.959999999999999,49.99,,,,,,,0.5308560729026794,0.5281776785850525,0.5310714244842529,0.5279443860054016,0.5313279628753662,0.5519935488700867,,
cifar10__aptx_field_relu__seed1__lr0p0003__cfg727ce2f1ecba,727ce2f1ecba,96b354dd2d4cd04c,2.12.1+cu130,0.27.1+cu130,1.9.0,2.5.2,0,4,2026-08-29T04:38:06.587627+00:00,ok,,cifar10,classification,aptx_field_relu,APTx Neuron + Lambda-Psi + ReLU,aptx,1,after_field,0,1,1,0.5,0.5,1,2026,0.0003,0.0002,0.05,100,19,4,15,0.0001,64,384,256,192,3987920,3987920,204.31570736388676,cuda,./results/lambda_psi_hidden_only/checkpoints/cifar10/aptx_field_relu/cifar10__aptx_field_relu__seed1__lr0p0003__cfg727ce2f1ecba.pt,2.3448129867553713,9.76,49.519999999999996,,,,,,,2.377305460357666,10.02,50.029999999999994,,,,,,,0.5202590227127075,0.5179142355918884,0.5199652314186096,0.516179084777832,0.5205285549163818,0.5370543599128723,,
cifar10__aptx_field_relu__seed2__lr0p0003__cfg727ce2f1ecba,727ce2f1ecba,96b354dd2d4cd04c,2.12.1+cu130,0.27.1+cu130,1.9.0,2.5.2,0,4,2026-08-29T04:40:58.736664+00:00,ok,,cifar10,classification,aptx_field_relu,APTx Neuron + Lambda-Psi + ReLU,aptx,1,after_field,0,1,1,0.5,0.5,2,2026,0.0003,0.0002,0.05,100,16,1,15,0.0001,64,384,256,192,3987920,3987920,168.37574683898129,cuda,./results/lambda_psi_hidden_only/checkpoints/cifar10/aptx_field_relu/cifar10__aptx_field_relu__seed2__lr0p0003__cfg727ce2f1ecba.pt,3.2526013217926026,10.0,51.5,,,,,,,3.1794043045043945,10.01,50.349999999999994,,,,,,,0.5268751978874207,0.5252110362052917,0.52659672498703,0.5234042406082153,0.5267892479896545,0.5414903163909912,,
cifar10__aptx_field_relu__seed3__lr0p0003__cfg727ce2f1ecba,727ce2f1ecba,96b354dd2d4cd04c,2.12.1+cu130,0.27.1+cu130,1.9.0,2.5.2,0,4,2026-08-29T04:43:52.892790+00:00,ok,,cifar10,classification,aptx_field_relu,APTx Neuron + Lambda-Psi + ReLU,aptx,1,after_field,0,1,1,0.5,0.5,3,2026,0.0003,0.0002,0.05,100,16,1,15,0.0001,64,384,256,192,3987920,3987920,170.34231281792745,cuda,./results/lambda_psi_hidden_only/checkpoints/cifar10/aptx_field_relu/cifar10__aptx_field_relu__seed3__lr0p0003__cfg727ce2f1ecba.pt,3.9255464237213133,10.16,50.6,,,,,,,4.16104356918335,9.950000000000001,50.09,,,,,,,0.535650372505188,0.5336212515830994,0.5359960198402405,0.5329684019088745,0.536146342754364,0.5536711812019348,,
cifar10__aptx_field_relu__seed4__lr0p0003__cfg727ce2f1ecba,727ce2f1ecba,96b354dd2d4cd04c,2.12.1+cu130,0.27.1+cu130,1.9.0,2.5.2,0,4,2026-08-29T04:47:04.777075+00:00,ok,,cifar10,classification,aptx_field_relu,APTx Neuron + Lambda-Psi + ReLU,aptx,1,after_field,0,1,1,0.5,0.5,4,2026,0.0003,0.0002,0.05,100,18,3,15,0.0001,64,384,256,192,3987920,3987920,188.10446840105578,cuda,./results/lambda_psi_hidden_only/checkpoints/cifar10/aptx_field_relu/cifar10__aptx_field_relu__seed4__lr0p0003__cfg727ce2f1ecba.pt,2.4518750045776367,9.42,49.02,,,,,,,2.3643749897003175,10.040000000000001,49.96,,,,,,,0.5190799236297607,0.5175833106040955,0.5190503597259521,0.5166666507720947,0.5195004940032959,0.5356154441833496,,
cifar10__aptx_field_relu__seed0__lr0p0005__cfg727ce2f1ecba,727ce2f1ecba,96b354dd2d4cd04c,2.12.1+cu130,0.27.1+cu130,1.9.0,2.5.2,0,4,2026-08-29T04:50:06.565724+00:00,ok,,cifar10,classification,aptx_field_relu,APTx Neuron + Lambda-Psi + ReLU,aptx,1,after_field,0,1,1,0.5,0.5,0,2026,0.0005,0.0002,0.05,100,17,2,15,0.0001,64,384,256,192,3987920,3987920,178.00047881016508,cuda,./results/lambda_psi_hidden_only/checkpoints/cifar10/aptx_field_relu/cifar10__aptx_field_relu__seed0__lr0p0005__cfg727ce2f1ecba.pt,2.401347730255127,9.959999999999999,48.74,,,,,,,2.4182062030792237,9.93,49.94,,,,,,,0.533109724521637,0.5306243300437927,0.5332384705543518,0.5290262699127197,0.5334195494651794,0.553347110748291,,
cifar10__aptx_field_relu__seed1__lr0p0005__cfg727ce2f1ecba,727ce2f1ecba,96b354dd2d4cd04c,2.12.1+cu130,0.27.1+cu130,1.9.0,2.5.2,0,4,2026-08-29T04:55:09.938725+00:00,ok,,cifar10,classification,aptx_field_relu,APTx Neuron + Lambda-Psi + ReLU,aptx,1,after_field,0,1,1,0.5,0.5,1,2026,0.0005,0.0002,0.05,100,28,13,15,0.0001,64,384,256,192,3987920,3987920,299.61961368797347,cuda,./results/lambda_psi_hidden_only/checkpoints/cifar10/aptx_field_relu/cifar10__aptx_field_relu__seed1__lr0p0005__cfg727ce2f1ecba.pt,2.3026729763031004,10.08,48.94,,,,,,,2.302916621398926,10.0,49.99,,,,,,,0.5228706002235413,0.5182826519012451,0.5235886573791504,0.5206627249717712,0.5250954031944275,0.5491775274276733,,
cifar10__aptx_field_relu__seed2__lr0p0005__cfg727ce2f1ecba,727ce2f1ecba,96b354dd2d4cd04c,2.12.1+cu130,0.27.1+cu130,1.9.0,2.5.2,0,4,2026-08-29T04:58:07.830084+00:00,ok,,cifar10,classification,aptx_field_relu,APTx Neuron + Lambda-Psi + ReLU,aptx,1,after_field,0,1,1,0.5,0.5,2,2026,0.0005,0.0002,0.05,100,16,1,15,0.0001,64,384,256,192,3987920,3987920,174.09342896100134,cuda,./results/lambda_psi_hidden_only/checkpoints/cifar10/aptx_field_relu/cifar10__aptx_field_relu__seed2__lr0p0005__cfg727ce2f1ecba.pt,2.6845647483825683,10.02,51.44,,,,,,,2.469351250076294,10.01,50.23,,,,,,,0.5284066796302795,0.5255698561668396,0.5281243324279785,0.5232613682746887,0.5283387899398804,0.5450350046157837,,
cifar10__aptx_field_relu__seed3__lr0p0005__cfg727ce2f1ecba,727ce2f1ecba,96b354dd2d4cd04c,2.12.1+cu130,0.27.1+cu130,1.9.0,2.5.2,0,4,2026-08-29T05:02:47.271741+00:00,ok,,cifar10,classification,aptx_field_relu,APTx Neuron + Lambda-Psi + ReLU,aptx,1,after_field,0,1,1,0.5,0.5,3,2026,0.0005,0.0002,0.05,100,26,11,15,0.0001,64,384,256,192,3987920,3987920,275.6218188931234,cuda,./results/lambda_psi_hidden_only/checkpoints/cifar10/aptx_field_relu/cifar10__aptx_field_relu__seed3__lr0p0005__cfg727ce2f1ecba.pt,2.3067409214019774,10.100000000000001,49.14,,,,,,,2.315973486709595,10.01,50.01,,,,,,,0.543339192867279,0.5405440330505371,0.5441497564315796,0.5358500480651855,0.5445430278778076,0.5763189792633057,,
cifar10__aptx_field_relu__seed4__lr0p0005__cfg727ce2f1ecba,727ce2f1ecba,96b354dd2d4cd04c,2.12.1+cu130,0.27.1+cu130,1.9.0,2.5.2,0,4,2026-08-29T05:08:33.359739+00:00,ok,,cifar10,classification,aptx_field_relu,APTx Neuron + Lambda-Psi + ReLU,aptx,1,after_field,0,1,1,0.5,0.5,4,2026,0.0005,0.0002,0.05,100,32,17,15,0.0001,64,384,256,192,3987920,3987920,342.2842350001447,cuda,./results/lambda_psi_hidden_only/checkpoints/cifar10/aptx_field_relu/cifar10__aptx_field_relu__seed4__lr0p0005__cfg727ce2f1ecba.pt,2.302712650680542,9.92,49.16,,,,,,,2.3025958202362062,10.0,50.0,,,,,,,0.5182867050170898,0.5265747904777527,0.519359290599823,0.5133359432220459,0.5230117440223694,0.5501288771629333,,
cifar10__aptx_field_relu__seed0__lr0p001__cfg727ce2f1ecba,727ce2f1ecba,96b354dd2d4cd04c,2.12.1+cu130,0.27.1+cu130,1.9.0,2.5.2,0,4,2026-08-29T05:12:23.162343+00:00,ok,,cifar10,classification,aptx_field_relu,APTx Neuron + Lambda-Psi + ReLU,aptx,1,after_field,0,1,1,0.5,0.5,0,2026,0.001,0.0002,0.05,100,21,6,15,0.0001,64,384,256,192,3987920,3987920,226.053190468112,cuda,./results/lambda_psi_hidden_only/checkpoints/cifar10/aptx_field_relu/cifar10__aptx_field_relu__seed0__lr0p001__cfg727ce2f1ecba.pt,2.302694948196411,10.100000000000001,49.38,,,,,,,2.307602639389038,10.0,49.99,,,,,,,0.5398082137107849,0.5352811813354492,0.5399209856987,0.5328322052955627,0.5400866270065308,0.5675122737884521,,
cifar10__aptx_field_relu__seed1__lr0p001__cfg727ce2f1ecba,727ce2f1ecba,96b354dd2d4cd04c,2.12.1+cu130,0.27.1+cu130,1.9.0,2.5.2,0,4,2026-08-29T05:19:45.788607+00:00,ok,,cifar10,classification,aptx_field_relu,APTx Neuron + Lambda-Psi + ReLU,aptx,1,after_field,0,1,1,0.5,0.5,1,2026,0.001,0.0002,0.05,100,41,26,15,0.0001,64,384,256,192,3987920,3987920,438.84570943005383,cuda,./results/lambda_psi_hidden_only/checkpoints/cifar10/aptx_field_relu/cifar10__aptx_field_relu__seed1__lr0p001__cfg727ce2f1ecba.pt,2.302602891921997,10.620000000000001,49.519999999999996,,,,,,,2.302592212295532,10.0,50.0,,,,,,,0.5295674800872803,0.5136978626251221,0.5221371054649353,0.5086178183555603,0.5366830229759216,0.5610588192939758,,
cifar10__aptx_field_relu__seed2__lr0p001__cfg727ce2f1ecba,727ce2f1ecba,96b354dd2d4cd04c,2.12.1+cu130,0.27.1+cu130,1.9.0,2.5.2,0,4,2026-08-29T05:22:37.459624+00:00,ok,,cifar10,classification,aptx_field_relu,APTx Neuron + Lambda-Psi + ReLU,aptx,1,after_field,0,1,1,0.5,0.5,2,2026,0.001,0.0002,0.05,100,16,1,15,0.0001,64,384,256,192,3987920,3987920,167.93672528816387,cuda,./results/lambda_psi_hidden_only/checkpoints/cifar10/aptx_field_relu/cifar10__aptx_field_relu__seed2__lr0p001__cfg727ce2f1ecba.pt,2.3326999950408935,10.52,51.06,,,,,,,2.359445425415039,10.059999999999999,50.07,,,,,,,0.5349531173706055,0.5323910117149353,0.5347705483436584,0.5279909372329712,0.5347980260848999,0.5522534251213074,,
cifar10__aptx_field_relu__seed3__lr0p001__cfg727ce2f1ecba,727ce2f1ecba,96b354dd2d4cd04c,2.12.1+cu130,0.27.1+cu130,1.9.0,2.5.2,0,4,2026-08-29T05:27:17.715689+00:00,ok,,cifar10,classification,aptx_field_relu,APTx Neuron + Lambda-Psi + ReLU,aptx,1,after_field,0,1,1,0.5,0.5,3,2026,0.001,0.0002,0.05,100,26,11,15,0.0001,64,384,256,192,3987920,3987920,276.56088902195916,cuda,./results/lambda_psi_hidden_only/checkpoints/cifar10/aptx_field_relu/cifar10__aptx_field_relu__seed3__lr0p001__cfg727ce2f1ecba.pt,2.302648791885376,10.08,49.120000000000005,,,,,,,2.3036417678833008,10.0,49.99,,,,,,,0.5420579314231873,0.5381148457527161,0.5437683463096619,0.5347477197647095,0.5442308187484741,0.5723658204078674,,
cifar10__aptx_field_relu__seed4__lr0p001__cfg727ce2f1ecba,727ce2f1ecba,96b354dd2d4cd04c,2.12.1+cu130,0.27.1+cu130,1.9.0,2.5.2,0,4,2026-08-29T05:31:07.549292+00:00,ok,,cifar10,classification,aptx_field_relu,APTx Neuron + Lambda-Psi + ReLU,aptx,1,after_field,0,1,1,0.5,0.5,4,2026,0.001,0.0002,0.05,100,21,6,15,0.0001,64,384,256,192,3987920,3987920,226.12275125621818,cuda,./results/lambda_psi_hidden_only/checkpoints/cifar10/aptx_field_relu/cifar10__aptx_field_relu__seed4__lr0p001__cfg727ce2f1ecba.pt,2.3238917961120604,10.100000000000001,49.78,,,,,,,2.3045776149749755,10.01,49.99,,,,,,,0.5253609418869019,0.5223910808563232,0.5250878930091858,0.521040141582489,0.5253003239631653,0.5440060496330261,,
cifar10__aptx_field_relu__seed0__lr0p002__cfg727ce2f1ecba,727ce2f1ecba,96b354dd2d4cd04c,2.12.1+cu130,0.27.1+cu130,1.9.0,2.5.2,0,4,2026-08-29T05:35:14.197081+00:00,ok,,cifar10,classification,aptx_field_relu,APTx Neuron + Lambda-Psi + ReLU,aptx,1,after_field,0,1,1,0.5,0.5,0,2026,0.002,0.0002,0.05,100,23,8,15,0.0001,64,384,256,192,3987920,3987920,242.87231552391313,cuda,./results/lambda_psi_hidden_only/checkpoints/cifar10/aptx_field_relu/cifar10__aptx_field_relu__seed0__lr0p002__cfg727ce2f1ecba.pt,2.3032573390960693,10.639999999999999,49.54,,,,,,,2.307553467178345,10.01,50.019999999999996,,,,,,,0.5495073795318604,0.5412642955780029,0.5492199659347534,0.5749245882034302,0.4933285415172577,0.6648713946342468,,
cifar10__aptx_field_relu__seed1__lr0p002__cfg727ce2f1ecba,727ce2f1ecba,96b354dd2d4cd04c,2.12.1+cu130,0.27.1+cu130,1.9.0,2.5.2,0,4,2026-08-29T05:42:26.922092+00:00,ok,,cifar10,classification,aptx_field_relu,APTx Neuron + Lambda-Psi + ReLU,aptx,1,after_field,0,1,1,0.5,0.5,1,2026,0.002,0.0002,0.05,100,41,26,15,0.0001,64,384,256,192,3987920,3987920,428.8782772780396,cuda,./results/lambda_psi_hidden_only/checkpoints/cifar10/aptx_field_relu/cifar10__aptx_field_relu__seed1__lr0p002__cfg727ce2f1ecba.pt,2.3025087409973146,10.620000000000001,50.44,,,,,,,2.3026354263305664,10.0,50.0,,,,,,,0.534489631652832,0.5334368944168091,0.5341660380363464,0.523848831653595,0.5346955060958862,0.5636829733848572,,
cifar10__aptx_field_relu__seed2__lr0p002__cfg727ce2f1ecba,727ce2f1ecba,96b354dd2d4cd04c,2.12.1+cu130,0.27.1+cu130,1.9.0,2.5.2,0,4,2026-08-29T05:45:24.053816+00:00,ok,,cifar10,classification,aptx_field_relu,APTx Neuron + Lambda-Psi + ReLU,aptx,1,after_field,0,1,1,0.5,0.5,2,2026,0.002,0.0002,0.05,100,16,1,15,0.0001,64,384,256,192,3987920,3987920,173.41077495203353,cuda,./results/lambda_psi_hidden_only/checkpoints/cifar10/aptx_field_relu/cifar10__aptx_field_relu__seed2__lr0p002__cfg727ce2f1ecba.pt,2.345883549118042,10.5,50.5,,,,,,,2.33620125617981,10.03,50.05,,,,,,,0.5415198802947998,0.541664719581604,0.5418340563774109,0.5335803627967834,0.5416058301925659,0.5575991868972778,,
cifar10__aptx_field_relu__seed3__lr0p002__cfg727ce2f1ecba,727ce2f1ecba,96b354dd2d4cd04c,2.12.1+cu130,0.27.1+cu130,1.9.0,2.5.2,0,4,2026-08-29T05:49:01.989925+00:00,ok,,cifar10,classification,aptx_field_relu,APTx Neuron + Lambda-Psi + ReLU,aptx,1,after_field,0,1,1,0.5,0.5,3,2026,0.002,0.0002,0.05,100,20,5,15,0.0001,64,384,256,192,3987920,3987920,214.21636186586693,cuda,./results/lambda_psi_hidden_only/checkpoints/cifar10/aptx_field_relu/cifar10__aptx_field_relu__seed3__lr0p002__cfg727ce2f1ecba.pt,2.3106778743743894,10.620000000000001,50.260000000000005,,,,,,,2.3078703384399413,10.0,50.01,,,,,,,0.5491471886634827,0.5490429997444153,0.549435555934906,0.5412946939468384,0.5492827296257019,0.5776401162147522,,
cifar10__aptx_field_relu__seed4__lr0p002__cfg727ce2f1ecba,727ce2f1ecba,96b354dd2d4cd04c,2.12.1+cu130,0.27.1+cu130,1.9.0,2.5.2,0,4,2026-08-29T05:52:29.652450+00:00,ok,,cifar10,classification,aptx_field_relu,APTx Neuron + Lambda-Psi + ReLU,aptx,1,after_field,0,1,1,0.5,0.5,4,2026,0.002,0.0002,0.05,100,19,4,15,0.0001,64,384,256,192,3987920,3987920,203.84953364683315,cuda,./results/lambda_psi_hidden_only/checkpoints/cifar10/aptx_field_relu/cifar10__aptx_field_relu__seed4__lr0p002__cfg727ce2f1ecba.pt,2.309822346496582,10.620000000000001,50.88,,,,,,,2.3029251815795897,10.0,50.0,,,,,,,0.5314512848854065,0.52909916639328,0.5316389203071594,0.5251027345657349,0.5314449071884155,0.5496523976325989,,
cifar10__aptx_field_relu__seed0__lr0p003__cfg727ce2f1ecba,727ce2f1ecba,96b354dd2d4cd04c,2.12.1+cu130,0.27.1+cu130,1.9.0,2.5.2,0,4,2026-08-29T05:55:56.996973+00:00,ok,,cifar10,classification,aptx_field_relu,APTx Neuron + Lambda-Psi + ReLU,aptx,1,after_field,0,1,1,0.5,0.5,0,2026,0.003,0.0002,0.05,100,19,4,15,0.0001,64,384,256,192,3987920,3987920,203.5986982381437,cuda,./results/lambda_psi_hidden_only/checkpoints/cifar10/aptx_field_relu/cifar10__aptx_field_relu__seed0__lr0p003__cfg727ce2f1ecba.pt,2.3025433898925782,10.620000000000001,50.13999999999999,,,,,,,2.3026415390014647,10.0,50.0,,,,,,,0.5490894317626953,0.5391966700553894,0.5488609671592712,0.5774885416030884,0.48892879486083984,0.6773353815078735,,
cifar10__aptx_field_relu__seed1__lr0p003__cfg727ce2f1ecba,727ce2f1ecba,96b354dd2d4cd04c,2.12.1+cu130,0.27.1+cu130,1.9.0,2.5.2,0,4,2026-08-29T06:03:15.734280+00:00,ok,,cifar10,classification,aptx_field_relu,APTx Neuron + Lambda-Psi + ReLU,aptx,1,after_field,0,1,1,0.5,0.5,1,2026,0.003,0.0002,0.05,100,41,26,15,0.0001,64,384,256,192,3987920,3987920,435.0399140641093,cuda,./results/lambda_psi_hidden_only/checkpoints/cifar10/aptx_field_relu/cifar10__aptx_field_relu__seed1__lr0p003__cfg727ce2f1ecba.pt,2.302469033813477,10.620000000000001,50.239999999999995,,,,,,,2.3027168045043944,10.0,50.0,,,,,,,0.5409776568412781,0.5343582630157471,0.5415663719177246,0.5315181612968445,0.5412492752075195,0.5637959837913513,,
cifar10__aptx_field_relu__seed2__lr0p003__cfg727ce2f1ecba,727ce2f1ecba,96b354dd2d4cd04c,2.12.1+cu130,0.27.1+cu130,1.9.0,2.5.2,0,4,2026-08-29T06:06:14.920456+00:00,ok,,cifar10,classification,aptx_field_relu,APTx Neuron + Lambda-Psi + ReLU,aptx,1,after_field,0,1,1,0.5,0.5,2,2026,0.003,0.0002,0.05,100,16,1,15,0.0001,64,384,256,192,3987920,3987920,175.41156224394217,cuda,./results/lambda_psi_hidden_only/checkpoints/cifar10/aptx_field_relu/cifar10__aptx_field_relu__seed2__lr0p003__cfg727ce2f1ecba.pt,2.310140055847168,10.5,50.5,,,,,,,2.3327407009124754,10.0,49.99,,,,,,,0.5422202348709106,0.5412352085113525,0.5422841906547546,0.5319669246673584,0.5418838858604431,0.5563362240791321,,
cifar10__aptx_field_relu__seed3__lr0p003__cfg727ce2f1ecba,727ce2f1ecba,96b354dd2d4cd04c,2.12.1+cu130,0.27.1+cu130,1.9.0,2.5.2,0,4,2026-08-29T06:19:49.436014+00:00,ok,,cifar10,classification,aptx_field_relu,APTx Neuron + Lambda-Psi + ReLU,aptx,1,after_field,0,1,1,0.5,0.5,3,2026,0.003,0.0002,0.05,100,20,5,15,0.0001,64,384,256,192,3987920,3987920,805.7774789661635,cuda,./results/lambda_psi_hidden_only/checkpoints/cifar10/aptx_field_relu/cifar10__aptx_field_relu__seed3__lr0p003__cfg727ce2f1ecba.pt,2.302631443786621,10.620000000000001,50.260000000000005,,,,,,,2.302995584106445,10.0,50.0,,,,,,,0.5559465289115906,0.5658823847770691,0.5591744780540466,0.5394247174263,0.5579131245613098,0.5860695838928223,,
cifar10__aptx_field_relu__seed4__lr0p003__cfg727ce2f1ecba,727ce2f1ecba,96b354dd2d4cd04c,2.12.1+cu130,0.27.1+cu130,1.9.0,2.5.2,0,4,2026-08-29T06:32:41.616415+00:00,ok,,cifar10,classification,aptx_field_relu,APTx Neuron + Lambda-Psi + ReLU,aptx,1,after_field,0,1,1,0.5,0.5,4,2026,0.003,0.0002,0.05,100,19,4,15,0.0001,64,384,256,192,3987920,3987920,763.540941394167,cuda,./results/lambda_psi_hidden_only/checkpoints/cifar10/aptx_field_relu/cifar10__aptx_field_relu__seed4__lr0p003__cfg727ce2f1ecba.pt,2.312557205581665,10.639999999999999,50.9,,,,,,,2.302747448730469,10.0,50.0,,,,,,,0.5372611284255981,0.5297294855117798,0.537281334400177,0.5320045948028564,0.5366520881652832,0.5538763403892517,,
cifar10__aptx_relu_field__seed0__lr0p0003__cfg676ec11cc646,676ec11cc646,96b354dd2d4cd04c,2.12.1+cu130,0.27.1+cu130,1.9.0,2.5.2,0,4,2026-08-29T07:39:37.638850+00:00,ok,,cifar10,classification,aptx_relu_field,APTx Neuron + ReLU + Lambda-Psi,aptx,1,before_field,0,1,1,0.5,0.5,0,2026,0.0003,0.0002,0.05,100,100,96,15,0.0001,64,384,256,192,3987920,3987920,4007.326038903091,cuda,./results/lambda_psi_hidden_only/checkpoints/cifar10/aptx_relu_field/cifar10__aptx_relu_field__seed0__lr0p0003__cfg676ec11cc646.pt,1.4945537370681763,50.86000000000001,92.10000000000001,,,,,,,1.475117462348938,51.89,92.72,,,,,,,0.8333984017372131,0.7724621891975403,0.8319439888000488,0.6790370345115662,0.8352205157279968,0.637140691280365,,
cifar10__aptx_relu_field__seed1__lr0p0003__cfg676ec11cc646,676ec11cc646,96b354dd2d4cd04c,2.12.1+cu130,0.27.1+cu130,1.9.0,2.5.2,0,4,2026-08-29T08:45:52.550073+00:00,ok,,cifar10,classification,aptx_relu_field,APTx Neuron + ReLU + Lambda-Psi,aptx,1,before_field,0,1,1,0.5,0.5,1,2026,0.0003,0.0002,0.05,100,99,84,15,0.0001,64,384,256,192,3987920,3987920,3966.302609934937,cuda,./results/lambda_psi_hidden_only/checkpoints/cifar10/aptx_relu_field/cifar10__aptx_relu_field__seed1__lr0p0003__cfg676ec11cc646.pt,1.4830482627868653,52.0,92.84,,,,,,,1.4778362941741943,51.93,92.94,,,,,,,0.8318376541137695,0.7659059166908264,0.8420677185058594,0.7070841193199158,0.8373056650161743,0.6498757004737854,,
cifar10__aptx_relu_field__seed2__lr0p0003__cfg676ec11cc646,676ec11cc646,96b354dd2d4cd04c,2.12.1+cu130,0.27.1+cu130,1.9.0,2.5.2,0,4,2026-08-29T09:52:48.862299+00:00,ok,,cifar10,classification,aptx_relu_field,APTx Neuron + ReLU + Lambda-Psi,aptx,1,before_field,0,1,1,0.5,0.5,2,2026,0.0003,0.0002,0.05,100,100,96,15,0.0001,64,384,256,192,3987920,3987920,4007.558083331911,cuda,./results/lambda_psi_hidden_only/checkpoints/cifar10/aptx_relu_field/cifar10__aptx_relu_field__seed2__lr0p0003__cfg676ec11cc646.pt,1.5102598638534546,51.339999999999996,92.17999999999999,,,,,,,1.5053371307373047,50.42,92.51,,,,,,,0.8656437993049622,0.7639405131340027,0.8297217488288879,0.679558515548706,0.859993577003479,0.6655747890472412,,
cifar10__aptx_relu_field__seed3__lr0p0003__cfg676ec11cc646,676ec11cc646,96b354dd2d4cd04c,2.12.1+cu130,0.27.1+cu130,1.9.0,2.5.2,0,4,2026-08-29T10:59:43.824842+00:00,ok,,cifar10,classification,aptx_relu_field,APTx Neuron + ReLU + Lambda-Psi,aptx,1,before_field,0,1,1,0.5,0.5,3,2026,0.0003,0.0002,0.05,100,100,89,15,0.0001,64,384,256,192,3987920,3987920,4006.1099839550443,cuda,./results/lambda_psi_hidden_only/checkpoints/cifar10/aptx_relu_field/cifar10__aptx_relu_field__seed3__lr0p0003__cfg676ec11cc646.pt,1.4992367115020753,51.4,92.30000000000001,,,,,,,1.5011708108901978,50.74999999999999,92.41,,,,,,,0.8581503629684448,0.7809435129165649,0.832038938999176,0.6815193891525269,0.8348873853683472,0.6695772409439087,,
cifar10__aptx_relu_field__seed4__lr0p0003__cfg676ec11cc646,676ec11cc646,96b354dd2d4cd04c,2.12.1+cu130,0.27.1+cu130,1.9.0,2.5.2,0,4,2026-08-29T12:06:38.862853+00:00,ok,,cifar10,classification,aptx_relu_field,APTx Neuron + ReLU + Lambda-Psi,aptx,1,before_field,0,1,1,0.5,0.5,4,2026,0.0003,0.0002,0.05,100,100,85,15,0.0001,64,384,256,192,3987920,3987920,4006.1218300471082,cuda,./results/lambda_psi_hidden_only/checkpoints/cifar10/aptx_relu_field/cifar10__aptx_relu_field__seed4__lr0p0003__cfg676ec11cc646.pt,1.536727816581726,49.36,91.5,,,,,,,1.529677628517151,50.0,91.79,,,,,,,0.8536126017570496,0.7577882409095764,0.8279815912246704,0.6812247037887573,0.8344498872756958,0.6758759617805481,,
cifar10__aptx_relu_field__seed0__lr0p0005__cfg676ec11cc646,676ec11cc646,96b354dd2d4cd04c,2.12.1+cu130,0.27.1+cu130,1.9.0,2.5.2,0,4,2026-08-29T13:13:35.853862+00:00,ok,,cifar10,classification,aptx_relu_field,APTx Neuron + ReLU + Lambda-Psi,aptx,1,before_field,0,1,1,0.5,0.5,0,2026,0.0005,0.0002,0.05,100,100,88,15,0.0001,64,384,256,192,3987920,3987920,4008.0656419540755,cuda,./results/lambda_psi_hidden_only/checkpoints/cifar10/aptx_relu_field/cifar10__aptx_relu_field__seed0__lr0p0005__cfg676ec11cc646.pt,1.4363475282669067,53.64,93.22,,,,,,,1.433563401222229,53.949999999999996,93.67999999999999,,,,,,,0.8679697513580322,0.777302622795105,0.8448687195777893,0.667186439037323,0.8527508974075317,0.6458448767662048,,
cifar10__aptx_relu_field__seed1__lr0p0005__cfg676ec11cc646,676ec11cc646,96b354dd2d4cd04c,2.12.1+cu130,0.27.1+cu130,1.9.0,2.5.2,0,4,2026-08-29T14:20:33.953165+00:00,ok,,cifar10,classification,aptx_relu_field,APTx Neuron + ReLU + Lambda-Psi,aptx,1,before_field,0,1,1,0.5,0.5,1,2026,0.0005,0.0002,0.05,100,100,92,15,0.0001,64,384,256,192,3987920,3987920,4009.2303676328156,cuda,./results/lambda_psi_hidden_only/checkpoints/cifar10/aptx_relu_field/cifar10__aptx_relu_field__seed1__lr0p0005__cfg676ec11cc646.pt,1.43381993598938,54.339999999999996,93.08,,,,,,,1.4276165088653565,53.66,93.94,,,,,,,0.8481948375701904,0.7625452876091003,0.8477085828781128,0.7010101675987244,0.869732141494751,0.66556316614151,,
cifar10__aptx_relu_field__seed2__lr0p0005__cfg676ec11cc646,676ec11cc646,96b354dd2d4cd04c,2.12.1+cu130,0.27.1+cu130,1.9.0,2.5.2,0,4,2026-08-29T15:27:26.496046+00:00,ok,,cifar10,classification,aptx_relu_field,APTx Neuron + ReLU + Lambda-Psi,aptx,1,before_field,0,1,1,0.5,0.5,2,2026,0.0005,0.0002,0.05,100,100,88,15,0.0001,64,384,256,192,3987920,3987920,4003.7205095461104,cuda,./results/lambda_psi_hidden_only/checkpoints/cifar10/aptx_relu_field/cifar10__aptx_relu_field__seed2__lr0p0005__cfg676ec11cc646.pt,1.4433203968048096,52.94,93.0,,,,,,,1.4384728015899657,53.169999999999995,93.45,,,,,,,0.8682588338851929,0.7620365023612976,0.8574528694152832,0.672805666923523,0.8872727155685425,0.7006455659866333,,
cifar10__aptx_relu_field__seed3__lr0p0005__cfg676ec11cc646,676ec11cc646,96b354dd2d4cd04c,2.12.1+cu130,0.27.1+cu130,1.9.0,2.5.2,0,4,2026-08-29T16:34:19.174562+00:00,ok,,cifar10,classification,aptx_relu_field,APTx Neuron + ReLU + Lambda-Psi,aptx,1,before_field,0,1,1,0.5,0.5,3,2026,0.0005,0.0002,0.05,100,100,87,15,0.0001,64,384,256,192,3987920,3987920,4003.8593655831646,cuda,./results/lambda_psi_hidden_only/checkpoints/cifar10/aptx_relu_field/cifar10__aptx_relu_field__seed3__lr0p0005__cfg676ec11cc646.pt,1.4526087341308593,53.300000000000004,92.82000000000001,,,,,,,1.45027160987854,53.06999999999999,93.02,,,,,,,0.865451455116272,0.7764618396759033,0.8335041999816895,0.6734283566474915,0.8710317611694336,0.6967467665672302,,
cifar10__aptx_relu_field__seed4__lr0p0005__cfg676ec11cc646,676ec11cc646,96b354dd2d4cd04c,2.12.1+cu130,0.27.1+cu130,1.9.0,2.5.2,0,4,2026-08-29T17:35:52.543305+00:00,ok,,cifar10,classification,aptx_relu_field,APTx Neuron + ReLU + Lambda-Psi,aptx,1,before_field,0,1,1,0.5,0.5,4,2026,0.0005,0.0002,0.05,100,92,77,15,0.0001,64,384,256,192,3987920,3987920,3684.71152150305,cuda,./results/lambda_psi_hidden_only/checkpoints/cifar10/aptx_relu_field/cifar10__aptx_relu_field__seed4__lr0p0005__cfg676ec11cc646.pt,1.4623073902130126,52.66,92.62,,,,,,,1.4604888772964477,52.26,93.12,,,,,,,0.86155766248703,0.7689110636711121,0.8407655358314514,0.6666514277458191,0.8639294505119324,0.691225528717041,,
cifar10__aptx_relu_field__seed0__lr0p001__cfg676ec11cc646,676ec11cc646,96b354dd2d4cd04c,2.12.1+cu130,0.27.1+cu130,1.9.0,2.5.2,0,4,2026-08-29T18:42:48.339172+00:00,ok,,cifar10,classification,aptx_relu_field,APTx Neuron + ReLU + Lambda-Psi,aptx,1,before_field,0,1,1,0.5,0.5,0,2026,0.001,0.0002,0.05,100,100,89,15,0.0001,64,384,256,192,3987920,3987920,4006.9822422461584,cuda,./results/lambda_psi_hidden_only/checkpoints/cifar10/aptx_relu_field/cifar10__aptx_relu_field__seed0__lr0p001__cfg676ec11cc646.pt,1.380251589012146,55.84,93.82000000000001,,,,,,,1.378400869178772,56.07,94.3,,,,,,,0.8900377750396729,0.7065449953079224,0.8513615727424622,0.6353738903999329,0.9141091704368591,0.7207803130149841,,
cifar10__aptx_relu_field__seed1__lr0p001__cfg676ec11cc646,676ec11cc646,96b354dd2d4cd04c,2.12.1+cu130,0.27.1+cu130,1.9.0,2.5.2,0,4,2026-08-29T19:49:45.655138+00:00,ok,,cifar10,classification,aptx_relu_field,APTx Neuron + ReLU + Lambda-Psi,aptx,1,before_field,0,1,1,0.5,0.5,1,2026,0.001,0.0002,0.05,100,100,88,15,0.0001,64,384,256,192,3987920,3987920,4008.4053453332745,cuda,./results/lambda_psi_hidden_only/checkpoints/cifar10/aptx_relu_field/cifar10__aptx_relu_field__seed1__lr0p001__cfg676ec11cc646.pt,1.3872338373184203,56.04,93.78,,,,,,,1.3799366756439209,55.17999999999999,94.44,,,,,,,0.8693727254867554,0.7206891775131226,0.8318431973457336,0.6435025334358215,0.910148561000824,0.7002121806144714,,
cifar10__aptx_relu_field__seed2__lr0p001__cfg676ec11cc646,676ec11cc646,96b354dd2d4cd04c,2.12.1+cu130,0.27.1+cu130,1.9.0,2.5.2,0,4,2026-08-29T20:53:19.347437+00:00,ok,,cifar10,classification,aptx_relu_field,APTx Neuron + ReLU + Lambda-Psi,aptx,1,before_field,0,1,1,0.5,0.5,2,2026,0.001,0.0002,0.05,100,95,80,15,0.0001,64,384,256,192,3987920,3987920,3805.0716622420587,cuda,./results/lambda_psi_hidden_only/checkpoints/cifar10/aptx_relu_field/cifar10__aptx_relu_field__seed2__lr0p001__cfg676ec11cc646.pt,1.4042844762802125,54.32,93.44,,,,,,,1.3936877307891846,54.98,94.0,,,,,,,0.8971105217933655,0.7162361145019531,0.8391085863113403,0.6059612035751343,0.9258189797401428,0.7591181397438049,,
cifar10__aptx_relu_field__seed3__lr0p001__cfg676ec11cc646,676ec11cc646,96b354dd2d4cd04c,2.12.1+cu130,0.27.1+cu130,1.9.0,2.5.2,0,4,2026-08-29T21:55:35.013322+00:00,ok,,cifar10,classification,aptx_relu_field,APTx Neuron + ReLU + Lambda-Psi,aptx,1,before_field,0,1,1,0.5,0.5,3,2026,0.001,0.0002,0.05,100,93,78,15,0.0001,64,384,256,192,3987920,3987920,3726.6725868969224,cuda,./results/lambda_psi_hidden_only/checkpoints/cifar10/aptx_relu_field/cifar10__aptx_relu_field__seed3__lr0p001__cfg676ec11cc646.pt,1.4008668895721434,55.279999999999994,93.26,,,,,,,1.409461022567749,54.22,93.57,,,,,,,0.8881653547286987,0.7269361615180969,0.8173587322235107,0.6647665500640869,0.9124666452407837,0.7688693404197693,,
cifar10__aptx_relu_field__seed4__lr0p001__cfg676ec11cc646,676ec11cc646,96b354dd2d4cd04c,2.12.1+cu130,0.27.1+cu130,1.9.0,2.5.2,0,4,2026-08-29T22:59:50.375147+00:00,ok,,cifar10,classification,aptx_relu_field,APTx Neuron + ReLU + Lambda-Psi,aptx,1,before_field,0,1,1,0.5,0.5,4,2026,0.001,0.0002,0.05,100,96,81,15,0.0001,64,384,256,192,3987920,3987920,3846.2944234758615,cuda,./results/lambda_psi_hidden_only/checkpoints/cifar10/aptx_relu_field/cifar10__aptx_relu_field__seed4__lr0p001__cfg676ec11cc646.pt,1.399037386894226,55.620000000000005,93.72,,,,,,,1.4009070390701295,55.120000000000005,93.57,,,,,,,0.8812183141708374,0.6914817094802856,0.8455800414085388,0.6071909666061401,0.9062373042106628,0.7304856777191162,,
cifar10__aptx_relu_field__seed0__lr0p002__cfg676ec11cc646,676ec11cc646,96b354dd2d4cd04c,2.12.1+cu130,0.27.1+cu130,1.9.0,2.5.2,0,4,2026-08-29T23:50:04.060861+00:00,ok,,cifar10,classification,aptx_relu_field,APTx Neuron + ReLU + Lambda-Psi,aptx,1,before_field,0,1,1,0.5,0.5,0,2026,0.002,0.0002,0.05,100,75,60,15,0.0001,64,384,256,192,3987920,3987920,3004.974613716826,cuda,./results/lambda_psi_hidden_only/checkpoints/cifar10/aptx_relu_field/cifar10__aptx_relu_field__seed0__lr0p002__cfg676ec11cc646.pt,1.3965598745346068,55.74,93.84,,,,,,,1.3878511423110962,55.589999999999996,93.99,,,,,,,0.9162375926971436,0.5703721642494202,0.8311724662780762,0.6060110330581665,0.9556276202201843,0.8140679597854614,,
cifar10__aptx_relu_field__seed1__lr0p002__cfg676ec11cc646,676ec11cc646,96b354dd2d4cd04c,2.12.1+cu130,0.27.1+cu130,1.9.0,2.5.2,0,4,2026-08-30T00:56:59.201229+00:00,ok,,cifar10,classification,aptx_relu_field,APTx Neuron + ReLU + Lambda-Psi,aptx,1,before_field,0,1,1,0.5,0.5,1,2026,0.002,0.0002,0.05,100,100,88,15,0.0001,64,384,256,192,3987920,3987920,4006.250338276848,cuda,./results/lambda_psi_hidden_only/checkpoints/cifar10/aptx_relu_field/cifar10__aptx_relu_field__seed1__lr0p002__cfg676ec11cc646.pt,1.3828071495056153,55.46,94.54,,,,,,,1.3871626998901367,55.15,94.0,,,,,,,0.893307089805603,0.6947352290153503,0.7789983749389648,0.6293739080429077,0.9492653012275696,0.8169596791267395,,
cifar10__aptx_relu_field__seed2__lr0p002__cfg676ec11cc646,676ec11cc646,96b354dd2d4cd04c,2.12.1+cu130,0.27.1+cu130,1.9.0,2.5.2,0,4,2026-08-30T01:55:50.110985+00:00,ok,,cifar10,classification,aptx_relu_field,APTx Neuron + ReLU + Lambda-Psi,aptx,1,before_field,0,1,1,0.5,0.5,2,2026,0.002,0.0002,0.05,100,88,73,15,0.0001,64,384,256,192,3987920,3987920,3522.19857975794,cuda,./results/lambda_psi_hidden_only/checkpoints/cifar10/aptx_relu_field/cifar10__aptx_relu_field__seed2__lr0p002__cfg676ec11cc646.pt,1.3773473945617676,56.26,93.88,,,,,,,1.3846146677017213,54.81,94.11,,,,,,,0.9111922383308411,0.5471327900886536,0.8419458866119385,0.5208805203437805,0.9353718161582947,0.80557781457901,,
cifar10__aptx_relu_field__seed3__lr0p002__cfg676ec11cc646,676ec11cc646,96b354dd2d4cd04c,2.12.1+cu130,0.27.1+cu130,1.9.0,2.5.2,0,4,2026-08-30T03:02:45.073631+00:00,ok,,cifar10,classification,aptx_relu_field,APTx Neuron + ReLU + Lambda-Psi,aptx,1,before_field,0,1,1,0.5,0.5,3,2026,0.002,0.0002,0.05,100,100,90,15,0.0001,64,384,256,192,3987920,3987920,4006.1875235401094,cuda,./results/lambda_psi_hidden_only/checkpoints/cifar10/aptx_relu_field/cifar10__aptx_relu_field__seed3__lr0p002__cfg676ec11cc646.pt,1.386761808013916,55.400000000000006,93.92,,,,,,,1.387778657913208,55.04,93.91000000000001,,,,,,,0.9123654365539551,0.6853708028793335,0.7907010912895203,0.6212511658668518,0.9510492086410522,0.7956281304359436,,
cifar10__aptx_relu_field__seed4__lr0p002__cfg676ec11cc646,676ec11cc646,96b354dd2d4cd04c,2.12.1+cu130,0.27.1+cu130,1.9.0,2.5.2,0,4,2026-08-30T04:09:40.262425+00:00,ok,,cifar10,classification,aptx_relu_field,APTx Neuron + ReLU + Lambda-Psi,aptx,1,before_field,0,1,1,0.5,0.5,4,2026,0.002,0.0002,0.05,100,100,91,15,0.0001,64,384,256,192,3987920,3987920,4006.3415623819456,cuda,./results/lambda_psi_hidden_only/checkpoints/cifar10/aptx_relu_field/cifar10__aptx_relu_field__seed4__lr0p002__cfg676ec11cc646.pt,1.385674875831604,55.300000000000004,94.02000000000001,,,,,,,1.3843568119049072,55.300000000000004,94.19,,,,,,,0.9118449687957764,0.4286554455757141,0.893832266330719,0.5521891713142395,0.9507200717926025,0.8109096884727478,,
cifar10__aptx_relu_field__seed0__lr0p003__cfg676ec11cc646,676ec11cc646,96b354dd2d4cd04c,2.12.1+cu130,0.27.1+cu130,1.9.0,2.5.2,0,4,2026-08-30T05:06:33.707834+00:00,ok,,cifar10,classification,aptx_relu_field,APTx Neuron + ReLU + Lambda-Psi,aptx,1,before_field,0,1,1,0.5,0.5,0,2026,0.003,0.0002,0.05,100,85,70,15,0.0001,64,384,256,192,3987920,3987920,3404.8427395848557,cuda,./results/lambda_psi_hidden_only/checkpoints/cifar10/aptx_relu_field/cifar10__aptx_relu_field__seed0__lr0p003__cfg676ec11cc646.pt,1.3904625345230102,55.08,93.72,,,,,,,1.3939666885375976,54.94,93.99,,,,,,,0.9450426697731018,0.4618317186832428,0.852499783039093,0.5918561220169067,0.9477455615997314,0.8438639640808105,,
cifar10__aptx_relu_field__seed1__lr0p003__cfg676ec11cc646,676ec11cc646,96b354dd2d4cd04c,2.12.1+cu130,0.27.1+cu130,1.9.0,2.5.2,0,4,2026-08-30T06:13:28.771832+00:00,ok,,cifar10,classification,aptx_relu_field,APTx Neuron + ReLU + Lambda-Psi,aptx,1,before_field,0,1,1,0.5,0.5,1,2026,0.003,0.0002,0.05,100,100,94,15,0.0001,64,384,256,192,3987920,3987920,4006.2508114101365,cuda,./results/lambda_psi_hidden_only/checkpoints/cifar10/aptx_relu_field/cifar10__aptx_relu_field__seed1__lr0p003__cfg676ec11cc646.pt,1.375145733833313,56.02,94.14,,,,,,,1.373815398788452,55.71,94.28,,,,,,,0.9319265484809875,0.5436584949493408,0.8349446654319763,0.5102605223655701,0.9688748121261597,0.833897590637207,,
cifar10__aptx_relu_field__seed2__lr0p003__cfg676ec11cc646,676ec11cc646,96b354dd2d4cd04c,2.12.1+cu130,0.27.1+cu130,1.9.0,2.5.2,0,4,2026-08-30T07:20:24.732094+00:00,ok,,cifar10,classification,aptx_relu_field,APTx Neuron + ReLU + Lambda-Psi,aptx,1,before_field,0,1,1,0.5,0.5,2,2026,0.003,0.0002,0.05,100,100,89,15,0.0001,64,384,256,192,3987920,3987920,4007.057320650667,cuda,./results/lambda_psi_hidden_only/checkpoints/cifar10/aptx_relu_field/cifar10__aptx_relu_field__seed2__lr0p003__cfg676ec11cc646.pt,1.3620794061660766,56.84,94.34,,,,,,,1.3716915796279907,55.800000000000004,94.17999999999999,,,,,,,0.927802324295044,0.41040971875190735,0.8723213076591492,0.5514559149742126,0.9483267068862915,0.8312408328056335,,
cifar10__aptx_relu_field__seed3__lr0p003__cfg676ec11cc646,676ec11cc646,96b354dd2d4cd04c,2.12.1+cu130,0.27.1+cu130,1.9.0,2.5.2,0,4,2026-08-30T08:20:42.326957+00:00,ok,,cifar10,classification,aptx_relu_field,APTx Neuron + ReLU + Lambda-Psi,aptx,1,before_field,0,1,1,0.5,0.5,3,2026,0.003,0.0002,0.05,100,90,75,15,0.0001,64,384,256,192,3987920,3987920,3608.363173997961,cuda,./results/lambda_psi_hidden_only/checkpoints/cifar10/aptx_relu_field/cifar10__aptx_relu_field__seed3__lr0p003__cfg676ec11cc646.pt,1.3942212366104125,55.1,93.44,,,,,,,1.388705570793152,54.82,93.99,,,,,,,0.9240325689315796,0.6037249565124512,0.830997884273529,0.5764673948287964,0.957902729511261,0.8535780310630798,,
cifar10__aptx_relu_field__seed4__lr0p003__cfg676ec11cc646,676ec11cc646,96b354dd2d4cd04c,2.12.1+cu130,0.27.1+cu130,1.9.0,2.5.2,0,4,2026-08-30T09:28:05.084425+00:00,ok,,cifar10,classification,aptx_relu_field,APTx Neuron + ReLU + Lambda-Psi,aptx,1,before_field,0,1,1,0.5,0.5,4,2026,0.003,0.0002,0.05,100,100,85,15,0.0001,64,384,256,192,3987920,3987920,4033.1720261457376,cuda,./results/lambda_psi_hidden_only/checkpoints/cifar10/aptx_relu_field/cifar10__aptx_relu_field__seed4__lr0p003__cfg676ec11cc646.pt,1.3910503530502318,55.50000000000001,93.88,,,,,,,1.3958305541992186,55.02,94.04,,,,,,,0.924424409866333,0.32479745149612427,0.9286199808120728,0.5200092196464539,0.9596996307373047,0.852678656578064,,
cifar100__traditional_field__seed0__lr0p0003__cfg0bebecbb5633,0bebecbb5633,96b354dd2d4cd04c,2.12.1+cu130,0.27.1+cu130,1.9.0,2.5.2,0,4,2026-08-30T09:42:48.515253+00:00,ok,,cifar100,classification,traditional_field,Traditional neuron + Lambda-Psi,traditional,1,none,0,1,1,0.5,0.5,0,2026,0.0003,0.0001,0.0,100,100,91,20,0.0001,64,384,256,192,1347242,1347242,878.2137184171006,cuda,./results/lambda_psi_hidden_only/checkpoints/cifar100/traditional_field/cifar100__traditional_field__seed0__lr0p0003__cfg0bebecbb5633.pt,3.4651196102142334,19.34,44.56,,,,,,,3.488872565460205,19.12,44.2,,,,,,,0.7478731870651245,0.45502007007598877,0.8159306049346924,0.3085223138332367,0.7684652209281921,0.13308392465114594,,
cifar100__traditional_field__seed1__lr0p0003__cfg0bebecbb5633,0bebecbb5633,96b354dd2d4cd04c,2.12.1+cu130,0.27.1+cu130,1.9.0,2.5.2,0,4,2026-08-30T09:57:00.920449+00:00,ok,,cifar100,classification,traditional_field,Traditional neuron + Lambda-Psi,traditional,1,none,0,1,1,0.5,0.5,1,2026,0.0003,0.0001,0.0,100,97,77,20,0.0001,64,384,256,192,1347242,1347242,847.7803405080922,cuda,./results/lambda_psi_hidden_only/checkpoints/cifar100/traditional_field/cifar100__traditional_field__seed1__lr0p0003__cfg0bebecbb5633.pt,3.466688589477539,19.62,44.74,,,,,,,3.494231382751465,19.16,43.91,,,,,,,0.7346319556236267,0.47327786684036255,0.8126339316368103,0.28884822130203247,0.768193781375885,0.15995173156261444,,
cifar100__traditional_field__seed2__lr0p0003__cfg0bebecbb5633,0bebecbb5633,96b354dd2d4cd04c,2.12.1+cu130,0.27.1+cu130,1.9.0,2.5.2,0,4,2026-08-30T10:11:35.240462+00:00,ok,,cifar100,classification,traditional_field,Traditional neuron + Lambda-Psi,traditional,1,none,0,1,1,0.5,0.5,2,2026,0.0003,0.0001,0.0,100,100,98,20,0.0001,64,384,256,192,1347242,1347242,869.4564613569528,cuda,./results/lambda_psi_hidden_only/checkpoints/cifar100/traditional_field/cifar100__traditional_field__seed2__lr0p0003__cfg0bebecbb5633.pt,3.4699531631469727,19.38,44.3,,,,,,,3.4954223915100098,19.09,43.7,,,,,,,0.7440423965454102,0.45168349146842957,0.7966570258140564,0.3013814687728882,0.7839369177818298,0.1463213562965393,,
cifar100__traditional_field__seed3__lr0p0003__cfg0bebecbb5633,0bebecbb5633,96b354dd2d4cd04c,2.12.1+cu130,0.27.1+cu130,1.9.0,2.5.2,0,4,2026-08-30T10:26:06.564684+00:00,ok,,cifar100,classification,traditional_field,Traditional neuron + Lambda-Psi,traditional,1,none,0,1,1,0.5,0.5,3,2026,0.0003,0.0001,0.0,100,100,89,20,0.0001,64,384,256,192,1347242,1347242,866.6859396970831,cuda,./results/lambda_psi_hidden_only/checkpoints/cifar100/traditional_field/cifar100__traditional_field__seed3__lr0p0003__cfg0bebecbb5633.pt,3.470578596496582,19.62,44.32,,,,,,,3.4985865615844727,18.88,43.519999999999996,,,,,,,0.7431153059005737,0.46429309248924255,0.8140569925308228,0.2844815254211426,0.7646532654762268,0.15339942276477814,,
cifar100__traditional_field__seed4__lr0p0003__cfg0bebecbb5633,0bebecbb5633,96b354dd2d4cd04c,2.12.1+cu130,0.27.1+cu130,1.9.0,2.5.2,0,4,2026-08-30T10:40:39.877842+00:00,ok,,cifar100,classification,traditional_field,Traditional neuron + Lambda-Psi,traditional,1,none,0,1,1,0.5,0.5,4,2026,0.0003,0.0001,0.0,100,100,96,20,0.0001,64,384,256,192,1347242,1347242,868.6480470099486,cuda,./results/lambda_psi_hidden_only/checkpoints/cifar100/traditional_field/cifar100__traditional_field__seed4__lr0p0003__cfg0bebecbb5633.pt,3.4697586715698243,19.32,44.34,,,,,,,3.49448618850708,19.13,43.45,,,,,,,0.7512146830558777,0.4479502737522125,0.8186398148536682,0.28731828927993774,0.7561067938804626,0.14032910764217377,,
cifar100__traditional_field__seed0__lr0p0005__cfg0bebecbb5633,0bebecbb5633,96b354dd2d4cd04c,2.12.1+cu130,0.27.1+cu130,1.9.0,2.5.2,0,4,2026-08-30T10:55:12.382643+00:00,ok,,cifar100,classification,traditional_field,Traditional neuron + Lambda-Psi,traditional,1,none,0,1,1,0.5,0.5,0,2026,0.0005,0.0001,0.0,100,100,85,20,0.0001,64,384,256,192,1347242,1347242,867.9031204213388,cuda,./results/lambda_psi_hidden_only/checkpoints/cifar100/traditional_field/cifar100__traditional_field__seed0__lr0p0005__cfg0bebecbb5633.pt,3.2394650611877442,22.82,49.62,,,,,,,3.2484247688293455,22.770000000000003,49.39,,,,,,,0.8101308345794678,0.5311480164527893,0.9289983510971069,0.19475238025188446,0.8796426057815552,0.011760877445340157,,
cifar100__traditional_field__seed1__lr0p0005__cfg0bebecbb5633,0bebecbb5633,96b354dd2d4cd04c,2.12.1+cu130,0.27.1+cu130,1.9.0,2.5.2,0,4,2026-08-30T11:09:48.001401+00:00,ok,,cifar100,classification,traditional_field,Traditional neuron + Lambda-Psi,traditional,1,none,0,1,1,0.5,0.5,1,2026,0.0005,0.0001,0.0,100,100,96,20,0.0001,64,384,256,192,1347242,1347242,870.8964512818493,cuda,./results/lambda_psi_hidden_only/checkpoints/cifar100/traditional_field/cifar100__traditional_field__seed1__lr0p0005__cfg0bebecbb5633.pt,3.2458797927856446,22.400000000000002,49.980000000000004,,,,,,,3.25514669418335,22.24,49.3,,,,,,,0.7998049855232239,0.5358559489250183,0.9257142543792725,0.1695145219564438,0.8881101608276367,0.0108088543638587,,
cifar100__traditional_field__seed2__lr0p0005__cfg0bebecbb5633,0bebecbb5633,96b354dd2d4cd04c,2.12.1+cu130,0.27.1+cu130,1.9.0,2.5.2,0,4,2026-08-30T11:24:19.075584+00:00,ok,,cifar100,classification,traditional_field,Traditional neuron + Lambda-Psi,traditional,1,none,0,1,1,0.5,0.5,2,2026,0.0005,0.0001,0.0,100,100,91,20,0.0001,64,384,256,192,1347242,1347242,866.479583770968,cuda,./results/lambda_psi_hidden_only/checkpoints/cifar100/traditional_field/cifar100__traditional_field__seed2__lr0p0005__cfg0bebecbb5633.pt,3.2388243183135987,22.46,50.0,,,,,,,3.2451378505706785,22.759999999999998,49.63,,,,,,,0.8076369762420654,0.518358051776886,0.9179297089576721,0.17806698381900787,0.9036063551902771,0.009519539773464203,,
cifar100__traditional_field__seed3__lr0p0005__cfg0bebecbb5633,0bebecbb5633,96b354dd2d4cd04c,2.12.1+cu130,0.27.1+cu130,1.9.0,2.5.2,0,4,2026-08-30T11:38:34.306415+00:00,ok,,cifar100,classification,traditional_field,Traditional neuron + Lambda-Psi,traditional,1,none,0,1,1,0.5,0.5,3,2026,0.0005,0.0001,0.0,100,99,79,20,0.0001,64,384,256,192,1347242,1347242,850.4076138320379,cuda,./results/lambda_psi_hidden_only/checkpoints/cifar100/traditional_field/cifar100__traditional_field__seed3__lr0p0005__cfg0bebecbb5633.pt,3.2386165313720703,22.52,49.86,,,,,,,3.2604713794708253,22.55,49.26,,,,,,,0.8024812936782837,0.5415633916854858,0.9251681566238403,0.17555731534957886,0.8907136917114258,0.01391877606511116,,
cifar100__traditional_field__seed4__lr0p0005__cfg0bebecbb5633,0bebecbb5633,96b354dd2d4cd04c,2.12.1+cu130,0.27.1+cu130,1.9.0,2.5.2,0,4,2026-08-30T11:52:58.828929+00:00,ok,,cifar100,classification,traditional_field,Traditional neuron + Lambda-Psi,traditional,1,none,0,1,1,0.5,0.5,4,2026,0.0005,0.0001,0.0,100,100,83,20,0.0001,64,384,256,192,1347242,1347242,859.6991777112707,cuda,./results/lambda_psi_hidden_only/checkpoints/cifar100/traditional_field/cifar100__traditional_field__seed4__lr0p0005__cfg0bebecbb5633.pt,3.235049464035034,22.7,49.34,,,,,,,3.2421129096984864,22.220000000000002,49.33,,,,,,,0.8234972953796387,0.5094809532165527,0.930635392665863,0.16523689031600952,0.875342071056366,0.01330494973808527,,
cifar100__traditional_field__seed0__lr0p001__cfg0bebecbb5633,0bebecbb5633,96b354dd2d4cd04c,2.12.1+cu130,0.27.1+cu130,1.9.0,2.5.2,0,4,2026-08-30T12:07:00.531227+00:00,ok,,cifar100,classification,traditional_field,Traditional neuron + Lambda-Psi,traditional,1,none,0,1,1,0.5,0.5,0,2026,0.001,0.0001,0.0,100,97,77,20,0.0001,64,384,256,192,1347242,1347242,837.1772825238295,cuda,./results/lambda_psi_hidden_only/checkpoints/cifar100/traditional_field/cifar100__traditional_field__seed0__lr0p001__cfg0bebecbb5633.pt,3.0600363277435303,25.46,54.04,,,,,,,3.066925931930542,25.94,53.779999999999994,,,,,,,0.9197438955307007,0.7410805821418762,0.9683446288108826,0.05547822266817093,0.9714439511299133,0.0001079741632565856,,
cifar100__traditional_field__seed1__lr0p001__cfg0bebecbb5633,0bebecbb5633,96b354dd2d4cd04c,2.12.1+cu130,0.27.1+cu130,1.9.0,2.5.2,0,4,2026-08-30T12:21:08.497865+00:00,ok,,cifar100,classification,traditional_field,Traditional neuron + Lambda-Psi,traditional,1,none,0,1,1,0.5,0.5,1,2026,0.001,0.0001,0.0,100,98,78,20,0.0001,64,384,256,192,1347242,1347242,843.2784642879851,cuda,./results/lambda_psi_hidden_only/checkpoints/cifar100/traditional_field/cifar100__traditional_field__seed1__lr0p001__cfg0bebecbb5633.pt,3.0906128871917726,25.46,54.17999999999999,,,,,,,3.0871797355651855,25.52,53.7,,,,,,,0.9038727283477783,0.7616841197013855,0.9659600853919983,0.04952181503176689,0.9780905246734619,7.464408554369584e-05,,
cifar100__traditional_field__seed2__lr0p001__cfg0bebecbb5633,0bebecbb5633,96b354dd2d4cd04c,2.12.1+cu130,0.27.1+cu130,1.9.0,2.5.2,0,4,2026-08-30T12:35:30.590733+00:00,ok,,cifar100,classification,traditional_field,Traditional neuron + Lambda-Psi,traditional,1,none,0,1,1,0.5,0.5,2,2026,0.001,0.0001,0.0,100,100,88,20,0.0001,64,384,256,192,1347242,1347242,857.2082194797695,cuda,./results/lambda_psi_hidden_only/checkpoints/cifar100/traditional_field/cifar100__traditional_field__seed2__lr0p001__cfg0bebecbb5633.pt,3.0706040336608886,25.22,53.620000000000005,,,,,,,3.0711859748840333,25.509999999999998,53.89000000000001,,,,,,,0.9137495160102844,0.7276094555854797,0.9652297496795654,0.06287296861410141,0.9782892465591431,6.032515739207156e-05,,
cifar100__traditional_field__seed3__lr0p001__cfg0bebecbb5633,0bebecbb5633,96b354dd2d4cd04c,2.12.1+cu130,0.27.1+cu130,1.9.0,2.5.2,0,4,2026-08-30T12:50:07.285201+00:00,ok,,cifar100,classification,traditional_field,Traditional neuron + Lambda-Psi,traditional,1,none,0,1,1,0.5,0.5,3,2026,0.001,0.0001,0.0,100,100,84,20,0.0001,64,384,256,192,1347242,1347242,871.9352630698122,cuda,./results/lambda_psi_hidden_only/checkpoints/cifar100/traditional_field/cifar100__traditional_field__seed3__lr0p001__cfg0bebecbb5633.pt,3.05823476600647,26.46,54.2,,,,,,,3.076772319030762,25.66,53.510000000000005,,,,,,,0.9132503271102905,0.7419617772102356,0.9667064547538757,0.0600326769053936,0.9755457639694214,6.994923751335591e-05,,
cifar100__traditional_field__seed4__lr0p001__cfg0bebecbb5633,0bebecbb5633,96b354dd2d4cd04c,2.12.1+cu130,0.27.1+cu130,1.9.0,2.5.2,0,4,2026-08-30T13:04:33.248065+00:00,ok,,cifar100,classification,traditional_field,Traditional neuron + Lambda-Psi,traditional,1,none,0,1,1,0.5,0.5,4,2026,0.001,0.0001,0.0,100,100,94,20,0.0001,64,384,256,192,1347242,1347242,861.2069223681465,cuda,./results/lambda_psi_hidden_only/checkpoints/cifar100/traditional_field/cifar100__traditional_field__seed4__lr0p001__cfg0bebecbb5633.pt,3.0637070152282715,25.56,53.68000000000001,,,,,,,3.05963235244751,26.179999999999996,53.76,,,,,,,0.9172453880310059,0.7338578701019287,0.9662836790084839,0.053889043629169464,0.9739036560058594,5.574228271143511e-05,,
cifar100__traditional_field__seed0__lr0p002__cfg0bebecbb5633,0bebecbb5633,96b354dd2d4cd04c,2.12.1+cu130,0.27.1+cu130,1.9.0,2.5.2,0,4,2026-08-30T13:18:27.323748+00:00,ok,,cifar100,classification,traditional_field,Traditional neuron + Lambda-Psi,traditional,1,none,0,1,1,0.5,0.5,0,2026,0.002,0.0001,0.0,100,97,77,20,0.0001,64,384,256,192,1347242,1347242,829.4611126678064,cuda,./results/lambda_psi_hidden_only/checkpoints/cifar100/traditional_field/cifar100__traditional_field__seed0__lr0p002__cfg0bebecbb5633.pt,3.0757666820526124,25.900000000000002,53.76,,,,,,,3.078166710662842,26.02,54.16,,,,,,,0.9664211273193359,0.8889470100402832,0.9865814447402954,0.11084461957216263,0.9958087205886841,4.4891759898746386e-05,,
cifar100__traditional_field__seed1__lr0p002__cfg0bebecbb5633,0bebecbb5633,96b354dd2d4cd04c,2.12.1+cu130,0.27.1+cu130,1.9.0,2.5.2,0,4,2026-08-30T13:32:45.131130+00:00,ok,,cifar100,classification,traditional_field,Traditional neuron + Lambda-Psi,traditional,1,none,0,1,1,0.5,0.5,1,2026,0.002,0.0001,0.0,100,100,84,20,0.0001,64,384,256,192,1347242,1347242,853.1179590681568,cuda,./results/lambda_psi_hidden_only/checkpoints/cifar100/traditional_field/cifar100__traditional_field__seed1__lr0p002__cfg0bebecbb5633.pt,3.100175650405884,26.02,53.82,,,,,,,3.0852216598510744,26.169999999999998,54.04,,,,,,,0.9651362299919128,0.8915053606033325,0.9849603772163391,0.15128962695598602,0.9973449110984802,2.6956289730151184e-05,,
cifar100__traditional_field__seed2__lr0p002__cfg0bebecbb5633,0bebecbb5633,96b354dd2d4cd04c,2.12.1+cu130,0.27.1+cu130,1.9.0,2.5.2,0,4,2026-08-30T13:46:52.723816+00:00,ok,,cifar100,classification,traditional_field,Traditional neuron + Lambda-Psi,traditional,1,none,0,1,1,0.5,0.5,2,2026,0.002,0.0001,0.0,100,99,79,20,0.0001,64,384,256,192,1347242,1347242,842.8324674288742,cuda,./results/lambda_psi_hidden_only/checkpoints/cifar100/traditional_field/cifar100__traditional_field__seed2__lr0p002__cfg0bebecbb5633.pt,3.0850508785247803,25.7,54.0,,,,,,,3.090353394317627,26.179999999999996,54.13,,,,,,,0.9633376002311707,0.8875491619110107,0.984682559967041,0.17756518721580505,0.9964884519577026,3.175509118591435e-05,,
cifar100__traditional_field__seed3__lr0p002__cfg0bebecbb5633,0bebecbb5633,96b354dd2d4cd04c,2.12.1+cu130,0.27.1+cu130,1.9.0,2.5.2,0,4,2026-08-30T13:59:44.235592+00:00,ok,,cifar100,classification,traditional_field,Traditional neuron + Lambda-Psi,traditional,1,none,0,1,1,0.5,0.5,3,2026,0.002,0.0001,0.0,100,90,70,20,0.0001,64,384,256,192,1347242,1347242,766.8014991758391,cuda,./results/lambda_psi_hidden_only/checkpoints/cifar100/traditional_field/cifar100__traditional_field__seed3__lr0p002__cfg0bebecbb5633.pt,3.073798294067383,26.22,53.14,,,,,,,3.092985414123535,25.840000000000003,53.87,,,,,,,0.9625388383865356,0.8865612745285034,0.9831585884094238,0.22423705458641052,0.9966217279434204,6.785444566048682e-05,,
cifar100__traditional_field__seed4__lr0p002__cfg0bebecbb5633,0bebecbb5633,96b354dd2d4cd04c,2.12.1+cu130,0.27.1+cu130,1.9.0,2.5.2,0,4,2026-08-30T14:10:59.664570+00:00,ok,,cifar100,classification,traditional_field,Traditional neuron + Lambda-Psi,traditional,1,none,0,1,1,0.5,0.5,4,2026,0.002,0.0001,0.0,100,79,59,20,0.0001,64,384,256,192,1347242,1347242,670.7530787899159,cuda,./results/lambda_psi_hidden_only/checkpoints/cifar100/traditional_field/cifar100__traditional_field__seed4__lr0p002__cfg0bebecbb5633.pt,3.0925963680267334,25.779999999999998,53.22,,,,,,,3.1007942108154296,25.979999999999997,53.39,,,,,,,0.965639054775238,0.8792669773101807,0.982824444770813,0.2581099271774292,0.9968940019607544,0.0004175113281235099,,
cifar100__traditional_field__seed0__lr0p003__cfg0bebecbb5633,0bebecbb5633,96b354dd2d4cd04c,2.12.1+cu130,0.27.1+cu130,1.9.0,2.5.2,0,4,2026-08-30T14:25:15.388455+00:00,ok,,cifar100,classification,traditional_field,Traditional neuron + Lambda-Psi,traditional,1,none,0,1,1,0.5,0.5,0,2026,0.003,0.0001,0.0,100,100,83,20,0.0001,64,384,256,192,1347242,1347242,850.9325690679252,cuda,./results/lambda_psi_hidden_only/checkpoints/cifar100/traditional_field/cifar100__traditional_field__seed0__lr0p003__cfg0bebecbb5633.pt,3.104952791976929,26.58,53.620000000000005,,,,,,,3.1240349327087404,25.790000000000003,53.66,,,,,,,0.9806059002876282,0.9180006384849548,0.9889585971832275,0.43674933910369873,0.9979878664016724,0.008727392181754112,,
cifar100__traditional_field__seed1__lr0p003__cfg0bebecbb5633,0bebecbb5633,96b354dd2d4cd04c,2.12.1+cu130,0.27.1+cu130,1.9.0,2.5.2,0,4,2026-08-30T14:39:28.785894+00:00,ok,,cifar100,classification,traditional_field,Traditional neuron + Lambda-Psi,traditional,1,none,0,1,1,0.5,0.5,1,2026,0.003,0.0001,0.0,100,100,80,20,0.0001,64,384,256,192,1347242,1347242,848.7171017881483,cuda,./results/lambda_psi_hidden_only/checkpoints/cifar100/traditional_field/cifar100__traditional_field__seed1__lr0p003__cfg0bebecbb5633.pt,3.1065047790527345,25.979999999999997,53.900000000000006,,,,,,,3.1212405223846433,25.97,53.89000000000001,,,,,,,0.9834272861480713,0.9070302248001099,0.9901695847511292,0.4363114535808563,0.9985017776489258,0.01863742433488369,,
cifar100__traditional_field__seed2__lr0p003__cfg0bebecbb5633,0bebecbb5633,96b354dd2d4cd04c,2.12.1+cu130,0.27.1+cu130,1.9.0,2.5.2,0,4,2026-08-30T14:53:42.057141+00:00,ok,,cifar100,classification,traditional_field,Traditional neuron + Lambda-Psi,traditional,1,none,0,1,1,0.5,0.5,2,2026,0.003,0.0001,0.0,100,100,84,20,0.0001,64,384,256,192,1347242,1347242,848.6511629479937,cuda,./results/lambda_psi_hidden_only/checkpoints/cifar100/traditional_field/cifar100__traditional_field__seed2__lr0p003__cfg0bebecbb5633.pt,3.1259921852111816,25.900000000000002,52.64,,,,,,,3.125083698272705,26.43,53.849999999999994,,,,,,,0.9828243255615234,0.9123674035072327,0.9899975657463074,0.4243013858795166,0.9984140396118164,0.01006335485726595,,
cifar100__traditional_field__seed3__lr0p003__cfg0bebecbb5633,0bebecbb5633,96b354dd2d4cd04c,2.12.1+cu130,0.27.1+cu130,1.9.0,2.5.2,0,4,2026-08-30T15:07:19.574681+00:00,ok,,cifar100,classification,traditional_field,Traditional neuron + Lambda-Psi,traditional,1,none,0,1,1,0.5,0.5,3,2026,0.003,0.0001,0.0,100,96,76,20,0.0001,64,384,256,192,1347242,1347242,812.7745469030924,cuda,./results/lambda_psi_hidden_only/checkpoints/cifar100/traditional_field/cifar100__traditional_field__seed3__lr0p003__cfg0bebecbb5633.pt,3.0973324073791506,26.38,53.14,,,,,,,3.1356507194519043,25.83,53.480000000000004,,,,,,,0.9815428853034973,0.9161232709884644,0.9895910620689392,0.4482814371585846,0.9982089996337891,0.010249917395412922,,
cifar100__traditional_field__seed4__lr0p003__cfg0bebecbb5633,0bebecbb5633,96b354dd2d4cd04c,2.12.1+cu130,0.27.1+cu130,1.9.0,2.5.2,0,4,2026-08-30T15:18:41.068147+00:00,ok,,cifar100,classification,traditional_field,Traditional neuron + Lambda-Psi,traditional,1,none,0,1,1,0.5,0.5,4,2026,0.003,0.0001,0.0,100,80,60,20,0.0001,64,384,256,192,1347242,1347242,676.8207661840133,cuda,./results/lambda_psi_hidden_only/checkpoints/cifar100/traditional_field/cifar100__traditional_field__seed4__lr0p003__cfg0bebecbb5633.pt,3.129675973510742,25.419999999999998,52.459999999999994,,,,,,,3.135151746749878,25.430000000000003,53.23,,,,,,,0.9815396666526794,0.9086600542068481,0.9874402284622192,0.5107586979866028,0.9983178377151489,0.05045943707227707,,
cifar100__traditional_field_relu__seed0__lr0p0003__cfg7181d8625268,7181d8625268,96b354dd2d4cd04c,2.12.1+cu130,0.27.1+cu130,1.9.0,2.5.2,0,4,2026-08-30T15:31:32.681366+00:00,ok,,cifar100,classification,traditional_field_relu,Traditional neuron + Lambda-Psi + ReLU,traditional,1,after_field,0,1,1,0.5,0.5,0,2026,0.0003,0.0001,0.0,100,89,69,20,0.0001,64,384,256,192,1347242,1347242,767.1417988878675,cuda,./results/lambda_psi_hidden_only/checkpoints/cifar100/traditional_field_relu/cifar100__traditional_field_relu__seed0__lr0p0003__cfg7181d8625268.pt,3.26456840133667,25.759999999999998,51.459999999999994,,,,,,,3.2765234230041504,25.319999999999997,52.14,,,,,,,0.21269956231117249,0.22675354778766632,0.2144770473241806,0.2417101263999939,0.21682807803153992,0.23008792102336884,,
cifar100__traditional_field_relu__seed1__lr0p0003__cfg7181d8625268,7181d8625268,96b354dd2d4cd04c,2.12.1+cu130,0.27.1+cu130,1.9.0,2.5.2,0,4,2026-08-30T15:42:57.429373+00:00,ok,,cifar100,classification,traditional_field_relu,Traditional neuron + Lambda-Psi + ReLU,traditional,1,after_field,0,1,1,0.5,0.5,1,2026,0.0003,0.0001,0.0,100,79,59,20,0.0001,64,384,256,192,1347242,1347242,680.0398676428013,cuda,./results/lambda_psi_hidden_only/checkpoints/cifar100/traditional_field_relu/cifar100__traditional_field_relu__seed1__lr0p0003__cfg7181d8625268.pt,3.209665196990967,25.580000000000002,51.76,,,,,,,3.2288537963867188,25.39,52.22,,,,,,,0.22170299291610718,0.24216586351394653,0.2279258668422699,0.2503308057785034,0.22862491011619568,0.2387283891439438,,
cifar100__traditional_field_relu__seed2__lr0p0003__cfg7181d8625268,7181d8625268,96b354dd2d4cd04c,2.12.1+cu130,0.27.1+cu130,1.9.0,2.5.2,0,4,2026-08-30T15:53:11.959207+00:00,ok,,cifar100,classification,traditional_field_relu,Traditional neuron + Lambda-Psi + ReLU,traditional,1,after_field,0,1,1,0.5,0.5,2,2026,0.0003,0.0001,0.0,100,71,51,20,0.0001,64,384,256,192,1347242,1347242,609.9928935379721,cuda,./results/lambda_psi_hidden_only/checkpoints/cifar100/traditional_field_relu/cifar100__traditional_field_relu__seed2__lr0p0003__cfg7181d8625268.pt,3.183644836425781,25.46,52.32,,,,,,,3.2075378337860108,24.84,51.68000000000001,,,,,,,0.24015669524669647,0.25891515612602234,0.24508266150951385,0.2592085003852844,0.24915705621242523,0.2524893879890442,,
cifar100__traditional_field_relu__seed3__lr0p0003__cfg7181d8625268,7181d8625268,96b354dd2d4cd04c,2.12.1+cu130,0.27.1+cu130,1.9.0,2.5.2,0,4,2026-08-30T16:05:17.652876+00:00,ok,,cifar100,classification,traditional_field_relu,Traditional neuron + Lambda-Psi + ReLU,traditional,1,after_field,0,1,1,0.5,0.5,3,2026,0.0003,0.0001,0.0,100,84,64,20,0.0001,64,384,256,192,1347242,1347242,720.9807621389627,cuda,./results/lambda_psi_hidden_only/checkpoints/cifar100/traditional_field_relu/cifar100__traditional_field_relu__seed3__lr0p0003__cfg7181d8625268.pt,3.2224158222198485,25.619999999999997,51.68000000000001,,,,,,,3.2388915687561037,25.35,51.71,,,,,,,0.21449926495552063,0.23495268821716309,0.22044417262077332,0.2411240190267563,0.22162553668022156,0.2360849380493164,,
cifar100__traditional_field_relu__seed4__lr0p0003__cfg7181d8625268,7181d8625268,96b354dd2d4cd04c,2.12.1+cu130,0.27.1+cu130,1.9.0,2.5.2,0,4,2026-08-30T16:14:52.324164+00:00,ok,,cifar100,classification,traditional_field_relu,Traditional neuron + Lambda-Psi + ReLU,traditional,1,after_field,0,1,1,0.5,0.5,4,2026,0.0003,0.0001,0.0,100,72,52,20,0.0001,64,384,256,192,1347242,1347242,570.3345255269669,cuda,./results/lambda_psi_hidden_only/checkpoints/cifar100/traditional_field_relu/cifar100__traditional_field_relu__seed4__lr0p0003__cfg7181d8625268.pt,3.1891144859313965,25.319999999999997,51.339999999999996,,,,,,,3.1998463649749755,25.35,51.59,,,,,,,0.23728354275226593,0.2565385401248932,0.24575243890285492,0.2569161355495453,0.2477964609861374,0.2520359456539154,,
cifar100__traditional_field_relu__seed0__lr0p0005__cfg7181d8625268,7181d8625268,96b354dd2d4cd04c,2.12.1+cu130,0.27.1+cu130,1.9.0,2.5.2,0,4,2026-08-30T16:23:11.109373+00:00,ok,,cifar100,classification,traditional_field_relu,Traditional neuron + Lambda-Psi + ReLU,traditional,1,after_field,0,1,1,0.5,0.5,0,2026,0.0005,0.0001,0.0,100,68,48,20,0.0001,64,384,256,192,1347242,1347242,495.0708009121008,cuda,./results/lambda_psi_hidden_only/checkpoints/cifar100/traditional_field_relu/cifar100__traditional_field_relu__seed0__lr0p0005__cfg7181d8625268.pt,3.3062020179748535,25.28,50.56,,,,,,,3.327156024169922,24.37,50.690000000000005,,,,,,,0.29414302110671997,0.3242197036743164,0.3027331531047821,0.33556675910949707,0.2997151017189026,0.33031395077705383,,
cifar100__traditional_field_relu__seed1__lr0p0005__cfg7181d8625268,7181d8625268,96b354dd2d4cd04c,2.12.1+cu130,0.27.1+cu130,1.9.0,2.5.2,0,4,2026-08-30T16:31:00.850928+00:00,ok,,cifar100,classification,traditional_field_relu,Traditional neuron + Lambda-Psi + ReLU,traditional,1,after_field,0,1,1,0.5,0.5,1,2026,0.0005,0.0001,0.0,100,64,44,20,0.0001,64,384,256,192,1347242,1347242,465.96535623492673,cuda,./results/lambda_psi_hidden_only/checkpoints/cifar100/traditional_field_relu/cifar100__traditional_field_relu__seed1__lr0p0005__cfg7181d8625268.pt,3.2620395370483397,25.3,52.2,,,,,,,3.278605336380005,24.95,51.629999999999995,,,,,,,0.2974017858505249,0.3305954933166504,0.3114452660083771,0.33442172408103943,0.3053320646286011,0.335054486989975,,
cifar100__traditional_field_relu__seed2__lr0p0005__cfg7181d8625268,7181d8625268,96b354dd2d4cd04c,2.12.1+cu130,0.27.1+cu130,1.9.0,2.5.2,0,4,2026-08-30T16:38:06.723943+00:00,ok,,cifar100,classification,traditional_field_relu,Traditional neuron + Lambda-Psi + ReLU,traditional,1,after_field,0,1,1,0.5,0.5,2,2026,0.0005,0.0001,0.0,100,58,38,20,0.0001,64,384,256,192,1347242,1347242,421.96930456813425,cuda,./results/lambda_psi_hidden_only/checkpoints/cifar100/traditional_field_relu/cifar100__traditional_field_relu__seed2__lr0p0005__cfg7181d8625268.pt,3.213087493133545,25.0,51.9,,,,,,,3.252382880783081,24.84,51.17,,,,,,,0.30861711502075195,0.34419313073158264,0.3193953335285187,0.33851295709609985,0.3203878104686737,0.3390323519706726,,
cifar100__traditional_field_relu__seed3__lr0p0005__cfg7181d8625268,7181d8625268,96b354dd2d4cd04c,2.12.1+cu130,0.27.1+cu130,1.9.0,2.5.2,0,4,2026-08-30T16:48:38.781674+00:00,ok,,cifar100,classification,traditional_field_relu,Traditional neuron + Lambda-Psi + ReLU,traditional,1,after_field,0,1,1,0.5,0.5,3,2026,0.0005,0.0001,0.0,100,86,66,20,0.0001,64,384,256,192,1347242,1347242,628.2571636619978,cuda,./results/lambda_psi_hidden_only/checkpoints/cifar100/traditional_field_relu/cifar100__traditional_field_relu__seed3__lr0p0005__cfg7181d8625268.pt,3.470070636367798,24.92,50.54,,,,,,,3.465485607910156,24.47,51.339999999999996,,,,,,,0.26525554060935974,0.30829760432243347,0.2807057201862335,0.3168392777442932,0.2699562907218933,0.3241579532623291,,
cifar100__traditional_field_relu__seed4__lr0p0005__cfg7181d8625268,7181d8625268,96b354dd2d4cd04c,2.12.1+cu130,0.27.1+cu130,1.9.0,2.5.2,0,4,2026-08-30T16:58:10.908353+00:00,ok,,cifar100,classification,traditional_field_relu,Traditional neuron + Lambda-Psi + ReLU,traditional,1,after_field,0,1,1,0.5,0.5,4,2026,0.0005,0.0001,0.0,100,78,58,20,0.0001,64,384,256,192,1347242,1347242,568.3478225362487,cuda,./results/lambda_psi_hidden_only/checkpoints/cifar100/traditional_field_relu/cifar100__traditional_field_relu__seed4__lr0p0005__cfg7181d8625268.pt,3.381149801826477,25.4,51.019999999999996,,,,,,,3.404148931121826,24.9,51.01,,,,,,,0.27447792887687683,0.315998911857605,0.28931593894958496,0.3234918415546417,0.2833303213119507,0.32418492436408997,,
cifar100__traditional_field_relu__seed0__lr0p001__cfg7181d8625268,7181d8625268,96b354dd2d4cd04c,2.12.1+cu130,0.27.1+cu130,1.9.0,2.5.2,0,4,2026-08-30T17:06:44.457975+00:00,ok,,cifar100,classification,traditional_field_relu,Traditional neuron + Lambda-Psi + ReLU,traditional,1,after_field,0,1,1,0.5,0.5,0,2026,0.001,0.0001,0.0,100,70,50,20,0.0001,64,384,256,192,1347242,1347242,509.8463327297941,cuda,./results/lambda_psi_hidden_only/checkpoints/cifar100/traditional_field_relu/cifar100__traditional_field_relu__seed0__lr0p001__cfg7181d8625268.pt,3.418581684112549,24.88,50.760000000000005,,,,,,,3.4410051105499266,24.62,50.839999999999996,,,,,,,0.4933173954486847,0.4911286532878876,0.5175935626029968,0.4545867145061493,0.5087985992431641,0.433307021856308,,
cifar100__traditional_field_relu__seed1__lr0p001__cfg7181d8625268,7181d8625268,96b354dd2d4cd04c,2.12.1+cu130,0.27.1+cu130,1.9.0,2.5.2,0,4,2026-08-30T17:14:35.165696+00:00,ok,,cifar100,classification,traditional_field_relu,Traditional neuron + Lambda-Psi + ReLU,traditional,1,after_field,0,1,1,0.5,0.5,1,2026,0.001,0.0001,0.0,100,64,44,20,0.0001,64,384,256,192,1347242,1347242,467.00100351683795,cuda,./results/lambda_psi_hidden_only/checkpoints/cifar100/traditional_field_relu/cifar100__traditional_field_relu__seed1__lr0p001__cfg7181d8625268.pt,3.337051870727539,25.22,51.44,,,,,,,3.3847967498779297,24.169999999999998,51.1,,,,,,,0.49088555574417114,0.48910126090049744,0.5224360823631287,0.4609455168247223,0.5130575299263,0.43788689374923706,,
cifar100__traditional_field_relu__seed2__lr0p001__cfg7181d8625268,7181d8625268,96b354dd2d4cd04c,2.12.1+cu130,0.27.1+cu130,1.9.0,2.5.2,0,4,2026-08-30T17:22:11.312560+00:00,ok,,cifar100,classification,traditional_field_relu,Traditional neuron + Lambda-Psi + ReLU,traditional,1,after_field,0,1,1,0.5,0.5,2,2026,0.001,0.0001,0.0,100,63,43,20,0.0001,64,384,256,192,1347242,1347242,452.2756925681606,cuda,./results/lambda_psi_hidden_only/checkpoints/cifar100/traditional_field_relu/cifar100__traditional_field_relu__seed2__lr0p001__cfg7181d8625268.pt,3.3121618057250974,25.28,50.660000000000004,,,,,,,3.3486254264831543,24.87,50.99,,,,,,,0.49409911036491394,0.4979962408542633,0.5180765390396118,0.4535025358200073,0.5174134373664856,0.43574973940849304,,
cifar100__traditional_field_relu__seed3__lr0p001__cfg7181d8625268,7181d8625268,96b354dd2d4cd04c,2.12.1+cu130,0.27.1+cu130,1.9.0,2.5.2,0,4,2026-08-30T17:29:30.905846+00:00,ok,,cifar100,classification,traditional_field_relu,Traditional neuron + Lambda-Psi + ReLU,traditional,1,after_field,0,1,1,0.5,0.5,3,2026,0.001,0.0001,0.0,100,60,40,20,0.0001,64,384,256,192,1347242,1347242,435.7876381552778,cuda,./results/lambda_psi_hidden_only/checkpoints/cifar100/traditional_field_relu/cifar100__traditional_field_relu__seed3__lr0p001__cfg7181d8625268.pt,3.3510092765808106,25.28,50.660000000000004,,,,,,,3.367929075241089,24.43,51.0,,,,,,,0.49894270300865173,0.4950753450393677,0.524013340473175,0.4596706032752991,0.5190077424049377,0.43046334385871887,,
cifar100__traditional_field_relu__seed4__lr0p001__cfg7181d8625268,7181d8625268,96b354dd2d4cd04c,2.12.1+cu130,0.27.1+cu130,1.9.0,2.5.2,0,4,2026-08-30T17:36:53.674931+00:00,ok,,cifar100,classification,traditional_field_relu,Traditional neuron + Lambda-Psi + ReLU,traditional,1,after_field,0,1,1,0.5,0.5,4,2026,0.001,0.0001,0.0,100,60,40,20,0.0001,64,384,256,192,1347242,1347242,438.9572881925851,cuda,./results/lambda_psi_hidden_only/checkpoints/cifar100/traditional_field_relu/cifar100__traditional_field_relu__seed4__lr0p001__cfg7181d8625268.pt,3.264141018676758,25.14,52.42,,,,,,,3.330410869216919,24.83,51.53,,,,,,,0.5004375576972961,0.49668851494789124,0.5268575549125671,0.4562385380268097,0.5173719525337219,0.43025368452072144,,
cifar100__traditional_field_relu__seed0__lr0p002__cfg7181d8625268,7181d8625268,96b354dd2d4cd04c,2.12.1+cu130,0.27.1+cu130,1.9.0,2.5.2,0,4,2026-08-30T17:49:04.973950+00:00,ok,,cifar100,classification,traditional_field_relu,Traditional neuron + Lambda-Psi + ReLU,traditional,1,after_field,0,1,1,0.5,0.5,0,2026,0.002,0.0001,0.0,100,100,95,20,0.0001,64,384,256,192,1347242,1347242,727.4984882916324,cuda,./results/lambda_psi_hidden_only/checkpoints/cifar100/traditional_field_relu/cifar100__traditional_field_relu__seed0__lr0p002__cfg7181d8625268.pt,3.441121014022827,26.040000000000003,52.339999999999996,,,,,,,3.480584008026123,25.119999999999997,51.910000000000004,,,,,,,0.7459346652030945,0.5870306491851807,0.7927814722061157,0.4590201675891876,0.67585289478302,0.42838895320892334,,
cifar100__traditional_field_relu__seed1__lr0p002__cfg7181d8625268,7181d8625268,96b354dd2d4cd04c,2.12.1+cu130,0.27.1+cu130,1.9.0,2.5.2,0,4,2026-08-30T18:01:14.931717+00:00,ok,,cifar100,classification,traditional_field_relu,Traditional neuron + Lambda-Psi + ReLU,traditional,1,after_field,0,1,1,0.5,0.5,1,2026,0.002,0.0001,0.0,100,100,81,20,0.0001,64,384,256,192,1347242,1347242,726.2370886299759,cuda,./results/lambda_psi_hidden_only/checkpoints/cifar100/traditional_field_relu/cifar100__traditional_field_relu__seed1__lr0p002__cfg7181d8625268.pt,3.300514636230469,26.119999999999997,53.1,,,,,,,3.3518770519256593,25.91,52.190000000000005,,,,,,,0.7517349720001221,0.5936622619628906,0.8029280304908752,0.4385721981525421,0.6830649971961975,0.4180060923099518,,
cifar100__traditional_field_relu__seed2__lr0p002__cfg7181d8625268,7181d8625268,96b354dd2d4cd04c,2.12.1+cu130,0.27.1+cu130,1.9.0,2.5.2,0,4,2026-08-30T18:10:48.187651+00:00,ok,,cifar100,classification,traditional_field_relu,Traditional neuron + Lambda-Psi + ReLU,traditional,1,after_field,0,1,1,0.5,0.5,2,2026,0.002,0.0001,0.0,100,78,58,20,0.0001,64,384,256,192,1347242,1347242,569.4485226059332,cuda,./results/lambda_psi_hidden_only/checkpoints/cifar100/traditional_field_relu/cifar100__traditional_field_relu__seed2__lr0p002__cfg7181d8625268.pt,3.329738500213623,25.14,52.300000000000004,,,,,,,3.3896499576568604,25.22,51.38,,,,,,,0.7582236528396606,0.5911527872085571,0.8068631291389465,0.4447614252567291,0.7041324377059937,0.44281861186027527,,
cifar100__traditional_field_relu__seed3__lr0p002__cfg7181d8625268,7181d8625268,96b354dd2d4cd04c,2.12.1+cu130,0.27.1+cu130,1.9.0,2.5.2,0,4,2026-08-30T18:22:42.806112+00:00,ok,,cifar100,classification,traditional_field_relu,Traditional neuron + Lambda-Psi + ReLU,traditional,1,after_field,0,1,1,0.5,0.5,3,2026,0.002,0.0001,0.0,100,97,77,20,0.0001,64,384,256,192,1347242,1347242,710.8185861338861,cuda,./results/lambda_psi_hidden_only/checkpoints/cifar100/traditional_field_relu/cifar100__traditional_field_relu__seed3__lr0p002__cfg7181d8625268.pt,3.41758131980896,25.96,52.300000000000004,,,,,,,3.47117265625,25.39,52.03,,,,,,,0.7490331530570984,0.5955879092216492,0.786475419998169,0.4541192054748535,0.6960311532020569,0.4428764581680298,,
cifar100__traditional_field_relu__seed4__lr0p002__cfg7181d8625268,7181d8625268,96b354dd2d4cd04c,2.12.1+cu130,0.27.1+cu130,1.9.0,2.5.2,0,4,2026-08-30T18:35:00.604793+00:00,ok,,cifar100,classification,traditional_field_relu,Traditional neuron + Lambda-Psi + ReLU,traditional,1,after_field,0,1,1,0.5,0.5,4,2026,0.002,0.0001,0.0,100,100,82,20,0.0001,64,384,256,192,1347242,1347242,734.0800387579948,cuda,./results/lambda_psi_hidden_only/checkpoints/cifar100/traditional_field_relu/cifar100__traditional_field_relu__seed4__lr0p002__cfg7181d8625268.pt,3.3398223461151124,25.779999999999998,52.92,,,,,,,3.377436002731323,26.19,53.03,,,,,,,0.744863748550415,0.5880106687545776,0.7965028285980225,0.470569908618927,0.6942112445831299,0.4098243713378906,,
cifar100__traditional_field_relu__seed0__lr0p003__cfg7181d8625268,7181d8625268,96b354dd2d4cd04c,2.12.1+cu130,0.27.1+cu130,1.9.0,2.5.2,0,4,2026-08-30T18:46:25.144837+00:00,ok,,cifar100,classification,traditional_field_relu,Traditional neuron + Lambda-Psi + ReLU,traditional,1,after_field,0,1,1,0.5,0.5,0,2026,0.003,0.0001,0.0,100,94,74,20,0.0001,64,384,256,192,1347242,1347242,680.7611402990296,cuda,./results/lambda_psi_hidden_only/checkpoints/cifar100/traditional_field_relu/cifar100__traditional_field_relu__seed0__lr0p003__cfg7181d8625268.pt,3.2254136165618896,26.740000000000002,53.44,,,,,,,3.272208084487915,25.96,52.99,,,,,,,0.8554733991622925,0.5987273454666138,0.9098955392837524,0.40237945318222046,0.7616450786590576,0.41502782702445984,,
cifar100__traditional_field_relu__seed1__lr0p003__cfg7181d8625268,7181d8625268,96b354dd2d4cd04c,2.12.1+cu130,0.27.1+cu130,1.9.0,2.5.2,0,4,2026-08-30T18:57:32.499134+00:00,ok,,cifar100,classification,traditional_field_relu,Traditional neuron + Lambda-Psi + ReLU,traditional,1,after_field,0,1,1,0.5,0.5,1,2026,0.003,0.0001,0.0,100,91,71,20,0.0001,64,384,256,192,1347242,1347242,663.5160919721238,cuda,./results/lambda_psi_hidden_only/checkpoints/cifar100/traditional_field_relu/cifar100__traditional_field_relu__seed1__lr0p003__cfg7181d8625268.pt,3.1424783073425293,26.56,54.620000000000005,,,,,,,3.1786322052001954,26.52,53.49,,,,,,,0.8553725481033325,0.6060368418693542,0.9172427654266357,0.37417104840278625,0.746059238910675,0.4149022102355957,,
cifar100__traditional_field_relu__seed2__lr0p003__cfg7181d8625268,7181d8625268,96b354dd2d4cd04c,2.12.1+cu130,0.27.1+cu130,1.9.0,2.5.2,0,4,2026-08-30T19:09:47.750846+00:00,ok,,cifar100,classification,traditional_field_relu,Traditional neuron + Lambda-Psi + ReLU,traditional,1,after_field,0,1,1,0.5,0.5,2,2026,0.003,0.0001,0.0,100,100,82,20,0.0001,64,384,256,192,1347242,1347242,731.4916634783149,cuda,./results/lambda_psi_hidden_only/checkpoints/cifar100/traditional_field_relu/cifar100__traditional_field_relu__seed2__lr0p003__cfg7181d8625268.pt,3.2546210193634035,26.52,54.14,,,,,,,3.278555450439453,26.13,53.690000000000005,,,,,,,0.8539242744445801,0.6044074296951294,0.9162644147872925,0.3845615088939667,0.7440391778945923,0.4184977412223816,,
cifar100__traditional_field_relu__seed3__lr0p003__cfg7181d8625268,7181d8625268,96b354dd2d4cd04c,2.12.1+cu130,0.27.1+cu130,1.9.0,2.5.2,0,4,2026-08-30T19:21:54.478707+00:00,ok,,cifar100,classification,traditional_field_relu,Traditional neuron + Lambda-Psi + ReLU,traditional,1,after_field,0,1,1,0.5,0.5,3,2026,0.003,0.0001,0.0,100,99,79,20,0.0001,64,384,256,192,1347242,1347242,722.9189848261885,cuda,./results/lambda_psi_hidden_only/checkpoints/cifar100/traditional_field_relu/cifar100__traditional_field_relu__seed3__lr0p003__cfg7181d8625268.pt,3.207485500526428,26.479999999999997,53.82,,,,,,,3.2495495849609375,26.33,53.14,,,,,,,0.856195867061615,0.6056721806526184,0.8977699279785156,0.39064690470695496,0.7732263803482056,0.41054391860961914,,
cifar100__traditional_field_relu__seed4__lr0p003__cfg7181d8625268,7181d8625268,96b354dd2d4cd04c,2.12.1+cu130,0.27.1+cu130,1.9.0,2.5.2,0,4,2026-08-30T19:34:05.496508+00:00,ok,,cifar100,classification,traditional_field_relu,Traditional neuron + Lambda-Psi + ReLU,traditional,1,after_field,0,1,1,0.5,0.5,4,2026,0.003,0.0001,0.0,100,100,86,20,0.0001,64,384,256,192,1347242,1347242,727.302152606193,cuda,./results/lambda_psi_hidden_only/checkpoints/cifar100/traditional_field_relu/cifar100__traditional_field_relu__seed4__lr0p003__cfg7181d8625268.pt,3.194956336784363,26.66,53.339999999999996,,,,,,,3.228243119812012,26.87,53.76,,,,,,,0.8565871119499207,0.6020839810371399,0.9063563346862793,0.388558566570282,0.7590567469596863,0.40815097093582153,,
cifar100__traditional_relu_field__seed0__lr0p0003__cfg163c4235d84d,163c4235d84d,96b354dd2d4cd04c,2.12.1+cu130,0.27.1+cu130,1.9.0,2.5.2,0,4,2026-08-30T19:46:05.491062+00:00,ok,,cifar100,classification,traditional_relu_field,Traditional neuron + ReLU + Lambda-Psi,traditional,1,before_field,0,1,1,0.5,0.5,0,2026,0.0003,0.0001,0.0,100,100,85,20,0.0001,64,384,256,192,1347242,1347242,716.1813319572248,cuda,./results/lambda_psi_hidden_only/checkpoints/cifar100/traditional_relu_field/cifar100__traditional_relu_field__seed0__lr0p0003__cfg163c4235d84d.pt,3.074667462158203,25.919999999999998,54.48,,,,,,,3.118904196166992,25.509999999999998,52.839999999999996,,,,,,,0.2374681532382965,0.19672784209251404,0.24954675137996674,0.1575745940208435,0.25660440325737,0.1592109352350235,,
cifar100__traditional_relu_field__seed1__lr0p0003__cfg163c4235d84d,163c4235d84d,96b354dd2d4cd04c,2.12.1+cu130,0.27.1+cu130,1.9.0,2.5.2,0,4,2026-08-30T19:57:08.890878+00:00,ok,,cifar100,classification,traditional_relu_field,Traditional neuron + ReLU + Lambda-Psi,traditional,1,before_field,0,1,1,0.5,0.5,1,2026,0.0003,0.0001,0.0,100,91,71,20,0.0001,64,384,256,192,1347242,1347242,659.5555068980902,cuda,./results/lambda_psi_hidden_only/checkpoints/cifar100/traditional_relu_field/cifar100__traditional_relu_field__seed1__lr0p0003__cfg163c4235d84d.pt,3.0938045364379883,25.840000000000003,52.480000000000004,,,,,,,3.141584043121338,25.27,52.12,,,,,,,0.2504536211490631,0.21039800345897675,0.2602154314517975,0.15972016751766205,0.25379517674446106,0.15637129545211792,,
cifar100__traditional_relu_field__seed2__lr0p0003__cfg163c4235d84d,163c4235d84d,96b354dd2d4cd04c,2.12.1+cu130,0.27.1+cu130,1.9.0,2.5.2,0,4,2026-08-30T20:07:27.290956+00:00,ok,,cifar100,classification,traditional_relu_field,Traditional neuron + ReLU + Lambda-Psi,traditional,1,before_field,0,1,1,0.5,0.5,2,2026,0.0003,0.0001,0.0,100,84,64,20,0.0001,64,384,256,192,1347242,1347242,614.5550125078298,cuda,./results/lambda_psi_hidden_only/checkpoints/cifar100/traditional_relu_field/cifar100__traditional_relu_field__seed2__lr0p0003__cfg163c4235d84d.pt,3.07867879486084,26.46,52.839999999999996,,,,,,,3.1428080081939695,25.03,52.51,,,,,,,0.25777575373649597,0.1923162341117859,0.269890695810318,0.16060584783554077,0.26322248578071594,0.1666756570339203,,
cifar100__traditional_relu_field__seed3__lr0p0003__cfg163c4235d84d,163c4235d84d,96b354dd2d4cd04c,2.12.1+cu130,0.27.1+cu130,1.9.0,2.5.2,0,4,2026-08-30T20:19:06.574387+00:00,ok,,cifar100,classification,traditional_relu_field,Traditional neuron + ReLU + Lambda-Psi,traditional,1,before_field,0,1,1,0.5,0.5,3,2026,0.0003,0.0001,0.0,100,100,89,20,0.0001,64,384,256,192,1347242,1347242,695.4591971528716,cuda,./results/lambda_psi_hidden_only/checkpoints/cifar100/traditional_relu_field/cifar100__traditional_relu_field__seed3__lr0p0003__cfg163c4235d84d.pt,3.0925654163360594,25.919999999999998,52.86,,,,,,,3.1565674613952637,25.06,51.78,,,,,,,0.24600879848003387,0.1763734370470047,0.2592468857765198,0.16335967183113098,0.2560074031352997,0.16482560336589813,,
cifar100__traditional_relu_field__seed4__lr0p0003__cfg163c4235d84d,163c4235d84d,96b354dd2d4cd04c,2.12.1+cu130,0.27.1+cu130,1.9.0,2.5.2,0,4,2026-08-30T20:30:37.218641+00:00,ok,,cifar100,classification,traditional_relu_field,Traditional neuron + ReLU + Lambda-Psi,traditional,1,before_field,0,1,1,0.5,0.5,4,2026,0.0003,0.0001,0.0,100,98,78,20,0.0001,64,384,256,192,1347242,1347242,686.8056248133071,cuda,./results/lambda_psi_hidden_only/checkpoints/cifar100/traditional_relu_field/cifar100__traditional_relu_field__seed4__lr0p0003__cfg163c4235d84d.pt,3.0941123733520506,25.979999999999997,53.480000000000004,,,,,,,3.1314187099456787,25.34,52.470000000000006,,,,,,,0.2454884648323059,0.18222767114639282,0.2598941922187805,0.16227702796459198,0.24862436950206757,0.1603175401687622,,
cifar100__traditional_relu_field__seed0__lr0p0005__cfg163c4235d84d,163c4235d84d,96b354dd2d4cd04c,2.12.1+cu130,0.27.1+cu130,1.9.0,2.5.2,0,4,2026-08-30T20:42:43.273171+00:00,ok,,cifar100,classification,traditional_relu_field,Traditional neuron + ReLU + Lambda-Psi,traditional,1,before_field,0,1,1,0.5,0.5,0,2026,0.0005,0.0001,0.0,100,100,89,20,0.0001,64,384,256,192,1347242,1347242,722.1313355541788,cuda,./results/lambda_psi_hidden_only/checkpoints/cifar100/traditional_relu_field/cifar100__traditional_relu_field__seed0__lr0p0005__cfg163c4235d84d.pt,3.064677904129028,26.5,54.1,,,,,,,3.0865022274017333,26.26,53.55,,,,,,,0.3364308476448059,0.1761142462491989,0.3831411898136139,0.17692290246486664,0.3424982726573944,0.13897596299648285,,
cifar100__traditional_relu_field__seed1__lr0p0005__cfg163c4235d84d,163c4235d84d,96b354dd2d4cd04c,2.12.1+cu130,0.27.1+cu130,1.9.0,2.5.2,0,4,2026-08-30T20:54:08.929631+00:00,ok,,cifar100,classification,traditional_relu_field,Traditional neuron + ReLU + Lambda-Psi,traditional,1,before_field,0,1,1,0.5,0.5,1,2026,0.0005,0.0001,0.0,100,94,74,20,0.0001,64,384,256,192,1347242,1347242,681.8780246563256,cuda,./results/lambda_psi_hidden_only/checkpoints/cifar100/traditional_relu_field/cifar100__traditional_relu_field__seed1__lr0p0005__cfg163c4235d84d.pt,3.088279386138916,26.419999999999998,52.900000000000006,,,,,,,3.1230705978393556,25.929999999999996,53.13,,,,,,,0.34759506583213806,0.18140000104904175,0.3828161656856537,0.1805078089237213,0.33436402678489685,0.1420392543077469,,
cifar100__traditional_relu_field__seed2__lr0p0005__cfg163c4235d84d,163c4235d84d,96b354dd2d4cd04c,2.12.1+cu130,0.27.1+cu130,1.9.0,2.5.2,0,4,2026-08-30T21:05:57.222803+00:00,ok,,cifar100,classification,traditional_relu_field,Traditional neuron + ReLU + Lambda-Psi,traditional,1,before_field,0,1,1,0.5,0.5,2,2026,0.0005,0.0001,0.0,100,100,83,20,0.0001,64,384,256,192,1347242,1347242,704.514290752355,cuda,./results/lambda_psi_hidden_only/checkpoints/cifar100/traditional_relu_field/cifar100__traditional_relu_field__seed2__lr0p0005__cfg163c4235d84d.pt,3.100596173095703,26.540000000000003,53.18000000000001,,,,,,,3.1118978839874267,26.41,53.459999999999994,,,,,,,0.3578447997570038,0.16739945113658905,0.39516592025756836,0.17861543595790863,0.3269018828868866,0.14502954483032227,,
cifar100__traditional_relu_field__seed3__lr0p0005__cfg163c4235d84d,163c4235d84d,96b354dd2d4cd04c,2.12.1+cu130,0.27.1+cu130,1.9.0,2.5.2,0,4,2026-08-30T21:17:39.092982+00:00,ok,,cifar100,classification,traditional_relu_field,Traditional neuron + ReLU + Lambda-Psi,traditional,1,before_field,0,1,1,0.5,0.5,3,2026,0.0005,0.0001,0.0,100,99,79,20,0.0001,64,384,256,192,1347242,1347242,698.0430537010543,cuda,./results/lambda_psi_hidden_only/checkpoints/cifar100/traditional_relu_field/cifar100__traditional_relu_field__seed3__lr0p0005__cfg163c4235d84d.pt,3.0902631893157957,26.840000000000003,53.52,,,,,,,3.12502693901062,26.229999999999997,53.28000000000001,,,,,,,0.35698938369750977,0.16507874429225922,0.39350178837776184,0.183146670460701,0.3339225947856903,0.14213378727436066,,
cifar100__traditional_relu_field__seed4__lr0p0005__cfg163c4235d84d,163c4235d84d,96b354dd2d4cd04c,2.12.1+cu130,0.27.1+cu130,1.9.0,2.5.2,0,4,2026-08-30T21:27:36.105918+00:00,ok,,cifar100,classification,traditional_relu_field,Traditional neuron + ReLU + Lambda-Psi,traditional,1,before_field,0,1,1,0.5,0.5,4,2026,0.0005,0.0001,0.0,100,76,56,20,0.0001,64,384,256,192,1347242,1347242,593.1178890462033,cuda,./results/lambda_psi_hidden_only/checkpoints/cifar100/traditional_relu_field/cifar100__traditional_relu_field__seed4__lr0p0005__cfg163c4235d84d.pt,3.108250536727905,25.82,53.12,,,,,,,3.146856043243408,24.66,52.0,,,,,,,0.36562395095825195,0.18169431388378143,0.40220823884010315,0.19744999706745148,0.3401331901550293,0.1543678194284439,,
cifar100__traditional_relu_field__seed0__lr0p001__cfg163c4235d84d,163c4235d84d,96b354dd2d4cd04c,2.12.1+cu130,0.27.1+cu130,1.9.0,2.5.2,0,4,2026-08-30T21:38:22.089002+00:00,ok,,cifar100,classification,traditional_relu_field,Traditional neuron + ReLU + Lambda-Psi,traditional,1,before_field,0,1,1,0.5,0.5,0,2026,0.001,0.0001,0.0,100,83,63,20,0.0001,64,384,256,192,1347242,1347242,642.0098852193914,cuda,./results/lambda_psi_hidden_only/checkpoints/cifar100/traditional_relu_field/cifar100__traditional_relu_field__seed0__lr0p001__cfg163c4235d84d.pt,3.040818948364258,26.08,54.2,,,,,,,3.0693247917175293,25.430000000000003,53.339999999999996,,,,,,,0.6270396709442139,0.17014653980731964,0.7022802233695984,0.2757222652435303,0.34252676367759705,0.13833507895469666,,
cifar100__traditional_relu_field__seed1__lr0p001__cfg163c4235d84d,163c4235d84d,96b354dd2d4cd04c,2.12.1+cu130,0.27.1+cu130,1.9.0,2.5.2,0,4,2026-08-30T21:51:09.537635+00:00,ok,,cifar100,classification,traditional_relu_field,Traditional neuron + ReLU + Lambda-Psi,traditional,1,before_field,0,1,1,0.5,0.5,1,2026,0.001,0.0001,0.0,100,100,96,20,0.0001,64,384,256,192,1347242,1347242,763.6108748107217,cuda,./results/lambda_psi_hidden_only/checkpoints/cifar100/traditional_relu_field/cifar100__traditional_relu_field__seed1__lr0p001__cfg163c4235d84d.pt,3.041714894104004,26.76,54.82,,,,,,,3.0496934116363525,26.16,54.47,,,,,,,0.6302791237831116,0.16285748779773712,0.6995668411254883,0.25153687596321106,0.3515697717666626,0.1289883553981781,,
cifar100__traditional_relu_field__seed2__lr0p001__cfg163c4235d84d,163c4235d84d,96b354dd2d4cd04c,2.12.1+cu130,0.27.1+cu130,1.9.0,2.5.2,0,4,2026-08-30T22:04:17.807475+00:00,ok,,cifar100,classification,traditional_relu_field,Traditional neuron + ReLU + Lambda-Psi,traditional,1,before_field,0,1,1,0.5,0.5,2,2026,0.001,0.0001,0.0,100,99,79,20,0.0001,64,384,256,192,1347242,1347242,784.2820480829105,cuda,./results/lambda_psi_hidden_only/checkpoints/cifar100/traditional_relu_field/cifar100__traditional_relu_field__seed2__lr0p001__cfg163c4235d84d.pt,2.9925311868667603,27.16,55.279999999999994,,,,,,,3.0534432147979738,26.3,54.99000000000001,,,,,,,0.6465346217155457,0.17100678384304047,0.7038311958312988,0.23396311700344086,0.33859047293663025,0.14124709367752075,,
cifar100__traditional_relu_field__seed3__lr0p001__cfg163c4235d84d,163c4235d84d,96b354dd2d4cd04c,2.12.1+cu130,0.27.1+cu130,1.9.0,2.5.2,0,4,2026-08-30T22:17:34.469231+00:00,ok,,cifar100,classification,traditional_relu_field,Traditional neuron + ReLU + Lambda-Psi,traditional,1,before_field,0,1,1,0.5,0.5,3,2026,0.001,0.0001,0.0,100,100,84,20,0.0001,64,384,256,192,1347242,1347242,792.6157712521963,cuda,./results/lambda_psi_hidden_only/checkpoints/cifar100/traditional_relu_field/cifar100__traditional_relu_field__seed3__lr0p001__cfg163c4235d84d.pt,3.0351992771148684,26.52,54.86,,,,,,,3.0730854652404784,26.52,54.669999999999995,,,,,,,0.6455691456794739,0.16794973611831665,0.6805250644683838,0.24543112516403198,0.3342755138874054,0.13983629643917084,,
cifar100__traditional_relu_field__seed4__lr0p001__cfg163c4235d84d,163c4235d84d,96b354dd2d4cd04c,2.12.1+cu130,0.27.1+cu130,1.9.0,2.5.2,0,4,2026-08-30T22:29:45.176174+00:00,ok,,cifar100,classification,traditional_relu_field,Traditional neuron + ReLU + Lambda-Psi,traditional,1,before_field,0,1,1,0.5,0.5,4,2026,0.001,0.0001,0.0,100,92,72,20,0.0001,64,384,256,192,1347242,1347242,726.8003911231644,cuda,./results/lambda_psi_hidden_only/checkpoints/cifar100/traditional_relu_field/cifar100__traditional_relu_field__seed4__lr0p001__cfg163c4235d84d.pt,3.0462079956054686,25.82,54.22,,,,,,,3.07964779586792,25.39,54.32,,,,,,,0.6476888060569763,0.17009760439395905,0.699863076210022,0.2425670474767685,0.3235236704349518,0.14445766806602478,,
cifar100__traditional_relu_field__seed0__lr0p002__cfg163c4235d84d,163c4235d84d,96b354dd2d4cd04c,2.12.1+cu130,0.27.1+cu130,1.9.0,2.5.2,0,4,2026-08-30T22:42:33.253749+00:00,ok,,cifar100,classification,traditional_relu_field,Traditional neuron + ReLU + Lambda-Psi,traditional,1,before_field,0,1,1,0.5,0.5,0,2026,0.002,0.0001,0.0,100,100,99,20,0.0001,64,384,256,192,1347242,1347242,763.9884969950654,cuda,./results/lambda_psi_hidden_only/checkpoints/cifar100/traditional_relu_field/cifar100__traditional_relu_field__seed0__lr0p002__cfg163c4235d84d.pt,3.3252458358764647,19.74,46.44,,,,,,,3.386893273162842,19.32,45.81,,,,,,,0.7777599096298218,0.18110820651054382,0.8417410850524902,0.5249213576316833,0.14689084887504578,0.05084660276770592,,
cifar100__traditional_relu_field__seed1__lr0p002__cfg163c4235d84d,163c4235d84d,96b354dd2d4cd04c,2.12.1+cu130,0.27.1+cu130,1.9.0,2.5.2,0,4,2026-08-30T22:54:44.720091+00:00,ok,,cifar100,classification,traditional_relu_field,Traditional neuron + ReLU + Lambda-Psi,traditional,1,before_field,0,1,1,0.5,0.5,1,2026,0.002,0.0001,0.0,100,100,80,20,0.0001,64,384,256,192,1347242,1347242,727.7169438381679,cuda,./results/lambda_psi_hidden_only/checkpoints/cifar100/traditional_relu_field/cifar100__traditional_relu_field__seed1__lr0p002__cfg163c4235d84d.pt,3.220161598968506,22.900000000000002,50.7,,,,,,,3.2729453186035156,21.12,48.78,,,,,,,0.8227461576461792,0.1536540389060974,0.857757031917572,0.4973026216030121,0.15858234465122223,0.0702194944024086,,
cifar100__traditional_relu_field__seed2__lr0p002__cfg163c4235d84d,163c4235d84d,96b354dd2d4cd04c,2.12.1+cu130,0.27.1+cu130,1.9.0,2.5.2,0,4,2026-08-30T23:06:58.685022+00:00,ok,,cifar100,classification,traditional_relu_field,Traditional neuron + ReLU + Lambda-Psi,traditional,1,before_field,0,1,1,0.5,0.5,2,2026,0.002,0.0001,0.0,100,100,98,20,0.0001,64,384,256,192,1347242,1347242,730.1525231380947,cuda,./results/lambda_psi_hidden_only/checkpoints/cifar100/traditional_relu_field/cifar100__traditional_relu_field__seed2__lr0p002__cfg163c4235d84d.pt,3.1579646606445313,24.279999999999998,51.38,,,,,,,3.2007613273620605,23.57,51.239999999999995,,,,,,,0.8365387320518494,0.14408531785011292,0.8563632369041443,0.47286584973335266,0.16656270623207092,0.0785842016339302,,
cifar100__traditional_relu_field__seed3__lr0p002__cfg163c4235d84d,163c4235d84d,96b354dd2d4cd04c,2.12.1+cu130,0.27.1+cu130,1.9.0,2.5.2,0,4,2026-08-30T23:19:12.155931+00:00,ok,,cifar100,classification,traditional_relu_field,Traditional neuron + ReLU + Lambda-Psi,traditional,1,before_field,0,1,1,0.5,0.5,3,2026,0.002,0.0001,0.0,100,100,90,20,0.0001,64,384,256,192,1347242,1347242,729.6150250104256,cuda,./results/lambda_psi_hidden_only/checkpoints/cifar100/traditional_relu_field/cifar100__traditional_relu_field__seed3__lr0p002__cfg163c4235d84d.pt,3.223294802093506,22.040000000000003,50.160000000000004,,,,,,,3.2880733337402344,20.87,48.11,,,,,,,0.857682466506958,0.19492925703525543,0.8062589764595032,0.411642462015152,0.14973247051239014,0.09853041917085648,,
cifar100__traditional_relu_field__seed4__lr0p002__cfg163c4235d84d,163c4235d84d,96b354dd2d4cd04c,2.12.1+cu130,0.27.1+cu130,1.9.0,2.5.2,0,4,2026-08-30T23:31:21.745488+00:00,ok,,cifar100,classification,traditional_relu_field,Traditional neuron + ReLU + Lambda-Psi,traditional,1,before_field,0,1,1,0.5,0.5,4,2026,0.002,0.0001,0.0,100,100,93,20,0.0001,64,384,256,192,1347242,1347242,725.7875901670195,cuda,./results/lambda_psi_hidden_only/checkpoints/cifar100/traditional_relu_field/cifar100__traditional_relu_field__seed4__lr0p002__cfg163c4235d84d.pt,3.3359799716949463,20.5,46.96,,,,,,,3.3941448348999024,18.98,45.739999999999995,,,,,,,0.8184739351272583,0.18457014858722687,0.8069414496421814,0.4792926013469696,0.1461247205734253,0.06026695668697357,,
cifar100__traditional_relu_field__seed0__lr0p003__cfg163c4235d84d,163c4235d84d,96b354dd2d4cd04c,2.12.1+cu130,0.27.1+cu130,1.9.0,2.5.2,0,4,2026-08-30T23:33:59.373078+00:00,ok,,cifar100,classification,traditional_relu_field,Traditional neuron + ReLU + Lambda-Psi,traditional,1,before_field,0,1,1,0.5,0.5,0,2026,0.003,0.0001,0.0,100,21,1,20,0.0001,64,384,256,192,1347242,1347242,153.79585737315938,cuda,./results/lambda_psi_hidden_only/checkpoints/cifar100/traditional_relu_field/cifar100__traditional_relu_field__seed0__lr0p003__cfg163c4235d84d.pt,4.611812281799317,1.18,4.88,,,,,,,4.60866407623291,1.0,5.0,,,,,,,0.5085909962654114,0.5113459825515747,0.4959631860256195,0.5162029266357422,0.24860963225364685,0.7471908926963806,,
cifar100__traditional_relu_field__seed1__lr0p003__cfg163c4235d84d,163c4235d84d,96b354dd2d4cd04c,2.12.1+cu130,0.27.1+cu130,1.9.0,2.5.2,0,4,2026-08-30T23:46:04.620899+00:00,ok,,cifar100,classification,traditional_relu_field,Traditional neuron + ReLU + Lambda-Psi,traditional,1,before_field,0,1,1,0.5,0.5,1,2026,0.003,0.0001,0.0,100,100,87,20,0.0001,64,384,256,192,1347242,1347242,721.4888834878802,cuda,./results/lambda_psi_hidden_only/checkpoints/cifar100/traditional_relu_field/cifar100__traditional_relu_field__seed1__lr0p003__cfg163c4235d84d.pt,3.35486399307251,19.84,46.78,,,,,,,3.4048879371643066,18.38,45.6,,,,,,,0.9137597680091858,0.12351754307746887,0.8951088786125183,0.5882466435432434,0.08679059147834778,0.052373941987752914,,
cifar100__traditional_relu_field__seed2__lr0p003__cfg163c4235d84d,163c4235d84d,96b354dd2d4cd04c,2.12.1+cu130,0.27.1+cu130,1.9.0,2.5.2,0,4,2026-08-30T23:58:12.683507+00:00,ok,,cifar100,classification,traditional_relu_field,Traditional neuron + ReLU + Lambda-Psi,traditional,1,before_field,0,1,1,0.5,0.5,2,2026,0.003,0.0001,0.0,100,100,88,20,0.0001,64,384,256,192,1347242,1347242,724.2983217490837,cuda,./results/lambda_psi_hidden_only/checkpoints/cifar100/traditional_relu_field/cifar100__traditional_relu_field__seed2__lr0p003__cfg163c4235d84d.pt,3.321618662261963,19.7,47.92,,,,,,,3.357351174926758,19.7,46.489999999999995,,,,,,,0.9241024851799011,0.14794108271598816,0.8863256573677063,0.5023123025894165,0.09042222052812576,0.06578899919986725,,
cifar100__traditional_relu_field__seed3__lr0p003__cfg163c4235d84d,163c4235d84d,96b354dd2d4cd04c,2.12.1+cu130,0.27.1+cu130,1.9.0,2.5.2,0,4,2026-08-31T00:00:49.713659+00:00,ok,,cifar100,classification,traditional_relu_field,Traditional neuron + ReLU + Lambda-Psi,traditional,1,before_field,0,1,1,0.5,0.5,3,2026,0.003,0.0001,0.0,100,21,1,20,0.0001,64,384,256,192,1347242,1347242,153.22151108412072,cuda,./results/lambda_psi_hidden_only/checkpoints/cifar100/traditional_relu_field/cifar100__traditional_relu_field__seed3__lr0p003__cfg163c4235d84d.pt,4.614028136444092,0.96,4.18,,,,,,,4.609501728820801,1.0,5.0,,,,,,,0.5085334777832031,0.5071303248405457,0.5001065135002136,0.5121691226959229,0.2508150339126587,0.7428019642829895,,
cifar100__traditional_relu_field__seed4__lr0p003__cfg163c4235d84d,163c4235d84d,96b354dd2d4cd04c,2.12.1+cu130,0.27.1+cu130,1.9.0,2.5.2,0,4,2026-08-31T00:12:21.505661+00:00,ok,,cifar100,classification,traditional_relu_field,Traditional neuron + ReLU + Lambda-Psi,traditional,1,before_field,0,1,1,0.5,0.5,4,2026,0.003,0.0001,0.0,100,95,75,20,0.0001,64,384,256,192,1347242,1347242,688.0177649580874,cuda,./results/lambda_psi_hidden_only/checkpoints/cifar100/traditional_relu_field/cifar100__traditional_relu_field__seed4__lr0p003__cfg163c4235d84d.pt,4.036595126342774,6.22,22.919999999999998,,,,,,,4.069277644348144,6.21,22.73,,,,,,,0.8517411947250366,0.28066596388816833,0.7464644908905029,0.6054649949073792,0.0677812397480011,0.019142448902130127,,
cifar100__aptx_field__seed0__lr0p0003__cfg83671377c1ae,83671377c1ae,96b354dd2d4cd04c,2.12.1+cu130,0.27.1+cu130,1.9.0,2.5.2,0,4,2026-08-31T01:17:11.732096+00:00,ok,,cifar100,classification,aptx_field,APTx Neuron + Lambda-Psi,aptx,1,none,0,1,1,0.5,0.5,0,2026,0.0003,0.0001,0.0,100,97,77,20,0.0001,64,384,256,192,4039850,4039850,3881.297149570193,cuda,./results/lambda_psi_hidden_only/checkpoints/cifar100/aptx_field/cifar100__aptx_field__seed0__lr0p0003__cfg83671377c1ae.pt,3.0550557914733885,26.26,53.86,,,,,,,3.0874596027374266,26.21,53.849999999999994,,,,,,,0.878537118434906,0.8590563535690308,0.8870320320129395,0.8735396265983582,0.8644844889640808,0.8836440443992615,,
cifar100__aptx_field__seed1__lr0p0003__cfg83671377c1ae,83671377c1ae,96b354dd2d4cd04c,2.12.1+cu130,0.27.1+cu130,1.9.0,2.5.2,0,4,2026-08-31T02:24:04.351948+00:00,ok,,cifar100,classification,aptx_field,APTx Neuron + Lambda-Psi,aptx,1,none,0,1,1,0.5,0.5,1,2026,0.0003,0.0001,0.0,100,100,84,20,0.0001,64,384,256,192,4039850,4039850,4003.5801435317844,cuda,./results/lambda_psi_hidden_only/checkpoints/cifar100/aptx_field/cifar100__aptx_field__seed1__lr0p0003__cfg83671377c1ae.pt,3.0242719284057618,26.840000000000003,54.800000000000004,,,,,,,3.0724614852905274,26.55,54.49,,,,,,,0.8750213384628296,0.8604146838188171,0.8847581744194031,0.8737509846687317,0.8671339750289917,0.886523425579071,,
cifar100__aptx_field__seed2__lr0p0003__cfg83671377c1ae,83671377c1ae,96b354dd2d4cd04c,2.12.1+cu130,0.27.1+cu130,1.9.0,2.5.2,0,4,2026-08-31T03:31:01.035803+00:00,ok,,cifar100,classification,aptx_field,APTx Neuron + Lambda-Psi,aptx,1,none,0,1,1,0.5,0.5,2,2026,0.0003,0.0001,0.0,100,100,84,20,0.0001,64,384,256,192,4039850,4039850,4007.614512281958,cuda,./results/lambda_psi_hidden_only/checkpoints/cifar100/aptx_field/cifar100__aptx_field__seed2__lr0p0003__cfg83671377c1ae.pt,3.0176207279205323,27.060000000000002,55.08,,,,,,,3.0695590106964112,26.640000000000004,54.410000000000004,,,,,,,0.8755253553390503,0.8558586835861206,0.884692370891571,0.8751994371414185,0.8655387163162231,0.8864800333976746,,
cifar100__aptx_field__seed3__lr0p0003__cfg83671377c1ae,83671377c1ae,96b354dd2d4cd04c,2.12.1+cu130,0.27.1+cu130,1.9.0,2.5.2,0,4,2026-08-31T04:37:14.121772+00:00,ok,,cifar100,classification,aptx_field,APTx Neuron + Lambda-Psi,aptx,1,none,0,1,1,0.5,0.5,3,2026,0.0003,0.0001,0.0,100,99,79,20,0.0001,64,384,256,192,4039850,4039850,3964.1171367433853,cuda,./results/lambda_psi_hidden_only/checkpoints/cifar100/aptx_field/cifar100__aptx_field__seed3__lr0p0003__cfg83671377c1ae.pt,3.050153728866577,26.640000000000004,54.7,,,,,,,3.0837378311157226,26.13,54.42,,,,,,,0.876075267791748,0.8583461046218872,0.8863736987113953,0.8790719509124756,0.8641640543937683,0.8841150403022766,,
cifar100__aptx_field__seed4__lr0p0003__cfg83671377c1ae,83671377c1ae,96b354dd2d4cd04c,2.12.1+cu130,0.27.1+cu130,1.9.0,2.5.2,0,4,2026-08-31T05:44:14.592851+00:00,ok,,cifar100,classification,aptx_field,APTx Neuron + Lambda-Psi,aptx,1,none,0,1,1,0.5,0.5,4,2026,0.0003,0.0001,0.0,100,100,85,20,0.0001,64,384,256,192,4039850,4039850,4011.471773570869,cuda,./results/lambda_psi_hidden_only/checkpoints/cifar100/aptx_field/cifar100__aptx_field__seed4__lr0p0003__cfg83671377c1ae.pt,3.0331206813812255,26.52,55.08,,,,,,,3.0722787094116213,26.950000000000003,53.910000000000004,,,,,,,0.8769806027412415,0.8602344393730164,0.8841491341590881,0.8786941766738892,0.8683372139930725,0.8811315894126892,,
cifar100__aptx_field__seed0__lr0p0005__cfg83671377c1ae,83671377c1ae,96b354dd2d4cd04c,2.12.1+cu130,0.27.1+cu130,1.9.0,2.5.2,0,4,2026-08-31T06:51:33.504307+00:00,ok,,cifar100,classification,aptx_field,APTx Neuron + Lambda-Psi,aptx,1,none,0,1,1,0.5,0.5,0,2026,0.0005,0.0001,0.0,100,100,80,20,0.0001,64,384,256,192,4039850,4039850,4029.8293452528305,cuda,./results/lambda_psi_hidden_only/checkpoints/cifar100/aptx_field/cifar100__aptx_field__seed0__lr0p0005__cfg83671377c1ae.pt,2.9464141513824464,28.52,57.699999999999996,,,,,,,2.9894522548675537,28.310000000000002,57.099999999999994,,,,,,,0.8921339511871338,0.8514164090156555,0.8910653591156006,0.8718795776367188,0.867405354976654,0.8827797174453735,,
cifar100__aptx_field__seed1__lr0p0005__cfg83671377c1ae,83671377c1ae,96b354dd2d4cd04c,2.12.1+cu130,0.27.1+cu130,1.9.0,2.5.2,0,4,2026-08-31T07:59:04.591718+00:00,ok,,cifar100,classification,aptx_field,APTx Neuron + Lambda-Psi,aptx,1,none,0,1,1,0.5,0.5,1,2026,0.0005,0.0001,0.0,100,100,82,20,0.0001,64,384,256,192,4039850,4039850,4042.354352049995,cuda,./results/lambda_psi_hidden_only/checkpoints/cifar100/aptx_field/cifar100__aptx_field__seed1__lr0p0005__cfg83671377c1ae.pt,2.9238216957092287,29.360000000000003,57.620000000000005,,,,,,,2.961641204071045,29.520000000000003,57.99999999999999,,,,,,,0.8886473774909973,0.8508647084236145,0.8908778429031372,0.8725120425224304,0.8693042993545532,0.8849513530731201,,
cifar100__aptx_field__seed2__lr0p0005__cfg83671377c1ae,83671377c1ae,96b354dd2d4cd04c,2.12.1+cu130,0.27.1+cu130,1.9.0,2.5.2,0,4,2026-08-31T08:56:00.886029+00:00,ok,,cifar100,classification,aptx_field,APTx Neuron + Lambda-Psi,aptx,1,none,0,1,1,0.5,0.5,2,2026,0.0005,0.0001,0.0,100,84,64,20,0.0001,64,384,256,192,4039850,4039850,3407.421856001951,cuda,./results/lambda_psi_hidden_only/checkpoints/cifar100/aptx_field/cifar100__aptx_field__seed2__lr0p0005__cfg83671377c1ae.pt,2.9317737869262697,29.360000000000003,57.379999999999995,,,,,,,2.965757385253906,28.73,57.21000000000001,,,,,,,0.8867543935775757,0.848720908164978,0.8941749334335327,0.8758770227432251,0.8704771399497986,0.8858718872070312,,
cifar100__aptx_field__seed3__lr0p0005__cfg83671377c1ae,83671377c1ae,96b354dd2d4cd04c,2.12.1+cu130,0.27.1+cu130,1.9.0,2.5.2,0,4,2026-08-31T10:03:02.521134+00:00,ok,,cifar100,classification,aptx_field,APTx Neuron + Lambda-Psi,aptx,1,none,0,1,1,0.5,0.5,3,2026,0.0005,0.0001,0.0,100,100,82,20,0.0001,64,384,256,192,4039850,4039850,4012.6959068011492,cuda,./results/lambda_psi_hidden_only/checkpoints/cifar100/aptx_field/cifar100__aptx_field__seed3__lr0p0005__cfg83671377c1ae.pt,2.941190503692627,29.080000000000002,57.68,,,,,,,2.9748515159606934,28.74,57.379999999999995,,,,,,,0.8886617422103882,0.8499580025672913,0.8928706049919128,0.8762370347976685,0.8671405911445618,0.8810539245605469,,
cifar100__aptx_field__seed4__lr0p0005__cfg83671377c1ae,83671377c1ae,96b354dd2d4cd04c,2.12.1+cu130,0.27.1+cu130,1.9.0,2.5.2,0,4,2026-08-31T11:10:18.945230+00:00,ok,,cifar100,classification,aptx_field,APTx Neuron + Lambda-Psi,aptx,1,none,0,1,1,0.5,0.5,4,2026,0.0005,0.0001,0.0,100,100,85,20,0.0001,64,384,256,192,4039850,4039850,4025.5651868139394,cuda,./results/lambda_psi_hidden_only/checkpoints/cifar100/aptx_field/cifar100__aptx_field__seed4__lr0p0005__cfg83671377c1ae.pt,2.9334412101745606,28.82,57.9,,,,,,,2.9656499073028564,29.509999999999998,57.03,,,,,,,0.8891370296478271,0.8504750728607178,0.8878283500671387,0.8760898113250732,0.8711801171302795,0.884692370891571,,
cifar100__aptx_field__seed0__lr0p001__cfg83671377c1ae,83671377c1ae,96b354dd2d4cd04c,2.12.1+cu130,0.27.1+cu130,1.9.0,2.5.2,0,4,2026-08-31T12:23:08.560794+00:00,ok,,cifar100,classification,aptx_field,APTx Neuron + Lambda-Psi,aptx,1,none,0,1,1,0.5,0.5,0,2026,0.001,0.0001,0.0,100,100,89,20,0.0001,64,384,256,192,4039850,4039850,4358.644384515006,cuda,./results/lambda_psi_hidden_only/checkpoints/cifar100/aptx_field/cifar100__aptx_field__seed0__lr0p001__cfg83671377c1ae.pt,2.87762896900177,31.319999999999997,60.14000000000001,,,,,,,2.9164250396728515,31.28,59.830000000000005,,,,,,,0.9257316589355469,0.8297191858291626,0.9005899429321289,0.8571137189865112,0.8832659125328064,0.8694353699684143,,
cifar100__aptx_field__seed1__lr0p001__cfg83671377c1ae,83671377c1ae,96b354dd2d4cd04c,2.12.1+cu130,0.27.1+cu130,1.9.0,2.5.2,0,4,2026-08-31T13:30:03.003035+00:00,ok,,cifar100,classification,aptx_field,APTx Neuron + Lambda-Psi,aptx,1,none,0,1,1,0.5,0.5,1,2026,0.001,0.0001,0.0,100,100,84,20,0.0001,64,384,256,192,4039850,4039850,4005.3125066007487,cuda,./results/lambda_psi_hidden_only/checkpoints/cifar100/aptx_field/cifar100__aptx_field__seed1__lr0p001__cfg83671377c1ae.pt,2.887839687919617,31.44,59.940000000000005,,,,,,,2.881067972946167,31.830000000000002,60.75000000000001,,,,,,,0.920390248298645,0.8357542753219604,0.9017813205718994,0.8594575524330139,0.8829863667488098,0.8722785115242004,,
cifar100__aptx_field__seed2__lr0p001__cfg83671377c1ae,83671377c1ae,96b354dd2d4cd04c,2.12.1+cu130,0.27.1+cu130,1.9.0,2.5.2,0,4,2026-08-31T14:33:09.744521+00:00,ok,,cifar100,classification,aptx_field,APTx Neuron + Lambda-Psi,aptx,1,none,0,1,1,0.5,0.5,2,2026,0.001,0.0001,0.0,100,94,74,20,0.0001,64,384,256,192,4039850,4039850,3777.640851734206,cuda,./results/lambda_psi_hidden_only/checkpoints/cifar100/aptx_field/cifar100__aptx_field__seed2__lr0p001__cfg83671377c1ae.pt,2.854892763519287,31.78,60.519999999999996,,,,,,,2.8916492904663085,31.45,60.01,,,,,,,0.9193045496940613,0.8337723612785339,0.9036759734153748,0.8643571138381958,0.8886746764183044,0.868653416633606,,
cifar100__aptx_field__seed3__lr0p001__cfg83671377c1ae,83671377c1ae,96b354dd2d4cd04c,2.12.1+cu130,0.27.1+cu130,1.9.0,2.5.2,0,4,2026-08-31T15:41:13.284881+00:00,ok,,cifar100,classification,aptx_field,APTx Neuron + Lambda-Psi,aptx,1,none,0,1,1,0.5,0.5,3,2026,0.001,0.0001,0.0,100,100,80,20,0.0001,64,384,256,192,4039850,4039850,4074.5409896830097,cuda,./results/lambda_psi_hidden_only/checkpoints/cifar100/aptx_field/cifar100__aptx_field__seed3__lr0p001__cfg83671377c1ae.pt,2.879269446182251,31.119999999999997,60.72,,,,,,,2.8992300941467284,31.61,59.86,,,,,,,0.9230044484138489,0.8280767798423767,0.9030395746231079,0.8630895614624023,0.8822046518325806,0.8697617053985596,,
cifar100__aptx_field__seed4__lr0p001__cfg83671377c1ae,83671377c1ae,96b354dd2d4cd04c,2.12.1+cu130,0.27.1+cu130,1.9.0,2.5.2,0,4,2026-08-31T16:46:01.198308+00:00,ok,,cifar100,classification,aptx_field,APTx Neuron + Lambda-Psi,aptx,1,none,0,1,1,0.5,0.5,4,2026,0.001,0.0001,0.0,100,96,76,20,0.0001,64,384,256,192,4039850,4039850,3879.0223136558197,cuda,./results/lambda_psi_hidden_only/checkpoints/cifar100/aptx_field/cifar100__aptx_field__seed4__lr0p001__cfg83671377c1ae.pt,2.8531456777572632,31.680000000000003,60.440000000000005,,,,,,,2.8683723960876466,32.26,60.45,,,,,,,0.9220474362373352,0.8311795592308044,0.9017235636711121,0.8642162084579468,0.8861778378486633,0.8716078996658325,,
cifar100__aptx_field__seed0__lr0p002__cfg83671377c1ae,83671377c1ae,96b354dd2d4cd04c,2.12.1+cu130,0.27.1+cu130,1.9.0,2.5.2,0,4,2026-08-31T17:52:54.198555+00:00,ok,,cifar100,classification,aptx_field,APTx Neuron + Lambda-Psi,aptx,1,none,0,1,1,0.5,0.5,0,2026,0.002,0.0001,0.0,100,100,86,20,0.0001,64,384,256,192,4039850,4039850,4004.020995740313,cuda,./results/lambda_psi_hidden_only/checkpoints/cifar100/aptx_field/cifar100__aptx_field__seed0__lr0p002__cfg83671377c1ae.pt,2.9250006814956664,32.56,61.660000000000004,,,,,,,2.945329000854492,33.03,61.35,,,,,,,0.9596472978591919,0.795173168182373,0.9160829186439514,0.8433398008346558,0.9191950559616089,0.8372800946235657,,
cifar100__aptx_field__seed1__lr0p002__cfg83671377c1ae,83671377c1ae,96b354dd2d4cd04c,2.12.1+cu130,0.27.1+cu130,1.9.0,2.5.2,0,4,2026-08-31T18:52:27.768513+00:00,ok,,cifar100,classification,aptx_field,APTx Neuron + Lambda-Psi,aptx,1,none,0,1,1,0.5,0.5,1,2026,0.002,0.0001,0.0,100,89,69,20,0.0001,64,384,256,192,4039850,4039850,3564.5738441538997,cuda,./results/lambda_psi_hidden_only/checkpoints/cifar100/aptx_field/cifar100__aptx_field__seed1__lr0p002__cfg83671377c1ae.pt,2.873531634902954,32.9,61.519999999999996,,,,,,,2.8924470764160155,33.07,61.28,,,,,,,0.9587288498878479,0.8042685389518738,0.9175697565078735,0.8359655141830444,0.921987771987915,0.8530443906784058,,
cifar100__aptx_field__seed2__lr0p002__cfg83671377c1ae,83671377c1ae,96b354dd2d4cd04c,2.12.1+cu130,0.27.1+cu130,1.9.0,2.5.2,0,4,2026-08-31T19:59:21.314249+00:00,ok,,cifar100,classification,aptx_field,APTx Neuron + Lambda-Psi,aptx,1,none,0,1,1,0.5,0.5,2,2026,0.002,0.0001,0.0,100,100,80,20,0.0001,64,384,256,192,4039850,4039850,4004.4165620151907,cuda,./results/lambda_psi_hidden_only/checkpoints/cifar100/aptx_field/cifar100__aptx_field__seed2__lr0p002__cfg83671377c1ae.pt,2.9104701843261718,32.62,61.019999999999996,,,,,,,2.907135684967041,33.07,61.529999999999994,,,,,,,0.9556066989898682,0.8155940175056458,0.9153236150741577,0.8414307236671448,0.9232658743858337,0.8363367319107056,,
cifar100__aptx_field__seed3__lr0p002__cfg83671377c1ae,83671377c1ae,96b354dd2d4cd04c,2.12.1+cu130,0.27.1+cu130,1.9.0,2.5.2,0,4,2026-08-31T21:00:53.701944+00:00,ok,,cifar100,classification,aptx_field,APTx Neuron + Lambda-Psi,aptx,1,none,0,1,1,0.5,0.5,3,2026,0.002,0.0001,0.0,100,92,72,20,0.0001,64,384,256,192,4039850,4039850,3683.5432654060423,cuda,./results/lambda_psi_hidden_only/checkpoints/cifar100/aptx_field/cifar100__aptx_field__seed3__lr0p002__cfg83671377c1ae.pt,2.8858527978897093,32.800000000000004,60.96,,,,,,,2.8888505340576174,33.29,62.050000000000004,,,,,,,0.9583169221878052,0.8055314421653748,0.9202338457107544,0.8312157988548279,0.922249972820282,0.8498364090919495,,
cifar100__aptx_field__seed4__lr0p002__cfg83671377c1ae,83671377c1ae,96b354dd2d4cd04c,2.12.1+cu130,0.27.1+cu130,1.9.0,2.5.2,0,4,2026-08-31T22:05:44.543363+00:00,ok,,cifar100,classification,aptx_field,APTx Neuron + Lambda-Psi,aptx,1,none,0,1,1,0.5,0.5,4,2026,0.002,0.0001,0.0,100,97,77,20,0.0001,64,384,256,192,4039850,4039850,3881.8938104221597,cuda,./results/lambda_psi_hidden_only/checkpoints/cifar100/aptx_field/cifar100__aptx_field__seed4__lr0p002__cfg83671377c1ae.pt,2.8927495258331297,32.64,62.2,,,,,,,2.9191722797393798,32.769999999999996,61.14000000000001,,,,,,,0.9572961330413818,0.8080753087997437,0.918501079082489,0.8388795256614685,0.9245746731758118,0.8409964442253113,,
cifar100__aptx_field__seed0__lr0p003__cfg83671377c1ae,83671377c1ae,96b354dd2d4cd04c,2.12.1+cu130,0.27.1+cu130,1.9.0,2.5.2,0,4,2026-08-31T23:12:37.508459+00:00,ok,,cifar100,classification,aptx_field,APTx Neuron + Lambda-Psi,aptx,1,none,0,1,1,0.5,0.5,0,2026,0.003,0.0001,0.0,100,100,82,20,0.0001,64,384,256,192,4039850,4039850,4003.8222018759698,cuda,./results/lambda_psi_hidden_only/checkpoints/cifar100/aptx_field/cifar100__aptx_field__seed0__lr0p003__cfg83671377c1ae.pt,2.9555111907958986,32.96,61.5,,,,,,,2.9463651706695555,33.22,61.83,,,,,,,0.9729028940200806,0.7997751235961914,0.9234813451766968,0.8305776119232178,0.9414992928504944,0.8264608979225159,,
cifar100__aptx_field__seed1__lr0p003__cfg83671377c1ae,83671377c1ae,96b354dd2d4cd04c,2.12.1+cu130,0.27.1+cu130,1.9.0,2.5.2,0,4,2026-09-01T00:19:23.586730+00:00,ok,,cifar100,classification,aptx_field,APTx Neuron + Lambda-Psi,aptx,1,none,0,1,1,0.5,0.5,1,2026,0.003,0.0001,0.0,100,100,86,20,0.0001,64,384,256,192,4039850,4039850,3997.037833615672,cuda,./results/lambda_psi_hidden_only/checkpoints/cifar100/aptx_field/cifar100__aptx_field__seed1__lr0p003__cfg83671377c1ae.pt,2.949307543563843,32.86,61.58,,,,,,,2.9675672428131104,32.78,61.46,,,,,,,0.9747179746627808,0.7830634713172913,0.9258679151535034,0.8144841194152832,0.9398118257522583,0.8450422286987305,,
cifar100__aptx_field__seed2__lr0p003__cfg83671377c1ae,83671377c1ae,96b354dd2d4cd04c,2.12.1+cu130,0.27.1+cu130,1.9.0,2.5.2,0,4,2026-09-01T01:26:17.043314+00:00,ok,,cifar100,classification,aptx_field,APTx Neuron + Lambda-Psi,aptx,1,none,0,1,1,0.5,0.5,2,2026,0.003,0.0001,0.0,100,100,88,20,0.0001,64,384,256,192,4039850,4039850,4004.4525217111222,cuda,./results/lambda_psi_hidden_only/checkpoints/cifar100/aptx_field/cifar100__aptx_field__seed2__lr0p003__cfg83671377c1ae.pt,2.911754104804993,33.019999999999996,61.519999999999996,,,,,,,2.936439424133301,33.43,61.9,,,,,,,0.9743369817733765,0.7748451232910156,0.9332979321479797,0.823061466217041,0.9431220889091492,0.8321223855018616,,
cifar100__aptx_field__seed3__lr0p003__cfg83671377c1ae,83671377c1ae,96b354dd2d4cd04c,2.12.1+cu130,0.27.1+cu130,1.9.0,2.5.2,0,4,2026-09-01T02:33:08.624785+00:00,ok,,cifar100,classification,aptx_field,APTx Neuron + Lambda-Psi,aptx,1,none,0,1,1,0.5,0.5,3,2026,0.003,0.0001,0.0,100,100,80,20,0.0001,64,384,256,192,4039850,4039850,4002.508490279317,cuda,./results/lambda_psi_hidden_only/checkpoints/cifar100/aptx_field/cifar100__aptx_field__seed3__lr0p003__cfg83671377c1ae.pt,2.9197192447662355,32.84,61.72,,,,,,,2.9483123580932618,32.87,61.809999999999995,,,,,,,0.9738404154777527,0.7847605347633362,0.9290199279785156,0.8315421342849731,0.9427228569984436,0.8304560780525208,,
cifar100__aptx_field__seed4__lr0p003__cfg83671377c1ae,83671377c1ae,96b354dd2d4cd04c,2.12.1+cu130,0.27.1+cu130,1.9.0,2.5.2,0,4,2026-09-01T03:32:41.127018+00:00,ok,,cifar100,classification,aptx_field,APTx Neuron + Lambda-Psi,aptx,1,none,0,1,1,0.5,0.5,4,2026,0.003,0.0001,0.0,100,89,69,20,0.0001,64,384,256,192,4039850,4039850,3563.5955222048797,cuda,./results/lambda_psi_hidden_only/checkpoints/cifar100/aptx_field/cifar100__aptx_field__seed4__lr0p003__cfg83671377c1ae.pt,2.8735527420043945,32.62,61.58,,,,,,,2.876971472167969,33.52,61.96,,,,,,,0.9725595116615295,0.785038411617279,0.9321498870849609,0.8238233923912048,0.9457725286483765,0.8525959253311157,,
cifar100__aptx_field_relu__seed0__lr0p0003__cfgb92a0ae73751,b92a0ae73751,96b354dd2d4cd04c,2.12.1+cu130,0.27.1+cu130,1.9.0,2.5.2,0,4,2026-09-01T03:47:29.430949+00:00,ok,,cifar100,classification,aptx_field_relu,APTx Neuron + Lambda-Psi + ReLU,aptx,1,after_field,0,1,1,0.5,0.5,0,2026,0.0003,0.0001,0.0,100,22,2,20,0.0001,64,384,256,192,4039850,4039850,879.4714367692359,cuda,./results/lambda_psi_hidden_only/checkpoints/cifar100/aptx_field_relu/cifar100__aptx_field_relu__seed0__lr0p0003__cfgb92a0ae73751.pt,5.200115405273437,0.7799999999999999,4.34,,,,,,,4.993477175903321,1.01,5.029999999999999,,,,,,,0.5169860124588013,0.5146967768669128,0.5169401168823242,0.5125114321708679,0.5170300006866455,0.529328465461731,,
cifar100__aptx_field_relu__seed1__lr0p0003__cfgb92a0ae73751,b92a0ae73751,96b354dd2d4cd04c,2.12.1+cu130,0.27.1+cu130,1.9.0,2.5.2,0,4,2026-09-01T04:02:58.368728+00:00,ok,,cifar100,classification,aptx_field_relu,APTx Neuron + Lambda-Psi + ReLU,aptx,1,after_field,0,1,1,0.5,0.5,1,2026,0.0003,0.0001,0.0,100,23,3,20,0.0001,64,384,256,192,4039850,4039850,919.868531125132,cuda,./results/lambda_psi_hidden_only/checkpoints/cifar100/aptx_field_relu/cifar100__aptx_field_relu__seed1__lr0p0003__cfgb92a0ae73751.pt,4.817907136535645,0.9199999999999999,4.279999999999999,,,,,,,5.088877864074707,0.98,4.9799999999999995,,,,,,,0.5143910050392151,0.5118317008018494,0.5143114328384399,0.5098546743392944,0.5146458148956299,0.5262209177017212,,
cifar100__aptx_field_relu__seed2__lr0p0003__cfgb92a0ae73751,b92a0ae73751,96b354dd2d4cd04c,2.12.1+cu130,0.27.1+cu130,1.9.0,2.5.2,0,4,2026-09-01T04:17:06.177046+00:00,ok,,cifar100,classification,aptx_field_relu,APTx Neuron + Lambda-Psi + ReLU,aptx,1,after_field,0,1,1,0.5,0.5,2,2026,0.0003,0.0001,0.0,100,21,1,20,0.0001,64,384,256,192,4039850,4039850,838.9389069769531,cuda,./results/lambda_psi_hidden_only/checkpoints/cifar100/aptx_field_relu/cifar100__aptx_field_relu__seed2__lr0p0003__cfgb92a0ae73751.pt,6.1174948616027836,0.9400000000000001,4.36,,,,,,,5.915185522460938,0.9900000000000001,5.029999999999999,,,,,,,0.5127913355827332,0.5111316442489624,0.5126331448554993,0.5092937350273132,0.5128784775733948,0.5230668783187866,,
cifar100__aptx_field_relu__seed3__lr0p0003__cfgb92a0ae73751,b92a0ae73751,96b354dd2d4cd04c,2.12.1+cu130,0.27.1+cu130,1.9.0,2.5.2,0,4,2026-09-01T04:31:17.864176+00:00,ok,,cifar100,classification,aptx_field_relu,APTx Neuron + Lambda-Psi + ReLU,aptx,1,after_field,0,1,1,0.5,0.5,3,2026,0.0003,0.0001,0.0,100,21,1,20,0.0001,64,384,256,192,4039850,4039850,842.8167623779736,cuda,./results/lambda_psi_hidden_only/checkpoints/cifar100/aptx_field_relu/cifar100__aptx_field_relu__seed3__lr0p0003__cfgb92a0ae73751.pt,5.965944435119629,1.08,5.0,,,,,,,6.0279043029785155,0.9900000000000001,4.95,,,,,,,0.5250969529151917,0.5222755670547485,0.5252751111984253,0.5208447575569153,0.525245189666748,0.5374659895896912,,
cifar100__aptx_field_relu__seed4__lr0p0003__cfgb92a0ae73751,b92a0ae73751,96b354dd2d4cd04c,2.12.1+cu130,0.27.1+cu130,1.9.0,2.5.2,0,4,2026-09-01T04:45:25.986703+00:00,ok,,cifar100,classification,aptx_field_relu,APTx Neuron + Lambda-Psi + ReLU,aptx,1,after_field,0,1,1,0.5,0.5,4,2026,0.0003,0.0001,0.0,100,21,1,20,0.0001,64,384,256,192,4039850,4039850,839.320093002636,cuda,./results/lambda_psi_hidden_only/checkpoints/cifar100/aptx_field_relu/cifar100__aptx_field_relu__seed4__lr0p0003__cfgb92a0ae73751.pt,5.694290818786621,1.0,4.4799999999999995,,,,,,,6.007596892547608,1.0,4.99,,,,,,,0.5117529034614563,0.5098486542701721,0.511702299118042,0.5094940662384033,0.511871337890625,0.5209132432937622,,
cifar100__aptx_field_relu__seed0__lr0p0005__cfgb92a0ae73751,b92a0ae73751,96b354dd2d4cd04c,2.12.1+cu130,0.27.1+cu130,1.9.0,2.5.2,0,4,2026-09-01T04:59:33.018523+00:00,ok,,cifar100,classification,aptx_field_relu,APTx Neuron + Lambda-Psi + ReLU,aptx,1,after_field,0,1,1,0.5,0.5,0,2026,0.0005,0.0001,0.0,100,21,1,20,0.0001,64,384,256,192,4039850,4039850,838.1530341659673,cuda,./results/lambda_psi_hidden_only/checkpoints/cifar100/aptx_field_relu/cifar100__aptx_field_relu__seed0__lr0p0005__cfgb92a0ae73751.pt,5.266338571166992,0.72,4.2,,,,,,,5.042749728393555,1.02,5.06,,,,,,,0.5212480425834656,0.5189748406410217,0.5212202072143555,0.5171110033988953,0.521205723285675,0.5337838530540466,,
cifar100__aptx_field_relu__seed1__lr0p0005__cfgb92a0ae73751,b92a0ae73751,96b354dd2d4cd04c,2.12.1+cu130,0.27.1+cu130,1.9.0,2.5.2,0,4,2026-09-01T05:13:40.365213+00:00,ok,,cifar100,classification,aptx_field_relu,APTx Neuron + Lambda-Psi + ReLU,aptx,1,after_field,0,1,1,0.5,0.5,1,2026,0.0005,0.0001,0.0,100,21,1,20,0.0001,64,384,256,192,4039850,4039850,838.4760048557073,cuda,./results/lambda_psi_hidden_only/checkpoints/cifar100/aptx_field_relu/cifar100__aptx_field_relu__seed1__lr0p0005__cfgb92a0ae73751.pt,5.120447019195557,0.8999999999999999,4.279999999999999,,,,,,,5.2597968284606935,0.98,4.9799999999999995,,,,,,,0.5151017904281616,0.5123189687728882,0.5150335431098938,0.5108282566070557,0.5153239369392395,0.5264529585838318,,
cifar100__aptx_field_relu__seed2__lr0p0005__cfgb92a0ae73751,b92a0ae73751,96b354dd2d4cd04c,2.12.1+cu130,0.27.1+cu130,1.9.0,2.5.2,0,4,2026-09-01T05:27:50.515226+00:00,ok,,cifar100,classification,aptx_field_relu,APTx Neuron + Lambda-Psi + ReLU,aptx,1,after_field,0,1,1,0.5,0.5,2,2026,0.0005,0.0001,0.0,100,21,1,20,0.0001,64,384,256,192,4039850,4039850,841.0333567038178,cuda,./results/lambda_psi_hidden_only/checkpoints/cifar100/aptx_field_relu/cifar100__aptx_field_relu__seed2__lr0p0005__cfgb92a0ae73751.pt,5.297356596374511,1.08,4.859999999999999,,,,,,,5.158973638916016,0.9900000000000001,4.99,,,,,,,0.5147137641906738,0.5133371353149414,0.5145250558853149,0.5110655426979065,0.514685332775116,0.5254247784614563,,
cifar100__aptx_field_relu__seed3__lr0p0005__cfgb92a0ae73751,b92a0ae73751,96b354dd2d4cd04c,2.12.1+cu130,0.27.1+cu130,1.9.0,2.5.2,0,4,2026-09-01T05:42:05.795760+00:00,ok,,cifar100,classification,aptx_field_relu,APTx Neuron + Lambda-Psi + ReLU,aptx,1,after_field,0,1,1,0.5,0.5,3,2026,0.0005,0.0001,0.0,100,21,1,20,0.0001,64,384,256,192,4039850,4039850,846.3359407121316,cuda,./results/lambda_psi_hidden_only/checkpoints/cifar100/aptx_field_relu/cifar100__aptx_field_relu__seed3__lr0p0005__cfgb92a0ae73751.pt,5.076344132995605,0.8,4.6,,,,,,,5.072429112243652,1.0,5.01,,,,,,,0.5284932851791382,0.5253430008888245,0.5286165475845337,0.5236453413963318,0.5285757184028625,0.5416613817214966,,
cifar100__aptx_field_relu__seed4__lr0p0005__cfgb92a0ae73751,b92a0ae73751,96b354dd2d4cd04c,2.12.1+cu130,0.27.1+cu130,1.9.0,2.5.2,0,4,2026-09-01T05:56:21.876269+00:00,ok,,cifar100,classification,aptx_field_relu,APTx Neuron + Lambda-Psi + ReLU,aptx,1,after_field,0,1,1,0.5,0.5,4,2026,0.0005,0.0001,0.0,100,21,1,20,0.0001,64,384,256,192,4039850,4039850,847.214443855919,cuda,./results/lambda_psi_hidden_only/checkpoints/cifar100/aptx_field_relu/cifar100__aptx_field_relu__seed4__lr0p0005__cfgb92a0ae73751.pt,5.105510855865479,0.8,4.72,,,,,,,5.3007740226745605,1.0,5.01,,,,,,,0.5136387944221497,0.5112682580947876,0.5136505961418152,0.5110117197036743,0.5137426257133484,0.5230647921562195,,
cifar100__aptx_field_relu__seed0__lr0p001__cfgb92a0ae73751,b92a0ae73751,96b354dd2d4cd04c,2.12.1+cu130,0.27.1+cu130,1.9.0,2.5.2,0,4,2026-09-01T06:21:23.117311+00:00,ok,,cifar100,classification,aptx_field_relu,APTx Neuron + Lambda-Psi + ReLU,aptx,1,after_field,0,1,1,0.5,0.5,0,2026,0.001,0.0001,0.0,100,37,17,20,0.0001,64,384,256,192,4039850,4039850,1492.401782150846,cuda,./results/lambda_psi_hidden_only/checkpoints/cifar100/aptx_field_relu/cifar100__aptx_field_relu__seed0__lr0p001__cfgb92a0ae73751.pt,4.606610330200195,0.8200000000000001,3.8,,,,,,,4.605289933013916,1.0,5.0,,,,,,,0.5315691828727722,0.5270279049873352,0.5325632691383362,0.521813154220581,0.532672107219696,0.5546181201934814,,
cifar100__aptx_field_relu__seed1__lr0p001__cfgb92a0ae73751,b92a0ae73751,96b354dd2d4cd04c,2.12.1+cu130,0.27.1+cu130,1.9.0,2.5.2,0,4,2026-09-01T06:33:45.647049+00:00,ok,,cifar100,classification,aptx_field_relu,APTx Neuron + Lambda-Psi + ReLU,aptx,1,after_field,0,1,1,0.5,0.5,1,2026,0.001,0.0001,0.0,100,21,1,20,0.0001,64,384,256,192,4039850,4039850,738.2482284372672,cuda,./results/lambda_psi_hidden_only/checkpoints/cifar100/aptx_field_relu/cifar100__aptx_field_relu__seed1__lr0p001__cfgb92a0ae73751.pt,4.804773278045654,0.86,4.3,,,,,,,4.864395129394532,1.0,5.01,,,,,,,0.5188596844673157,0.5138567090034485,0.5186395645141602,0.5130924582481384,0.5187089443206787,0.5305008292198181,,
cifar100__aptx_field_relu__seed2__lr0p001__cfgb92a0ae73751,b92a0ae73751,96b354dd2d4cd04c,2.12.1+cu130,0.27.1+cu130,1.9.0,2.5.2,0,4,2026-09-01T06:37:47.195277+00:00,ok,,cifar100,classification,aptx_field_relu,APTx Neuron + Lambda-Psi + ReLU,aptx,1,after_field,0,1,1,0.5,0.5,2,2026,0.001,0.0001,0.0,100,21,1,20,0.0001,64,384,256,192,4039850,4039850,237.34915189584717,cuda,./results/lambda_psi_hidden_only/checkpoints/cifar100/aptx_field_relu/cifar100__aptx_field_relu__seed2__lr0p001__cfgb92a0ae73751.pt,4.863235385131836,0.8,4.06,,,,,,,4.72702659072876,1.0,4.99,,,,,,,0.5178616046905518,0.5153251886367798,0.5177252888679504,0.5121488571166992,0.5178173780441284,0.5289849042892456,,
cifar100__aptx_field_relu__seed3__lr0p001__cfgb92a0ae73751,b92a0ae73751,96b354dd2d4cd04c,2.12.1+cu130,0.27.1+cu130,1.9.0,2.5.2,0,4,2026-09-01T06:42:35.210013+00:00,ok,,cifar100,classification,aptx_field_relu,APTx Neuron + Lambda-Psi + ReLU,aptx,1,after_field,0,1,1,0.5,0.5,3,2026,0.001,0.0001,0.0,100,25,5,20,0.0001,64,384,256,192,4039850,4039850,283.87812887271866,cuda,./results/lambda_psi_hidden_only/checkpoints/cifar100/aptx_field_relu/cifar100__aptx_field_relu__seed3__lr0p001__cfgb92a0ae73751.pt,4.632162371826172,1.06,4.96,,,,,,,4.643539284515381,0.9900000000000001,4.9799999999999995,,,,,,,0.5293540954589844,0.5208131074905396,0.5291624069213867,0.553525984287262,0.4695641100406647,0.5965262651443481,,
cifar100__aptx_field_relu__seed4__lr0p001__cfgb92a0ae73751,b92a0ae73751,96b354dd2d4cd04c,2.12.1+cu130,0.27.1+cu130,1.9.0,2.5.2,0,4,2026-09-01T06:46:36.748273+00:00,ok,,cifar100,classification,aptx_field_relu,APTx Neuron + Lambda-Psi + ReLU,aptx,1,after_field,0,1,1,0.5,0.5,4,2026,0.001,0.0001,0.0,100,21,1,20,0.0001,64,384,256,192,4039850,4039850,237.57448329823092,cuda,./results/lambda_psi_hidden_only/checkpoints/cifar100/aptx_field_relu/cifar100__aptx_field_relu__seed4__lr0p001__cfgb92a0ae73751.pt,4.68027022857666,0.8,4.02,,,,,,,4.760352998352051,1.0,4.99,,,,,,,0.5168587565422058,0.5140220522880554,0.5167713165283203,0.5129826068878174,0.5167700052261353,0.5267713069915771,,
cifar100__aptx_field_relu__seed0__lr0p002__cfgb92a0ae73751,b92a0ae73751,96b354dd2d4cd04c,2.12.1+cu130,0.27.1+cu130,1.9.0,2.5.2,0,4,2026-09-01T06:50:46.311761+00:00,ok,,cifar100,classification,aptx_field_relu,APTx Neuron + Lambda-Psi + ReLU,aptx,1,after_field,0,1,1,0.5,0.5,0,2026,0.002,0.0001,0.0,100,22,2,20,0.0001,64,384,256,192,4039850,4039850,245.48523734603077,cuda,./results/lambda_psi_hidden_only/checkpoints/cifar100/aptx_field_relu/cifar100__aptx_field_relu__seed0__lr0p002__cfgb92a0ae73751.pt,4.641759259796142,0.84,4.02,,,,,,,4.62965027923584,1.0,5.0,,,,,,,0.5306362509727478,0.5266633033752441,0.5308566689491272,0.5210359692573547,0.5307721495628357,0.545250415802002,,
cifar100__aptx_field_relu__seed1__lr0p002__cfgb92a0ae73751,b92a0ae73751,96b354dd2d4cd04c,2.12.1+cu130,0.27.1+cu130,1.9.0,2.5.2,0,4,2026-09-01T06:55:52.506004+00:00,ok,,cifar100,classification,aptx_field_relu,APTx Neuron + Lambda-Psi + ReLU,aptx,1,after_field,0,1,1,0.5,0.5,1,2026,0.002,0.0001,0.0,100,26,6,20,0.0001,64,384,256,192,4039850,4039850,301.8876191857271,cuda,./results/lambda_psi_hidden_only/checkpoints/cifar100/aptx_field_relu/cifar100__aptx_field_relu__seed1__lr0p002__cfgb92a0ae73751.pt,4.607827259063721,0.9199999999999999,4.06,,,,,,,4.605390180206299,1.0,5.0,,,,,,,0.5247482061386108,0.5188626646995544,0.5247282981872559,0.5138409733772278,0.5248931050300598,0.5406910181045532,,
cifar100__aptx_field_relu__seed2__lr0p002__cfgb92a0ae73751,b92a0ae73751,96b354dd2d4cd04c,2.12.1+cu130,0.27.1+cu130,1.9.0,2.5.2,0,4,2026-09-01T07:00:06.520969+00:00,ok,,cifar100,classification,aptx_field_relu,APTx Neuron + Lambda-Psi + ReLU,aptx,1,after_field,0,1,1,0.5,0.5,2,2026,0.002,0.0001,0.0,100,21,1,20,0.0001,64,384,256,192,4039850,4039850,249.0877232691273,cuda,./results/lambda_psi_hidden_only/checkpoints/cifar100/aptx_field_relu/cifar100__aptx_field_relu__seed2__lr0p002__cfgb92a0ae73751.pt,4.646079239654541,0.8200000000000001,4.5,,,,,,,4.6208455329895015,1.0,5.0,,,,,,,0.5245682597160339,0.5225077271461487,0.5245055556297302,0.5160552263259888,0.5244704484939575,0.5371811985969543,,
cifar100__aptx_field_relu__seed3__lr0p002__cfgb92a0ae73751,b92a0ae73751,96b354dd2d4cd04c,2.12.1+cu130,0.27.1+cu130,1.9.0,2.5.2,0,4,2026-09-01T07:04:44.881897+00:00,ok,,cifar100,classification,aptx_field_relu,APTx Neuron + Lambda-Psi + ReLU,aptx,1,after_field,0,1,1,0.5,0.5,3,2026,0.002,0.0001,0.0,100,24,4,20,0.0001,64,384,256,192,4039850,4039850,273.75778371701017,cuda,./results/lambda_psi_hidden_only/checkpoints/cifar100/aptx_field_relu/cifar100__aptx_field_relu__seed3__lr0p002__cfgb92a0ae73751.pt,4.620892054748535,0.84,3.9600000000000004,,,,,,,4.623459136199951,1.0,4.99,,,,,,,0.5386940240859985,0.5230758786201477,0.538797914981842,0.569072425365448,0.4681376814842224,0.5894790887832642,,
cifar100__aptx_field_relu__seed4__lr0p002__cfgb92a0ae73751,b92a0ae73751,96b354dd2d4cd04c,2.12.1+cu130,0.27.1+cu130,1.9.0,2.5.2,0,4,2026-09-01T07:09:09.700320+00:00,ok,,cifar100,classification,aptx_field_relu,APTx Neuron + Lambda-Psi + ReLU,aptx,1,after_field,0,1,1,0.5,0.5,4,2026,0.002,0.0001,0.0,100,23,3,20,0.0001,64,384,256,192,4039850,4039850,260.69390310300514,cuda,./results/lambda_psi_hidden_only/checkpoints/cifar100/aptx_field_relu/cifar100__aptx_field_relu__seed4__lr0p002__cfgb92a0ae73751.pt,4.609538768005371,0.84,3.8600000000000003,,,,,,,4.66713037109375,1.0,5.0,,,,,,,0.5218923091888428,0.5177929997444153,0.5218604207038879,0.5171135067939758,0.5217308402061462,0.5314186811447144,,
cifar100__aptx_field_relu__seed0__lr0p003__cfgb92a0ae73751,b92a0ae73751,96b354dd2d4cd04c,2.12.1+cu130,0.27.1+cu130,1.9.0,2.5.2,0,4,2026-09-01T07:13:24.792984+00:00,ok,,cifar100,classification,aptx_field_relu,APTx Neuron + Lambda-Psi + ReLU,aptx,1,after_field,0,1,1,0.5,0.5,0,2026,0.003,0.0001,0.0,100,21,1,20,0.0001,64,384,256,192,4039850,4039850,250.81990085495636,cuda,./results/lambda_psi_hidden_only/checkpoints/cifar100/aptx_field_relu/cifar100__aptx_field_relu__seed0__lr0p003__cfgb92a0ae73751.pt,4.661721706390381,1.1199999999999999,4.82,,,,,,,4.632022280883789,1.0,5.0,,,,,,,0.539818525314331,0.5294442176818848,0.5395656824111938,0.5567673444747925,0.4678783714771271,0.585964024066925,,
cifar100__aptx_field_relu__seed1__lr0p003__cfgb92a0ae73751,b92a0ae73751,96b354dd2d4cd04c,2.12.1+cu130,0.27.1+cu130,1.9.0,2.5.2,0,4,2026-09-01T07:22:14.024545+00:00,ok,,cifar100,classification,aptx_field_relu,APTx Neuron + Lambda-Psi + ReLU,aptx,1,after_field,0,1,1,0.5,0.5,1,2026,0.003,0.0001,0.0,100,45,25,20,0.0001,64,384,256,192,4039850,4039850,524.4522068300284,cuda,./results/lambda_psi_hidden_only/checkpoints/cifar100/aptx_field_relu/cifar100__aptx_field_relu__seed1__lr0p003__cfgb92a0ae73751.pt,4.6072844146728515,1.0,4.26,,,,,,,4.605391543579102,1.0,5.0,,,,,,,0.5324571132659912,0.5178114175796509,0.5326288342475891,0.5152283906936646,0.5321298241615295,0.5506317615509033,,
cifar100__aptx_field_relu__seed2__lr0p003__cfgb92a0ae73751,b92a0ae73751,96b354dd2d4cd04c,2.12.1+cu130,0.27.1+cu130,1.9.0,2.5.2,0,4,2026-09-01T07:30:17.713351+00:00,ok,,cifar100,classification,aptx_field_relu,APTx Neuron + Lambda-Psi + ReLU,aptx,1,after_field,0,1,1,0.5,0.5,2,2026,0.003,0.0001,0.0,100,43,23,20,0.0001,64,384,256,192,4039850,4039850,479.5856763762422,cuda,./results/lambda_psi_hidden_only/checkpoints/cifar100/aptx_field_relu/cifar100__aptx_field_relu__seed2__lr0p003__cfgb92a0ae73751.pt,4.607592998504638,1.06,4.34,,,,,,,4.605403169250488,1.0,5.0,,,,,,,0.5465193390846252,0.5104647278785706,0.5497167110443115,0.4944632053375244,0.5486405491828918,0.5742591023445129,,
cifar100__aptx_field_relu__seed3__lr0p003__cfgb92a0ae73751,b92a0ae73751,96b354dd2d4cd04c,2.12.1+cu130,0.27.1+cu130,1.9.0,2.5.2,0,4,2026-09-01T07:37:03.112126+00:00,ok,,cifar100,classification,aptx_field_relu,APTx Neuron + Lambda-Psi + ReLU,aptx,1,after_field,0,1,1,0.5,0.5,3,2026,0.003,0.0001,0.0,100,37,17,20,0.0001,64,384,256,192,4039850,4039850,401.34469254501164,cuda,./results/lambda_psi_hidden_only/checkpoints/cifar100/aptx_field_relu/cifar100__aptx_field_relu__seed3__lr0p003__cfgb92a0ae73751.pt,4.6073371566772465,0.8999999999999999,4.16,,,,,,,4.616556840515137,1.0,5.0,,,,,,,0.5631260275840759,0.547479510307312,0.5627526640892029,0.586196780204773,0.461777001619339,0.632472574710846,,
cifar100__aptx_field_relu__seed4__lr0p003__cfgb92a0ae73751,b92a0ae73751,96b354dd2d4cd04c,2.12.1+cu130,0.27.1+cu130,1.9.0,2.5.2,0,4,2026-09-01T07:46:26.690525+00:00,ok,,cifar100,classification,aptx_field_relu,APTx Neuron + Lambda-Psi + ReLU,aptx,1,after_field,0,1,1,0.5,0.5,4,2026,0.003,0.0001,0.0,100,52,32,20,0.0001,64,384,256,192,4039850,4039850,559.4893310847692,cuda,./results/lambda_psi_hidden_only/checkpoints/cifar100/aptx_field_relu/cifar100__aptx_field_relu__seed4__lr0p003__cfgb92a0ae73751.pt,4.607634014892578,1.04,4.3999999999999995,,,,,,,4.611955360412598,1.0,5.0,,,,,,,0.5243561863899231,0.5100141763687134,0.5250160098075867,0.5175146460533142,0.524836003780365,0.5414005517959595,,
cifar100__aptx_relu_field__seed0__lr0p0003__cfg8ec0308f83a1,8ec0308f83a1,96b354dd2d4cd04c,2.12.1+cu130,0.27.1+cu130,1.9.0,2.5.2,0,4,2026-09-01T07:50:04.252634+00:00,ok,,cifar100,classification,aptx_relu_field,APTx Neuron + ReLU + Lambda-Psi,aptx,1,before_field,0,1,1,0.5,0.5,0,2026,0.0003,0.0001,0.0,100,21,1,20,0.0001,64,384,256,192,4039850,4039850,213.4658001526259,cuda,./results/lambda_psi_hidden_only/checkpoints/cifar100/aptx_relu_field/cifar100__aptx_relu_field__seed0__lr0p0003__cfg8ec0308f83a1.pt,6.012433177185058,1.24,5.24,,,,,,,6.208991123199463,1.03,5.01,,,,,,,0.526517391204834,0.5351462364196777,0.5265966057777405,0.5389712452888489,0.5204286575317383,0.5363420844078064,,
cifar100__aptx_relu_field__seed1__lr0p0003__cfg8ec0308f83a1,8ec0308f83a1,96b354dd2d4cd04c,2.12.1+cu130,0.27.1+cu130,1.9.0,2.5.2,0,4,2026-09-01T07:54:26.659642+00:00,ok,,cifar100,classification,aptx_relu_field,APTx Neuron + ReLU + Lambda-Psi,aptx,1,before_field,0,1,1,0.5,0.5,1,2026,0.0003,0.0001,0.0,100,25,5,20,0.0001,64,384,256,192,4039850,4039850,258.41113776434213,cuda,./results/lambda_psi_hidden_only/checkpoints/cifar100/aptx_relu_field/cifar100__aptx_relu_field__seed1__lr0p0003__cfg8ec0308f83a1.pt,4.704458950805664,1.06,4.66,,,,,,,4.882293273925781,1.0,4.9799999999999995,,,,,,,0.521894633769989,0.5333044528961182,0.5218141078948975,0.5379761457443237,0.4998549520969391,0.5496487617492676,,
cifar100__aptx_relu_field__seed2__lr0p0003__cfg8ec0308f83a1,8ec0308f83a1,96b354dd2d4cd04c,2.12.1+cu130,0.27.1+cu130,1.9.0,2.5.2,0,4,2026-09-01T07:58:20.374636+00:00,ok,,cifar100,classification,aptx_relu_field,APTx Neuron + ReLU + Lambda-Psi,aptx,1,before_field,0,1,1,0.5,0.5,2,2026,0.0003,0.0001,0.0,100,22,2,20,0.0001,64,384,256,192,4039850,4039850,229.77745134197176,cuda,./results/lambda_psi_hidden_only/checkpoints/cifar100/aptx_relu_field/cifar100__aptx_relu_field__seed2__lr0p0003__cfg8ec0308f83a1.pt,5.240254038238525,1.08,4.92,,,,,,,5.10120616607666,1.01,5.0,,,,,,,0.5215587019920349,0.5317200422286987,0.5213115215301514,0.5339311957359314,0.5119629502296448,0.5366263389587402,,
cifar100__aptx_relu_field__seed3__lr0p0003__cfg8ec0308f83a1,8ec0308f83a1,96b354dd2d4cd04c,2.12.1+cu130,0.27.1+cu130,1.9.0,2.5.2,0,4,2026-09-01T08:04:04.264477+00:00,ok,,cifar100,classification,aptx_relu_field,APTx Neuron + ReLU + Lambda-Psi,aptx,1,before_field,0,1,1,0.5,0.5,3,2026,0.0003,0.0001,0.0,100,32,12,20,0.0001,64,384,256,192,4039850,4039850,339.8257026509382,cuda,./results/lambda_psi_hidden_only/checkpoints/cifar100/aptx_relu_field/cifar100__aptx_relu_field__seed3__lr0p0003__cfg8ec0308f83a1.pt,4.619995937347412,1.06,4.92,,,,,,,4.630967721557617,1.0,5.0,,,,,,,0.5356496572494507,0.5572021007537842,0.536664605140686,0.5594434142112732,0.4450629949569702,0.6331945061683655,,
cifar100__aptx_relu_field__seed4__lr0p0003__cfg8ec0308f83a1,8ec0308f83a1,96b354dd2d4cd04c,2.12.1+cu130,0.27.1+cu130,1.9.0,2.5.2,0,4,2026-09-01T08:09:39.140200+00:00,ok,,cifar100,classification,aptx_relu_field,APTx Neuron + ReLU + Lambda-Psi,aptx,1,before_field,0,1,1,0.5,0.5,4,2026,0.0003,0.0001,0.0,100,31,11,20,0.0001,64,384,256,192,4039850,4039850,330.9677276588045,cuda,./results/lambda_psi_hidden_only/checkpoints/cifar100/aptx_relu_field/cifar100__aptx_relu_field__seed4__lr0p0003__cfg8ec0308f83a1.pt,4.678650915527344,1.1199999999999999,5.680000000000001,,,,,,,4.6737774513244625,1.0,5.0,,,,,,,0.5182079076766968,0.5351508855819702,0.5179511308670044,0.5376689434051514,0.4316249191761017,0.6092383861541748,,
cifar100__aptx_relu_field__seed0__lr0p0005__cfg8ec0308f83a1,8ec0308f83a1,96b354dd2d4cd04c,2.12.1+cu130,0.27.1+cu130,1.9.0,2.5.2,0,4,2026-09-01T08:13:46.286758+00:00,ok,,cifar100,classification,aptx_relu_field,APTx Neuron + ReLU + Lambda-Psi,aptx,1,before_field,0,1,1,0.5,0.5,0,2026,0.0005,0.0001,0.0,100,23,3,20,0.0001,64,384,256,192,4039850,4039850,243.1669281362556,cuda,./results/lambda_psi_hidden_only/checkpoints/cifar100/aptx_relu_field/cifar100__aptx_relu_field__seed0__lr0p0005__cfg8ec0308f83a1.pt,4.626068743896484,1.06,5.04,,,,,,,4.656015824890137,1.0,5.01,,,,,,,0.5298708081245422,0.5413976311683655,0.5298997759819031,0.546247661113739,0.5070691704750061,0.5583093762397766,,
cifar100__aptx_relu_field__seed1__lr0p0005__cfg8ec0308f83a1,8ec0308f83a1,96b354dd2d4cd04c,2.12.1+cu130,0.27.1+cu130,1.9.0,2.5.2,0,4,2026-09-01T08:17:41.071218+00:00,ok,,cifar100,classification,aptx_relu_field,APTx Neuron + ReLU + Lambda-Psi,aptx,1,before_field,0,1,1,0.5,0.5,1,2026,0.0005,0.0001,0.0,100,22,2,20,0.0001,64,384,256,192,4039850,4039850,230.80391530599445,cuda,./results/lambda_psi_hidden_only/checkpoints/cifar100/aptx_relu_field/cifar100__aptx_relu_field__seed1__lr0p0005__cfg8ec0308f83a1.pt,4.68742674407959,1.08,4.760000000000001,,,,,,,4.791779523468017,1.02,5.0200000000000005,,,,,,,0.5241791605949402,0.5347180366516113,0.5240960121154785,0.5384769439697266,0.5067967176437378,0.5465422868728638,,
cifar100__aptx_relu_field__seed2__lr0p0005__cfg8ec0308f83a1,8ec0308f83a1,96b354dd2d4cd04c,2.12.1+cu130,0.27.1+cu130,1.9.0,2.5.2,0,4,2026-09-01T08:21:38.195793+00:00,ok,,cifar100,classification,aptx_relu_field,APTx Neuron + ReLU + Lambda-Psi,aptx,1,before_field,0,1,1,0.5,0.5,2,2026,0.0005,0.0001,0.0,100,22,2,20,0.0001,64,384,256,192,4039850,4039850,233.03955711517483,cuda,./results/lambda_psi_hidden_only/checkpoints/cifar100/aptx_relu_field/cifar100__aptx_relu_field__seed2__lr0p0005__cfg8ec0308f83a1.pt,4.8195310440063475,1.1199999999999999,5.38,,,,,,,4.882809285736084,1.0,4.91,,,,,,,0.5238630175590515,0.5350977778434753,0.5235846042633057,0.5380270481109619,0.5088807344436646,0.5448422431945801,,
cifar100__aptx_relu_field__seed3__lr0p0005__cfg8ec0308f83a1,8ec0308f83a1,96b354dd2d4cd04c,2.12.1+cu130,0.27.1+cu130,1.9.0,2.5.2,0,4,2026-09-01T08:27:21.477737+00:00,ok,,cifar100,classification,aptx_relu_field,APTx Neuron + ReLU + Lambda-Psi,aptx,1,before_field,0,1,1,0.5,0.5,3,2026,0.0005,0.0001,0.0,100,32,12,20,0.0001,64,384,256,192,4039850,4039850,339.32839287398383,cuda,./results/lambda_psi_hidden_only/checkpoints/cifar100/aptx_relu_field/cifar100__aptx_relu_field__seed3__lr0p0005__cfg8ec0308f83a1.pt,4.624211791992187,1.24,5.319999999999999,,,,,,,4.653492085266113,1.0,5.0,,,,,,,0.5563109517097473,0.5946741700172424,0.5030632615089417,0.5937454700469971,0.4578285813331604,0.7709265947341919,,
cifar100__aptx_relu_field__seed4__lr0p0005__cfg8ec0308f83a1,8ec0308f83a1,96b354dd2d4cd04c,2.12.1+cu130,0.27.1+cu130,1.9.0,2.5.2,0,4,2026-09-01T08:31:58.770714+00:00,ok,,cifar100,classification,aptx_relu_field,APTx Neuron + ReLU + Lambda-Psi,aptx,1,before_field,0,1,1,0.5,0.5,4,2026,0.0005,0.0001,0.0,100,26,6,20,0.0001,64,384,256,192,4039850,4039850,273.25139931123704,cuda,./results/lambda_psi_hidden_only/checkpoints/cifar100/aptx_relu_field/cifar100__aptx_relu_field__seed4__lr0p0005__cfg8ec0308f83a1.pt,4.667806824493408,1.1400000000000001,4.88,,,,,,,4.669651490783691,1.0,5.01,,,,,,,0.5192651152610779,0.532859742641449,0.5193235278129578,0.5366144776344299,0.4479156732559204,0.5982246994972229,,
cifar100__aptx_relu_field__seed0__lr0p001__cfg8ec0308f83a1,8ec0308f83a1,96b354dd2d4cd04c,2.12.1+cu130,0.27.1+cu130,1.9.0,2.5.2,0,4,2026-09-01T08:36:36.384248+00:00,ok,,cifar100,classification,aptx_relu_field,APTx Neuron + ReLU + Lambda-Psi,aptx,1,before_field,0,1,1,0.5,0.5,0,2026,0.001,0.0001,0.0,100,26,6,20,0.0001,64,384,256,192,4039850,4039850,273.6782672861591,cuda,./results/lambda_psi_hidden_only/checkpoints/cifar100/aptx_relu_field/cifar100__aptx_relu_field__seed0__lr0p001__cfg8ec0308f83a1.pt,4.611068811798096,1.08,4.78,,,,,,,4.610479959106446,1.0,5.0,,,,,,,0.538146436214447,0.5517458915710449,0.5383849740028381,0.5590792298316956,0.3476034700870514,0.7407746315002441,,
cifar100__aptx_relu_field__seed1__lr0p001__cfg8ec0308f83a1,8ec0308f83a1,96b354dd2d4cd04c,2.12.1+cu130,0.27.1+cu130,1.9.0,2.5.2,0,4,2026-09-01T08:40:33.749632+00:00,ok,,cifar100,classification,aptx_relu_field,APTx Neuron + ReLU + Lambda-Psi,aptx,1,before_field,0,1,1,0.5,0.5,1,2026,0.001,0.0001,0.0,100,22,2,20,0.0001,64,384,256,192,4039850,4039850,233.42612771922722,cuda,./results/lambda_psi_hidden_only/checkpoints/cifar100/aptx_relu_field/cifar100__aptx_relu_field__seed1__lr0p001__cfg8ec0308f83a1.pt,4.642433699798584,1.08,4.32,,,,,,,4.697178045654297,1.01,5.01,,,,,,,0.5287612080574036,0.5390948057174683,0.5287732481956482,0.5447494983673096,0.4833706021308899,0.5815157890319824,,
cifar100__aptx_relu_field__seed2__lr0p001__cfg8ec0308f83a1,8ec0308f83a1,96b354dd2d4cd04c,2.12.1+cu130,0.27.1+cu130,1.9.0,2.5.2,0,4,2026-09-01T08:44:28.542959+00:00,ok,,cifar100,classification,aptx_relu_field,APTx Neuron + ReLU + Lambda-Psi,aptx,1,before_field,0,1,1,0.5,0.5,2,2026,0.001,0.0001,0.0,100,22,2,20,0.0001,64,384,256,192,4039850,4039850,230.79713565530255,cuda,./results/lambda_psi_hidden_only/checkpoints/cifar100/aptx_relu_field/cifar100__aptx_relu_field__seed2__lr0p001__cfg8ec0308f83a1.pt,4.683628420257568,1.1199999999999999,5.4,,,,,,,4.682312506866455,1.0,5.01,,,,,,,0.5296096205711365,0.5419899225234985,0.5291098952293396,0.5446047186851501,0.48477014899253845,0.5840079188346863,,
cifar100__aptx_relu_field__seed3__lr0p001__cfg8ec0308f83a1,8ec0308f83a1,96b354dd2d4cd04c,2.12.1+cu130,0.27.1+cu130,1.9.0,2.5.2,0,4,2026-09-01T08:49:53.551016+00:00,ok,,cifar100,classification,aptx_relu_field,APTx Neuron + ReLU + Lambda-Psi,aptx,1,before_field,0,1,1,0.5,0.5,3,2026,0.001,0.0001,0.0,100,31,11,20,0.0001,64,384,256,192,4039850,4039850,321.02240644814447,cuda,./results/lambda_psi_hidden_only/checkpoints/cifar100/aptx_relu_field/cifar100__aptx_relu_field__seed3__lr0p001__cfg8ec0308f83a1.pt,4.60691099395752,1.18,4.54,,,,,,,4.61607250213623,0.98,4.99,,,,,,,0.5744042992591858,0.622989296913147,0.556976854801178,0.5871419310569763,0.24881935119628906,0.8696972131729126,,
cifar100__aptx_relu_field__seed4__lr0p001__cfg8ec0308f83a1,8ec0308f83a1,96b354dd2d4cd04c,2.12.1+cu130,0.27.1+cu130,1.9.0,2.5.2,0,4,2026-09-01T08:53:52.432670+00:00,ok,,cifar100,classification,aptx_relu_field,APTx Neuron + ReLU + Lambda-Psi,aptx,1,before_field,0,1,1,0.5,0.5,4,2026,0.001,0.0001,0.0,100,22,2,20,0.0001,64,384,256,192,4039850,4039850,234.83321134513244,cuda,./results/lambda_psi_hidden_only/checkpoints/cifar100/aptx_relu_field/cifar100__aptx_relu_field__seed4__lr0p001__cfg8ec0308f83a1.pt,4.817162451934815,1.0999999999999999,4.9399999999999995,,,,,,,4.802359600067138,0.9900000000000001,5.01,,,,,,,0.5234148502349854,0.5343735814094543,0.523574948310852,0.5382670760154724,0.474561870098114,0.5797809958457947,,
cifar100__aptx_relu_field__seed0__lr0p002__cfg8ec0308f83a1,8ec0308f83a1,96b354dd2d4cd04c,2.12.1+cu130,0.27.1+cu130,1.9.0,2.5.2,0,4,2026-09-01T08:57:58.214089+00:00,ok,,cifar100,classification,aptx_relu_field,APTx Neuron + ReLU + Lambda-Psi,aptx,1,before_field,0,1,1,0.5,0.5,0,2026,0.002,0.0001,0.0,100,23,3,20,0.0001,64,384,256,192,4039850,4039850,241.74182229535654,cuda,./results/lambda_psi_hidden_only/checkpoints/cifar100/aptx_relu_field/cifar100__aptx_relu_field__seed0__lr0p002__cfg8ec0308f83a1.pt,4.618680183410644,1.08,5.06,,,,,,,4.615218173980713,1.0,5.0,,,,,,,0.5466153025627136,0.559531569480896,0.5470502376556396,0.5603525042533875,0.34763747453689575,0.7550875544548035,,
cifar100__aptx_relu_field__seed1__lr0p002__cfg8ec0308f83a1,8ec0308f83a1,96b354dd2d4cd04c,2.12.1+cu130,0.27.1+cu130,1.9.0,2.5.2,0,4,2026-09-01T09:01:55.250860+00:00,ok,,cifar100,classification,aptx_relu_field,APTx Neuron + ReLU + Lambda-Psi,aptx,1,before_field,0,1,1,0.5,0.5,1,2026,0.002,0.0001,0.0,100,22,2,20,0.0001,64,384,256,192,4039850,4039850,233.05617961194366,cuda,./results/lambda_psi_hidden_only/checkpoints/cifar100/aptx_relu_field/cifar100__aptx_relu_field__seed1__lr0p002__cfg8ec0308f83a1.pt,5.265332280731201,1.06,4.3,,,,,,,5.1723421279907225,1.0,5.0,,,,,,,0.5349977612495422,0.545639157295227,0.534629225730896,0.5508362650871277,0.3980618417263031,0.6805120706558228,,
cifar100__aptx_relu_field__seed2__lr0p002__cfg8ec0308f83a1,8ec0308f83a1,96b354dd2d4cd04c,2.12.1+cu130,0.27.1+cu130,1.9.0,2.5.2,0,4,2026-09-01T09:05:49.654594+00:00,ok,,cifar100,classification,aptx_relu_field,APTx Neuron + ReLU + Lambda-Psi,aptx,1,before_field,0,1,1,0.5,0.5,2,2026,0.002,0.0001,0.0,100,22,2,20,0.0001,64,384,256,192,4039850,4039850,230.44268251070753,cuda,./results/lambda_psi_hidden_only/checkpoints/cifar100/aptx_relu_field/cifar100__aptx_relu_field__seed2__lr0p002__cfg8ec0308f83a1.pt,4.736011013793945,1.1199999999999999,5.38,,,,,,,4.7310959884643555,1.0,5.01,,,,,,,0.5344423055648804,0.5426806807518005,0.5343490839004517,0.5502120852470398,0.3995437026023865,0.6831501126289368,,
cifar100__aptx_relu_field__seed3__lr0p002__cfg8ec0308f83a1,8ec0308f83a1,96b354dd2d4cd04c,2.12.1+cu130,0.27.1+cu130,1.9.0,2.5.2,0,4,2026-09-01T09:09:45.133890+00:00,ok,,cifar100,classification,aptx_relu_field,APTx Neuron + ReLU + Lambda-Psi,aptx,1,before_field,0,1,1,0.5,0.5,3,2026,0.002,0.0001,0.0,100,22,2,20,0.0001,64,384,256,192,4039850,4039850,231.50204260228202,cuda,./results/lambda_psi_hidden_only/checkpoints/cifar100/aptx_relu_field/cifar100__aptx_relu_field__seed3__lr0p002__cfg8ec0308f83a1.pt,4.63268071899414,1.0,4.88,,,,,,,4.656070448303223,1.0,5.0200000000000005,,,,,,,0.5498756170272827,0.5602312684059143,0.5507920980453491,0.568850040435791,0.42492911219596863,0.6924924254417419,,
cifar100__aptx_relu_field__seed4__lr0p002__cfg8ec0308f83a1,8ec0308f83a1,96b354dd2d4cd04c,2.12.1+cu130,0.27.1+cu130,1.9.0,2.5.2,0,4,2026-09-01T09:13:58.132523+00:00,ok,,cifar100,classification,aptx_relu_field,APTx Neuron + ReLU + Lambda-Psi,aptx,1,before_field,0,1,1,0.5,0.5,4,2026,0.002,0.0001,0.0,100,22,2,20,0.0001,64,384,256,192,4039850,4039850,248.29310706304386,cuda,./results/lambda_psi_hidden_only/checkpoints/cifar100/aptx_relu_field/cifar100__aptx_relu_field__seed4__lr0p002__cfg8ec0308f83a1.pt,4.617424247741699,1.0999999999999999,4.9399999999999995,,,,,,,4.623555045318604,1.0,5.0,,,,,,,0.5314411520957947,0.543340802192688,0.5310914516448975,0.549721896648407,0.3948391377925873,0.6744409799575806,,
cifar100__aptx_relu_field__seed0__lr0p003__cfg8ec0308f83a1,8ec0308f83a1,96b354dd2d4cd04c,2.12.1+cu130,0.27.1+cu130,1.9.0,2.5.2,0,4,2026-09-01T09:18:23.563213+00:00,ok,,cifar100,classification,aptx_relu_field,APTx Neuron + ReLU + Lambda-Psi,aptx,1,before_field,0,1,1,0.5,0.5,0,2026,0.003,0.0001,0.0,100,23,3,20,0.0001,64,384,256,192,4039850,4039850,260.63600233895704,cuda,./results/lambda_psi_hidden_only/checkpoints/cifar100/aptx_relu_field/cifar100__aptx_relu_field__seed0__lr0p003__cfg8ec0308f83a1.pt,4.624653756713867,1.08,5.08,,,,,,,4.614834384155273,0.9900000000000001,4.99,,,,,,,0.5581569075584412,0.5688524842262268,0.5594683289527893,0.5780060887336731,0.2772383987903595,0.833754301071167,,
cifar100__aptx_relu_field__seed1__lr0p003__cfg8ec0308f83a1,8ec0308f83a1,96b354dd2d4cd04c,2.12.1+cu130,0.27.1+cu130,1.9.0,2.5.2,0,4,2026-09-01T09:22:27.473752+00:00,ok,,cifar100,classification,aptx_relu_field,APTx Neuron + ReLU + Lambda-Psi,aptx,1,before_field,0,1,1,0.5,0.5,1,2026,0.003,0.0001,0.0,100,22,2,20,0.0001,64,384,256,192,4039850,4039850,239.2535649058409,cuda,./results/lambda_psi_hidden_only/checkpoints/cifar100/aptx_relu_field/cifar100__aptx_relu_field__seed1__lr0p003__cfg8ec0308f83a1.pt,4.643934059906006,1.08,4.34,,,,,,,4.641904228210449,1.0,5.0,,,,,,,0.5460849404335022,0.5583610534667969,0.545608401298523,0.5677902698516846,0.3230796754360199,0.7665297389030457,,
cifar100__aptx_relu_field__seed2__lr0p003__cfg8ec0308f83a1,8ec0308f83a1,96b354dd2d4cd04c,2.12.1+cu130,0.27.1+cu130,1.9.0,2.5.2,0,4,2026-09-01T09:26:19.832396+00:00,ok,,cifar100,classification,aptx_relu_field,APTx Neuron + ReLU + Lambda-Psi,aptx,1,before_field,0,1,1,0.5,0.5,2,2026,0.003,0.0001,0.0,100,22,2,20,0.0001,64,384,256,192,4039850,4039850,228.36496991105378,cuda,./results/lambda_psi_hidden_only/checkpoints/cifar100/aptx_relu_field/cifar100__aptx_relu_field__seed2__lr0p003__cfg8ec0308f83a1.pt,4.653618245697022,1.1199999999999999,5.4,,,,,,,4.629911710357666,1.0,5.0,,,,,,,0.541863203048706,0.5511944890022278,0.5415674448013306,0.5606959462165833,0.32367244362831116,0.7685404419898987,,
cifar100__aptx_relu_field__seed3__lr0p003__cfg8ec0308f83a1,8ec0308f83a1,96b354dd2d4cd04c,2.12.1+cu130,0.27.1+cu130,1.9.0,2.5.2,0,4,2026-09-01T09:30:13.534963+00:00,ok,,cifar100,classification,aptx_relu_field,APTx Neuron + ReLU + Lambda-Psi,aptx,1,before_field,0,1,1,0.5,0.5,3,2026,0.003,0.0001,0.0,100,22,2,20,0.0001,64,384,256,192,4039850,4039850,229.74109888309613,cuda,./results/lambda_psi_hidden_only/checkpoints/cifar100/aptx_relu_field/cifar100__aptx_relu_field__seed3__lr0p003__cfg8ec0308f83a1.pt,4.767146810150146,0.98,4.9799999999999995,,,,,,,4.82173698272705,0.96,4.9799999999999995,,,,,,,0.5630845427513123,0.594119131565094,0.5542526841163635,0.5736532807350159,0.34783458709716797,0.7859176397323608,,
cifar100__aptx_relu_field__seed4__lr0p003__cfg8ec0308f83a1,8ec0308f83a1,96b354dd2d4cd04c,2.12.1+cu130,0.27.1+cu130,1.9.0,2.5.2,0,4,2026-09-01T09:34:27.107785+00:00,ok,,cifar100,classification,aptx_relu_field,APTx Neuron + ReLU + Lambda-Psi,aptx,1,before_field,0,1,1,0.5,0.5,4,2026,0.003,0.0001,0.0,100,22,2,20,0.0001,64,384,256,192,4039850,4039850,248.14592102589086,cuda,./results/lambda_psi_hidden_only/checkpoints/cifar100/aptx_relu_field/cifar100__aptx_relu_field__seed4__lr0p003__cfg8ec0308f83a1.pt,4.613776319885254,1.0999999999999999,4.9399999999999995,,,,,,,4.617152604675293,1.0,5.01,,,,,,,0.5349109768867493,0.5419068336486816,0.5350162982940674,0.546582043170929,0.31567999720573425,0.7551657557487488,,
california_housing__traditional_field__seed0__lr0p0003__cfg8d6127bb084a,8d6127bb084a,96b354dd2d4cd04c,2.12.1+cu130,0.27.1+cu130,1.9.0,2.5.2,0,4,2026-09-01T09:38:55.755408+00:00,ok,,california_housing,regression,traditional_field,Traditional neuron + Lambda-Psi,traditional,1,none,0,1,1,0.5,0.5,0,2026,0.0003,0.0001,0.0,200,151,131,20,0.0001,128,128,64,32,11527,11527,267.6571842809208,cuda,./results/lambda_psi_hidden_only/checkpoints/california_housing/traditional_field/california_housing__traditional_field__seed0__lr0p0003__cfg8d6127bb084a.pt,0.5230433612830879,,,0.5230433669663668,0.7232173718643425,72321.73718643426,0.529990045584796,52999.0045584796,0.63109075861202,0.5199620354083158,,,0.5199620380674843,0.7210839327481124,72108.39327481124,0.5265427797765637,52654.27797765637,0.5976708447074772,0.5251858234405518,0.48674941062927246,0.508011519908905,0.48262524604797363,0.4543395936489105,0.47031646966934204,,
california_housing__traditional_field__seed1__lr0p0003__cfg8d6127bb084a,8d6127bb084a,96b354dd2d4cd04c,2.12.1+cu130,0.27.1+cu130,1.9.0,2.5.2,0,4,2026-09-01T09:42:22.971964+00:00,ok,,california_housing,regression,traditional_field,Traditional neuron + Lambda-Psi,traditional,1,none,0,1,1,0.5,0.5,1,2026,0.0003,0.0001,0.0,200,118,98,20,0.0001,128,128,64,32,11527,11527,206.19999983906746,cuda,./results/lambda_psi_hidden_only/checkpoints/california_housing/traditional_field/california_housing__traditional_field__seed1__lr0p0003__cfg8d6127bb084a.pt,0.5258497036704721,,,0.5258496986192412,0.7251549480071423,72515.49480071424,0.5318402936032345,53184.029360323446,0.629111416655827,0.5228862060132877,,,0.5228862074242658,0.723108710654398,72310.8710654398,0.5281783616524045,52817.83616524045,0.5954082207058891,0.5187584757804871,0.486013799905777,0.5039443373680115,0.48606833815574646,0.46225443482398987,0.4739648997783661,,
california_housing__traditional_field__seed2__lr0p0003__cfg8d6127bb084a,8d6127bb084a,96b354dd2d4cd04c,2.12.1+cu130,0.27.1+cu130,1.9.0,2.5.2,0,4,2026-09-01T09:47:21.623547+00:00,ok,,california_housing,regression,traditional_field,Traditional neuron + Lambda-Psi,traditional,1,none,0,1,1,0.5,0.5,2,2026,0.0003,0.0001,0.0,200,166,146,20,0.0001,128,128,64,32,11527,11527,297.71070040855557,cuda,./results/lambda_psi_hidden_only/checkpoints/california_housing/traditional_field/california_housing__traditional_field__seed2__lr0p0003__cfg8d6127bb084a.pt,0.5232568179914193,,,0.5232568184634423,0.7233649275873432,72336.49275873431,0.5285781634928182,52857.81634928181,0.6309402085145857,0.5197343581406645,,,0.5197343674895454,0.720926048558065,72092.6048558065,0.5250573563317285,52505.735633172844,0.5978470085513755,0.5241779088973999,0.48965632915496826,0.5052704215049744,0.4843827486038208,0.4575333297252655,0.4728219211101532,,
california_housing__traditional_field__seed3__lr0p0003__cfg8d6127bb084a,8d6127bb084a,96b354dd2d4cd04c,2.12.1+cu130,0.27.1+cu130,1.9.0,2.5.2,0,4,2026-09-01T09:51:53.371029+00:00,ok,,california_housing,regression,traditional_field,Traditional neuron + Lambda-Psi,traditional,1,none,0,1,1,0.5,0.5,3,2026,0.0003,0.0001,0.0,200,146,126,20,0.0001,128,128,64,32,11527,11527,270.8239715080708,cuda,./results/lambda_psi_hidden_only/checkpoints/california_housing/traditional_field/california_housing__traditional_field__seed3__lr0p0003__cfg8d6127bb084a.pt,0.523355904475663,,,0.5233559074590937,0.7234334160509132,72343.34160509132,0.529117698023139,52911.7698023139,0.6308703197663014,0.5199822654095732,,,0.519982262896215,0.7210979565192339,72109.79565192338,0.5256527469695597,52565.27469695597,0.5976551954145224,0.5187264680862427,0.48828816413879395,0.5045547485351562,0.48568087816238403,0.4606257379055023,0.47321048378944397,,
california_housing__traditional_field__seed4__lr0p0003__cfg8d6127bb084a,8d6127bb084a,96b354dd2d4cd04c,2.12.1+cu130,0.27.1+cu130,1.9.0,2.5.2,0,4,2026-09-01T09:57:16.091214+00:00,ok,,california_housing,regression,traditional_field,Traditional neuron + Lambda-Psi,traditional,1,none,0,1,1,0.5,0.5,4,2026,0.0003,0.0001,0.0,200,171,151,20,0.0001,128,128,64,32,11527,11527,321.8111006086692,cuda,./results/lambda_psi_hidden_only/checkpoints/california_housing/traditional_field/california_housing__traditional_field__seed4__lr0p0003__cfg8d6127bb084a.pt,0.5225463098333788,,,0.5225463107265669,0.7228736478296652,72287.36478296653,0.5307883574345778,53078.83574345778,0.6314413387970156,0.5202378103899401,,,0.5202378082663353,0.7212751266100442,72127.51266100442,0.5277394078736908,52773.94078736908,0.5974574629929759,0.5314379930496216,0.48966965079307556,0.5067036151885986,0.4848969578742981,0.4559500813484192,0.4705934226512909,,
california_housing__traditional_field__seed0__lr0p0005__cfg8d6127bb084a,8d6127bb084a,96b354dd2d4cd04c,2.12.1+cu130,0.27.1+cu130,1.9.0,2.5.2,0,4,2026-09-01T09:58:04.399943+00:00,ok,,california_housing,regression,traditional_field,Traditional neuron + Lambda-Psi,traditional,1,none,0,1,1,0.5,0.5,0,2026,0.0005,0.0001,0.0,200,26,6,20,0.0001,128,128,64,32,11527,11527,47.368016043212265,cuda,./results/lambda_psi_hidden_only/checkpoints/california_housing/traditional_field/california_housing__traditional_field__seed0__lr0p0005__cfg8d6127bb084a.pt,0.5253140115460684,,,0.5253140093552454,0.7247854919596869,72478.54919596869,0.527104757473508,52710.47574735081,0.6294892452117011,0.5292897436969964,,,0.5292897416031146,0.7275230179197869,72752.3017919787,0.5253928427931008,52539.284279310086,0.5904533811052168,0.5040104985237122,0.4862416684627533,0.49203139543533325,0.48889899253845215,0.47888657450675964,0.48390647768974304,,
california_housing__traditional_field__seed1__lr0p0005__cfg8d6127bb084a,8d6127bb084a,96b354dd2d4cd04c,2.12.1+cu130,0.27.1+cu130,1.9.0,2.5.2,0,4,2026-09-01T10:03:17.258358+00:00,ok,,california_housing,regression,traditional_field,Traditional neuron + Lambda-Psi,traditional,1,none,0,1,1,0.5,0.5,1,2026,0.0005,0.0001,0.0,200,172,152,20,0.0001,128,128,64,32,11527,11527,311.9174447148107,cuda,./results/lambda_psi_hidden_only/checkpoints/california_housing/traditional_field/california_housing__traditional_field__seed1__lr0p0005__cfg8d6127bb084a.pt,0.5184281010960423,,,0.518428097979108,0.7200195122210981,72001.95122210981,0.5262697536873725,52626.97536873725,0.6343459674310634,0.5157921069352202,,,0.5157921058609984,0.7181866789776864,71818.66789776864,0.523090974777908,52309.0974777908,0.600897398146836,0.5631837844848633,0.4903177320957184,0.5345280766487122,0.47674766182899475,0.45215821266174316,0.46673324704170227,,
california_housing__traditional_field__seed2__lr0p0005__cfg8d6127bb084a,8d6127bb084a,96b354dd2d4cd04c,2.12.1+cu130,0.27.1+cu130,1.9.0,2.5.2,0,4,2026-09-01T10:09:22.419004+00:00,ok,,california_housing,regression,traditional_field,Traditional neuron + Lambda-Psi,traditional,1,none,0,1,1,0.5,0.5,2,2026,0.0005,0.0001,0.0,200,200,188,20,0.0001,128,128,64,32,11527,11527,364.2151587503031,cuda,./results/lambda_psi_hidden_only/checkpoints/california_housing/traditional_field/california_housing__traditional_field__seed2__lr0p0005__cfg8d6127bb084a.pt,0.5121391889198806,,,0.5121391966504655,0.7156390128063628,71563.90128063627,0.5208510916766732,52085.109167667324,0.6387816107540436,0.5091614954231322,,,0.5091614943291702,0.7135555299548664,71355.55299548664,0.5179165410592632,51791.65410592632,0.6060279425738639,0.5607957243919373,0.49409210681915283,0.5337476134300232,0.4736051857471466,0.452911376953125,0.46872445940971375,,
california_housing__traditional_field__seed3__lr0p0005__cfg8d6127bb084a,8d6127bb084a,96b354dd2d4cd04c,2.12.1+cu130,0.27.1+cu130,1.9.0,2.5.2,0,4,2026-09-01T10:15:28.457709+00:00,ok,,california_housing,regression,traditional_field,Traditional neuron + Lambda-Psi,traditional,1,none,0,1,1,0.5,0.5,3,2026,0.0005,0.0001,0.0,200,199,179,20,0.0001,128,128,64,32,11527,11527,365.13598762080073,cuda,./results/lambda_psi_hidden_only/checkpoints/california_housing/traditional_field/california_housing__traditional_field__seed3__lr0p0005__cfg8d6127bb084a.pt,0.5153970011444979,,,0.5153969961980328,0.7179115517931389,71791.1551793139,0.5242721992436536,52427.21992436537,0.6364838426613944,0.5126336332439452,,,0.5126336305035836,0.7159843786728755,71598.43786728755,0.5212119163389412,52121.191633894116,0.6033413202594653,0.5544229745864868,0.49434974789619446,0.5338700413703918,0.47590887546539307,0.45413169264793396,0.46787184476852417,,
california_housing__traditional_field__seed4__lr0p0005__cfg8d6127bb084a,8d6127bb084a,96b354dd2d4cd04c,2.12.1+cu130,0.27.1+cu130,1.9.0,2.5.2,0,4,2026-09-01T10:20:46.868626+00:00,ok,,california_housing,regression,traditional_field,Traditional neuron + Lambda-Psi,traditional,1,none,0,1,1,0.5,0.5,4,2026,0.0005,0.0001,0.0,200,171,151,20,0.0001,128,128,64,32,11527,11527,317.4689099858515,cuda,./results/lambda_psi_hidden_only/checkpoints/california_housing/traditional_field/california_housing__traditional_field__seed4__lr0p0005__cfg8d6127bb084a.pt,0.5148701432139374,,,0.514870134993272,0.7175445177780067,71754.45177780067,0.5263267526359752,52632.67526359751,0.6368554446730829,0.5135128784549329,,,0.5135128802828539,0.7165981302535291,71659.81302535291,0.5240205739076113,52402.057390761125,0.6026609863214345,0.5690270662307739,0.49888062477111816,0.5316928625106812,0.4775974750518799,0.4478413760662079,0.4656562805175781,,
california_housing__traditional_field__seed0__lr0p001__cfg8d6127bb084a,8d6127bb084a,96b354dd2d4cd04c,2.12.1+cu130,0.27.1+cu130,1.9.0,2.5.2,0,4,2026-09-01T10:21:32.259444+00:00,ok,,california_housing,regression,traditional_field,Traditional neuron + Lambda-Psi,traditional,1,none,0,1,1,0.5,0.5,0,2026,0.001,0.0001,0.0,200,23,3,20,0.0001,128,128,64,32,11527,11527,44.4498789049685,cuda,./results/lambda_psi_hidden_only/checkpoints/california_housing/traditional_field/california_housing__traditional_field__seed0__lr0p001__cfg8d6127bb084a.pt,0.5265735734340756,,,0.5265735735161422,0.7256538937511066,72565.38937511065,0.5260638790277317,52606.38790277317,0.6286008583428053,0.5295057074968205,,,0.5295057103482474,0.72767143021301,72767.14302130099,0.5243596394091498,52435.963940914975,0.590286271746384,0.5028809905052185,0.488426148891449,0.4959767758846283,0.4889901280403137,0.4808390736579895,0.4855644106864929,,
california_housing__traditional_field__seed1__lr0p001__cfg8d6127bb084a,8d6127bb084a,96b354dd2d4cd04c,2.12.1+cu130,0.27.1+cu130,1.9.0,2.5.2,0,4,2026-09-01T10:27:39.690160+00:00,ok,,california_housing,regression,traditional_field,Traditional neuron + Lambda-Psi,traditional,1,none,0,1,1,0.5,0.5,1,2026,0.001,0.0001,0.0,200,200,187,20,0.0001,128,128,64,32,11527,11527,366.44645176967606,cuda,./results/lambda_psi_hidden_only/checkpoints/california_housing/traditional_field/california_housing__traditional_field__seed1__lr0p001__cfg8d6127bb084a.pt,0.42405658660008927,,,0.42405659310220706,0.6511962784769328,65119.627847693286,0.4610904717110386,46109.04717110386,0.7009074085496128,0.45129750403322916,,,0.4512975070323684,0.6717868017700023,67178.68017700022,0.4629703694882319,46297.03694882319,0.6508011518210323,0.6494064927101135,0.4262644350528717,0.7086419463157654,0.4136793613433838,0.43411120772361755,0.45321568846702576,,
california_housing__traditional_field__seed2__lr0p001__cfg8d6127bb084a,8d6127bb084a,96b354dd2d4cd04c,2.12.1+cu130,0.27.1+cu130,1.9.0,2.5.2,0,4,2026-09-01T10:34:14.617850+00:00,ok,,california_housing,regression,traditional_field,Traditional neuron + Lambda-Psi,traditional,1,none,0,1,1,0.5,0.5,2,2026,0.001,0.0001,0.0,200,200,191,20,0.0001,128,128,64,32,11527,11527,394.0931093371473,cuda,./results/lambda_psi_hidden_only/checkpoints/california_housing/traditional_field/california_housing__traditional_field__seed2__lr0p001__cfg8d6127bb084a.pt,0.3871616365373597,,,0.3871616316473483,0.6222231365413442,62222.31365413442,0.443368260560976,44336.8260560976,0.7269299013312218,0.5044069502704828,,,0.5044069471402476,0.7102161270629157,71021.61270629158,0.44766154456811474,44766.15445681148,0.6097068514446484,0.6051892638206482,0.4393776059150696,0.6888388395309448,0.42481672763824463,0.5418816208839417,0.451418399810791,,
california_housing__traditional_field__seed3__lr0p001__cfg8d6127bb084a,8d6127bb084a,96b354dd2d4cd04c,2.12.1+cu130,0.27.1+cu130,1.9.0,2.5.2,0,4,2026-09-01T10:40:26.568398+00:00,ok,,california_housing,regression,traditional_field,Traditional neuron + Lambda-Psi,traditional,1,none,0,1,1,0.5,0.5,3,2026,0.001,0.0001,0.0,200,200,185,20,0.0001,128,128,64,32,11527,11527,371.05562899215147,cuda,./results/lambda_psi_hidden_only/checkpoints/california_housing/traditional_field/california_housing__traditional_field__seed3__lr0p001__cfg8d6127bb084a.pt,0.3764668111653291,,,0.37646681558276945,0.6135689167345176,61356.89167345176,0.4350396403320885,43503.964033208846,0.734473093216153,0.41154088715250176,,,0.411540884699017,0.6415145241528184,64151.45241528184,0.43586594561591396,43586.594561591395,0.6815634904335006,0.57073974609375,0.4092320203781128,0.679205596446991,0.4024709165096283,0.5398837924003601,0.46541839838027954,,
california_housing__traditional_field__seed4__lr0p001__cfg8d6127bb084a,8d6127bb084a,96b354dd2d4cd04c,2.12.1+cu130,0.27.1+cu130,1.9.0,2.5.2,0,4,2026-09-01T10:46:32.384680+00:00,ok,,california_housing,regression,traditional_field,Traditional neuron + Lambda-Psi,traditional,1,none,0,1,1,0.5,0.5,4,2026,0.001,0.0001,0.0,200,200,187,20,0.0001,128,128,64,32,11527,11527,364.90417779795825,cuda,./results/lambda_psi_hidden_only/checkpoints/california_housing/traditional_field/california_housing__traditional_field__seed4__lr0p001__cfg8d6127bb084a.pt,0.4010366635729176,,,0.40103666648509895,0.633274558532947,63327.4558532947,0.44658831623924333,44658.831623924336,0.7171436600757131,0.448343881340914,,,0.4483438815459217,0.6695848576139709,66958.4857613971,0.44977222337539113,44977.22233753911,0.6530865679860838,0.6430489420890808,0.4961145222187042,0.7031320929527283,0.4544679820537567,0.4532414376735687,0.440158486366272,,
california_housing__traditional_field__seed0__lr0p002__cfg8d6127bb084a,8d6127bb084a,96b354dd2d4cd04c,2.12.1+cu130,0.27.1+cu130,1.9.0,2.5.2,0,4,2026-09-01T10:47:13.064403+00:00,ok,,california_housing,regression,traditional_field,Traditional neuron + Lambda-Psi,traditional,1,none,0,1,1,0.5,0.5,0,2026,0.002,0.0001,0.0,200,23,3,20,0.0001,128,128,64,32,11527,11527,39.74435603292659,cuda,./results/lambda_psi_hidden_only/checkpoints/california_housing/traditional_field/california_housing__traditional_field__seed0__lr0p002__cfg8d6127bb084a.pt,0.5173285053681957,,,0.5173285100629856,0.7192555248748428,71925.55248748428,0.5188848996939238,51888.48996939238,0.6351215209885608,0.5449773401252983,,,0.5449773464466319,0.7382258099298831,73822.58099298831,0.5190361273049038,51903.61273049038,0.5783148395518506,0.5093202590942383,0.491166889667511,0.5092470049858093,0.486850768327713,0.4816078543663025,0.48684731125831604,,
california_housing__traditional_field__seed1__lr0p002__cfg8d6127bb084a,8d6127bb084a,96b354dd2d4cd04c,2.12.1+cu130,0.27.1+cu130,1.9.0,2.5.2,0,4,2026-09-01T10:53:18.233139+00:00,ok,,california_housing,regression,traditional_field,Traditional neuron + Lambda-Psi,traditional,1,none,0,1,1,0.5,0.5,1,2026,0.002,0.0001,0.0,200,198,178,20,0.0001,128,128,64,32,11527,11527,364.22733729099855,cuda,./results/lambda_psi_hidden_only/checkpoints/california_housing/traditional_field/california_housing__traditional_field__seed1__lr0p002__cfg8d6127bb084a.pt,0.3049994469151016,,,0.3049994458267504,0.5522675491342492,55226.75491342493,0.3815176535773185,38151.76535773185,0.7848799520462403,0.3132356566976207,,,0.3132356583797764,0.5596746004418786,55967.46004418786,0.3838609781174004,38386.09781174004,0.7576287716852967,0.53193598985672,0.27817028760910034,0.8507377505302429,0.3746597468852997,0.6624499559402466,0.4659402668476105,,
california_housing__traditional_field__seed2__lr0p002__cfg8d6127bb084a,8d6127bb084a,96b354dd2d4cd04c,2.12.1+cu130,0.27.1+cu130,1.9.0,2.5.2,0,4,2026-09-01T10:59:24.637169+00:00,ok,,california_housing,regression,traditional_field,Traditional neuron + Lambda-Psi,traditional,1,none,0,1,1,0.5,0.5,2,2026,0.002,0.0001,0.0,200,200,191,20,0.0001,128,128,64,32,11527,11527,365.5277229147032,cuda,./results/lambda_psi_hidden_only/checkpoints/california_housing/traditional_field/california_housing__traditional_field__seed2__lr0p002__cfg8d6127bb084a.pt,0.31324657104736153,,,0.3132465744768774,0.5596843525388908,55968.43525388908,0.3879760885538981,38797.60885538981,0.7790631457045529,0.31895926987477974,,,0.3189592682008842,0.5647647901568265,56476.47901568265,0.3863681097507708,38636.81097507708,0.7532000347084419,0.6144258975982666,0.24340520799160004,0.8477746248245239,0.3578394949436188,0.6871144771575928,0.4725019037723541,,
california_housing__traditional_field__seed3__lr0p002__cfg8d6127bb084a,8d6127bb084a,96b354dd2d4cd04c,2.12.1+cu130,0.27.1+cu130,1.9.0,2.5.2,0,4,2026-09-01T11:05:21.818135+00:00,ok,,california_housing,regression,traditional_field,Traditional neuron + Lambda-Psi,traditional,1,none,0,1,1,0.5,0.5,3,2026,0.002,0.0001,0.0,200,197,177,20,0.0001,128,128,64,32,11527,11527,356.2575628920458,cuda,./results/lambda_psi_hidden_only/checkpoints/california_housing/traditional_field/california_housing__traditional_field__seed3__lr0p002__cfg8d6127bb084a.pt,0.3385454136733861,,,0.3385454170853005,0.5818465580247945,58184.65580247944,0.40631990638640963,40631.990638640964,0.7612195452994887,0.3358818315720373,,,0.335881835479566,0.5795531343022536,57955.31343022536,0.40341612151571254,40341.61215157125,0.7401059207152021,0.5717926025390625,0.3494844138622284,0.8445959687232971,0.41674721240997314,0.6047567129135132,0.4800732433795929,,
california_housing__traditional_field__seed4__lr0p002__cfg8d6127bb084a,8d6127bb084a,96b354dd2d4cd04c,2.12.1+cu130,0.27.1+cu130,1.9.0,2.5.2,0,4,2026-09-01T11:11:28.635585+00:00,ok,,california_housing,regression,traditional_field,Traditional neuron + Lambda-Psi,traditional,1,none,0,1,1,0.5,0.5,4,2026,0.002,0.0001,0.0,200,199,179,20,0.0001,128,128,64,32,11527,11527,365.86372537212446,cuda,./results/lambda_psi_hidden_only/checkpoints/california_housing/traditional_field/california_housing__traditional_field__seed4__lr0p002__cfg8d6127bb084a.pt,0.319621578667515,,,0.3196215774408556,0.5653508445565953,56535.08445565953,0.39284265838390175,39284.26583839017,0.7745667737862403,0.3303254574768303,,,0.3303254623108421,0.5747394734232565,57473.94734232565,0.39561578726699187,39561.57872669919,0.7444052555892849,0.6402748227119446,0.41394537687301636,0.8827928304672241,0.4864741265773773,0.5137941837310791,0.4244525134563446,,
california_housing__traditional_field__seed0__lr0p003__cfg8d6127bb084a,8d6127bb084a,96b354dd2d4cd04c,2.12.1+cu130,0.27.1+cu130,1.9.0,2.5.2,0,4,2026-09-01T11:16:55.746367+00:00,ok,,california_housing,regression,traditional_field,Traditional neuron + Lambda-Psi,traditional,1,none,0,1,1,0.5,0.5,0,2026,0.003,0.0001,0.0,200,183,163,20,0.0001,128,128,64,32,11527,11527,326.1577133280225,cuda,./results/lambda_psi_hidden_only/checkpoints/california_housing/traditional_field/california_housing__traditional_field__seed0__lr0p003__cfg8d6127bb084a.pt,0.2768175040566644,,,0.27681750264307076,0.5261344910220872,52613.44910220872,0.3548718308380177,35487.18308380177,0.80475704051986,0.2772849775099939,,,0.2772849739468752,0.5265785543932407,52657.85543932408,0.34741931250535474,34741.931250535476,0.7854462034228805,0.49723824858665466,0.09654273837804794,0.9690147042274475,0.3582308292388916,0.6952565908432007,0.48954474925994873,,
california_housing__traditional_field__seed1__lr0p003__cfg8d6127bb084a,8d6127bb084a,96b354dd2d4cd04c,2.12.1+cu130,0.27.1+cu130,1.9.0,2.5.2,0,4,2026-09-01T11:22:56.194710+00:00,ok,,california_housing,regression,traditional_field,Traditional neuron + Lambda-Psi,traditional,1,none,0,1,1,0.5,0.5,1,2026,0.003,0.0001,0.0,200,198,178,20,0.0001,128,128,64,32,11527,11527,359.45560500817373,cuda,./results/lambda_psi_hidden_only/checkpoints/california_housing/traditional_field/california_housing__traditional_field__seed1__lr0p003__cfg8d6127bb084a.pt,0.28188936100449674,,,0.2818893592371691,0.5309325373690796,53093.253736907966,0.3598363812464152,35983.63812464152,0.8011797945652663,0.2814413212066473,,,0.2814413227596277,0.5305104360515707,53051.043605157065,0.35683684305165164,35683.68430516517,0.7822301603572159,0.533333957195282,0.1325017362833023,0.9503217339515686,0.41884225606918335,0.7474262118339539,0.47007012367248535,,
california_housing__traditional_field__seed2__lr0p003__cfg8d6127bb084a,8d6127bb084a,96b354dd2d4cd04c,2.12.1+cu130,0.27.1+cu130,1.9.0,2.5.2,0,4,2026-09-01T11:29:01.430588+00:00,ok,,california_housing,regression,traditional_field,Traditional neuron + Lambda-Psi,traditional,1,none,0,1,1,0.5,0.5,2,2026,0.003,0.0001,0.0,200,200,183,20,0.0001,128,128,64,32,11527,11527,364.30508051719517,cuda,./results/lambda_psi_hidden_only/checkpoints/california_housing/traditional_field/california_housing__traditional_field__seed2__lr0p003__cfg8d6127bb084a.pt,0.27321568108344263,,,0.27321568213437847,0.5227003751044937,52270.03751044937,0.35335716417478036,35335.716417478034,0.807297451039133,0.2743972655414611,,,0.2743972662586073,0.5238294247735681,52382.94247735681,0.3498011905295673,34980.11905295673,0.7876806146104176,0.5325567126274109,0.14674772322177887,0.931627631187439,0.39199700951576233,0.8003920912742615,0.47480109333992004,,
california_housing__traditional_field__seed3__lr0p003__cfg8d6127bb084a,8d6127bb084a,96b354dd2d4cd04c,2.12.1+cu130,0.27.1+cu130,1.9.0,2.5.2,0,4,2026-09-01T11:35:14.601837+00:00,ok,,california_housing,regression,traditional_field,Traditional neuron + Lambda-Psi,traditional,1,none,0,1,1,0.5,0.5,3,2026,0.003,0.0001,0.0,200,200,183,20,0.0001,128,128,64,32,11527,11527,372.2428034460172,cuda,./results/lambda_psi_hidden_only/checkpoints/california_housing/traditional_field/california_housing__traditional_field__seed3__lr0p003__cfg8d6127bb084a.pt,0.2739000151785769,,,0.27390001382785467,0.523354577535971,52335.457753597104,0.35285316292167634,35285.316292167634,0.8068147830581541,0.2735805968905604,,,0.273580596064547,0.5230493246956227,52304.93246956227,0.3514401131172397,35144.011311723974,0.7883125265679714,0.4409513771533966,0.08834351599216461,0.9575238823890686,0.3078078627586365,0.7589566111564636,0.48749810457229614,,
california_housing__traditional_field__seed4__lr0p003__cfg8d6127bb084a,8d6127bb084a,96b354dd2d4cd04c,2.12.1+cu130,0.27.1+cu130,1.9.0,2.5.2,0,4,2026-09-01T11:41:22.489574+00:00,ok,,california_housing,regression,traditional_field,Traditional neuron + Lambda-Psi,traditional,1,none,0,1,1,0.5,0.5,4,2026,0.003,0.0001,0.0,200,199,179,20,0.0001,128,128,64,32,11527,11527,366.94449806865305,cuda,./results/lambda_psi_hidden_only/checkpoints/california_housing/traditional_field/california_housing__traditional_field__seed4__lr0p003__cfg8d6127bb084a.pt,0.2832728393318117,,,0.28327283554430494,0.5322338166109938,53223.38166109938,0.36242043209630387,36242.043209630385,0.8002040108594068,0.28882956412411476,,,0.28882956604765386,0.5374286613566994,53742.866135669945,0.36180830919436474,36180.83091943648,0.7765133859322695,0.6543893218040466,0.21855667233467102,0.9599094986915588,0.46529433131217957,0.5747909545898438,0.4622790515422821,,
california_housing__traditional_field_relu__seed0__lr0p0003__cfgdb7891f4d117,db7891f4d117,96b354dd2d4cd04c,2.12.1+cu130,0.27.1+cu130,1.9.0,2.5.2,0,4,2026-09-01T11:47:22.264584+00:00,ok,,california_housing,regression,traditional_field_relu,Traditional neuron + Lambda-Psi + ReLU,traditional,1,after_field,0,1,1,0.5,0.5,0,2026,0.0003,0.0001,0.0,200,193,173,20,0.0001,128,128,64,32,11527,11527,358.84229049505666,cuda,./results/lambda_psi_hidden_only/checkpoints/california_housing/traditional_field_relu/california_housing__traditional_field_relu__seed0__lr0p0003__cfgdb7891f4d117.pt,0.29059055332065553,,,0.2905905589558435,0.5390645220711928,53906.452207119284,0.3687187023605256,36871.870236052564,0.7950427260349855,0.29947655746179036,,,0.29947655744337887,0.5472445133972371,54724.45133972371,0.3706564945349282,37065.64945349282,0.7682751017095031,0.4399760067462921,0.4246324896812439,0.4426536560058594,0.4530780613422394,0.4479674994945526,0.4473247528076172,,
california_housing__traditional_field_relu__seed1__lr0p0003__cfgdb7891f4d117,db7891f4d117,96b354dd2d4cd04c,2.12.1+cu130,0.27.1+cu130,1.9.0,2.5.2,0,4,2026-09-01T11:53:03.356489+00:00,ok,,california_housing,regression,traditional_field_relu,Traditional neuron + Lambda-Psi + ReLU,traditional,1,after_field,0,1,1,0.5,0.5,1,2026,0.0003,0.0001,0.0,200,185,165,20,0.0001,128,128,64,32,11527,11527,340.18546404503286,cuda,./results/lambda_psi_hidden_only/checkpoints/california_housing/traditional_field_relu/california_housing__traditional_field_relu__seed1__lr0p0003__cfgdb7891f4d117.pt,0.29078321955924813,,,0.2907832181001132,0.5392431901286405,53924.31901286405,0.371949077850973,37194.9077850973,0.7949068410525006,0.29919703616652377,,,0.29919703239502327,0.5469890605807608,54698.90605807608,0.37365798027680597,37365.7980276806,0.7684913888003954,0.4196903705596924,0.43720632791519165,0.44488969445228577,0.45860758423805237,0.4489956796169281,0.4497952163219452,,
california_housing__traditional_field_relu__seed2__lr0p0003__cfgdb7891f4d117,db7891f4d117,96b354dd2d4cd04c,2.12.1+cu130,0.27.1+cu130,1.9.0,2.5.2,0,4,2026-09-01T11:59:16.993587+00:00,ok,,california_housing,regression,traditional_field_relu,Traditional neuron + Lambda-Psi + ReLU,traditional,1,after_field,0,1,1,0.5,0.5,2,2026,0.0003,0.0001,0.0,200,199,179,20,0.0001,128,128,64,32,11527,11527,372.7141038887203,cuda,./results/lambda_psi_hidden_only/checkpoints/california_housing/traditional_field_relu/california_housing__traditional_field_relu__seed2__lr0p0003__cfgdb7891f4d117.pt,0.3039683875187423,,,0.30396838936386145,0.5513332833811699,55133.328338117,0.37617630095675936,37617.63009567594,0.7856071694847457,0.3132452687551809,,,0.31324526581493883,0.5596831834305358,55968.31834305358,0.38003699275008007,38003.69927500801,0.7576213377747602,0.44801902770996094,0.438546746969223,0.45317456126213074,0.46460047364234924,0.4512495994567871,0.447296142578125,,
california_housing__traditional_field_relu__seed3__lr0p0003__cfgdb7891f4d117,db7891f4d117,96b354dd2d4cd04c,2.12.1+cu130,0.27.1+cu130,1.9.0,2.5.2,0,4,2026-09-01T12:04:57.267397+00:00,ok,,california_housing,regression,traditional_field_relu,Traditional neuron + Lambda-Psi + ReLU,traditional,1,after_field,0,1,1,0.5,0.5,3,2026,0.0003,0.0001,0.0,200,188,168,20,0.0001,128,128,64,32,11527,11527,339.3304403619841,cuda,./results/lambda_psi_hidden_only/checkpoints/california_housing/traditional_field_relu/california_housing__traditional_field_relu__seed3__lr0p0003__cfgdb7891f4d117.pt,0.28652492627617,,,0.2865249279944372,0.5352802331437592,53528.02331437592,0.36719782729885836,36719.78272988584,0.7979102680562808,0.2938860631728357,,,0.2938860591743991,0.5421125890203982,54211.258902039815,0.3694847101677758,36948.47101677758,0.7726008414396236,0.43547865748405457,0.4215514361858368,0.4471402168273926,0.4655821621417999,0.4488386809825897,0.4465278387069702,,
california_housing__traditional_field_relu__seed4__lr0p0003__cfgdb7891f4d117,db7891f4d117,96b354dd2d4cd04c,2.12.1+cu130,0.27.1+cu130,1.9.0,2.5.2,0,4,2026-09-01T12:10:56.552755+00:00,ok,,california_housing,regression,traditional_field_relu,Traditional neuron + Lambda-Psi + ReLU,traditional,1,after_field,0,1,1,0.5,0.5,4,2026,0.0003,0.0001,0.0,200,199,179,20,0.0001,128,128,64,32,11527,11527,358.3523257211782,cuda,./results/lambda_psi_hidden_only/checkpoints/california_housing/traditional_field_relu/california_housing__traditional_field_relu__seed4__lr0p0003__cfgdb7891f4d117.pt,0.2930692793555962,,,0.2930692761468229,0.541358731477403,54135.8731477403,0.371690649640306,37169.0649640306,0.7932944547896331,0.3015648422315139,,,0.30156484431544034,0.5491492004140954,54914.92004140954,0.3731595237140161,37315.95237140161,0.7666592554904836,0.4279029965400696,0.4287634789943695,0.4406643807888031,0.4623408019542694,0.4512841999530792,0.44851043820381165,,
california_housing__traditional_field_relu__seed0__lr0p0005__cfgdb7891f4d117,db7891f4d117,96b354dd2d4cd04c,2.12.1+cu130,0.27.1+cu130,1.9.0,2.5.2,0,4,2026-09-01T12:16:58.867743+00:00,ok,,california_housing,regression,traditional_field_relu,Traditional neuron + Lambda-Psi + ReLU,traditional,1,after_field,0,1,1,0.5,0.5,0,2026,0.0005,0.0001,0.0,200,197,177,20,0.0001,128,128,64,32,11527,11527,361.3929996150546,cuda,./results/lambda_psi_hidden_only/checkpoints/california_housing/traditional_field_relu/california_housing__traditional_field_relu__seed0__lr0p0005__cfgdb7891f4d117.pt,0.2715334753657496,,,0.27153347973041114,0.5210887445823514,52108.87445823514,0.3544409100052922,35444.091000529224,0.808483930118885,0.282226516294849,,,0.2822265141965421,0.53124995453792,53124.995453792,0.35676147344038467,35676.147344038465,0.7816226056043135,0.42406928539276123,0.41178473830223083,0.4432598352432251,0.4394596517086029,0.44077977538108826,0.438081830739975,,
california_housing__traditional_field_relu__seed1__lr0p0005__cfgdb7891f4d117,db7891f4d117,96b354dd2d4cd04c,2.12.1+cu130,0.27.1+cu130,1.9.0,2.5.2,0,4,2026-09-01T12:22:43.042988+00:00,ok,,california_housing,regression,traditional_field_relu,Traditional neuron + Lambda-Psi + ReLU,traditional,1,after_field,0,1,1,0.5,0.5,1,2026,0.0005,0.0001,0.0,200,185,165,20,0.0001,128,128,64,32,11527,11527,343.2374244011007,cuda,./results/lambda_psi_hidden_only/checkpoints/california_housing/traditional_field_relu/california_housing__traditional_field_relu__seed1__lr0p0005__cfgdb7891f4d117.pt,0.27423709192017254,,,0.2742370918480332,0.5236765145087501,52367.65145087501,0.3580163484222667,35801.63484222667,0.8065770375774421,0.2847955358582874,,,0.28479553498780946,0.5336623792134962,53366.237921349624,0.35965600391748803,35965.600391748805,0.7796347836303844,0.4130336344242096,0.42243295907974243,0.4428682327270508,0.44690853357315063,0.441937655210495,0.4404982030391693,,
california_housing__traditional_field_relu__seed2__lr0p0005__cfgdb7891f4d117,db7891f4d117,96b354dd2d4cd04c,2.12.1+cu130,0.27.1+cu130,1.9.0,2.5.2,0,4,2026-09-01T12:28:44.359102+00:00,ok,,california_housing,regression,traditional_field_relu,Traditional neuron + Lambda-Psi + ReLU,traditional,1,after_field,0,1,1,0.5,0.5,2,2026,0.0005,0.0001,0.0,200,199,179,20,0.0001,128,128,64,32,11527,11527,360.4137920010835,cuda,./results/lambda_psi_hidden_only/checkpoints/california_housing/traditional_field_relu/california_housing__traditional_field_relu__seed2__lr0p0005__cfgdb7891f4d117.pt,0.2828648278648539,,,0.28286482183541595,0.5318503754209598,53185.03754209598,0.35829319700945256,35829.319700945256,0.8004917881974412,0.2865061187004858,,,0.28650611841749873,0.5352626630146163,53526.266301461634,0.3599248834734046,35992.48834734046,0.7783111916449346,0.44035303592681885,0.41439229249954224,0.44769495725631714,0.45976176857948303,0.44404253363609314,0.4363363981246948,,
california_housing__traditional_field_relu__seed3__lr0p0005__cfgdb7891f4d117,db7891f4d117,96b354dd2d4cd04c,2.12.1+cu130,0.27.1+cu130,1.9.0,2.5.2,0,4,2026-09-01T12:34:30.374547+00:00,ok,,california_housing,regression,traditional_field_relu,Traditional neuron + Lambda-Psi + ReLU,traditional,1,after_field,0,1,1,0.5,0.5,3,2026,0.0005,0.0001,0.0,200,188,168,20,0.0001,128,128,64,32,11527,11527,345.11977792996913,cuda,./results/lambda_psi_hidden_only/checkpoints/california_housing/traditional_field_relu/california_housing__traditional_field_relu__seed3__lr0p0005__cfgdb7891f4d117.pt,0.27354776258616487,,,0.27354776020608845,0.5230179348799509,52301.793487995084,0.3572164763689272,35721.647636892725,0.807063232086646,0.2840966150280117,,,0.2840966141414038,0.533007142673908,53300.7142673908,0.36143189859251645,36143.189859251645,0.7801755850988836,0.43158939480781555,0.4216906726360321,0.45093682408332825,0.4553942382335663,0.44553831219673157,0.4381631016731262,,
california_housing__traditional_field_relu__seed4__lr0p0005__cfgdb7891f4d117,db7891f4d117,96b354dd2d4cd04c,2.12.1+cu130,0.27.1+cu130,1.9.0,2.5.2,0,4,2026-09-01T12:40:04.581076+00:00,ok,,california_housing,regression,traditional_field_relu,Traditional neuron + Lambda-Psi + ReLU,traditional,1,after_field,0,1,1,0.5,0.5,4,2026,0.0005,0.0001,0.0,200,178,158,20,0.0001,128,128,64,32,11527,11527,333.2409135373309,cuda,./results/lambda_psi_hidden_only/checkpoints/california_housing/traditional_field_relu/california_housing__traditional_field_relu__seed4__lr0p0005__cfgdb7891f4d117.pt,0.2748821994592977,,,0.27488219894488247,0.5242920931550298,52429.20931550298,0.3560692186849986,35606.921868499856,0.806122035211017,0.2803985786068347,,,0.2803985767484873,0.5295267479065503,52952.67479065503,0.35492827666764576,35492.82766676458,0.7830370021862963,0.42034000158309937,0.4210430085659027,0.43765559792518616,0.4559563398361206,0.4445852041244507,0.4390360713005066,,
california_housing__traditional_field_relu__seed0__lr0p001__cfgdb7891f4d117,db7891f4d117,96b354dd2d4cd04c,2.12.1+cu130,0.27.1+cu130,1.9.0,2.5.2,0,4,2026-09-01T12:44:48.857906+00:00,ok,,california_housing,regression,traditional_field_relu,Traditional neuron + Lambda-Psi + ReLU,traditional,1,after_field,0,1,1,0.5,0.5,0,2026,0.001,0.0001,0.0,200,150,130,20,0.0001,128,128,64,32,11527,11527,283.3590767462738,cuda,./results/lambda_psi_hidden_only/checkpoints/california_housing/traditional_field_relu/california_housing__traditional_field_relu__seed0__lr0p001__cfgdb7891f4d117.pt,0.26413784147233,,,0.2641378400853291,0.5139434210935374,51394.34210935374,0.34732282990517543,34732.282990517546,0.8137001702690474,0.276618593884993,,,0.27661859554229296,0.5259454301943244,52594.543019432436,0.35045854356717465,35045.854356717464,0.7859618246432627,0.41802582144737244,0.421242892742157,0.45886901021003723,0.4335114061832428,0.4483516812324524,0.43847742676734924,,
california_housing__traditional_field_relu__seed1__lr0p001__cfgdb7891f4d117,db7891f4d117,96b354dd2d4cd04c,2.12.1+cu130,0.27.1+cu130,1.9.0,2.5.2,0,4,2026-09-01T12:50:24.491068+00:00,ok,,california_housing,regression,traditional_field_relu,Traditional neuron + Lambda-Psi + ReLU,traditional,1,after_field,0,1,1,0.5,0.5,1,2026,0.001,0.0001,0.0,200,185,165,20,0.0001,128,128,64,32,11527,11527,334.70304239261895,cuda,./results/lambda_psi_hidden_only/checkpoints/california_housing/traditional_field_relu/california_housing__traditional_field_relu__seed1__lr0p001__cfgdb7891f4d117.pt,0.2667907003977502,,,0.2667906987253431,0.5165178590574997,51651.785905749966,0.3486313559114933,34863.13559114933,0.8118290748108001,0.27448247985322344,,,0.2744824814151492,0.5239107571095951,52391.075710959514,0.3488900272839869,34889.002728398686,0.7876146779853573,0.41027215123176575,0.4265473783016205,0.45069366693496704,0.4364141523838043,0.44796764850616455,0.4362850487232208,,
california_housing__traditional_field_relu__seed2__lr0p001__cfgdb7891f4d117,db7891f4d117,96b354dd2d4cd04c,2.12.1+cu130,0.27.1+cu130,1.9.0,2.5.2,0,4,2026-09-01T12:54:48.404392+00:00,ok,,california_housing,regression,traditional_field_relu,Traditional neuron + Lambda-Psi + ReLU,traditional,1,after_field,0,1,1,0.5,0.5,2,2026,0.001,0.0001,0.0,200,140,120,20,0.0001,128,128,64,32,11527,11527,262.9815941839479,cuda,./results/lambda_psi_hidden_only/checkpoints/california_housing/traditional_field_relu/california_housing__traditional_field_relu__seed2__lr0p001__cfgdb7891f4d117.pt,0.2716026056644528,,,0.2716026057533899,0.5211550688167486,52115.50688167485,0.34801836183309093,34801.83618330909,0.8084351746421734,0.2783395229846008,,,0.27833952374732074,0.5275789265572695,52757.892655726944,0.3526839473060975,35268.39473060975,0.7846302282182214,0.4260936975479126,0.4564516544342041,0.45517146587371826,0.45467182993888855,0.454770565032959,0.43807926774024963,,
california_housing__traditional_field_relu__seed3__lr0p001__cfgdb7891f4d117,db7891f4d117,96b354dd2d4cd04c,2.12.1+cu130,0.27.1+cu130,1.9.0,2.5.2,0,4,2026-09-01T12:58:17.043524+00:00,ok,,california_housing,regression,traditional_field_relu,Traditional neuron + Lambda-Psi + ReLU,traditional,1,after_field,0,1,1,0.5,0.5,3,2026,0.001,0.0001,0.0,200,110,90,20,0.0001,128,128,64,32,11527,11527,207.73267374187708,cuda,./results/lambda_psi_hidden_only/checkpoints/california_housing/traditional_field_relu/california_housing__traditional_field_relu__seed3__lr0p001__cfgdb7891f4d117.pt,0.2759154693100804,,,0.27591547345937645,0.5252765685421124,52527.656854211236,0.36103090007118016,36103.090007118015,0.8053932533520702,0.28536409370658933,,,0.28536409620245234,0.5341948110965253,53419.48110965253,0.36355219808833084,36355.219808833084,0.7791948500651005,0.42873507738113403,0.44280922412872314,0.46634966135025024,0.4476469159126282,0.46015626192092896,0.44182538986206055,,
california_housing__traditional_field_relu__seed4__lr0p001__cfgdb7891f4d117,db7891f4d117,96b354dd2d4cd04c,2.12.1+cu130,0.27.1+cu130,1.9.0,2.5.2,0,4,2026-09-01T13:04:01.299748+00:00,ok,,california_housing,regression,traditional_field_relu,Traditional neuron + Lambda-Psi + ReLU,traditional,1,after_field,0,1,1,0.5,0.5,4,2026,0.001,0.0001,0.0,200,187,167,20,0.0001,128,128,64,32,11527,11527,343.3588486118242,cuda,./results/lambda_psi_hidden_only/checkpoints/california_housing/traditional_field_relu/california_housing__traditional_field_relu__seed4__lr0p001__cfgdb7891f4d117.pt,0.2620859293974647,,,0.26208592990922713,0.5119432877860859,51194.328778608586,0.34241850597625095,34241.850597625096,0.8151474090149519,0.26979493540386823,,,0.26979493706116847,0.5194178828854167,51941.78828854167,0.34244344305506974,34244.34430550697,0.7912417423136353,0.41773372888565063,0.43591931462287903,0.447062611579895,0.44314682483673096,0.4495581090450287,0.43513891100883484,,
california_housing__traditional_field_relu__seed0__lr0p002__cfgdb7891f4d117,db7891f4d117,96b354dd2d4cd04c,2.12.1+cu130,0.27.1+cu130,1.9.0,2.5.2,0,4,2026-09-01T13:08:27.977392+00:00,ok,,california_housing,regression,traditional_field_relu,Traditional neuron + Lambda-Psi + ReLU,traditional,1,after_field,0,1,1,0.5,0.5,0,2026,0.002,0.0001,0.0,200,146,126,20,0.0001,128,128,64,32,11527,11527,265.750668449793,cuda,./results/lambda_psi_hidden_only/checkpoints/california_housing/traditional_field_relu/california_housing__traditional_field_relu__seed0__lr0p002__cfgdb7891f4d117.pt,0.2591800037049508,,,0.2591800080082729,0.509097248085543,50909.7248085543,0.340927192277109,34092.7192277109,0.81719699325924,0.26560688642568364,,,0.2656068875506166,0.5153706312457246,51537.06312457246,0.3394088664763542,33940.88664763542,0.7944823143141722,0.4192579984664917,0.468896746635437,0.4856795072555542,0.4117017686367035,0.47474223375320435,0.4432642161846161,,
california_housing__traditional_field_relu__seed1__lr0p002__cfgdb7891f4d117,db7891f4d117,96b354dd2d4cd04c,2.12.1+cu130,0.27.1+cu130,1.9.0,2.5.2,0,4,2026-09-01T13:13:11.184512+00:00,ok,,california_housing,regression,traditional_field_relu,Traditional neuron + Lambda-Psi + ReLU,traditional,1,after_field,0,1,1,0.5,0.5,1,2026,0.002,0.0001,0.0,200,150,130,20,0.0001,128,128,64,32,11527,11527,282.2086672000587,cuda,./results/lambda_psi_hidden_only/checkpoints/california_housing/traditional_field_relu/california_housing__traditional_field_relu__seed1__lr0p002__cfgdb7891f4d117.pt,0.2501340257798054,,,0.25013402579092303,0.5001340078328238,50013.40078328238,0.3364909192937058,33649.09192937058,0.8235772413384137,0.2613418970921243,,,0.2613418961844144,0.5112160953886472,51121.60953886472,0.3381050749819062,33810.507498190615,0.7977824213375072,0.37057289481163025,0.46880048513412476,0.4498942792415619,0.4332917630672455,0.4660594165325165,0.4431810975074768,,
california_housing__traditional_field_relu__seed2__lr0p002__cfgdb7891f4d117,db7891f4d117,96b354dd2d4cd04c,2.12.1+cu130,0.27.1+cu130,1.9.0,2.5.2,0,4,2026-09-01T13:17:45.450473+00:00,ok,,california_housing,regression,traditional_field_relu,Traditional neuron + Lambda-Psi + ReLU,traditional,1,after_field,0,1,1,0.5,0.5,2,2026,0.002,0.0001,0.0,200,149,129,20,0.0001,128,128,64,32,11527,11527,273.3746993900277,cuda,./results/lambda_psi_hidden_only/checkpoints/california_housing/traditional_field_relu/california_housing__traditional_field_relu__seed2__lr0p002__cfgdb7891f4d117.pt,0.25233841635460075,,,0.2523384159454814,0.5023329731816153,50233.29731816153,0.33701120204357216,33701.12020435721,0.8220224564945529,0.25607426522314086,,,0.25607426219756074,0.5060378070831869,50603.78070831869,0.3376244645305844,33762.446453058445,0.801858339533762,0.4216465651988983,0.47263628244400024,0.473720520734787,0.43547874689102173,0.48581868410110474,0.4397181272506714,,
california_housing__traditional_field_relu__seed3__lr0p002__cfgdb7891f4d117,db7891f4d117,96b354dd2d4cd04c,2.12.1+cu130,0.27.1+cu130,1.9.0,2.5.2,0,4,2026-09-01T13:22:13.199035+00:00,ok,,california_housing,regression,traditional_field_relu,Traditional neuron + Lambda-Psi + ReLU,traditional,1,after_field,0,1,1,0.5,0.5,3,2026,0.002,0.0001,0.0,200,148,128,20,0.0001,128,128,64,32,11527,11527,266.79720051493496,cuda,./results/lambda_psi_hidden_only/checkpoints/california_housing/traditional_field_relu/california_housing__traditional_field_relu__seed3__lr0p002__cfgdb7891f4d117.pt,0.2560583401558011,,,0.25605833983961757,0.5060220744588299,50602.20744588299,0.34048653487838054,34048.653487838055,0.8193987461323201,0.265378743872162,,,0.2653787435254499,0.5151492439336876,51514.924393368754,0.34265230363595856,34265.23036359585,0.7946588444956284,0.40063178539276123,0.4859877824783325,0.47740188241004944,0.4329078495502472,0.4782731533050537,0.4457409679889679,,
california_housing__traditional_field_relu__seed4__lr0p002__cfgdb7891f4d117,db7891f4d117,96b354dd2d4cd04c,2.12.1+cu130,0.27.1+cu130,1.9.0,2.5.2,0,4,2026-09-01T13:26:49.990428+00:00,ok,,california_housing,regression,traditional_field_relu,Traditional neuron + Lambda-Psi + ReLU,traditional,1,after_field,0,1,1,0.5,0.5,4,2026,0.002,0.0001,0.0,200,148,128,20,0.0001,128,128,64,32,11527,11527,275.87094350298867,cuda,./results/lambda_psi_hidden_only/checkpoints/california_housing/traditional_field_relu/california_housing__traditional_field_relu__seed4__lr0p002__cfgdb7891f4d117.pt,0.2517769329769667,,,0.25177693619547653,0.5017737898649914,50177.37898649914,0.33921217304733836,33921.21730473384,0.8224184754132716,0.2683435186397198,,,0.2683435161702263,0.5180188376596224,51801.883765962244,0.34377708247061384,34377.70824706138,0.7923648030339853,0.4049844741821289,0.4860829710960388,0.478683739900589,0.4188067615032196,0.47573474049568176,0.4379129409790039,,
california_housing__traditional_field_relu__seed0__lr0p003__cfgdb7891f4d117,db7891f4d117,96b354dd2d4cd04c,2.12.1+cu130,0.27.1+cu130,1.9.0,2.5.2,0,4,2026-09-01T13:31:20.324603+00:00,ok,,california_housing,regression,traditional_field_relu,Traditional neuron + Lambda-Psi + ReLU,traditional,1,after_field,0,1,1,0.5,0.5,0,2026,0.003,0.0001,0.0,200,150,130,20,0.0001,128,128,64,32,11527,11527,269.4204639266245,cuda,./results/lambda_psi_hidden_only/checkpoints/california_housing/traditional_field_relu/california_housing__traditional_field_relu__seed0__lr0p003__cfgdb7891f4d117.pt,0.25393444045569546,,,0.25393443893888246,0.5039190797527738,50391.90797527738,0.33540391031104005,33540.39103110401,0.8208967608660082,0.26652097956154697,,,0.2665209823308607,0.5162567019718588,51625.67019718588,0.33775742312301266,33775.74231230126,0.7937750184851157,0.43018269538879395,0.4945202171802521,0.5303112864494324,0.3834165334701538,0.5032492280006409,0.4431856870651245,,
california_housing__traditional_field_relu__seed1__lr0p003__cfgdb7891f4d117,db7891f4d117,96b354dd2d4cd04c,2.12.1+cu130,0.27.1+cu130,1.9.0,2.5.2,0,4,2026-09-01T13:34:39.184239+00:00,ok,,california_housing,regression,traditional_field_relu,Traditional neuron + Lambda-Psi + ReLU,traditional,1,after_field,0,1,1,0.5,0.5,1,2026,0.003,0.0001,0.0,200,110,90,20,0.0001,128,128,64,32,11527,11527,197.98721177317202,cuda,./results/lambda_psi_hidden_only/checkpoints/california_housing/traditional_field_relu/california_housing__traditional_field_relu__seed1__lr0p003__cfgdb7891f4d117.pt,0.25517129274301753,,,0.2551712948994651,0.5051448256683079,50514.48256683079,0.3307770217314016,33077.70217314016,0.8200243903840514,0.2602293646150781,,,0.2602293678979915,0.5101268155057049,51012.681550570494,0.33017612546826747,33017.61254682675,0.7986432583466456,0.3597376346588135,0.4836738407611847,0.46875977516174316,0.4251963496208191,0.5055646300315857,0.4494270086288452,,
california_housing__traditional_field_relu__seed2__lr0p003__cfgdb7891f4d117,db7891f4d117,96b354dd2d4cd04c,2.12.1+cu130,0.27.1+cu130,1.9.0,2.5.2,0,4,2026-09-01T13:39:11.377903+00:00,ok,,california_housing,regression,traditional_field_relu,Traditional neuron + Lambda-Psi + ReLU,traditional,1,after_field,0,1,1,0.5,0.5,2,2026,0.003,0.0001,0.0,200,149,129,20,0.0001,128,128,64,32,11527,11527,271.224889381323,cuda,./results/lambda_psi_hidden_only/checkpoints/california_housing/traditional_field_relu/california_housing__traditional_field_relu__seed2__lr0p003__cfgdb7891f4d117.pt,0.24979361637618192,,,0.2497936130617261,0.49979357044856637,49979.35704485664,0.33236863661932853,33236.86366193285,0.8238173388324613,0.25200564316076823,,,0.2520056392046822,0.5020016326713312,50200.163267133124,0.3300658757762276,33006.58757762276,0.8050065033074336,0.4039357602596283,0.48867449164390564,0.4860963225364685,0.4140452444553375,0.5116182565689087,0.44414398074150085,,
california_housing__traditional_field_relu__seed3__lr0p003__cfgdb7891f4d117,db7891f4d117,96b354dd2d4cd04c,2.12.1+cu130,0.27.1+cu130,1.9.0,2.5.2,0,4,2026-09-01T13:43:44.714146+00:00,ok,,california_housing,regression,traditional_field_relu,Traditional neuron + Lambda-Psi + ReLU,traditional,1,after_field,0,1,1,0.5,0.5,3,2026,0.003,0.0001,0.0,200,148,128,20,0.0001,128,128,64,32,11527,11527,272.4200151776895,cuda,./results/lambda_psi_hidden_only/checkpoints/california_housing/traditional_field_relu/california_housing__traditional_field_relu__seed3__lr0p003__cfgdb7891f4d117.pt,0.24468220735705176,,,0.24468220883164518,0.4946536251071503,49465.36251071503,0.33471031196761963,33471.031196761964,0.827422478245438,0.2554010665693948,,,0.2554010658230732,0.5053722052339971,50537.22052339971,0.3370926009505525,33709.26009505525,0.8023792362701857,0.34499862790107727,0.4844166338443756,0.46250542998313904,0.4019411504268646,0.49201124906539917,0.43356916308403015,,
california_housing__traditional_field_relu__seed4__lr0p003__cfgdb7891f4d117,db7891f4d117,96b354dd2d4cd04c,2.12.1+cu130,0.27.1+cu130,1.9.0,2.5.2,0,4,2026-09-01T13:48:01.864225+00:00,ok,,california_housing,regression,traditional_field_relu,Traditional neuron + Lambda-Psi + ReLU,traditional,1,after_field,0,1,1,0.5,0.5,4,2026,0.003,0.0001,0.0,200,127,107,20,0.0001,128,128,64,32,11527,11527,256.1493011456914,cuda,./results/lambda_psi_hidden_only/checkpoints/california_housing/traditional_field_relu/california_housing__traditional_field_relu__seed4__lr0p003__cfgdb7891f4d117.pt,0.2597674544929534,,,0.2597674531715383,0.5096738694219455,50967.38694219455,0.33954080340069853,33954.08034006985,0.8167826605992271,0.2646392336649488,,,0.26463923230340697,0.5144309791443425,51443.09791443426,0.3341381351586229,33413.81351586229,0.795231053433034,0.3996826708316803,0.518923282623291,0.5216212868690491,0.41016149520874023,0.5053039789199829,0.44992196559906006,,
california_housing__traditional_relu_field__seed0__lr0p0003__cfg8eab473db429,8eab473db429,96b354dd2d4cd04c,2.12.1+cu130,0.27.1+cu130,1.9.0,2.5.2,0,4,2026-09-01T13:54:35.708139+00:00,ok,,california_housing,regression,traditional_relu_field,Traditional neuron + ReLU + Lambda-Psi,traditional,1,before_field,0,1,1,0.5,0.5,0,2026,0.0003,0.0001,0.0,200,196,176,20,0.0001,128,128,64,32,11527,11527,392.87393406406045,cuda,./results/lambda_psi_hidden_only/checkpoints/california_housing/traditional_relu_field/california_housing__traditional_relu_field__seed0__lr0p0003__cfg8eab473db429.pt,0.29334484421929646,,,0.29334484543962336,0.5416131880222483,54161.318802224836,0.37807124958539656,37807.12495853966,0.7931000922086746,0.30916840531105216,,,0.30916840931318224,0.5560291443019711,55602.91443019712,0.3817684282440432,38176.842824404324,0.760775872360971,0.4326968491077423,0.38270196318626404,0.3225012719631195,0.5090968608856201,0.41379982233047485,0.462754487991333,,
california_housing__traditional_relu_field__seed1__lr0p0003__cfg8eab473db429,8eab473db429,96b354dd2d4cd04c,2.12.1+cu130,0.27.1+cu130,1.9.0,2.5.2,0,4,2026-09-01T14:01:00.484252+00:00,ok,,california_housing,regression,traditional_relu_field,Traditional neuron + ReLU + Lambda-Psi,traditional,1,before_field,0,1,1,0.5,0.5,1,2026,0.0003,0.0001,0.0,200,198,178,20,0.0001,128,128,64,32,11527,11527,383.75015468196943,cuda,./results/lambda_psi_hidden_only/checkpoints/california_housing/traditional_relu_field/california_housing__traditional_relu_field__seed1__lr0p0003__cfg8eab473db429.pt,0.2997218243373457,,,0.2997218255058454,0.5474685612031484,54746.856120314835,0.37941787147880063,37941.787147880066,0.7886023258146166,0.31316530981729196,,,0.31316531148234317,0.5596117506649974,55961.17506649974,0.3836202076455766,38362.02076455766,0.7576832037510048,0.4271097779273987,0.390624076128006,0.3210512101650238,0.5009050965309143,0.4220058023929596,0.4652189314365387,,
california_housing__traditional_relu_field__seed2__lr0p0003__cfg8eab473db429,8eab473db429,96b354dd2d4cd04c,2.12.1+cu130,0.27.1+cu130,1.9.0,2.5.2,0,4,2026-09-01T14:07:10.674232+00:00,ok,,california_housing,regression,traditional_relu_field,Traditional neuron + ReLU + Lambda-Psi,traditional,1,before_field,0,1,1,0.5,0.5,2,2026,0.0003,0.0001,0.0,200,193,173,20,0.0001,128,128,64,32,11527,11527,369.213525689207,cuda,./results/lambda_psi_hidden_only/checkpoints/california_housing/traditional_relu_field/california_housing__traditional_relu_field__seed2__lr0p0003__cfg8eab473db429.pt,0.29316014906232674,,,0.2931601463595548,0.5414426528816831,54144.26528816832,0.3763764475638321,37637.64475638321,0.7932303628550808,0.3101091463436452,,,0.31010914867049977,0.5568744460562899,55687.44460562899,0.3796394016925794,37963.94016925794,0.7600479598533836,0.43168020248413086,0.38784322142601013,0.31408920884132385,0.5107882022857666,0.4172411262989044,0.4674311876296997,,
california_housing__traditional_relu_field__seed3__lr0p0003__cfg8eab473db429,8eab473db429,96b354dd2d4cd04c,2.12.1+cu130,0.27.1+cu130,1.9.0,2.5.2,0,4,2026-09-01T14:13:04.045026+00:00,ok,,california_housing,regression,traditional_relu_field,Traditional neuron + ReLU + Lambda-Psi,traditional,1,before_field,0,1,1,0.5,0.5,3,2026,0.0003,0.0001,0.0,200,188,168,20,0.0001,128,128,64,32,11527,11527,352.4288001349196,cuda,./results/lambda_psi_hidden_only/checkpoints/california_housing/traditional_relu_field/california_housing__traditional_relu_field__seed3__lr0p0003__cfg8eab473db429.pt,0.2934691404649454,,,0.2934691436990442,0.5417279240532503,54172.79240532503,0.3771059760145208,37710.59760145208,0.7930124230410972,0.3096676136172095,,,0.30966761411574106,0.5564778648928824,55647.78648928824,0.3819047572351126,38190.475723511256,0.7603896044571103,0.43160271644592285,0.3859991729259491,0.3121213912963867,0.5140963196754456,0.41981953382492065,0.47004735469818115,,
california_housing__traditional_relu_field__seed4__lr0p0003__cfg8eab473db429,8eab473db429,96b354dd2d4cd04c,2.12.1+cu130,0.27.1+cu130,1.9.0,2.5.2,0,4,2026-09-01T14:19:14.159917+00:00,ok,,california_housing,regression,traditional_relu_field,Traditional neuron + ReLU + Lambda-Psi,traditional,1,before_field,0,1,1,0.5,0.5,4,2026,0.0003,0.0001,0.0,200,199,179,20,0.0001,128,128,64,32,11527,11527,369.1584794782102,cuda,./results/lambda_psi_hidden_only/checkpoints/california_housing/traditional_relu_field/california_housing__traditional_relu_field__seed4__lr0p0003__cfg8eab473db429.pt,0.2972529738448387,,,0.2972529701205264,0.5452091067842928,54520.91067842928,0.3793670930286018,37936.70930286018,0.7903436414010797,0.3130749089773311,,,0.313074904783689,0.5595309685653592,55953.09685653592,0.3833242390492512,38332.42390492512,0.7577531574169253,0.4318447411060333,0.3911605179309845,0.3202180564403534,0.5011526346206665,0.4122409224510193,0.4559091031551361,,
california_housing__traditional_relu_field__seed0__lr0p0005__cfg8eab473db429,8eab473db429,96b354dd2d4cd04c,2.12.1+cu130,0.27.1+cu130,1.9.0,2.5.2,0,4,2026-09-01T14:24:44.018448+00:00,ok,,california_housing,regression,traditional_relu_field,Traditional neuron + ReLU + Lambda-Psi,traditional,1,before_field,0,1,1,0.5,0.5,0,2026,0.0005,0.0001,0.0,200,180,160,20,0.0001,128,128,64,32,11527,11527,328.92998374672607,cuda,./results/lambda_psi_hidden_only/checkpoints/california_housing/traditional_relu_field/california_housing__traditional_relu_field__seed0__lr0p0005__cfg8eab473db429.pt,0.27782785673012106,,,0.2778278521013934,0.5270937792285101,52709.37792285101,0.36597277805959993,36597.277805959995,0.8040444279990888,0.29682524490726087,,,0.2968252464859441,0.5448167090737436,54481.670907374355,0.37190525285004417,37190.52528500442,0.770326597049215,0.41487711668014526,0.3639814555644989,0.2865171432495117,0.5095111131668091,0.396342933177948,0.4604974687099457,,
california_housing__traditional_relu_field__seed1__lr0p0005__cfg8eab473db429,8eab473db429,96b354dd2d4cd04c,2.12.1+cu130,0.27.1+cu130,1.9.0,2.5.2,0,4,2026-09-01T14:30:15.059630+00:00,ok,,california_housing,regression,traditional_relu_field,Traditional neuron + ReLU + Lambda-Psi,traditional,1,before_field,0,1,1,0.5,0.5,1,2026,0.0005,0.0001,0.0,200,185,165,20,0.0001,128,128,64,32,11527,11527,330.12624934874475,cuda,./results/lambda_psi_hidden_only/checkpoints/california_housing/traditional_relu_field/california_housing__traditional_relu_field__seed1__lr0p0005__cfg8eab473db429.pt,0.27852943655132323,,,0.2785294372265181,0.5277588817125848,52775.88817125848,0.36439497033928253,36439.49703392825,0.8035495909499546,0.29534079677374786,,,0.2953408007120113,0.5434526664871664,54345.26664871664,0.36815474919483876,36815.47491948387,0.771475211314448,0.4095653295516968,0.3700959384441376,0.2838558554649353,0.4944207966327667,0.4023657441139221,0.4612118601799011,,
california_housing__traditional_relu_field__seed2__lr0p0005__cfg8eab473db429,8eab473db429,96b354dd2d4cd04c,2.12.1+cu130,0.27.1+cu130,1.9.0,2.5.2,0,4,2026-09-01T14:35:59.823767+00:00,ok,,california_housing,regression,traditional_relu_field,Traditional neuron + ReLU + Lambda-Psi,traditional,1,before_field,0,1,1,0.5,0.5,2,2026,0.0005,0.0001,0.0,200,189,169,20,0.0001,128,128,64,32,11527,11527,343.827273407951,cuda,./results/lambda_psi_hidden_only/checkpoints/california_housing/traditional_relu_field/california_housing__traditional_relu_field__seed2__lr0p0005__cfg8eab473db429.pt,0.2762282781822737,,,0.2762282771092453,0.5255742355835618,52557.423558356175,0.3624792225052451,36247.92225052451,0.8051726288982208,0.2939817129179489,,,0.2939817103203973,0.5422008025818454,54220.08025818454,0.36780597786455194,36780.5977864552,0.772526829796552,0.41316500306129456,0.3725062608718872,0.279356449842453,0.5118753910064697,0.4035241901874542,0.4612318277359009,,
california_housing__traditional_relu_field__seed3__lr0p0005__cfg8eab473db429,8eab473db429,96b354dd2d4cd04c,2.12.1+cu130,0.27.1+cu130,1.9.0,2.5.2,0,4,2026-09-01T14:41:47.009145+00:00,ok,,california_housing,regression,traditional_relu_field,Traditional neuron + ReLU + Lambda-Psi,traditional,1,before_field,0,1,1,0.5,0.5,3,2026,0.0005,0.0001,0.0,200,188,168,20,0.0001,128,128,64,32,11527,11527,346.28272071806714,cuda,./results/lambda_psi_hidden_only/checkpoints/california_housing/traditional_relu_field/california_housing__traditional_relu_field__seed3__lr0p0005__cfg8eab473db429.pt,0.2770918830651645,,,0.27709188342795055,0.526395178005983,52639.5178005983,0.36415698909193506,36415.6989091935,0.8045635162088864,0.2949781099031138,,,0.29497811295788917,0.5431188755308447,54311.88755308447,0.3695942711215033,36959.427112150326,0.7717558469129491,0.4159482419490814,0.3665109872817993,0.27943363785743713,0.5103604197502136,0.4058144986629486,0.46701955795288086,,
california_housing__traditional_relu_field__seed4__lr0p0005__cfg8eab473db429,8eab473db429,96b354dd2d4cd04c,2.12.1+cu130,0.27.1+cu130,1.9.0,2.5.2,0,4,2026-09-01T14:48:01.169588+00:00,ok,,california_housing,regression,traditional_relu_field,Traditional neuron + ReLU + Lambda-Psi,traditional,1,before_field,0,1,1,0.5,0.5,4,2026,0.0005,0.0001,0.0,200,199,179,20,0.0001,128,128,64,32,11527,11527,373.2040616730228,cuda,./results/lambda_psi_hidden_only/checkpoints/california_housing/traditional_relu_field/california_housing__traditional_relu_field__seed4__lr0p0005__cfg8eab473db429.pt,0.28059897011564683,,,0.2805989723628552,0.529715935537959,52971.5935537959,0.36639362754112526,36639.362754112524,0.8020899210919847,0.2982621604157973,,,0.29826216304175035,0.5461338325371816,54613.38325371816,0.370766031303147,37076.6031303147,0.7692147592960744,0.4129919409751892,0.3791778087615967,0.28434523940086365,0.4984830319881439,0.39573198556900024,0.4560118615627289,,
california_housing__traditional_relu_field__seed0__lr0p001__cfg8eab473db429,8eab473db429,96b354dd2d4cd04c,2.12.1+cu130,0.27.1+cu130,1.9.0,2.5.2,0,4,2026-09-01T14:53:09.393316+00:00,ok,,california_housing,regression,traditional_relu_field,Traditional neuron + ReLU + Lambda-Psi,traditional,1,before_field,0,1,1,0.5,0.5,0,2026,0.001,0.0001,0.0,200,171,151,20,0.0001,128,128,64,32,11527,11527,307.2301062801853,cuda,./results/lambda_psi_hidden_only/checkpoints/california_housing/traditional_relu_field/california_housing__traditional_relu_field__seed0__lr0p001__cfg8eab473db429.pt,0.2646441165097924,,,0.26464411564354223,0.5144357254735933,51443.57254735933,0.35204019650181595,35204.019650181595,0.8133430875797152,0.2821166457593903,,,0.28211665285533993,0.5311465455553108,53114.65455553108,0.3567587572417056,35675.87572417056,0.7817076126189977,0.37865719199180603,0.34215787053108215,0.2548641264438629,0.5111842155456543,0.3853493928909302,0.4588198959827423,,
california_housing__traditional_relu_field__seed1__lr0p001__cfg8eab473db429,8eab473db429,96b354dd2d4cd04c,2.12.1+cu130,0.27.1+cu130,1.9.0,2.5.2,0,4,2026-09-01T14:58:58.555502+00:00,ok,,california_housing,regression,traditional_relu_field,Traditional neuron + ReLU + Lambda-Psi,traditional,1,before_field,0,1,1,0.5,0.5,1,2026,0.001,0.0001,0.0,200,185,165,20,0.0001,128,128,64,32,11527,11527,348.1815914576873,cuda,./results/lambda_psi_hidden_only/checkpoints/california_housing/traditional_relu_field/california_housing__traditional_relu_field__seed1__lr0p001__cfg8eab473db429.pt,0.2647615203330683,,,0.2647615201747451,0.5145498228303504,51454.982283035046,0.3499826942101236,34998.26942101236,0.8132602806476767,0.2805936375791712,,,0.2805936351152304,0.5297108976745999,52971.08976745999,0.3562054488692404,35620.544886924035,0.7828860725757114,0.37882059812545776,0.3437909483909607,0.2565697133541107,0.4911858141422272,0.3947462737560272,0.45868682861328125,,
california_housing__traditional_relu_field__seed2__lr0p001__cfg8eab473db429,8eab473db429,96b354dd2d4cd04c,2.12.1+cu130,0.27.1+cu130,1.9.0,2.5.2,0,4,2026-09-01T15:04:44.821301+00:00,ok,,california_housing,regression,traditional_relu_field,Traditional neuron + ReLU + Lambda-Psi,traditional,1,before_field,0,1,1,0.5,0.5,2,2026,0.001,0.0001,0.0,200,186,166,20,0.0001,128,128,64,32,11527,11527,345.33469342114404,cuda,./results/lambda_psi_hidden_only/checkpoints/california_housing/traditional_relu_field/california_housing__traditional_relu_field__seed2__lr0p001__cfg8eab473db429.pt,0.2641964129699293,,,0.2641964098645781,0.5140003987007968,51400.03987007969,0.34831276551870877,34831.27655187088,0.8136588602473634,0.28355570680411285,,,0.2835557085565087,0.5324994916021129,53249.94916021128,0.35701720636020334,35701.720636020334,0.7805941196670468,0.3794345259666443,0.3515801429748535,0.2544274628162384,0.517509937286377,0.3989422917366028,0.46462589502334595,,
california_housing__traditional_relu_field__seed3__lr0p001__cfg8eab473db429,8eab473db429,96b354dd2d4cd04c,2.12.1+cu130,0.27.1+cu130,1.9.0,2.5.2,0,4,2026-09-01T15:09:35.347383+00:00,ok,,california_housing,regression,traditional_relu_field,Traditional neuron + ReLU + Lambda-Psi,traditional,1,before_field,0,1,1,0.5,0.5,3,2026,0.001,0.0001,0.0,200,163,143,20,0.0001,128,128,64,32,11527,11527,289.5873250872828,cuda,./results/lambda_psi_hidden_only/checkpoints/california_housing/traditional_relu_field/california_housing__traditional_relu_field__seed3__lr0p001__cfg8eab473db429.pt,0.26372993824093843,,,0.2637299445793144,0.5135464385810834,51354.64385810834,0.34940304654802,34940.304654802,0.8139878642370679,0.2813276891098466,,,0.28132768754493614,0.5304033253524493,53040.332535244925,0.3555875144566792,35558.75144566792,0.7823180874684109,0.381145715713501,0.3426037132740021,0.25718048214912415,0.5136483907699585,0.40305066108703613,0.4659002721309662,,
california_housing__traditional_relu_field__seed4__lr0p001__cfg8eab473db429,8eab473db429,96b354dd2d4cd04c,2.12.1+cu130,0.27.1+cu130,1.9.0,2.5.2,0,4,2026-09-01T15:14:42.208530+00:00,ok,,california_housing,regression,traditional_relu_field,Traditional neuron + ReLU + Lambda-Psi,traditional,1,before_field,0,1,1,0.5,0.5,4,2026,0.001,0.0001,0.0,200,178,158,20,0.0001,128,128,64,32,11527,11527,305.9082438517362,cuda,./results/lambda_psi_hidden_only/checkpoints/california_housing/traditional_relu_field/california_housing__traditional_relu_field__seed4__lr0p001__cfg8eab473db429.pt,0.2662195758533108,,,0.2662195769755449,0.5159647051645537,51596.470516455374,0.35057227144580944,35057.227144580946,0.8122318943564915,0.2778503612954487,,,0.2778503620450738,0.527115131679099,52711.51316790989,0.35267295263880905,35267.29526388091,0.7850087251084903,0.37364739179611206,0.3574703633785248,0.24590031802654266,0.4875362813472748,0.37360143661499023,0.44747450947761536,,
california_housing__traditional_relu_field__seed0__lr0p002__cfg8eab473db429,8eab473db429,96b354dd2d4cd04c,2.12.1+cu130,0.27.1+cu130,1.9.0,2.5.2,0,4,2026-09-01T15:20:30.828511+00:00,ok,,california_housing,regression,traditional_relu_field,Traditional neuron + ReLU + Lambda-Psi,traditional,1,before_field,0,1,1,0.5,0.5,0,2026,0.002,0.0001,0.0,200,200,183,20,0.0001,128,128,64,32,11527,11527,347.6533940746449,cuda,./results/lambda_psi_hidden_only/checkpoints/california_housing/traditional_relu_field/california_housing__traditional_relu_field__seed0__lr0p002__cfg8eab473db429.pt,0.2562191588009975,,,0.2562191626917183,0.5061809584444266,50618.09584444266,0.34273507106731566,34273.507106731566,0.8192853156978411,0.2723097484703212,,,0.2723097490933228,0.521833066308875,52183.306630887506,0.3472438344457584,34724.38344457584,0.7892958652561937,0.31205305457115173,0.31130439043045044,0.24517403542995453,0.5041344165802002,0.394106388092041,0.4611052870750427,,
california_housing__traditional_relu_field__seed1__lr0p002__cfg8eab473db429,8eab473db429,96b354dd2d4cd04c,2.12.1+cu130,0.27.1+cu130,1.9.0,2.5.2,0,4,2026-09-01T15:23:16.691855+00:00,ok,,california_housing,regression,traditional_relu_field,Traditional neuron + ReLU + Lambda-Psi,traditional,1,before_field,0,1,1,0.5,0.5,1,2026,0.002,0.0001,0.0,200,96,76,20,0.0001,128,128,64,32,11527,11527,164.92089540930465,cuda,./results/lambda_psi_hidden_only/checkpoints/california_housing/traditional_relu_field/california_housing__traditional_relu_field__seed1__lr0p002__cfg8eab473db429.pt,0.26818536487660666,,,0.2681853718585506,0.5178661717650137,51786.61717650137,0.35275467732098215,35275.467732098215,0.8108453938389145,0.28334832699723944,,,0.2833483275888099,0.5323047318865481,53230.47318865482,0.3569217871643545,35692.178716435454,0.7807545840922346,0.335176944732666,0.3384091854095459,0.2890625298023224,0.5004271864891052,0.43755921721458435,0.47002217173576355,,
california_housing__traditional_relu_field__seed2__lr0p002__cfg8eab473db429,8eab473db429,96b354dd2d4cd04c,2.12.1+cu130,0.27.1+cu130,1.9.0,2.5.2,0,4,2026-09-01T15:27:09.577040+00:00,ok,,california_housing,regression,traditional_relu_field,Traditional neuron + ReLU + Lambda-Psi,traditional,1,before_field,0,1,1,0.5,0.5,2,2026,0.002,0.0001,0.0,200,135,115,20,0.0001,128,128,64,32,11527,11527,231.93295527808368,cuda,./results/lambda_psi_hidden_only/checkpoints/california_housing/traditional_relu_field/california_housing__traditional_relu_field__seed2__lr0p002__cfg8eab473db429.pt,0.25720099469487984,,,0.2572009930814858,0.5071498724060628,50714.98724060628,0.3428998693621667,34289.98693621667,0.8185928180444217,0.27048948615096335,,,0.27048948776906084,0.5200860388138302,52008.60388138302,0.3477783814188122,34777.83814188122,0.7907043223114891,0.33314478397369385,0.32958218455314636,0.26528018712997437,0.5184537172317505,0.422110378742218,0.4746776521205902,,
california_housing__traditional_relu_field__seed3__lr0p002__cfg8eab473db429,8eab473db429,96b354dd2d4cd04c,2.12.1+cu130,0.27.1+cu130,1.9.0,2.5.2,0,4,2026-09-01T15:31:37.880287+00:00,ok,,california_housing,regression,traditional_relu_field,Traditional neuron + ReLU + Lambda-Psi,traditional,1,before_field,0,1,1,0.5,0.5,3,2026,0.002,0.0001,0.0,200,153,133,20,0.0001,128,128,64,32,11527,11527,267.3781300052069,cuda,./results/lambda_psi_hidden_only/checkpoints/california_housing/traditional_relu_field/california_housing__traditional_relu_field__seed3__lr0p002__cfg8eab473db429.pt,0.2575344220381375,,,0.25753442204942784,0.5074784941743126,50747.84941743126,0.3423889047329047,34238.89047329047,0.8183576462873766,0.27079497774442035,,,0.27079497980236694,0.520379649681237,52037.9649681237,0.34861304369834506,34861.304369834506,0.7904679428400849,0.31504184007644653,0.31039562821388245,0.26133978366851807,0.5156465768814087,0.4338929057121277,0.4727160930633545,,
california_housing__traditional_relu_field__seed4__lr0p002__cfg8eab473db429,8eab473db429,96b354dd2d4cd04c,2.12.1+cu130,0.27.1+cu130,1.9.0,2.5.2,0,4,2026-09-01T15:36:36.574919+00:00,ok,,california_housing,regression,traditional_relu_field,Traditional neuron + ReLU + Lambda-Psi,traditional,1,before_field,0,1,1,0.5,0.5,4,2026,0.002,0.0001,0.0,200,169,149,20,0.0001,128,128,64,32,11527,11527,297.7866265028715,cuda,./results/lambda_psi_hidden_only/checkpoints/california_housing/traditional_relu_field/california_housing__traditional_relu_field__seed4__lr0p002__cfg8eab473db429.pt,0.2529144302126049,,,0.2529144277907353,0.5029059830532296,50290.598305322965,0.3405945279830417,34059.45279830417,0.8216161879013852,0.2704078933989355,,,0.2704078911970343,0.5200075876340982,52000.758763409816,0.3468720582205542,34687.205822055425,0.7907674589974292,0.32627224922180176,0.32340872287750244,0.2339172065258026,0.4952290654182434,0.39517301321029663,0.4607294499874115,,
california_housing__traditional_relu_field__seed0__lr0p003__cfg8eab473db429,8eab473db429,96b354dd2d4cd04c,2.12.1+cu130,0.27.1+cu130,1.9.0,2.5.2,0,4,2026-09-01T15:39:47.146977+00:00,ok,,california_housing,regression,traditional_relu_field,Traditional neuron + ReLU + Lambda-Psi,traditional,1,before_field,0,1,1,0.5,0.5,0,2026,0.003,0.0001,0.0,200,112,92,20,0.0001,128,128,64,32,11527,11527,189.69225952588022,cuda,./results/lambda_psi_hidden_only/checkpoints/california_housing/traditional_relu_field/california_housing__traditional_relu_field__seed0__lr0p003__cfg8eab473db429.pt,0.252716887482377,,,0.2527168944035578,0.5027095527275743,50270.955272757434,0.3433476187028857,34334.761870288574,0.8217555107503396,0.2685016259666561,,,0.26850162715486303,0.5181714264168404,51817.14264168405,0.3452830032207245,34528.30032207245,0.7922424620663104,0.261956125497818,0.29420027136802673,0.28838562965393066,0.5114262700080872,0.4310329854488373,0.47248712182044983,,
california_housing__traditional_relu_field__seed1__lr0p003__cfg8eab473db429,8eab473db429,96b354dd2d4cd04c,2.12.1+cu130,0.27.1+cu130,1.9.0,2.5.2,0,4,2026-09-01T15:44:18.495476+00:00,ok,,california_housing,regression,traditional_relu_field,Traditional neuron + ReLU + Lambda-Psi,traditional,1,before_field,0,1,1,0.5,0.5,1,2026,0.003,0.0001,0.0,200,154,134,20,0.0001,128,128,64,32,11527,11527,270.423286349047,cuda,./results/lambda_psi_hidden_only/checkpoints/california_housing/traditional_relu_field/california_housing__traditional_relu_field__seed1__lr0p003__cfg8eab473db429.pt,0.25628880151482514,,,0.2562888024597177,0.5062497431700264,50624.974317002634,0.34329519090206584,34329.51909020658,0.8192361978701319,0.26219799398451815,,,0.2621979957253225,0.5120527274854831,51205.27274854831,0.34298450442016587,34298.45044201659,0.7971200002761158,0.2604900300502777,0.2945137619972229,0.260762095451355,0.4997980296611786,0.45938342809677124,0.4727061688899994,,
california_housing__traditional_relu_field__seed2__lr0p003__cfg8eab473db429,8eab473db429,96b354dd2d4cd04c,2.12.1+cu130,0.27.1+cu130,1.9.0,2.5.2,0,4,2026-09-01T15:46:59.592144+00:00,ok,,california_housing,regression,traditional_relu_field,Traditional neuron + ReLU + Lambda-Psi,traditional,1,before_field,0,1,1,0.5,0.5,2,2026,0.003,0.0001,0.0,200,91,71,20,0.0001,128,128,64,32,11527,11527,160.13469081604853,cuda,./results/lambda_psi_hidden_only/checkpoints/california_housing/traditional_relu_field/california_housing__traditional_relu_field__seed2__lr0p003__cfg8eab473db429.pt,0.25919162534004037,,,0.25919162340403634,0.5091086557936688,50910.86557936688,0.3450098724588174,34500.98724588174,0.817188800770605,0.27401215808336127,,,0.2740121569719942,0.5234617053538818,52346.170535388184,0.3502742114888374,35027.42114888374,0.7879785992374381,0.30239078402519226,0.32609158754348755,0.32429859042167664,0.5256999135017395,0.4643188416957855,0.48081421852111816,,
california_housing__traditional_relu_field__seed3__lr0p003__cfg8eab473db429,8eab473db429,96b354dd2d4cd04c,2.12.1+cu130,0.27.1+cu130,1.9.0,2.5.2,0,4,2026-09-01T15:51:04.793164+00:00,ok,,california_housing,regression,traditional_relu_field,Traditional neuron + ReLU + Lambda-Psi,traditional,1,before_field,0,1,1,0.5,0.5,3,2026,0.003,0.0001,0.0,200,141,121,20,0.0001,128,128,64,32,11527,11527,244.25985200423747,cuda,./results/lambda_psi_hidden_only/checkpoints/california_housing/traditional_relu_field/california_housing__traditional_relu_field__seed3__lr0p003__cfg8eab473db429.pt,0.24922379354635874,,,0.2492237977448589,0.499223194317791,49922.3194317791,0.3346851176560618,33468.51176560618,0.8242192369341349,0.26503117047539054,,,0.26503117126051035,0.5148117823637202,51481.17823637202,0.34066586858455755,34066.586858455754,0.7949277842364525,0.2696203589439392,0.29151153564453125,0.2828522026538849,0.5182717442512512,0.4735053777694702,0.47750720381736755,,
california_housing__traditional_relu_field__seed4__lr0p003__cfg8eab473db429,8eab473db429,96b354dd2d4cd04c,2.12.1+cu130,0.27.1+cu130,1.9.0,2.5.2,0,4,2026-09-01T15:54:29.248328+00:00,ok,,california_housing,regression,traditional_relu_field,Traditional neuron + ReLU + Lambda-Psi,traditional,1,before_field,0,1,1,0.5,0.5,4,2026,0.003,0.0001,0.0,200,118,98,20,0.0001,128,128,64,32,11527,11527,203.51884612906724,cuda,./results/lambda_psi_hidden_only/checkpoints/california_housing/traditional_relu_field/california_housing__traditional_relu_field__seed4__lr0p003__cfg8eab473db429.pt,0.2554929158253263,,,0.25549291277460007,0.5054630676662738,50546.30676662738,0.3427843162573354,34278.43162573354,0.8197975491432934,0.2664314757945926,,,0.26643147247533233,0.5161700034633283,51617.00034633283,0.34586715185653794,34586.7151856538,0.7938442782039576,0.27814963459968567,0.30892905592918396,0.26514506340026855,0.5032910108566284,0.43069982528686523,0.4713948965072632,,
california_housing__aptx_field__seed0__lr0p0003__cfg66b8428c8eb2,66b8428c8eb2,96b354dd2d4cd04c,2.12.1+cu130,0.27.1+cu130,1.9.0,2.5.2,0,4,2026-09-01T15:59:45.058089+00:00,ok,,california_housing,regression,aptx_field,APTx Neuron + Lambda-Psi,aptx,1,none,0,1,1,0.5,0.5,0,2026,0.0003,0.0001,0.0,200,164,144,20,0.0001,128,128,64,32,34119,34119,314.84984614979476,cuda,./results/lambda_psi_hidden_only/checkpoints/california_housing/aptx_field/california_housing__aptx_field__seed0__lr0p0003__cfg66b8428c8eb2.pt,0.3212432662645976,,,0.3212432715345189,0.566783266808856,56678.326680885606,0.3899936193903518,38999.36193903518,0.7734229719991598,0.3391900023286657,,,0.3391900050800068,0.5824002104051876,58240.02104051876,0.3925026911419145,39250.26911419145,0.7375461702267694,0.6375548839569092,0.6270145773887634,0.6229986548423767,0.630622386932373,0.6553332805633545,0.6510679125785828,,
california_housing__aptx_field__seed1__lr0p0003__cfg66b8428c8eb2,66b8428c8eb2,96b354dd2d4cd04c,2.12.1+cu130,0.27.1+cu130,1.9.0,2.5.2,0,4,2026-09-01T16:05:17.992703+00:00,ok,,california_housing,regression,aptx_field,APTx Neuron + Lambda-Psi,aptx,1,none,0,1,1,0.5,0.5,1,2026,0.0003,0.0001,0.0,200,176,156,20,0.0001,128,128,64,32,34119,34119,331.94284201366827,cuda,./results/lambda_psi_hidden_only/checkpoints/california_housing/aptx_field/california_housing__aptx_field__seed1__lr0p0003__cfg66b8428c8eb2.pt,0.3109200966450595,,,0.3109200937909127,0.5576020927067192,55760.20927067193,0.3868578450768724,38685.78450768724,0.7807040425769116,0.5046967663044153,,,0.5046967714724406,0.7104201372937289,71042.01372937289,0.39928071434761203,39928.0714347612,0.6094825951139597,0.6254465579986572,0.6213974952697754,0.609402596950531,0.5963699817657471,0.6452784538269043,0.5848676562309265,,
california_housing__aptx_field__seed2__lr0p0003__cfg66b8428c8eb2,66b8428c8eb2,96b354dd2d4cd04c,2.12.1+cu130,0.27.1+cu130,1.9.0,2.5.2,0,4,2026-09-01T16:11:33.092966+00:00,ok,,california_housing,regression,aptx_field,APTx Neuron + Lambda-Psi,aptx,1,none,0,1,1,0.5,0.5,2,2026,0.0003,0.0001,0.0,200,197,177,20,0.0001,128,128,64,32,34119,34119,374.1079681208357,cuda,./results/lambda_psi_hidden_only/checkpoints/california_housing/aptx_field/california_housing__aptx_field__seed2__lr0p0003__cfg66b8428c8eb2.pt,0.33359396134236063,,,0.3335939589244235,0.5775759334705901,57757.59334705901,0.39778346766161826,39778.34676616183,0.7647118726842864,0.33339477509491205,,,0.33339477621430297,0.5774034778335708,57740.34778335708,0.3980366488369976,39803.664883699756,0.742030323614065,0.6310874223709106,0.6338369846343994,0.6497756838798523,0.6387900114059448,0.646676778793335,0.6112332344055176,,
california_housing__aptx_field__seed3__lr0p0003__cfg66b8428c8eb2,66b8428c8eb2,96b354dd2d4cd04c,2.12.1+cu130,0.27.1+cu130,1.9.0,2.5.2,0,4,2026-09-01T16:17:15.649894+00:00,ok,,california_housing,regression,aptx_field,APTx Neuron + Lambda-Psi,aptx,1,none,0,1,1,0.5,0.5,3,2026,0.0003,0.0001,0.0,200,184,164,20,0.0001,128,128,64,32,34119,34119,341.63141424022615,cuda,./results/lambda_psi_hidden_only/checkpoints/california_housing/aptx_field/california_housing__aptx_field__seed3__lr0p0003__cfg66b8428c8eb2.pt,0.3151675767676775,,,0.3151675757857469,0.5613978765418933,56139.787654189335,0.3911888012157161,39118.88012157161,0.7777082386732859,0.3076329781103504,,,0.30763297858435235,0.5546467151118379,55464.67151118379,0.38117246046416864,38117.24604641686,0.761963937071303,0.6043664216995239,0.6163123846054077,0.6193088889122009,0.6436806917190552,0.6556791663169861,0.6363593339920044,,
california_housing__aptx_field__seed4__lr0p0003__cfg66b8428c8eb2,66b8428c8eb2,96b354dd2d4cd04c,2.12.1+cu130,0.27.1+cu130,1.9.0,2.5.2,0,4,2026-09-01T16:23:19.915319+00:00,ok,,california_housing,regression,aptx_field,APTx Neuron + Lambda-Psi,aptx,1,none,0,1,1,0.5,0.5,4,2026,0.0003,0.0001,0.0,200,193,173,20,0.0001,128,128,64,32,34119,34119,363.30981242796406,cuda,./results/lambda_psi_hidden_only/checkpoints/california_housing/aptx_field/california_housing__aptx_field__seed4__lr0p0003__cfg66b8428c8eb2.pt,0.3295793914517691,,,0.32957939336984193,0.574090056846347,57409.00568463469,0.3992630547677824,39926.30547677824,0.7675433976146814,0.45750747378482376,,,0.45750748519737316,0.6763929961179175,67639.29961179175,0.40804346079772064,40804.34607977206,0.645996079360748,0.6471462845802307,0.6478872299194336,0.6514230370521545,0.6575887799263,0.6687270998954773,0.6371540427207947,,
california_housing__aptx_field__seed0__lr0p0005__cfg66b8428c8eb2,66b8428c8eb2,96b354dd2d4cd04c,2.12.1+cu130,0.27.1+cu130,1.9.0,2.5.2,0,4,2026-09-01T16:28:44.249896+00:00,ok,,california_housing,regression,aptx_field,APTx Neuron + Lambda-Psi,aptx,1,none,0,1,1,0.5,0.5,0,2026,0.0005,0.0001,0.0,200,164,144,20,0.0001,128,128,64,32,34119,34119,323.3855909118429,cuda,./results/lambda_psi_hidden_only/checkpoints/california_housing/aptx_field/california_housing__aptx_field__seed0__lr0p0005__cfg66b8428c8eb2.pt,0.301214617352153,,,0.30121461630974694,0.5488302253973872,54883.022539738726,0.37677805730712044,37677.80573071205,0.787549441182483,0.3124960626280585,,,0.31249606231980254,0.5590134723956146,55901.34723956146,0.3768441128732218,37684.411287322175,0.758201046267443,0.6423736214637756,0.6281533241271973,0.634492039680481,0.6358612775802612,0.6735114455223083,0.6606771945953369,,
california_housing__aptx_field__seed1__lr0p0005__cfg66b8428c8eb2,66b8428c8eb2,96b354dd2d4cd04c,2.12.1+cu130,0.27.1+cu130,1.9.0,2.5.2,0,4,2026-09-01T16:33:13.711932+00:00,ok,,california_housing,regression,aptx_field,APTx Neuron + Lambda-Psi,aptx,1,none,0,1,1,0.5,0.5,1,2026,0.0005,0.0001,0.0,200,144,124,20,0.0001,128,128,64,32,34119,34119,268.45428690034896,cuda,./results/lambda_psi_hidden_only/checkpoints/california_housing/aptx_field/california_housing__aptx_field__seed1__lr0p0005__cfg66b8428c8eb2.pt,0.29937166091083556,,,0.29937165620963,0.5471486600638167,54714.86600638167,0.37939214141129757,37939.214141129756,0.7888493047413803,0.5173392205737358,,,0.5173392510926607,0.71926299160506,71926.29916050601,0.3903971770706103,39039.71770706103,0.5997002691477977,0.6309497356414795,0.618552565574646,0.6201383471488953,0.5977648496627808,0.6714494228363037,0.59275883436203,,
california_housing__aptx_field__seed2__lr0p0005__cfg66b8428c8eb2,66b8428c8eb2,96b354dd2d4cd04c,2.12.1+cu130,0.27.1+cu130,1.9.0,2.5.2,0,4,2026-09-01T16:39:17.391364+00:00,ok,,california_housing,regression,aptx_field,APTx Neuron + Lambda-Psi,aptx,1,none,0,1,1,0.5,0.5,2,2026,0.0005,0.0001,0.0,200,189,169,20,0.0001,128,128,64,32,34119,34119,362.65901044616476,cuda,./results/lambda_psi_hidden_only/checkpoints/california_housing/aptx_field/california_housing__aptx_field__seed2__lr0p0005__cfg66b8428c8eb2.pt,0.30216205351112424,,,0.3021620504355045,0.5496926872676263,54969.26872676263,0.37719981863286145,37719.98186328614,0.7868812036582689,0.3027961679207262,,,0.30279616980043955,0.5502691794026261,55026.91794026261,0.3794090906446872,37940.90906446872,0.7657064972004534,0.6378695964813232,0.6304270625114441,0.6650476455688477,0.6489565968513489,0.6684219241142273,0.6212904453277588,,
california_housing__aptx_field__seed3__lr0p0005__cfg66b8428c8eb2,66b8428c8eb2,96b354dd2d4cd04c,2.12.1+cu130,0.27.1+cu130,1.9.0,2.5.2,0,4,2026-09-01T16:43:49.245772+00:00,ok,,california_housing,regression,aptx_field,APTx Neuron + Lambda-Psi,aptx,1,none,0,1,1,0.5,0.5,3,2026,0.0005,0.0001,0.0,200,148,128,20,0.0001,128,128,64,32,34119,34119,270.89963973592967,cuda,./results/lambda_psi_hidden_only/checkpoints/california_housing/aptx_field/california_housing__aptx_field__seed3__lr0p0005__cfg66b8428c8eb2.pt,0.2974966935409132,,,0.2974966909190073,0.545432572293778,54543.25722937779,0.3741300495038199,37413.00495038199,0.7901717419744614,0.2949518593706826,,,0.29495185669718854,0.5430947032490637,54309.470324906375,0.36880500616447986,36880.500616447986,0.7717761631253173,0.6097480058670044,0.6157281398773193,0.6310959458351135,0.6499434113502502,0.6764297485351562,0.6519687175750732,,
california_housing__aptx_field__seed4__lr0p0005__cfg66b8428c8eb2,66b8428c8eb2,96b354dd2d4cd04c,2.12.1+cu130,0.27.1+cu130,1.9.0,2.5.2,0,4,2026-09-01T16:47:43.679798+00:00,ok,,california_housing,regression,aptx_field,APTx Neuron + Lambda-Psi,aptx,1,none,0,1,1,0.5,0.5,4,2026,0.0005,0.0001,0.0,200,122,102,20,0.0001,128,128,64,32,34119,34119,233.4780422700569,cuda,./results/lambda_psi_hidden_only/checkpoints/california_housing/aptx_field/california_housing__aptx_field__seed4__lr0p0005__cfg66b8428c8eb2.pt,0.30442940160747645,,,0.30442939990469275,0.5517512119648608,55175.12119648608,0.38085490969089114,38085.490969089115,0.7852820127967327,0.4076699933340383,,,0.40766998767696516,0.6384903974821902,63849.03974821902,0.3868882731686151,38688.82731686151,0.684558660494174,0.6567273736000061,0.64787358045578,0.6576692461967468,0.6722487211227417,0.718937873840332,0.6499550938606262,,
california_housing__aptx_field__seed0__lr0p001__cfg66b8428c8eb2,66b8428c8eb2,96b354dd2d4cd04c,2.12.1+cu130,0.27.1+cu130,1.9.0,2.5.2,0,4,2026-09-01T16:50:14.942543+00:00,ok,,california_housing,regression,aptx_field,APTx Neuron + Lambda-Psi,aptx,1,none,0,1,1,0.5,0.5,0,2026,0.001,0.0001,0.0,200,79,59,20,0.0001,128,128,64,32,34119,34119,150.33935156883672,cuda,./results/lambda_psi_hidden_only/checkpoints/california_housing/aptx_field/california_housing__aptx_field__seed0__lr0p001__cfg66b8428c8eb2.pt,0.2790456603663836,,,0.27904566256503366,0.5282477284049915,52824.77284049914,0.3621561427189167,36215.614271891674,0.8031854905520821,0.3013445600982784,,,0.3013445592652282,0.5489485943740344,54894.859437403444,0.3699837750646957,36998.37750646957,0.7668297046611671,0.680971622467041,0.6494951844215393,0.6690079569816589,0.6570449471473694,0.7043012380599976,0.686500072479248,,
california_housing__aptx_field__seed1__lr0p001__cfg66b8428c8eb2,66b8428c8eb2,96b354dd2d4cd04c,2.12.1+cu130,0.27.1+cu130,1.9.0,2.5.2,0,4,2026-09-01T16:54:46.954257+00:00,ok,,california_housing,regression,aptx_field,APTx Neuron + Lambda-Psi,aptx,1,none,0,1,1,0.5,0.5,1,2026,0.001,0.0001,0.0,200,147,127,20,0.0001,128,128,64,32,34119,34119,271.0481198900379,cuda,./results/lambda_psi_hidden_only/checkpoints/california_housing/aptx_field/california_housing__aptx_field__seed1__lr0p001__cfg66b8428c8eb2.pt,0.27977540476839674,,,0.2797754065651232,0.52893799879109,52893.79987910901,0.3582925126028731,35829.25126028731,0.8026707926847869,0.29516495706499085,,,0.2951649572462984,0.5432908587914014,54329.08587914014,0.36120540483371,36120.540483371,0.7716112730802009,0.648425817489624,0.6071792840957642,0.6490710973739624,0.6046273112297058,0.726862370967865,0.6215125322341919,,
california_housing__aptx_field__seed2__lr0p001__cfg66b8428c8eb2,66b8428c8eb2,96b354dd2d4cd04c,2.12.1+cu130,0.27.1+cu130,1.9.0,2.5.2,0,4,2026-09-01T16:57:42.972883+00:00,ok,,california_housing,regression,aptx_field,APTx Neuron + Lambda-Psi,aptx,1,none,0,1,1,0.5,0.5,2,2026,0.001,0.0001,0.0,200,92,72,20,0.0001,128,128,64,32,34119,34119,175.05026818113402,cuda,./results/lambda_psi_hidden_only/checkpoints/california_housing/aptx_field/california_housing__aptx_field__seed2__lr0p001__cfg66b8428c8eb2.pt,0.27903326398642486,,,0.27903326263795414,0.5282359914261372,52823.59914261372,0.3621199671034665,36211.99671034665,0.8031942363807859,0.28598252539486846,,,0.2859825270730756,0.5347733417748828,53477.33417748828,0.36398538891514837,36398.538891514836,0.7787163290355472,0.6725452542304993,0.6479644179344177,0.6981479525566101,0.6642948985099792,0.7261213064193726,0.6685578227043152,,
california_housing__aptx_field__seed3__lr0p001__cfg66b8428c8eb2,66b8428c8eb2,96b354dd2d4cd04c,2.12.1+cu130,0.27.1+cu130,1.9.0,2.5.2,0,4,2026-09-01T17:00:42.829670+00:00,ok,,california_housing,regression,aptx_field,APTx Neuron + Lambda-Psi,aptx,1,none,0,1,1,0.5,0.5,3,2026,0.001,0.0001,0.0,200,95,75,20,0.0001,128,128,64,32,34119,34119,178.93273962801322,cuda,./results/lambda_psi_hidden_only/checkpoints/california_housing/aptx_field/california_housing__aptx_field__seed3__lr0p001__cfg66b8428c8eb2.pt,0.27604026711264323,,,0.27604026640873586,0.5253953429644537,52539.53429644537,0.3623377633562615,36233.77633562615,0.8053052352732908,0.2930293663065563,,,0.29302936931122403,0.5413218721899421,54132.18721899421,0.3645484069968725,36454.84069968725,0.7732637192725514,0.6304395198822021,0.6165574789047241,0.6602146625518799,0.6645376682281494,0.7112226486206055,0.6765366792678833,,
california_housing__aptx_field__seed4__lr0p001__cfg66b8428c8eb2,66b8428c8eb2,96b354dd2d4cd04c,2.12.1+cu130,0.27.1+cu130,1.9.0,2.5.2,0,4,2026-09-01T17:04:32.010186+00:00,ok,,california_housing,regression,aptx_field,APTx Neuron + Lambda-Psi,aptx,1,none,0,1,1,0.5,0.5,4,2026,0.001,0.0001,0.0,200,121,101,20,0.0001,128,128,64,32,34119,34119,228.24896018672734,cuda,./results/lambda_psi_hidden_only/checkpoints/california_housing/aptx_field/california_housing__aptx_field__seed4__lr0p001__cfg66b8428c8eb2.pt,0.27668524204298506,,,0.2766852417079029,0.5260087848200854,52600.87848200854,0.3671757365006578,36717.57365006578,0.804850325865473,0.29309408609257187,,,0.2930940830507953,0.541381642698379,54138.16426983789,0.3692698351057001,36926.98351057001,0.7732136459551333,0.6586564779281616,0.6437432169914246,0.6988698840141296,0.6844806671142578,0.7813519239425659,0.6818881630897522,,
california_housing__aptx_field__seed0__lr0p002__cfg66b8428c8eb2,66b8428c8eb2,96b354dd2d4cd04c,2.12.1+cu130,0.27.1+cu130,1.9.0,2.5.2,0,4,2026-09-01T17:07:25.473956+00:00,ok,,california_housing,regression,aptx_field,APTx Neuron + Lambda-Psi,aptx,1,none,0,1,1,0.5,0.5,0,2026,0.002,0.0001,0.0,200,88,68,20,0.0001,128,128,64,32,34119,34119,172.4586434578523,cuda,./results/lambda_psi_hidden_only/checkpoints/california_housing/aptx_field/california_housing__aptx_field__seed0__lr0p002__cfg66b8428c8eb2.pt,0.26345062094141347,,,0.2634506202601136,0.5132744102915259,51327.441029152586,0.34731828021390954,34731.82802139095,0.8141848752866397,0.26705122040223706,,,0.26705121612035615,0.5167699837648817,51676.99837648817,0.34742209905137617,34742.20990513761,0.79336474139368,0.7185074687004089,0.620119571685791,0.7458229064941406,0.6826267838478088,0.7692395448684692,0.7098722457885742,,
california_housing__aptx_field__seed1__lr0p002__cfg66b8428c8eb2,66b8428c8eb2,96b354dd2d4cd04c,2.12.1+cu130,0.27.1+cu130,1.9.0,2.5.2,0,4,2026-09-01T17:09:57.300580+00:00,ok,,california_housing,regression,aptx_field,APTx Neuron + Lambda-Psi,aptx,1,none,0,1,1,0.5,0.5,1,2026,0.002,0.0001,0.0,200,80,60,20,0.0001,128,128,64,32,34119,34119,150.89900368498638,cuda,./results/lambda_psi_hidden_only/checkpoints/california_housing/aptx_field/california_housing__aptx_field__seed1__lr0p002__cfg66b8428c8eb2.pt,0.2725937514342079,,,0.2725937451212885,0.5221051092656425,52210.510926564246,0.3568175430590099,35681.75430590099,0.8077361112462604,0.2790888106638147,,,0.27908881311244726,0.5282885699240968,52828.85699240968,0.36067908487549816,36067.908487549816,0.7840504532822251,0.692876935005188,0.641890823841095,0.6945251822471619,0.6475207209587097,0.7632967829704285,0.6613865494728088,,
california_housing__aptx_field__seed2__lr0p002__cfg66b8428c8eb2,66b8428c8eb2,96b354dd2d4cd04c,2.12.1+cu130,0.27.1+cu130,1.9.0,2.5.2,0,4,2026-09-01T17:13:12.105342+00:00,ok,,california_housing,regression,aptx_field,APTx Neuron + Lambda-Psi,aptx,1,none,0,1,1,0.5,0.5,2,2026,0.002,0.0001,0.0,200,97,77,20,0.0001,128,128,64,32,34119,34119,193.84732749592513,cuda,./results/lambda_psi_hidden_only/checkpoints/california_housing/aptx_field/california_housing__aptx_field__seed2__lr0p002__cfg66b8428c8eb2.pt,0.2700081980505655,,,0.2700081975964617,0.5196231303516633,51962.31303516633,0.34962074806581633,34962.07480658164,0.8095597313056996,0.2665665029555328,,,0.26656650116575675,0.5163007855560137,51630.078555601365,0.3462510065016763,34625.10065016763,0.7937397975400219,0.7185619473457336,0.6220734119415283,0.7762326002120972,0.6587383151054382,0.8011391758918762,0.720802366733551,,
california_housing__aptx_field__seed3__lr0p002__cfg66b8428c8eb2,66b8428c8eb2,96b354dd2d4cd04c,2.12.1+cu130,0.27.1+cu130,1.9.0,2.5.2,0,4,2026-09-01T17:17:35.441965+00:00,ok,,california_housing,regression,aptx_field,APTx Neuron + Lambda-Psi,aptx,1,none,0,1,1,0.5,0.5,3,2026,0.002,0.0001,0.0,200,133,113,20,0.0001,128,128,64,32,34119,34119,262.2903563687578,cuda,./results/lambda_psi_hidden_only/checkpoints/california_housing/aptx_field/california_housing__aptx_field__seed3__lr0p002__cfg66b8428c8eb2.pt,0.26115136553150736,,,0.26115136682166995,0.5110297122689345,51102.971226893445,0.3448141585573439,34481.41585573439,0.8158065684297047,0.26838620457538337,,,0.2683862066809951,0.5180600415791543,51806.00415791543,0.34449281490790523,34449.28149079053,0.7923317705510746,0.6477989554405212,0.5440258979797363,0.7152010798454285,0.6403985619544983,0.7763121128082275,0.6896810531616211,,
california_housing__aptx_field__seed4__lr0p002__cfg66b8428c8eb2,66b8428c8eb2,96b354dd2d4cd04c,2.12.1+cu130,0.27.1+cu130,1.9.0,2.5.2,0,4,2026-09-01T17:22:36.683398+00:00,ok,,california_housing,regression,aptx_field,APTx Neuron + Lambda-Psi,aptx,1,none,0,1,1,0.5,0.5,4,2026,0.002,0.0001,0.0,200,153,133,20,0.0001,128,128,64,32,34119,34119,300.31757960887626,cuda,./results/lambda_psi_hidden_only/checkpoints/california_housing/aptx_field/california_housing__aptx_field__seed4__lr0p002__cfg66b8428c8eb2.pt,0.2574234477771345,,,0.25742344743122586,0.5073691431603088,50736.91431603088,0.3410679613232844,34106.79613232844,0.8184359181187386,0.26938587519549584,,,0.26938587352708915,0.5190239623823636,51902.39623823636,0.34615652702113453,34615.65270211345,0.7915582619325268,0.687993586063385,0.5845493674278259,0.77998948097229,0.6642295122146606,0.8567087650299072,0.6950342655181885,,
california_housing__aptx_field__seed0__lr0p003__cfg66b8428c8eb2,66b8428c8eb2,96b354dd2d4cd04c,2.12.1+cu130,0.27.1+cu130,1.9.0,2.5.2,0,4,2026-09-01T17:26:13.076049+00:00,ok,,california_housing,regression,aptx_field,APTx Neuron + Lambda-Psi,aptx,1,none,0,1,1,0.5,0.5,0,2026,0.003,0.0001,0.0,200,112,92,20,0.0001,128,128,64,32,34119,34119,215.52800627192482,cuda,./results/lambda_psi_hidden_only/checkpoints/california_housing/aptx_field/california_housing__aptx_field__seed0__lr0p003__cfg66b8428c8eb2.pt,0.24543064532353898,,,0.2454306426264243,0.4954095705842029,49540.95705842029,0.33226530422824757,33226.530422824755,0.8268945982245852,0.25658150560172027,,,0.256581506298939,0.5065387510338563,50653.875103385624,0.33637439367873956,33637.43936787396,0.8014658510905804,0.7522326111793518,0.576446533203125,0.807043731212616,0.6714133024215698,0.840302586555481,0.7025049328804016,,
california_housing__aptx_field__seed1__lr0p003__cfg66b8428c8eb2,66b8428c8eb2,96b354dd2d4cd04c,2.12.1+cu130,0.27.1+cu130,1.9.0,2.5.2,0,4,2026-09-01T17:29:38.824341+00:00,ok,,california_housing,regression,aptx_field,APTx Neuron + Lambda-Psi,aptx,1,none,0,1,1,0.5,0.5,1,2026,0.003,0.0001,0.0,200,99,79,20,0.0001,128,128,64,32,34119,34119,204.81253668805584,cuda,./results/lambda_psi_hidden_only/checkpoints/california_housing/aptx_field/california_housing__aptx_field__seed1__lr0p003__cfg66b8428c8eb2.pt,0.2642274170882942,,,0.2642274163603628,0.5140305597533699,51403.05597533699,0.3443080049527939,34430.80049527939,0.8136369909654636,0.27712253613989485,,,0.27712253472322973,0.5264242915398469,52642.429153984696,0.34707824391305675,34707.82439130567,0.7855718934364795,0.7275568842887878,0.6287030577659607,0.7296097874641418,0.6371018290519714,0.8064029216766357,0.6776559352874756,,
california_housing__aptx_field__seed2__lr0p003__cfg66b8428c8eb2,66b8428c8eb2,96b354dd2d4cd04c,2.12.1+cu130,0.27.1+cu130,1.9.0,2.5.2,0,4,2026-09-01T17:33:53.029741+00:00,ok,,california_housing,regression,aptx_field,APTx Neuron + Lambda-Psi,aptx,1,none,0,1,1,0.5,0.5,2,2026,0.003,0.0001,0.0,200,126,106,20,0.0001,128,128,64,32,34119,34119,253.26435649069026,cuda,./results/lambda_psi_hidden_only/checkpoints/california_housing/aptx_field/california_housing__aptx_field__seed2__lr0p003__cfg66b8428c8eb2.pt,0.24702407477437988,,,0.24702407918529107,0.497015169975013,49701.5169975013,0.32737726339882656,32737.726339882654,0.8257707268417193,0.2512561036634815,,,0.2512561018467694,0.5012545280062509,50125.45280062509,0.3297316280713435,32973.16280713435,0.8055864701319158,0.7307646870613098,0.5019678473472595,0.8762759566307068,0.6501235365867615,0.8593943119049072,0.7086668610572815,,
california_housing__aptx_field__seed3__lr0p003__cfg66b8428c8eb2,66b8428c8eb2,96b354dd2d4cd04c,2.12.1+cu130,0.27.1+cu130,1.9.0,2.5.2,0,4,2026-09-01T17:37:26.691376+00:00,ok,,california_housing,regression,aptx_field,APTx Neuron + Lambda-Psi,aptx,1,none,0,1,1,0.5,0.5,3,2026,0.003,0.0001,0.0,200,106,86,20,0.0001,128,128,64,32,34119,34119,212.7626208201982,cuda,./results/lambda_psi_hidden_only/checkpoints/california_housing/aptx_field/california_housing__aptx_field__seed3__lr0p003__cfg66b8428c8eb2.pt,0.2515903447949609,,,0.2515903396821189,0.501587818514484,50158.781851448395,0.33620116966523866,33620.11696652386,0.8225500843438802,0.2580111826113028,,,0.25801118205450885,0.5079480111729042,50794.80111729042,0.33651677144388126,33651.67714438812,0.8003596160253852,0.7002608180046082,0.550498902797699,0.7583840489387512,0.6648944020271301,0.8131932616233826,0.7150874733924866,,
california_housing__aptx_field__seed4__lr0p003__cfg66b8428c8eb2,66b8428c8eb2,96b354dd2d4cd04c,2.12.1+cu130,0.27.1+cu130,1.9.0,2.5.2,0,4,2026-09-01T17:40:23.671622+00:00,ok,,california_housing,regression,aptx_field,APTx Neuron + Lambda-Psi,aptx,1,none,0,1,1,0.5,0.5,4,2026,0.003,0.0001,0.0,200,90,70,20,0.0001,128,128,64,32,34119,34119,176.07955446094275,cuda,./results/lambda_psi_hidden_only/checkpoints/california_housing/aptx_field/california_housing__aptx_field__seed4__lr0p003__cfg66b8428c8eb2.pt,0.2580045128977576,,,0.25800451800427493,0.5079414513546565,50794.14513546565,0.3458589737325214,34585.89737325214,0.8180260815395277,0.2621228267518125,,,0.2621228259524851,0.5119793218016574,51197.93218016574,0.3463589446763544,34635.894467635444,0.7971781641207718,0.762388288974762,0.6279446482658386,0.8227682709693909,0.7219496369361877,0.8807096481323242,0.739719569683075,,
california_housing__aptx_field_relu__seed0__lr0p0003__cfgcdd33e2efe00,cdd33e2efe00,96b354dd2d4cd04c,2.12.1+cu130,0.27.1+cu130,1.9.0,2.5.2,0,4,2026-09-01T17:45:25.825993+00:00,ok,,california_housing,regression,aptx_field_relu,APTx Neuron + Lambda-Psi + ReLU,aptx,1,after_field,0,1,1,0.5,0.5,0,2026,0.0003,0.0001,0.0,200,151,131,20,0.0001,128,128,64,32,34119,34119,301.20365091972053,cuda,./results/lambda_psi_hidden_only/checkpoints/california_housing/aptx_field_relu/california_housing__aptx_field_relu__seed0__lr0p0003__cfgcdd33e2efe00.pt,0.31135784655578375,,,0.31135784314899817,0.5579944830811485,55799.44830811485,0.38250845852632853,38250.845852632854,0.780395292301488,0.39059830728427386,,,0.39059830892197295,0.6249786467728101,62497.86467728101,0.3884063889886173,38840.638898861725,0.6977681519379126,0.5605370402336121,0.548180103302002,0.5639625787734985,0.5437791347503662,0.5708943605422974,0.5482812523841858,,
california_housing__aptx_field_relu__seed1__lr0p0003__cfgcdd33e2efe00,cdd33e2efe00,96b354dd2d4cd04c,2.12.1+cu130,0.27.1+cu130,1.9.0,2.5.2,0,4,2026-09-01T17:49:45.402896+00:00,ok,,california_housing,regression,aptx_field_relu,APTx Neuron + Lambda-Psi + ReLU,aptx,1,after_field,0,1,1,0.5,0.5,1,2026,0.0003,0.0001,0.0,200,130,110,20,0.0001,128,128,64,32,34119,34119,258.6827673506923,cuda,./results/lambda_psi_hidden_only/checkpoints/california_housing/aptx_field_relu/california_housing__aptx_field_relu__seed1__lr0p0003__cfgcdd33e2efe00.pt,0.324048297118771,,,0.32404829504634075,0.5692524001234784,56925.240012347844,0.3902133657604225,39021.336576042246,0.7714445526917447,0.32782462216162866,,,0.32782462349763847,0.5725597117311333,57255.97117311333,0.3909180371935458,39091.803719354575,0.7463403206393768,0.550560712814331,0.5436484217643738,0.5453948378562927,0.5329251885414124,0.5398616790771484,0.5345549583435059,,
california_housing__aptx_field_relu__seed2__lr0p0003__cfgcdd33e2efe00,cdd33e2efe00,96b354dd2d4cd04c,2.12.1+cu130,0.27.1+cu130,1.9.0,2.5.2,0,4,2026-09-01T17:56:04.768648+00:00,ok,,california_housing,regression,aptx_field_relu,APTx Neuron + Lambda-Psi + ReLU,aptx,1,after_field,0,1,1,0.5,0.5,2,2026,0.0003,0.0001,0.0,200,190,170,20,0.0001,128,128,64,32,34119,34119,378.42598226480186,cuda,./results/lambda_psi_hidden_only/checkpoints/california_housing/aptx_field_relu/california_housing__aptx_field_relu__seed2__lr0p0003__cfgcdd33e2efe00.pt,0.31785434415174085,,,0.31785434577348515,0.5637857268266776,56378.572682667764,0.389327113220627,38932.7113220627,0.7758132251035521,0.3098063487415166,,,0.3098063473567136,0.5566025039080524,55660.250390805246,0.38275886595595715,38275.886595595715,0.7602822573364264,0.5704335570335388,0.55653977394104,0.5719408988952637,0.5652437806129456,0.5786080360412598,0.563132107257843,,
california_housing__aptx_field_relu__seed3__lr0p0003__cfgcdd33e2efe00,cdd33e2efe00,96b354dd2d4cd04c,2.12.1+cu130,0.27.1+cu130,1.9.0,2.5.2,0,4,2026-09-01T18:00:03.270698+00:00,ok,,california_housing,regression,aptx_field_relu,APTx Neuron + Lambda-Psi + ReLU,aptx,1,after_field,0,1,1,0.5,0.5,3,2026,0.0003,0.0001,0.0,200,117,97,20,0.0001,128,128,64,32,34119,34119,237.55382783105597,cuda,./results/lambda_psi_hidden_only/checkpoints/california_housing/aptx_field_relu/california_housing__aptx_field_relu__seed3__lr0p0003__cfgcdd33e2efe00.pt,0.3040163870467696,,,0.3040163868997567,0.5513768102665877,55137.68102665877,0.38015413103090934,38015.413103090934,0.7855733162028309,0.30487451026606005,,,0.30487450954703055,0.5521544254527265,55215.44254527265,0.38335832880896537,38335.83288089654,0.764098347732918,0.5178699493408203,0.5325939059257507,0.5369082093238831,0.5332707166671753,0.5385656952857971,0.5311800837516785,,
california_housing__aptx_field_relu__seed4__lr0p0003__cfgcdd33e2efe00,cdd33e2efe00,96b354dd2d4cd04c,2.12.1+cu130,0.27.1+cu130,1.9.0,2.5.2,0,4,2026-09-01T18:04:15.133963+00:00,ok,,california_housing,regression,aptx_field_relu,APTx Neuron + Lambda-Psi + ReLU,aptx,1,after_field,0,1,1,0.5,0.5,4,2026,0.0003,0.0001,0.0,200,121,101,20,0.0001,128,128,64,32,34119,34119,250.98929669288918,cuda,./results/lambda_psi_hidden_only/checkpoints/california_housing/aptx_field_relu/california_housing__aptx_field_relu__seed4__lr0p0003__cfgcdd33e2efe00.pt,0.30929425381874853,,,0.30929426113569897,0.5561423029546475,55614.23029546475,0.38813785037617815,38813.78503761782,0.7818507633448997,0.32226640494294867,,,0.32226640487125086,0.567685128280855,56768.512828085506,0.3879743379057031,38797.433790570314,0.750641083466596,0.5513797402381897,0.5363093018531799,0.5458247661590576,0.5424560308456421,0.5584926605224609,0.5327677130699158,,
california_housing__aptx_field_relu__seed0__lr0p0005__cfgcdd33e2efe00,cdd33e2efe00,96b354dd2d4cd04c,2.12.1+cu130,0.27.1+cu130,1.9.0,2.5.2,0,4,2026-09-01T18:07:30.712494+00:00,ok,,california_housing,regression,aptx_field_relu,APTx Neuron + Lambda-Psi + ReLU,aptx,1,after_field,0,1,1,0.5,0.5,0,2026,0.0005,0.0001,0.0,200,94,74,20,0.0001,128,128,64,32,34119,34119,194.65433712303638,cuda,./results/lambda_psi_hidden_only/checkpoints/california_housing/aptx_field_relu/california_housing__aptx_field_relu__seed0__lr0p0005__cfgcdd33e2efe00.pt,0.30162678023641426,,,0.3016267795005897,0.5492055894659027,54920.55894659027,0.3776153624490943,37761.53624490943,0.7872587371612396,0.35027782861576523,,,0.3502778360854666,0.5918427460782691,59184.27460782691,0.3791249464771371,37912.49464771371,0.7289667791253869,0.5661798119544983,0.5564581155776978,0.5680161714553833,0.5479961037635803,0.5736846923828125,0.5513497591018677,,
california_housing__aptx_field_relu__seed1__lr0p0005__cfgcdd33e2efe00,cdd33e2efe00,96b354dd2d4cd04c,2.12.1+cu130,0.27.1+cu130,1.9.0,2.5.2,0,4,2026-09-01T18:10:04.124163+00:00,ok,,california_housing,regression,aptx_field_relu,APTx Neuron + Lambda-Psi + ReLU,aptx,1,after_field,0,1,1,0.5,0.5,1,2026,0.0005,0.0001,0.0,200,75,55,20,0.0001,128,128,64,32,34119,34119,152.5294856587425,cuda,./results/lambda_psi_hidden_only/checkpoints/california_housing/aptx_field_relu/california_housing__aptx_field_relu__seed1__lr0p0005__cfgcdd33e2efe00.pt,0.3035587243331495,,,0.30355872758492136,0.5509616389413344,55096.163894133446,0.38560649951876597,38560.6499518766,0.7858961092278706,0.32474854496098304,,,0.32474854473531134,0.569867129018082,56986.7129018082,0.38563888790735673,38563.88879073568,0.7487204870351007,0.5569680333137512,0.5526533722877502,0.5623989701271057,0.5536460280418396,0.5464622974395752,0.5386756062507629,,
california_housing__aptx_field_relu__seed2__lr0p0005__cfgcdd33e2efe00,cdd33e2efe00,96b354dd2d4cd04c,2.12.1+cu130,0.27.1+cu130,1.9.0,2.5.2,0,4,2026-09-01T18:13:06.354091+00:00,ok,,california_housing,regression,aptx_field_relu,APTx Neuron + Lambda-Psi + ReLU,aptx,1,after_field,0,1,1,0.5,0.5,2,2026,0.0005,0.0001,0.0,200,86,66,20,0.0001,128,128,64,32,34119,34119,181.27516038389876,cuda,./results/lambda_psi_hidden_only/checkpoints/california_housing/aptx_field_relu/california_housing__aptx_field_relu__seed2__lr0p0005__cfgcdd33e2efe00.pt,0.30465097182480866,,,0.3046509748811971,0.5519519679113365,55195.19679113365,0.3788109276905771,37881.09276905771,0.7851257331043491,0.30612635450769765,,,0.30612635277929395,0.5532868630098622,55328.68630098622,0.3790130708655415,37901.307086554145,0.7631297134994129,0.5815919637680054,0.5652968883514404,0.582030713558197,0.5723717212677002,0.5926074385643005,0.5692668557167053,,
california_housing__aptx_field_relu__seed3__lr0p0005__cfgcdd33e2efe00,cdd33e2efe00,96b354dd2d4cd04c,2.12.1+cu130,0.27.1+cu130,1.9.0,2.5.2,0,4,2026-09-01T18:16:15.948433+00:00,ok,,california_housing,regression,aptx_field_relu,APTx Neuron + Lambda-Psi + ReLU,aptx,1,after_field,0,1,1,0.5,0.5,3,2026,0.0005,0.0001,0.0,200,92,72,20,0.0001,128,128,64,32,34119,34119,188.60838520294055,cuda,./results/lambda_psi_hidden_only/checkpoints/california_housing/aptx_field_relu/california_housing__aptx_field_relu__seed3__lr0p0005__cfgcdd33e2efe00.pt,0.2924458333688189,,,0.2924458301267098,0.5407826089351523,54078.26089351523,0.368369741163166,36836.9741163166,0.7937341793189016,0.302593471467957,,,0.3025934709875072,0.5500849670619142,55008.49670619142,0.3763993391261775,37639.93391261775,0.7658633387315946,0.5200195908546448,0.5306335091590881,0.5412602424621582,0.5302069783210754,0.5381856560707092,0.533771812915802,,
california_housing__aptx_field_relu__seed4__lr0p0005__cfgcdd33e2efe00,cdd33e2efe00,96b354dd2d4cd04c,2.12.1+cu130,0.27.1+cu130,1.9.0,2.5.2,0,4,2026-09-01T18:20:08.368047+00:00,ok,,california_housing,regression,aptx_field_relu,APTx Neuron + Lambda-Psi + ReLU,aptx,1,after_field,0,1,1,0.5,0.5,4,2026,0.0005,0.0001,0.0,200,116,96,20,0.0001,128,128,64,32,34119,34119,231.50602828990668,cuda,./results/lambda_psi_hidden_only/checkpoints/california_housing/aptx_field_relu/california_housing__aptx_field_relu__seed4__lr0p0005__cfgcdd33e2efe00.pt,0.294577349063962,,,0.29457735648214767,0.5427498102092231,54274.98102092231,0.37398826004576313,37398.826004576316,0.7922307862535353,0.3132506375627,,,0.31325063562616157,0.559687980598263,55968.798059826295,0.37885811021046123,37885.811021046124,0.7576171827952518,0.5481806397438049,0.5317654609680176,0.5445452928543091,0.5385850667953491,0.5557825565338135,0.5333828926086426,,
california_housing__aptx_field_relu__seed0__lr0p001__cfgcdd33e2efe00,cdd33e2efe00,96b354dd2d4cd04c,2.12.1+cu130,0.27.1+cu130,1.9.0,2.5.2,0,4,2026-09-01T18:22:06.975120+00:00,ok,,california_housing,regression,aptx_field_relu,APTx Neuron + Lambda-Psi + ReLU,aptx,1,after_field,0,1,1,0.5,0.5,0,2026,0.001,0.0001,0.0,200,62,42,20,0.0001,128,128,64,32,34119,34119,117.68114805826917,cuda,./results/lambda_psi_hidden_only/checkpoints/california_housing/aptx_field_relu/california_housing__aptx_field_relu__seed0__lr0p001__cfgcdd33e2efe00.pt,0.293092935815338,,,0.29309293119810736,0.5413805788889249,54138.05788889249,0.3721768283249103,37217.68283249103,0.7932777705764771,0.3080194033393564,,,0.3080194053678248,0.5549949597679468,55499.49597679468,0.3634892705134874,36348.92705134874,0.7616649330094782,0.562267541885376,0.5571503043174744,0.5776627659797668,0.5544058084487915,0.5898939371109009,0.5524024367332458,,
california_housing__aptx_field_relu__seed1__lr0p001__cfgcdd33e2efe00,cdd33e2efe00,96b354dd2d4cd04c,2.12.1+cu130,0.27.1+cu130,1.9.0,2.5.2,0,4,2026-09-01T18:25:39.540211+00:00,ok,,california_housing,regression,aptx_field_relu,APTx Neuron + Lambda-Psi + ReLU,aptx,1,after_field,0,1,1,0.5,0.5,1,2026,0.001,0.0001,0.0,200,105,85,20,0.0001,128,128,64,32,34119,34119,211.64265252416953,cuda,./results/lambda_psi_hidden_only/checkpoints/california_housing/aptx_field_relu/california_housing__aptx_field_relu__seed1__lr0p001__cfgcdd33e2efe00.pt,0.28965712356012924,,,0.28965711993622123,0.5381980304090876,53819.803040908766,0.36583560892893363,36583.560892893365,0.7957010926301075,0.3033780219943024,,,0.3033780221967075,0.5507976236302291,55079.76236302291,0.3689134563499874,36891.34563499874,0.765256279365387,0.5540448427200317,0.5441005825996399,0.5464316010475159,0.5299380421638489,0.5445466041564941,0.5381984114646912,,
california_housing__aptx_field_relu__seed2__lr0p001__cfgcdd33e2efe00,cdd33e2efe00,96b354dd2d4cd04c,2.12.1+cu130,0.27.1+cu130,1.9.0,2.5.2,0,4,2026-09-01T18:28:39.224322+00:00,ok,,california_housing,regression,aptx_field_relu,APTx Neuron + Lambda-Psi + ReLU,aptx,1,after_field,0,1,1,0.5,0.5,2,2026,0.001,0.0001,0.0,200,89,69,20,0.0001,128,128,64,32,34119,34119,178.7091755727306,cuda,./results/lambda_psi_hidden_only/checkpoints/california_housing/aptx_field_relu/california_housing__aptx_field_relu__seed2__lr0p001__cfgcdd33e2efe00.pt,0.2908558078514513,,,0.2908558051802602,0.539310490515677,53931.0490515677,0.36437441420185473,36437.441420185474,0.7948556444474717,0.28922815193501555,,,0.2892281522990123,0.5377993606346257,53779.93606346258,0.3639986946557959,36399.869465579584,0.7762049732827302,0.5776908993721008,0.5684056282043457,0.5890961289405823,0.5638812780380249,0.5908934473991394,0.5729512572288513,,
california_housing__aptx_field_relu__seed3__lr0p001__cfgcdd33e2efe00,cdd33e2efe00,96b354dd2d4cd04c,2.12.1+cu130,0.27.1+cu130,1.9.0,2.5.2,0,4,2026-09-01T18:31:09.482808+00:00,ok,,california_housing,regression,aptx_field_relu,APTx Neuron + Lambda-Psi + ReLU,aptx,1,after_field,0,1,1,0.5,0.5,3,2026,0.001,0.0001,0.0,200,77,57,20,0.0001,128,128,64,32,34119,34119,149.31173890084028,cuda,./results/lambda_psi_hidden_only/checkpoints/california_housing/aptx_field_relu/california_housing__aptx_field_relu__seed3__lr0p001__cfgcdd33e2efe00.pt,0.28862601541733557,,,0.28862601682759453,0.5372392547344196,53723.92547344196,0.363897135307969,36389.7135307969,0.7964283429684541,0.28036559921826504,,,0.2803656031249879,0.5294956119978597,52949.56119978597,0.3653541946198878,36535.41946198878,0.7830625160683073,0.5149264931678772,0.541863203048706,0.5482910871505737,0.5363660454750061,0.5537009835243225,0.5383379459381104,,
california_housing__aptx_field_relu__seed4__lr0p001__cfgcdd33e2efe00,cdd33e2efe00,96b354dd2d4cd04c,2.12.1+cu130,0.27.1+cu130,1.9.0,2.5.2,0,4,2026-09-01T18:33:53.021000+00:00,ok,,california_housing,regression,aptx_field_relu,APTx Neuron + Lambda-Psi + ReLU,aptx,1,after_field,0,1,1,0.5,0.5,4,2026,0.001,0.0001,0.0,200,79,59,20,0.0001,128,128,64,32,34119,34119,162.58748398395255,cuda,./results/lambda_psi_hidden_only/checkpoints/california_housing/aptx_field_relu/california_housing__aptx_field_relu__seed4__lr0p001__cfgcdd33e2efe00.pt,0.2862110440583192,,,0.28621104040912454,0.5349869534943115,53498.695349431146,0.3652859796704941,36528.597967049405,0.7981316570237968,0.29883145130881966,,,0.2988314481264481,0.5466547796612119,54665.47796612119,0.37601022895916486,37601.02289591649,0.7687742656244626,0.5563905835151672,0.5388871431350708,0.5528562068939209,0.5374563932418823,0.5660737156867981,0.5356357097625732,,
california_housing__aptx_field_relu__seed0__lr0p002__cfgcdd33e2efe00,cdd33e2efe00,96b354dd2d4cd04c,2.12.1+cu130,0.27.1+cu130,1.9.0,2.5.2,0,4,2026-09-01T18:35:35.515694+00:00,ok,,california_housing,regression,aptx_field_relu,APTx Neuron + Lambda-Psi + ReLU,aptx,1,after_field,0,1,1,0.5,0.5,0,2026,0.002,0.0001,0.0,200,50,30,20,0.0001,128,128,64,32,34119,34119,101.54800252709538,cuda,./results/lambda_psi_hidden_only/checkpoints/california_housing/aptx_field_relu/california_housing__aptx_field_relu__seed0__lr0p002__cfgcdd33e2efe00.pt,0.28990703359130743,,,0.2899070361918565,0.5384301590660171,53843.01590660171,0.35739603787371815,35739.603787371816,0.7955248234675489,0.27583786198335103,,,0.27583785993340926,0.525202684621289,52520.26846212891,0.3484636033603618,34846.36033603618,0.7865659316261425,0.5871961712837219,0.5657122731208801,0.5893198847770691,0.5588035583496094,0.6015958786010742,0.5564699769020081,,
california_housing__aptx_field_relu__seed1__lr0p002__cfgcdd33e2efe00,cdd33e2efe00,96b354dd2d4cd04c,2.12.1+cu130,0.27.1+cu130,1.9.0,2.5.2,0,4,2026-09-01T18:38:45.046517+00:00,ok,,california_housing,regression,aptx_field_relu,APTx Neuron + Lambda-Psi + ReLU,aptx,1,after_field,0,1,1,0.5,0.5,1,2026,0.002,0.0001,0.0,200,92,72,20,0.0001,128,128,64,32,34119,34119,188.5480120452121,cuda,./results/lambda_psi_hidden_only/checkpoints/california_housing/aptx_field_relu/california_housing__aptx_field_relu__seed1__lr0p002__cfgcdd33e2efe00.pt,0.27274840839149417,,,0.27274841371572217,0.5222532084302807,52225.320843028065,0.3500800143869579,35008.00143869579,0.8076270214891912,0.2781855704248414,,,0.2781855703787948,0.5274330008435145,52743.30008435145,0.35517658139109726,35517.65813910973,0.7847493521622378,0.5826255679130554,0.5619994401931763,0.575636088848114,0.5278063416481018,0.5700079798698425,0.5448310375213623,,
california_housing__aptx_field_relu__seed2__lr0p002__cfgcdd33e2efe00,cdd33e2efe00,96b354dd2d4cd04c,2.12.1+cu130,0.27.1+cu130,1.9.0,2.5.2,0,4,2026-09-01T18:40:58.182617+00:00,ok,,california_housing,regression,aptx_field_relu,APTx Neuron + Lambda-Psi + ReLU,aptx,1,after_field,0,1,1,0.5,0.5,2,2026,0.002,0.0001,0.0,200,69,49,20,0.0001,128,128,64,32,34119,34119,132.1830074125901,cuda,./results/lambda_psi_hidden_only/checkpoints/california_housing/aptx_field_relu/california_housing__aptx_field_relu__seed2__lr0p002__cfgcdd33e2efe00.pt,0.28145140548085057,,,0.2814514083742051,0.5305199415424505,53051.994154245054,0.36174010611030943,36174.01061103094,0.8014886869646831,0.27497719355331834,,,0.27497719424320644,0.5243826791983184,52438.26791983184,0.35731522469644167,35731.522469644166,0.7872318858204439,0.5955939888954163,0.5705044865608215,0.6223738193511963,0.5661723613739014,0.6230445504188538,0.5791217088699341,,
california_housing__aptx_field_relu__seed3__lr0p002__cfgcdd33e2efe00,cdd33e2efe00,96b354dd2d4cd04c,2.12.1+cu130,0.27.1+cu130,1.9.0,2.5.2,0,4,2026-09-01T18:43:23.204189+00:00,ok,,california_housing,regression,aptx_field_relu,APTx Neuron + Lambda-Psi + ReLU,aptx,1,after_field,0,1,1,0.5,0.5,3,2026,0.002,0.0001,0.0,200,69,49,20,0.0001,128,128,64,32,34119,34119,144.07377590425313,cuda,./results/lambda_psi_hidden_only/checkpoints/california_housing/aptx_field_relu/california_housing__aptx_field_relu__seed3__lr0p002__cfgcdd33e2efe00.pt,0.28502725376639254,,,0.28502725485418023,0.5338794385010348,53387.94385010348,0.3651573862591686,36515.73862591686,0.7989665962632971,0.2839943905209386,,,0.2839943922122259,0.5329112423398721,53291.12423398721,0.36882665554826805,36882.6655548268,0.7802546809932134,0.5114723443984985,0.5391889810562134,0.58050537109375,0.5515721440315247,0.5641335844993591,0.5355734825134277,,
california_housing__aptx_field_relu__seed4__lr0p002__cfgcdd33e2efe00,cdd33e2efe00,96b354dd2d4cd04c,2.12.1+cu130,0.27.1+cu130,1.9.0,2.5.2,0,4,2026-09-01T18:46:03.998446+00:00,ok,,california_housing,regression,aptx_field_relu,APTx Neuron + Lambda-Psi + ReLU,aptx,1,after_field,0,1,1,0.5,0.5,4,2026,0.002,0.0001,0.0,200,80,60,20,0.0001,128,128,64,32,34119,34119,159.85826562903821,cuda,./results/lambda_psi_hidden_only/checkpoints/california_housing/aptx_field_relu/california_housing__aptx_field_relu__seed4__lr0p002__cfgcdd33e2efe00.pt,0.2726823225501896,,,0.27268232649749014,0.5221899333551827,52218.99333551827,0.35420128740659057,35420.128740659056,0.8076736336576713,0.28272149682969083,,,0.2827214951276371,0.5317156148992026,53171.56148992026,0.3569312619529087,35693.12619529087,0.7812396059902773,0.5579016208648682,0.5286843776702881,0.5701437592506409,0.5446650981903076,0.5712170600891113,0.5347697734832764,,
california_housing__aptx_field_relu__seed0__lr0p003__cfgcdd33e2efe00,cdd33e2efe00,96b354dd2d4cd04c,2.12.1+cu130,0.27.1+cu130,1.9.0,2.5.2,0,4,2026-09-01T18:47:31.490308+00:00,ok,,california_housing,regression,aptx_field_relu,APTx Neuron + Lambda-Psi + ReLU,aptx,1,after_field,0,1,1,0.5,0.5,0,2026,0.003,0.0001,0.0,200,43,23,20,0.0001,128,128,64,32,34119,34119,86.56138273188844,cuda,./results/lambda_psi_hidden_only/checkpoints/california_housing/aptx_field_relu/california_housing__aptx_field_relu__seed0__lr0p003__cfgcdd33e2efe00.pt,0.2869879208331884,,,0.2869879227693565,0.5357125374390229,53571.25374390229,0.3665485244475363,36654.852444753626,0.7975837118623409,0.2795394060685653,,,0.2795394052672713,0.5287148619693524,52871.486196935235,0.35946893414785697,35946.8934147857,0.7837018002118864,0.5814633369445801,0.5728645324707031,0.5990639925003052,0.5661081671714783,0.6167503595352173,0.5542611479759216,,
california_housing__aptx_field_relu__seed1__lr0p003__cfgcdd33e2efe00,cdd33e2efe00,96b354dd2d4cd04c,2.12.1+cu130,0.27.1+cu130,1.9.0,2.5.2,0,4,2026-09-01T18:48:54.333987+00:00,ok,,california_housing,regression,aptx_field_relu,APTx Neuron + Lambda-Psi + ReLU,aptx,1,after_field,0,1,1,0.5,0.5,1,2026,0.003,0.0001,0.0,200,45,25,20,0.0001,128,128,64,32,34119,34119,81.89757311390713,cuda,./results/lambda_psi_hidden_only/checkpoints/california_housing/aptx_field_relu/california_housing__aptx_field_relu__seed1__lr0p003__cfgcdd33e2efe00.pt,0.28337593734726424,,,0.2833759398186167,0.5323306677419747,53233.06677419747,0.362195674315557,36219.5674315557,0.8001312900832294,0.28732047524563104,,,0.2873204789223437,0.5360228343292324,53602.283432923236,0.3582131504767047,35821.31504767047,0.7776810668472944,0.6024463772773743,0.5918551683425903,0.5962268114089966,0.5623233318328857,0.5773774981498718,0.539889931678772,,
california_housing__aptx_field_relu__seed2__lr0p003__cfgcdd33e2efe00,cdd33e2efe00,96b354dd2d4cd04c,2.12.1+cu130,0.27.1+cu130,1.9.0,2.5.2,0,4,2026-09-01T18:50:25.557665+00:00,ok,,california_housing,regression,aptx_field_relu,APTx Neuron + Lambda-Psi + ReLU,aptx,1,after_field,0,1,1,0.5,0.5,2,2026,0.003,0.0001,0.0,200,45,25,20,0.0001,128,128,64,32,34119,34119,90.30905644083396,cuda,./results/lambda_psi_hidden_only/checkpoints/california_housing/aptx_field_relu/california_housing__aptx_field_relu__seed2__lr0p003__cfgcdd33e2efe00.pt,0.278012098268021,,,0.27801210079354155,0.527268528165243,52726.8528165243,0.3599574629852707,35995.74629852707,0.8039144750170992,0.284935478092164,,,0.28493548043522215,0.5337934810722421,53379.348107224214,0.36118105225727076,36118.10522572708,0.779526498545085,0.6054918169975281,0.5859780311584473,0.6155524253845215,0.5797239542007446,0.6314442753791809,0.5786911845207214,,
california_housing__aptx_field_relu__seed3__lr0p003__cfgcdd33e2efe00,cdd33e2efe00,96b354dd2d4cd04c,2.12.1+cu130,0.27.1+cu130,1.9.0,2.5.2,0,4,2026-09-01T18:52:17.855923+00:00,ok,,california_housing,regression,aptx_field_relu,APTx Neuron + Lambda-Psi + ReLU,aptx,1,after_field,0,1,1,0.5,0.5,3,2026,0.003,0.0001,0.0,200,56,36,20,0.0001,128,128,64,32,34119,34119,111.36683146795258,cuda,./results/lambda_psi_hidden_only/checkpoints/california_housing/aptx_field_relu/california_housing__aptx_field_relu__seed3__lr0p003__cfgcdd33e2efe00.pt,0.27721602325291594,,,0.2772160265528773,0.5265130829835829,52651.30829835829,0.3521400633621816,35214.00633621816,0.8044759564596712,0.27694076068641604,,,0.27694075689610076,0.526251609875068,52625.1609875068,0.35432002185879985,35432.00218587999,0.7857125470117127,0.5430598258972168,0.5533126592636108,0.6077542304992676,0.565101146697998,0.5817323327064514,0.5375787019729614,,
california_housing__aptx_field_relu__seed4__lr0p003__cfgcdd33e2efe00,cdd33e2efe00,96b354dd2d4cd04c,2.12.1+cu130,0.27.1+cu130,1.9.0,2.5.2,0,4,2026-09-01T18:54:36.641798+00:00,ok,,california_housing,regression,aptx_field_relu,APTx Neuron + Lambda-Psi + ReLU,aptx,1,after_field,0,1,1,0.5,0.5,4,2026,0.003,0.0001,0.0,200,67,47,20,0.0001,128,128,64,32,34119,34119,137.8395353187807,cuda,./results/lambda_psi_hidden_only/checkpoints/california_housing/aptx_field_relu/california_housing__aptx_field_relu__seed4__lr0p003__cfgcdd33e2efe00.pt,0.2639751884826394,,,0.263975188851853,0.5137851582635031,51378.51582635031,0.35157882825059944,35157.88282505995,0.8138148902845224,0.27334238300027774,,,0.2733423826629197,0.5228215591030267,52282.155910302674,0.348334251440946,34833.425144094595,0.7884968480946202,0.5801646709442139,0.5493788123130798,0.5748730301856995,0.5405479669570923,0.5910127758979797,0.5260429978370667,,
california_housing__aptx_relu_field__seed0__lr0p0003__cfg26b8762a12eb,26b8762a12eb,96b354dd2d4cd04c,2.12.1+cu130,0.27.1+cu130,1.9.0,2.5.2,0,4,2026-09-01T18:59:16.490457+00:00,ok,,california_housing,regression,aptx_relu_field,APTx Neuron + ReLU + Lambda-Psi,aptx,1,before_field,0,1,1,0.5,0.5,0,2026,0.0003,0.0001,0.0,200,141,121,20,0.0001,128,128,64,32,34119,34119,278.90395583584905,cuda,./results/lambda_psi_hidden_only/checkpoints/california_housing/aptx_relu_field/california_housing__aptx_relu_field__seed0__lr0p0003__cfg26b8762a12eb.pt,0.3132376652355342,,,0.31323766617917287,0.5596763941593149,55967.639415931495,0.3917784958774614,39177.84958774614,0.7790694288419673,0.3427893288375795,,,0.3427893321464435,0.5854821364879065,58548.21364879065,0.39817481182241277,39817.481182241274,0.7347611318735019,0.5892777442932129,0.5628655552864075,0.5757409334182739,0.5631766319274902,0.5936847925186157,0.564687967300415,,
california_housing__aptx_relu_field__seed1__lr0p0003__cfg26b8762a12eb,26b8762a12eb,96b354dd2d4cd04c,2.12.1+cu130,0.27.1+cu130,1.9.0,2.5.2,0,4,2026-09-01T19:04:59.282933+00:00,ok,,california_housing,regression,aptx_relu_field,APTx Neuron + ReLU + Lambda-Psi,aptx,1,before_field,0,1,1,0.5,0.5,1,2026,0.0003,0.0001,0.0,200,165,145,20,0.0001,128,128,64,32,34119,34119,341.7815417610109,cuda,./results/lambda_psi_hidden_only/checkpoints/california_housing/aptx_relu_field/california_housing__aptx_relu_field__seed1__lr0p0003__cfg26b8762a12eb.pt,0.32540869828342467,,,0.32540869986545384,0.5704460534226298,57044.60534226298,0.40335339712080104,40335.3397120801,0.7704850416043365,0.3240444717943206,,,0.3240444718073291,0.5692490419906995,56924.90419906995,0.40243750857550276,40243.75085755027,0.7492652750112235,0.5923274159431458,0.5606920719146729,0.5726778507232666,0.5682960152626038,0.5815793871879578,0.551557183265686,,
california_housing__aptx_relu_field__seed2__lr0p0003__cfg26b8762a12eb,26b8762a12eb,96b354dd2d4cd04c,2.12.1+cu130,0.27.1+cu130,1.9.0,2.5.2,0,4,2026-09-01T19:11:14.149325+00:00,ok,,california_housing,regression,aptx_relu_field,APTx Neuron + ReLU + Lambda-Psi,aptx,1,before_field,0,1,1,0.5,0.5,2,2026,0.0003,0.0001,0.0,200,185,165,20,0.0001,128,128,64,32,34119,34119,373.8777067568153,cuda,./results/lambda_psi_hidden_only/checkpoints/california_housing/aptx_relu_field/california_housing__aptx_relu_field__seed2__lr0p0003__cfg26b8762a12eb.pt,0.33711330142132073,,,0.33711329755551833,0.5806145860685196,58061.45860685196,0.4101074031705773,41010.74031705773,0.7622296376984672,0.3256927654724713,,,0.3256927653686091,0.5706949845307991,57069.49845307991,0.40033958762046673,40033.95876204667,0.7479898808331242,0.5862589478492737,0.5650347471237183,0.5974670052528381,0.5835481286048889,0.6166743636131287,0.564976692199707,,
california_housing__aptx_relu_field__seed3__lr0p0003__cfg26b8762a12eb,26b8762a12eb,96b354dd2d4cd04c,2.12.1+cu130,0.27.1+cu130,1.9.0,2.5.2,0,4,2026-09-01T19:15:36.129553+00:00,ok,,california_housing,regression,aptx_relu_field,APTx Neuron + ReLU + Lambda-Psi,aptx,1,before_field,0,1,1,0.5,0.5,3,2026,0.0003,0.0001,0.0,200,127,107,20,0.0001,128,128,64,32,34119,34119,261.07992378110066,cuda,./results/lambda_psi_hidden_only/checkpoints/california_housing/aptx_relu_field/california_housing__aptx_relu_field__seed3__lr0p0003__cfg26b8762a12eb.pt,0.3162250114503757,,,0.31622501357062105,0.5623388778758064,56233.887787580636,0.38994288727525594,38994.28872752559,0.7769624141476916,0.33343153406483256,,,0.3334315372101066,0.5774353099786214,57743.53099786214,0.39556987487978135,39556.987487978135,0.7420018791906138,0.5584906339645386,0.5381782650947571,0.5520157217979431,0.5404256582260132,0.5538488030433655,0.5595303773880005,,
california_housing__aptx_relu_field__seed4__lr0p0003__cfg26b8762a12eb,26b8762a12eb,96b354dd2d4cd04c,2.12.1+cu130,0.27.1+cu130,1.9.0,2.5.2,0,4,2026-09-01T19:21:20.643431+00:00,ok,,california_housing,regression,aptx_relu_field,APTx Neuron + ReLU + Lambda-Psi,aptx,1,before_field,0,1,1,0.5,0.5,4,2026,0.0003,0.0001,0.0,200,171,151,20,0.0001,128,128,64,32,34119,34119,343.58936649095267,cuda,./results/lambda_psi_hidden_only/checkpoints/california_housing/aptx_relu_field/california_housing__aptx_relu_field__seed4__lr0p0003__cfg26b8762a12eb.pt,0.2953173287155092,,,0.29531732303623104,0.5434310655789113,54343.10655789113,0.37979423859727013,37979.423859727016,0.7917088782868926,0.30695221821467084,,,0.30695222295442987,0.5540326912325931,55403.26912325931,0.38097939912460804,38097.9399124608,0.7624906829056053,0.5187520980834961,0.5138872861862183,0.5285999774932861,0.5191965103149414,0.5136180520057678,0.5182785391807556,,
california_housing__aptx_relu_field__seed0__lr0p0005__cfg26b8762a12eb,26b8762a12eb,96b354dd2d4cd04c,2.12.1+cu130,0.27.1+cu130,1.9.0,2.5.2,0,4,2026-09-01T19:26:05.661956+00:00,ok,,california_housing,regression,aptx_relu_field,APTx Neuron + ReLU + Lambda-Psi,aptx,1,before_field,0,1,1,0.5,0.5,0,2026,0.0005,0.0001,0.0,200,142,122,20,0.0001,128,128,64,32,34119,34119,284.07415081514046,cuda,./results/lambda_psi_hidden_only/checkpoints/california_housing/aptx_relu_field/california_housing__aptx_relu_field__seed0__lr0p0005__cfg26b8762a12eb.pt,0.29771016503489295,,,0.2977101666364301,0.5456282311578371,54562.82311578371,0.38022906183041344,38022.90618304134,0.7900211747941032,0.30265179854030755,,,0.3026517939595435,0.5501379772016685,55013.79772016685,0.3822082710495695,38220.82710495695,0.7658182103753771,0.5986701250076294,0.5566927790641785,0.584825336933136,0.5643815994262695,0.6088038682937622,0.5718134641647339,,
california_housing__aptx_relu_field__seed1__lr0p0005__cfg26b8762a12eb,26b8762a12eb,96b354dd2d4cd04c,2.12.1+cu130,0.27.1+cu130,1.9.0,2.5.2,0,4,2026-09-01T19:32:05.447979+00:00,ok,,california_housing,regression,aptx_relu_field,APTx Neuron + ReLU + Lambda-Psi,aptx,1,before_field,0,1,1,0.5,0.5,1,2026,0.0005,0.0001,0.0,200,178,158,20,0.0001,128,128,64,32,34119,34119,358.8722297893837,cuda,./results/lambda_psi_hidden_only/checkpoints/california_housing/aptx_relu_field/california_housing__aptx_relu_field__seed1__lr0p0005__cfg26b8762a12eb.pt,0.29561918534973797,,,0.2956191875751085,0.5437087341353903,54370.87341353903,0.3782099998707688,37820.99998707688,0.7914959693292949,0.30520262251528657,,,0.30520262268835024,0.5524514663645579,55245.146636455785,0.38501431247537105,38501.431247537104,0.7638444648081604,0.6078191995620728,0.553066611289978,0.5895577073097229,0.5697502493858337,0.6031198501586914,0.5582284331321716,,
california_housing__aptx_relu_field__seed2__lr0p0005__cfg26b8762a12eb,26b8762a12eb,96b354dd2d4cd04c,2.12.1+cu130,0.27.1+cu130,1.9.0,2.5.2,0,4,2026-09-01T19:37:23.557534+00:00,ok,,california_housing,regression,aptx_relu_field,APTx Neuron + ReLU + Lambda-Psi,aptx,1,before_field,0,1,1,0.5,0.5,2,2026,0.0005,0.0001,0.0,200,161,141,20,0.0001,128,128,64,32,34119,34119,317.17062288476154,cuda,./results/lambda_psi_hidden_only/checkpoints/california_housing/aptx_relu_field/california_housing__aptx_relu_field__seed2__lr0p0005__cfg26b8762a12eb.pt,0.3114370470361192,,,0.3114370491656175,0.5580654524028678,55806.545240286774,0.393317273565272,39331.727356527204,0.780339427275087,0.31089583385822384,,,0.3108958361272736,0.5575803405136103,55758.03405136103,0.3876049617781889,38760.49617781889,0.7594392475305775,0.5882136821746826,0.5539301633834839,0.6226924061775208,0.5894208550453186,0.6352335214614868,0.5705627799034119,,
california_housing__aptx_relu_field__seed3__lr0p0005__cfg26b8762a12eb,26b8762a12eb,96b354dd2d4cd04c,2.12.1+cu130,0.27.1+cu130,1.9.0,2.5.2,0,4,2026-09-01T19:42:56.381629+00:00,ok,,california_housing,regression,aptx_relu_field,APTx Neuron + ReLU + Lambda-Psi,aptx,1,before_field,0,1,1,0.5,0.5,3,2026,0.0005,0.0001,0.0,200,164,144,20,0.0001,128,128,64,32,34119,34119,331.8655036557466,cuda,./results/lambda_psi_hidden_only/checkpoints/california_housing/aptx_relu_field/california_housing__aptx_relu_field__seed3__lr0p0005__cfg26b8762a12eb.pt,0.30045227798842644,,,0.3004522796900047,0.5481352749914976,54813.527499149764,0.3791726298283699,37917.26298283699,0.7880871270453256,0.3040704981301182,,,0.30407050048377177,0.5514258794106165,55142.58794106165,0.3820549388805967,38205.493888059675,0.7647204629328481,0.5711778402328491,0.5287690162658691,0.5746434926986694,0.539743185043335,0.5667787790298462,0.5671349763870239,,
california_housing__aptx_relu_field__seed4__lr0p0005__cfg26b8762a12eb,26b8762a12eb,96b354dd2d4cd04c,2.12.1+cu130,0.27.1+cu130,1.9.0,2.5.2,0,4,2026-09-01T19:47:58.340911+00:00,ok,,california_housing,regression,aptx_relu_field,APTx Neuron + ReLU + Lambda-Psi,aptx,1,before_field,0,1,1,0.5,0.5,4,2026,0.0005,0.0001,0.0,200,153,133,20,0.0001,128,128,64,32,34119,34119,300.9853777401149,cuda,./results/lambda_psi_hidden_only/checkpoints/california_housing/aptx_relu_field/california_housing__aptx_relu_field__seed4__lr0p0005__cfg26b8762a12eb.pt,0.2786622172178224,,,0.27866221747166486,0.5278846630388734,52788.46630388734,0.36273707772872243,36273.70777287224,0.8034559393283071,0.288146740706392,,,0.28814674337772683,0.536793017258726,53679.301725872596,0.3628174644180162,36281.746441801624,0.7770417311726785,0.5106034874916077,0.48940029740333557,0.5276243090629578,0.5171657204627991,0.5229701995849609,0.5151614546775818,,
california_housing__aptx_relu_field__seed0__lr0p001__cfg26b8762a12eb,26b8762a12eb,96b354dd2d4cd04c,2.12.1+cu130,0.27.1+cu130,1.9.0,2.5.2,0,4,2026-09-01T19:53:12.614064+00:00,ok,,california_housing,regression,aptx_relu_field,APTx Neuron + ReLU + Lambda-Psi,aptx,1,before_field,0,1,1,0.5,0.5,0,2026,0.001,0.0001,0.0,200,156,136,20,0.0001,128,128,64,32,34119,34119,313.28733335016295,cuda,./results/lambda_psi_hidden_only/checkpoints/california_housing/aptx_relu_field/california_housing__aptx_relu_field__seed0__lr0p001__cfg26b8762a12eb.pt,0.27885240455006444,,,0.27885240364650005,0.5280647722074443,52806.47722074443,0.3605233086922834,36052.33086922834,0.8033217985631007,0.28618552241214484,,,0.28618552372890405,0.5349631050165087,53496.31050165087,0.364028072352846,36402.8072352846,0.7785592570435798,0.6347270011901855,0.5164291858673096,0.6261192560195923,0.5479862093925476,0.6308136582374573,0.586898922920227,,
california_housing__aptx_relu_field__seed1__lr0p001__cfg26b8762a12eb,26b8762a12eb,96b354dd2d4cd04c,2.12.1+cu130,0.27.1+cu130,1.9.0,2.5.2,0,4,2026-09-01T19:58:22.029583+00:00,ok,,california_housing,regression,aptx_relu_field,APTx Neuron + ReLU + Lambda-Psi,aptx,1,before_field,0,1,1,0.5,0.5,1,2026,0.001,0.0001,0.0,200,153,133,20,0.0001,128,128,64,32,34119,34119,308.47242832090706,cuda,./results/lambda_psi_hidden_only/checkpoints/california_housing/aptx_relu_field/california_housing__aptx_relu_field__seed1__lr0p001__cfg26b8762a12eb.pt,0.2779907145241434,,,0.27799071204448556,0.5272482451791429,52724.82451791429,0.3628905339296474,36289.053392964735,0.8039295607780262,0.282530077206072,,,0.2825300759267297,0.5315355829356391,53153.55829356391,0.3627498924566159,36274.989245661585,0.7813877197366078,0.6614603400230408,0.5447021722793579,0.6296265125274658,0.5637933015823364,0.6385321617126465,0.5604607462882996,,
california_housing__aptx_relu_field__seed2__lr0p001__cfg26b8762a12eb,26b8762a12eb,96b354dd2d4cd04c,2.12.1+cu130,0.27.1+cu130,1.9.0,2.5.2,0,4,2026-09-01T20:01:44.900896+00:00,ok,,california_housing,regression,aptx_relu_field,APTx Neuron + ReLU + Lambda-Psi,aptx,1,before_field,0,1,1,0.5,0.5,2,2026,0.001,0.0001,0.0,200,101,81,20,0.0001,128,128,64,32,34119,34119,201.8866384574212,cuda,./results/lambda_psi_hidden_only/checkpoints/california_housing/aptx_relu_field/california_housing__aptx_relu_field__seed2__lr0p001__cfg26b8762a12eb.pt,0.29828256368637085,,,0.29828256635913303,0.5461525119956265,54615.251199562656,0.3805022547815659,38050.22547815659,0.7896174538776182,0.292816418547963,,,0.2928164214760403,0.5411251440064861,54112.514400648615,0.3732724818328843,37327.24818328843,0.7734284911527626,0.6218653321266174,0.5349147319793701,0.6812732815742493,0.5892115831375122,0.6826845407485962,0.5890299677848816,,
california_housing__aptx_relu_field__seed3__lr0p001__cfg26b8762a12eb,26b8762a12eb,96b354dd2d4cd04c,2.12.1+cu130,0.27.1+cu130,1.9.0,2.5.2,0,4,2026-09-01T20:05:40.921334+00:00,ok,,california_housing,regression,aptx_relu_field,APTx Neuron + ReLU + Lambda-Psi,aptx,1,before_field,0,1,1,0.5,0.5,3,2026,0.001,0.0001,0.0,200,117,97,20,0.0001,128,128,64,32,34119,34119,235.07073139306158,cuda,./results/lambda_psi_hidden_only/checkpoints/california_housing/aptx_relu_field/california_housing__aptx_relu_field__seed3__lr0p001__cfg26b8762a12eb.pt,0.28799883039422736,,,0.28799883217860817,0.5366552265455058,53665.52265455058,0.3638772923326076,36387.72923326076,0.7968707044009481,0.29226362890051316,,,0.2922636279810176,0.5406141211446641,54061.41211446641,0.3689532065547483,36895.320655474825,0.7738562241863708,0.597247302532196,0.505524218082428,0.6238307952880859,0.5401990413665771,0.5931820869445801,0.5942068696022034,,
california_housing__aptx_relu_field__seed4__lr0p001__cfg26b8762a12eb,26b8762a12eb,96b354dd2d4cd04c,2.12.1+cu130,0.27.1+cu130,1.9.0,2.5.2,0,4,2026-09-01T20:09:02.583636+00:00,ok,,california_housing,regression,aptx_relu_field,APTx Neuron + ReLU + Lambda-Psi,aptx,1,before_field,0,1,1,0.5,0.5,4,2026,0.001,0.0001,0.0,200,95,75,20,0.0001,128,128,64,32,34119,34119,200.75641042226925,cuda,./results/lambda_psi_hidden_only/checkpoints/california_housing/aptx_relu_field/california_housing__aptx_relu_field__seed4__lr0p001__cfg26b8762a12eb.pt,0.2753922925438992,,,0.27539229817454947,0.5247783324171735,52477.83324171735,0.3579718732643266,35797.187326432664,0.8057622556368289,0.28082482204880826,,,0.2808248204760958,0.5299290711747147,52992.90711747146,0.3589571020963003,35895.71020963003,0.7827071891108748,0.5386212468147278,0.47686752676963806,0.5582089424133301,0.5250229239463806,0.5574496984481812,0.524679958820343,,
california_housing__aptx_relu_field__seed0__lr0p002__cfg26b8762a12eb,26b8762a12eb,96b354dd2d4cd04c,2.12.1+cu130,0.27.1+cu130,1.9.0,2.5.2,0,4,2026-09-01T20:12:50.728209+00:00,ok,,california_housing,regression,aptx_relu_field,APTx Neuron + ReLU + Lambda-Psi,aptx,1,before_field,0,1,1,0.5,0.5,0,2026,0.002,0.0001,0.0,200,110,90,20,0.0001,128,128,64,32,34119,34119,227.13323755003512,cuda,./results/lambda_psi_hidden_only/checkpoints/california_housing/aptx_relu_field/california_housing__aptx_relu_field__seed0__lr0p002__cfg26b8762a12eb.pt,0.2623395416163659,,,0.2623395431388399,0.5121909244987067,51219.09244987067,0.3464592842370734,34645.92842370734,0.8149685323289036,0.27140744596488714,,,0.2714074461667673,0.5209677976293423,52096.77976293423,0.3458462669080946,34584.62669080946,0.7899940369450505,0.6256867051124573,0.4522133469581604,0.6775393486022949,0.557813823223114,0.6846088171005249,0.5896866321563721,,
california_housing__aptx_relu_field__seed1__lr0p002__cfg26b8762a12eb,26b8762a12eb,96b354dd2d4cd04c,2.12.1+cu130,0.27.1+cu130,1.9.0,2.5.2,0,4,2026-09-01T20:16:41.197424+00:00,ok,,california_housing,regression,aptx_relu_field,APTx Neuron + ReLU + Lambda-Psi,aptx,1,before_field,0,1,1,0.5,0.5,1,2026,0.002,0.0001,0.0,200,116,96,20,0.0001,128,128,64,32,34119,34119,229.44063846673816,cuda,./results/lambda_psi_hidden_only/checkpoints/california_housing/aptx_relu_field/california_housing__aptx_relu_field__seed1__lr0p002__cfg26b8762a12eb.pt,0.26500214902005453,,,0.26500214772287833,0.5147835930979914,51478.35930979914,0.3585261879633217,35852.61879633217,0.8130905629304753,0.2737387455711069,,,0.2737387449145499,0.5232004825251502,52320.048252515015,0.35972098194337054,35972.09819433706,0.7881901563013483,0.6614882349967957,0.47758033871650696,0.699164867401123,0.5908151865005493,0.6831899285316467,0.5660651922225952,,
california_housing__aptx_relu_field__seed2__lr0p002__cfg26b8762a12eb,26b8762a12eb,96b354dd2d4cd04c,2.12.1+cu130,0.27.1+cu130,1.9.0,2.5.2,0,4,2026-09-01T20:20:12.818804+00:00,ok,,california_housing,regression,aptx_relu_field,APTx Neuron + ReLU + Lambda-Psi,aptx,1,before_field,0,1,1,0.5,0.5,2,2026,0.002,0.0001,0.0,200,108,88,20,0.0001,128,128,64,32,34119,34119,210.6424806630239,cuda,./results/lambda_psi_hidden_only/checkpoints/california_housing/aptx_relu_field/california_housing__aptx_relu_field__seed2__lr0p002__cfg26b8762a12eb.pt,0.27233090188152104,,,0.27233090262590587,0.5218533344014445,52185.33344014445,0.3559278007235753,35592.780072357535,0.8079214974526443,0.26835432394530423,,,0.26835432385224545,0.5180292693007273,51802.92693007273,0.3501849563561322,35018.495635613224,0.792356440412757,0.6256284713745117,0.47390589118003845,0.7951662540435791,0.5960074663162231,0.7433860898017883,0.6129311323165894,,
california_housing__aptx_relu_field__seed3__lr0p002__cfg26b8762a12eb,26b8762a12eb,96b354dd2d4cd04c,2.12.1+cu130,0.27.1+cu130,1.9.0,2.5.2,0,4,2026-09-01T20:22:58.798848+00:00,ok,,california_housing,regression,aptx_relu_field,APTx Neuron + ReLU + Lambda-Psi,aptx,1,before_field,0,1,1,0.5,0.5,3,2026,0.002,0.0001,0.0,200,84,64,20,0.0001,128,128,64,32,34119,34119,165.0369179584086,cuda,./results/lambda_psi_hidden_only/checkpoints/california_housing/aptx_relu_field/california_housing__aptx_relu_field__seed3__lr0p002__cfg26b8762a12eb.pt,0.27737921638082164,,,0.2773792152854038,0.5266680313873283,52666.80313873283,0.3540646804770989,35406.46804770989,0.8043608573391745,0.2807128669679627,,,0.2807128668262208,0.5298234298577412,52982.34298577412,0.35646923988797635,35646.92398879764,0.7827938150837123,0.6046610474586487,0.4637674391269684,0.6750326156616211,0.5745151042938232,0.6157131791114807,0.6268933415412903,,
california_housing__aptx_relu_field__seed4__lr0p002__cfg26b8762a12eb,26b8762a12eb,96b354dd2d4cd04c,2.12.1+cu130,0.27.1+cu130,1.9.0,2.5.2,0,4,2026-09-01T20:26:56.794078+00:00,ok,,california_housing,regression,aptx_relu_field,APTx Neuron + ReLU + Lambda-Psi,aptx,1,before_field,0,1,1,0.5,0.5,4,2026,0.002,0.0001,0.0,200,121,101,20,0.0001,128,128,64,32,34119,34119,236.99526793602854,cuda,./results/lambda_psi_hidden_only/checkpoints/california_housing/aptx_relu_field/california_housing__aptx_relu_field__seed4__lr0p002__cfg26b8762a12eb.pt,0.2684223642644956,,,0.2684223635010613,0.5180949367645483,51809.49367645483,0.3507835831088844,35078.35831088844,0.8106782405729034,0.2687559529792431,,,0.2687559519836878,0.5184167744042314,51841.67744042314,0.3467049764093849,34670.49764093849,0.7920456740586104,0.5241845846176147,0.380573570728302,0.5956214666366577,0.49814966320991516,0.5503061413764954,0.526970624923706,,
california_housing__aptx_relu_field__seed0__lr0p003__cfg26b8762a12eb,26b8762a12eb,96b354dd2d4cd04c,2.12.1+cu130,0.27.1+cu130,1.9.0,2.5.2,0,4,2026-09-01T20:29:39.816525+00:00,ok,,california_housing,regression,aptx_relu_field,APTx Neuron + ReLU + Lambda-Psi,aptx,1,before_field,0,1,1,0.5,0.5,0,2026,0.003,0.0001,0.0,200,82,62,20,0.0001,128,128,64,32,34119,34119,162.016361489892,cuda,./results/lambda_psi_hidden_only/checkpoints/california_housing/aptx_relu_field/california_housing__aptx_relu_field__seed0__lr0p003__cfg26b8762a12eb.pt,0.2651798207630483,,,0.2651798208245666,0.5149561348547724,51495.613485477246,0.34588637175543824,34588.63717554382,0.8129652477973555,0.27021683094113375,,,0.270216830517258,0.5198238456604871,51982.38456604871,0.34923250918356025,34923.250918356025,0.7909152953321541,0.6584835648536682,0.45547425746917725,0.7194774150848389,0.5764272212982178,0.7179995179176331,0.5987861156463623,,
california_housing__aptx_relu_field__seed1__lr0p003__cfg26b8762a12eb,26b8762a12eb,96b354dd2d4cd04c,2.12.1+cu130,0.27.1+cu130,1.9.0,2.5.2,0,4,2026-09-01T20:32:14.903411+00:00,ok,,california_housing,regression,aptx_relu_field,APTx Neuron + ReLU + Lambda-Psi,aptx,1,before_field,0,1,1,0.5,0.5,1,2026,0.003,0.0001,0.0,200,77,57,20,0.0001,128,128,64,32,34119,34119,154.12821511598304,cuda,./results/lambda_psi_hidden_only/checkpoints/california_housing/aptx_relu_field/california_housing__aptx_relu_field__seed1__lr0p003__cfg26b8762a12eb.pt,0.26481440270593926,,,0.26481440116112653,0.5146012059460476,51460.12059460476,0.3486323915855136,34863.23915855136,0.8132229830050683,0.2726578772530075,,,0.2726578756442894,0.522166520991426,52216.6520991426,0.35074581954873696,35074.5819548737,0.7890264966274648,0.7002172470092773,0.48311200737953186,0.7376453876495361,0.5963227152824402,0.746787965297699,0.6418061852455139,,
california_housing__aptx_relu_field__seed2__lr0p003__cfg26b8762a12eb,26b8762a12eb,96b354dd2d4cd04c,2.12.1+cu130,0.27.1+cu130,1.9.0,2.5.2,0,4,2026-09-01T20:35:04.974859+00:00,ok,,california_housing,regression,aptx_relu_field,APTx Neuron + ReLU + Lambda-Psi,aptx,1,before_field,0,1,1,0.5,0.5,2,2026,0.003,0.0001,0.0,200,86,66,20,0.0001,128,128,64,32,34119,34119,169.19452841719612,cuda,./results/lambda_psi_hidden_only/checkpoints/california_housing/aptx_relu_field/california_housing__aptx_relu_field__seed2__lr0p003__cfg26b8762a12eb.pt,0.2696601166281589,,,0.26966011893110137,0.5192880885704017,51928.80885704017,0.3528540239835432,35285.40239835432,0.8098052356835224,0.26643460781075234,,,0.2664346070019347,0.5161730397860147,51617.30397860147,0.34904278251667353,34904.278251667354,0.793841852812587,0.6844542622566223,0.4763551354408264,0.8173004984855652,0.6025572419166565,0.7720388174057007,0.6124774813652039,,
california_housing__aptx_relu_field__seed3__lr0p003__cfg26b8762a12eb,26b8762a12eb,96b354dd2d4cd04c,2.12.1+cu130,0.27.1+cu130,1.9.0,2.5.2,0,4,2026-09-01T20:37:37.846107+00:00,ok,,california_housing,regression,aptx_relu_field,APTx Neuron + ReLU + Lambda-Psi,aptx,1,before_field,0,1,1,0.5,0.5,3,2026,0.003,0.0001,0.0,200,76,56,20,0.0001,128,128,64,32,34119,34119,151.91855805180967,cuda,./results/lambda_psi_hidden_only/checkpoints/california_housing/aptx_relu_field/california_housing__aptx_relu_field__seed3__lr0p003__cfg26b8762a12eb.pt,0.2682393646055414,,,0.2682393623367398,0.5179182969704197,51791.82969704197,0.34970515234352545,34970.51523435255,0.8108073136574059,0.27062412172324896,,,0.27062412331830066,0.5202154585537618,52021.545855376186,0.3504513637523723,35045.13637523723,0.7906001458469931,0.6015918850898743,0.43819254636764526,0.6999243497848511,0.5903818607330322,0.6427599787712097,0.6455317139625549,,
california_housing__aptx_relu_field__seed4__lr0p003__cfg26b8762a12eb,26b8762a12eb,96b354dd2d4cd04c,2.12.1+cu130,0.27.1+cu130,1.9.0,2.5.2,0,4,2026-09-01T20:39:58.267291+00:00,ok,,california_housing,regression,aptx_relu_field,APTx Neuron + ReLU + Lambda-Psi,aptx,1,before_field,0,1,1,0.5,0.5,4,2026,0.003,0.0001,0.0,200,72,52,20,0.0001,128,128,64,32,34119,34119,139.4998746193014,cuda,./results/lambda_psi_hidden_only/checkpoints/california_housing/aptx_relu_field/california_housing__aptx_relu_field__seed4__lr0p003__cfg26b8762a12eb.pt,0.2685237397519193,,,0.2685237390767841,0.518192762470477,51819.276247047696,0.34595909821548204,34595.9098215482,0.8106067390701654,0.2721277602421221,,,0.27212776176934167,0.5216586640412882,52165.86640412882,0.34948342001830884,34948.34200183088,0.7894366809330523,0.5419246554374695,0.3925096094608307,0.6324113011360168,0.5437819957733154,0.615884006023407,0.5215353965759277,,
