dataset,task_type,variant,variant_label,config_hash,field_on_output,is_alpha_trainable,use_delta_or_bias,lambda_init,psi_init,epochs_requested,batch_size,hidden_1,hidden_2,hidden_3,weight_decay,label_smoothing,lr_initial,n_runs,n_unique_seeds,expected_seeds,complete_seed_set,best_val_loss_mean,best_val_loss_std,best_val_accuracy_pct_mean,best_val_accuracy_pct_std,best_val_top5_accuracy_pct_mean,best_val_top5_accuracy_pct_std,best_val_mse_mean,best_val_mse_std,best_val_rmse_mean,best_val_rmse_std,best_val_rmse_usd_mean,best_val_rmse_usd_std,best_val_mae_mean,best_val_mae_std,best_val_mae_usd_mean,best_val_mae_usd_std,best_val_r2_mean,best_val_r2_std,test_loss_mean,test_loss_std,test_accuracy_pct_mean,test_accuracy_pct_std,test_top5_accuracy_pct_mean,test_top5_accuracy_pct_std,test_mse_mean,test_mse_std,test_rmse_mean,test_rmse_std,test_rmse_usd_mean,test_rmse_usd_std,test_mae_mean,test_mae_std,test_mae_usd_mean,test_mae_usd_std,test_r2_mean,test_r2_std,field1_lambda_mean,field1_lambda_std,field1_psi_mean,field1_psi_std,field2_lambda_mean,field2_lambda_std,field2_psi_mean,field2_psi_std,field3_lambda_mean,field3_lambda_std,field3_psi_mean,field3_psi_std,output_lambda_mean,output_lambda_std,output_psi_mean,output_psi_std,train_seconds_mean,train_seconds_std
california_housing,regression,aptx_field,APTx Neuron + Lambda-Psi,66b8428c8eb2,0,1,1,0.5,0.5,200,128,128,64,32,0.0001,0.0,0.0003,5,5,5,1,0.3221008584942929,0.009510982648163217,,,,,0.3221008586810888,0.009510983193713752,0.5674898452748811,0.008376618573464995,56748.98452748811,837.6618573464972,0.3930173576224682,0.005295062416172773,39301.73576224682,529.5062416172763,0.772818104709665,0.006708219272900914,0.38848439912463345,0.08699318311269835,,,,,0.3884844033096952,0.08699318642531846,0.6202527073524486,0.06865659410840456,62025.27073524485,6865.65941084046,0.39580719511768264,0.009897691680694586,39580.71951176827,989.7691680694587,0.699403821077369,0.06731240484552606,0.6291203141212464,0.01601716866553836,0.629289734363556,0.012272119925824042,0.6305817723274231,0.0189466593159531,0.633410370349884,0.022906215131287044,0.6543389558792114,0.009362227151738732,0.6241364359855652,0.02623304893975739,,,,,345.1683765904978,23.839304770597344
california_housing,regression,aptx_field,APTx Neuron + Lambda-Psi,66b8428c8eb2,0,1,1,0.5,0.5,200,128,128,64,32,0.0001,0.0,0.0005,5,5,5,1,0.3009348853845005,0.0026486161068445453,,,,,0.3009348827557163,0.0026486167059645935,0.5485710713974938,0.0024141203165027473,54857.10713974938,241.41203165027554,0.37767099530919807,0.0025815352809533502,37767.09953091981,258.1535280953347,0.7877467408706653,0.0018681035673812003,0.3670506607654483,0.09557675263733506,,,,,0.3670506655174113,0.09557676426582011,0.602026148826911,0.07595378237824467,60202.61488269109,7595.378237824469,0.38046873198432285,0.008515981069699861,38046.87319843228,851.5981069699865,0.7159885272470371,0.07395408898614489,0.6355336666107178,0.017228809374276916,0.6281469345092774,0.012655215922661306,0.6416886448860168,0.01890392990477732,0.6409549713134766,0.027456552800368017,0.6817500829696655,0.020993191235393883,0.635330057144165,0.028029599560032304,,,,,291.7753140528686,50.9949605363914
california_housing,regression,aptx_field,APTx Neuron + Lambda-Psi,66b8428c8eb2,0,1,1,0.5,0.5,200,128,128,64,32,0.0001,0.0,0.001,5,5,5,1,0.2781159676553667,0.0016443084525857325,,,,,0.27811596797694993,0.0016443093236496807,0.5273651692813516,0.0015597298649751097,52736.51692813516,155.9729864975106,0.3624164244564351,0.0031551355447875756,36241.64244564351,315.5135544787565,0.8038412161512838,0.001159752600846581,0.29372309899145316,0.005499068693339661,,,,,0.2937230991893243,0.005499067818235285,0.5419432619657278,0.005074445692719357,54194.32619657279,507.444569271936,0.3657985621832253,0.0037253631464923185,36579.85621832254,372.53631464923325,0.77272693440092,0.004254993919228718,0.6582077383995056,0.01994191616621042,0.632987916469574,0.01967553534378837,0.6750623106956481,0.02254106492424485,0.6549970984458924,0.02995021505654059,0.7299718976020813,0.03031056092267634,0.6669990539550781,0.02628875714630671,,,,,200.72388789094984,48.41414463554326
california_housing,regression,aptx_field,APTx Neuron + Lambda-Psi,66b8428c8eb2,0,1,1,0.5,0.5,200,128,128,64,32,0.0001,0.0,0.002,5,5,5,1,0.26492547674696576,0.006271683312856932,,,,,0.2649254754461519,0.006271681240580102,0.514680301067615,0.006089246577074452,51468.0301067615,608.924657707444,0.3479277382438728,0.005895279231370689,34792.77382438728,589.5279231370677,0.8131446408774086,0.004423497772486639,0.27009572275849275,0.0051484549398041046,,,,,0.2700957221213289,0.0051484568315473605,0.519688668641302,0.004925673451404247,51968.86686413021,492.5673451404263,0.34900030647151803,0.006611501640189226,34900.030647151805,661.1501640189218,0.7910090049399057,0.00398370291761113,0.6931477785110474,0.02903510235014003,0.6025318145751953,0.03868670805420479,0.7423542499542236,0.037420245766343396,0.6587027788162232,0.016301739435459206,0.7933392763137818,0.03824200338841442,0.6953552961349487,0.022607913841562438,,,,,215.96258212327956,63.00193384565455
california_housing,regression,aptx_field,APTx Neuron + Lambda-Psi,66b8428c8eb2,0,1,1,0.5,0.5,200,128,128,64,32,0.0001,0.0,0.003,5,5,5,1,0.2532553989757863,0.007838492217122166,,,,,0.25325539917169443,0.007838492803848324,0.5031969140363453,0.007767309379166787,50319.691403634526,776.73093791668,0.3372021431955256,0.007863468958996816,33720.214319552564,786.3468958996835,0.8213756963830352,0.005528590202117539,0.2610188309536424,0.009805544049416031,,,,,0.26101883017518646,0.009805543861280354,0.5108289807109031,0.009525140487556639,51082.89807109032,952.5140487556656,0.3392119963566751,0.007384956499809941,33921.19963566751,738.4956499809931,0.7980323989610265,0.00758720039169608,0.7346406579017639,0.024117339406504047,0.5771121978759766,0.05385382724929728,0.7988163590431213,0.05715263389875873,0.6690965414047241,0.03240413397459397,0.8400005459785461,0.03114831952415032,0.708726954460144,0.022389304341747174,,,,,212.4894149463624,27.642883066881875
california_housing,regression,aptx_field_relu,APTx Neuron + Lambda-Psi + ReLU,cdd33e2efe00,0,1,1,0.5,0.5,200,128,128,64,32,0.0001,0.0,0.0003,5,5,5,1,0.31331422573836276,0.007782518257007112,,,,,0.31331422640085593,0.007782517092064799,0.559710344650508,0.006942306178923397,55971.03446505079,694.2306178923393,0.3860681837828931,0.004464704311871999,38606.81837828931,446.4704311871989,0.779015429928903,0.005489109809717255,0.33107403867928553,0.034532599080658435,,,,,0.3310740388389213,0.03453260010912774,0.5747960832291155,0.02922972680741754,57479.60832291155,2922.9726807417533,0.38668319177055777,0.0035009080809034836,38668.319177055775,350.09080809034657,0.743826032222646,0.026720165732861907,0.5501561999320984,0.019767370305507213,0.5434543013572692,0.009521025238075673,0.5528062582015991,0.014551772262956241,0.5435349702835083,0.013137908351715072,0.5572844862937927,0.017995343036248286,0.5419832229614258,0.013635917975816059,,,,,285.37110501183196,57.207402925384976
california_housing,regression,aptx_field_relu,APTx Neuron + Lambda-Psi + ReLU,cdd33e2efe00,0,1,1,0.5,0.5,200,128,128,64,32,0.0001,0.0,0.0005,5,5,5,1,0.2993719317654307,0.005510006802661205,,,,,0.29937193371511317,0.0055100074822525885,0.5471303230925898,0.005042725913557724,54713.03230925898,504.2725913557715,0.3768781581734733,0.006348379360120468,37687.815817347335,634.8379360120462,0.7888491090131792,0.003886279434360185,0.31939936742302055,0.019225705159775213,,,,,0.31939936804274816,0.019225708701498312,0.5649539371532781,0.016823233107745653,56495.39371532782,1682.323310774564,0.37980687091733484,0.003450325398528568,37980.68709173348,345.0325398528584,0.7528595002373495,0.014876207444917345,0.554588007926941,0.022941653702598437,0.5473614692687988,0.015455521615682257,0.5596502780914306,0.016917308893746038,0.548561179637909,0.01604303914603672,0.5613445281982422,0.021899765387030378,0.5452893853187561,0.015246379351743302,,,,,189.71467933170499,28.399406077007562
california_housing,regression,aptx_field_relu,APTx Neuron + Lambda-Psi + ReLU,cdd33e2efe00,0,1,1,0.5,0.5,200,128,128,64,32,0.0001,0.0,0.001,5,5,5,1,0.28968858534051467,0.002558092482696371,,,,,0.2896885827102616,0.002558091746718803,0.5382230616084842,0.002376621302263716,53822.30616084841,237.66213022637118,0.36631399328683234,0.003363839613813775,36631.399328683234,336.38396138137927,0.7956789015292614,0.0018042551445711364,0.2959645255591518,0.011149041478263271,,,,,0.2959645262229961,0.01114904043416356,0.5439484671383746,0.010282954391169963,54394.84671383747,1028.2954391169962,0.36755316901966467,0.00518066819831477,36755.316901966464,518.0668198314779,0.7709925934700731,0.00862675290078975,0.5530640721321106,0.023225454751137114,0.5500813722610474,0.012393214597062992,0.5628675580024719,0.019298169907318866,0.5444095134735107,0.01415576091873471,0.569021737575531,0.020955124061229916,0.5475051522254943,0.01567661008059917,,,,,163.98643980799244,34.81866427286807
california_housing,regression,aptx_field_relu,APTx Neuron + Lambda-Psi + ReLU,cdd33e2efe00,0,1,1,0.5,0.5,200,128,128,64,32,0.0001,0.0,0.002,5,5,5,1,0.2803632847560468,0.007599395994534379,,,,,0.28036328792669085,0.007599394750301013,0.5294545361789932,0.007174786249259495,52945.453617899315,717.4786249259491,0.35771496640734896,0.0059651385307198795,35771.49664073489,596.5138530719884,0.8022561523684784,0.005359951257199725,0.27914330266242804,0.004047720998921454,,,,,0.2791433023790547,0.004047721373219816,0.5283290443804394,0.0038280613739966884,52832.90443804393,382.8061373996701,0.35734266538981546,0.007341350321149646,35734.266538981545,734.1350321149636,0.784008291318463,0.0031319908026356037,0.5669579386711121,0.03404317883874371,0.5532179117202759,0.018239758546963,0.5875957846641541,0.02067828388393215,0.549803900718689,0.014682872016384248,0.5859998106956482,0.025337473690140444,0.5501531958580017,0.018416158417337083,,,,,145.2422127036378,32.28820740638349
california_housing,regression,aptx_field_relu,APTx Neuron + Lambda-Psi + ReLU,cdd33e2efe00,0,1,1,0.5,0.5,200,128,128,64,32,0.0001,0.0,0.003,5,5,5,1,0.27791343363680576,0.008760080744415795,,,,,0.27791343575724897,0.008760081425661462,0.5271219949186653,0.008354507033300493,52712.19949186654,835.4507033300503,0.358484110672229,0.006498290214563574,35848.4110672229,649.8290214563559,0.8039840647413726,0.00617859855862681,0.2804157006186109,0.005722307726367996,,,,,0.28041570083677153,0.0057223100085114385,0.5295208692697843,0.0054025277120412964,52952.08692697843,540.25277120413,0.3563034820363157,0.005121043898488726,35630.34820363157,512.1043898488742,0.7830237521421197,0.00442773122553907,0.5825252056121826,0.024942605136953257,0.5706778407096863,0.01899048966977937,0.598694097995758,0.015329357455426807,0.5627609133720398,0.01412473026477697,0.5996634483337402,0.023425446201338768,0.5472927927970886,0.020218411633017283,,,,,101.59487581467256,23.186881133267022
california_housing,regression,aptx_relu_field,APTx Neuron + ReLU + Lambda-Psi,26b8762a12eb,0,1,1,0.5,0.5,200,128,128,64,32,0.0001,0.0,0.0003,5,5,5,1,0.3174604010212329,0.015484550845504439,,,,,0.3174604000413994,0.015484551745640868,0.5633013954210364,0.013781235345235166,56330.13954210364,1378.1235345235166,0.39499528440827314,0.01188676176037024,39499.528440827315,1188.6761760370227,0.776091080115871,0.010921454316205146,0.32658206367677495,0.01324907303657196,,,,,0.3265820658973836,0.013249072700505507,0.5713788328441239,0.011634822466970307,57137.8832844124,1163.4822466970304,0.39550023640455434,0.008508201688055043,39550.02364045543,850.8201688055038,0.7473017699628137,0.010251687311279789,0.5690213680267334,0.0311790100371407,0.5481315851211548,0.021979042177144505,0.5653002977371215,0.026084122075390338,0.5549285888671875,0.025263178701451783,0.5718810796737671,0.039672536918030805,0.5518061518669128,0.019514294499280285,,,,,319.84649892514574,47.681347173154016
california_housing,regression,aptx_relu_field,APTx Neuron + ReLU + Lambda-Psi,26b8762a12eb,0,1,1,0.5,0.5,200,128,128,64,32,0.0001,0.0,0.0005,5,5,5,1,0.29677617852539984,0.011819278013181705,,,,,0.29677618010776513,0.011819278685778818,0.5446844711452933,0.010897648882750362,54468.44711452932,1089.764888275035,0.3787332085647093,0.010854441130702424,37873.32085647093,1085.4441130702432,0.7906799275544236,0.008336289893155605,0.3021934987500656,0.00845325438924358,,,,,0.3021934993273332,0.008453253947451273,0.5496777361498358,0.007736739342632287,54967.773614983584,773.673934263229,0.3799399897203485,0.009839963553509103,37993.99897203485,983.9963553509093,0.7661728233639283,0.00654084389081852,0.5752968668937684,0.03864277148818251,0.536371773481369,0.028566061224528868,0.5798686504364013,0.03431141974192236,0.5560923218727112,0.028056268471337503,0.5873812437057495,0.043502060925845104,0.5565802216529846,0.02375498536616538,,,,,318.59357697702944,28.732290943314556
california_housing,regression,aptx_relu_field,APTx Neuron + ReLU + Lambda-Psi,26b8762a12eb,0,1,1,0.5,0.5,200,128,128,64,32,0.0001,0.0,0.001,5,5,5,1,0.28370336113974104,0.009437215895144986,,,,,0.28370336248065525,0.009437216382135903,0.5325798176689787,0.008810525830841819,53257.98176689786,881.052583084183,0.3651530526000862,0.008879026240335711,36515.30526000862,887.9026240335719,0.7999003546513045,0.006656190588058513,0.28692409382310025,0.00548370566867487,,,,,0.2869240939177575,0.005483706880667336,0.5356334048556025,0.005117313815821864,53563.34048556026,511.7313815821863,0.3655921510586789,0.0055864305630041544,36559.215105867894,558.6430563004143,0.7779877762460392,0.004243108141837707,0.6107842445373535,0.04651574945956167,0.5156875669956207,0.026562992940896372,0.6238117575645447,0.04371696576878383,0.5532426118850708,0.024490810687063425,0.6205324292182922,0.04748697492889945,0.5710552930831909,0.029038857941301368,,,,,251.8947083887644,55.60816390488675
california_housing,regression,aptx_relu_field,APTx Neuron + ReLU + Lambda-Psi,26b8762a12eb,0,1,1,0.5,0.5,200,128,128,64,32,0.0001,0.0,0.002,5,5,5,1,0.2690948346326517,0.005956915893398682,,,,,0.26909483445481786,0.005956915426361124,0.5187181640300038,0.005733755331355384,51871.81640300038,573.375533135537,0.35315230730199076,0.004685664146006035,35315.23073019907,468.56641460060524,0.8102039381248203,0.004201489378781394,0.2725938670857008,0.005033383842860043,,,,,0.27259386674869424,0.005033383945841838,0.5220875507434385,0.0048031379602066805,52208.75507434385,480.31379602066784,0.35178528430099176,0.006094203032592866,35178.52843009918,609.4203032592875,0.7890760245602957,0.0038946633848886258,0.6083298087120056,0.051284018989038005,0.44960811734199524,0.03983048211806797,0.6885049104690552,0.07144815831691267,0.563460248708725,0.039456236916847826,0.6554408311843872,0.07413963457473473,0.5845093846321106,0.03962920810168804,,,,,213.84970851484687,28.931907099745175
california_housing,regression,aptx_relu_field,APTx Neuron + ReLU + Lambda-Psi,26b8762a12eb,0,1,1,0.5,0.5,200,128,128,64,32,0.0001,0.0,0.003,5,5,5,1,0.2672834888909214,0.0021576657620280167,,,,,0.26728348846606365,0.0021576664748439857,0.5169912977624237,0.002087613466576256,51699.12977624237,208.76134665762524,0.3486074075767005,0.0029007325408404736,34860.74075767005,290.0732540840493,0.8114815038427036,0.001521830029161183,0.2704122395940529,0.0024438971321998158,,,,,0.2704122396502249,0.00244389740280791,0.5200075058065956,0.0023541333406178256,52000.75058065956,235.41333406178134,0.34979117900393036,0.0007606095147027635,34979.11790039304,76.06095147027652,0.7907640943104502,0.0018910056998539635,0.6373343229293823,0.06519656388691251,0.4491287112236023,0.036268894857068475,0.7213517904281617,0.0667920186460808,0.5818942070007325,0.02339664348985864,0.6990940570831299,0.06717608273276512,0.6040273785591126,0.05013394622857375,,,,,155.35150753883644,11.187105948094638
california_housing,regression,traditional_field,Traditional neuron + Lambda-Psi,8d6127bb084a,0,1,1,0.5,0.5,200,128,128,64,32,0.0001,0.0,0.0003,5,5,5,1,0.5236104194508042,0.0012901637419892654,,,,,0.5236104204469422,0.0012901605620506665,0.7236088622678813,0.0008908523478652678,72360.88622678813,89.08523478652846,0.5300629116277131,0.0013027445593977846,53006.29116277131,130.2744559397789,0.6306908084691499,0.0009099669057564176,0.5205605350723562,0.0013122559315302375,,,,,0.5205605368287691,0.0013122551894708945,0.7214983550179708,0.0009086632568605143,72149.83550179706,90.86632568605506,0.5266341305207894,0.0013289058743069088,52663.41305207894,132.89058743069108,0.597207746474448,0.0010153789762620026,0.5236573338508606,0.005278687904074331,0.4880754709243774,0.001665434169941798,0.5056969285011291,0.0016529375702064293,0.4847308337688446,0.0013484956883025613,0.4581406354904175,0.0032678106505985177,0.47218143939971924,0.0016317007529062775,,,,,272.8405913290568,43.26816382455891
california_housing,regression,traditional_field,Traditional neuron + Lambda-Psi,8d6127bb084a,0,1,1,0.5,0.5,200,128,128,64,32,0.0001,0.0,0.0005,5,5,5,1,0.5172296891840853,0.005040631278390028,,,,,0.5172296870352248,0.005040629674582844,0.7191800173116587,0.003498166453137883,71918.00173116587,349.81664531379005,0.5249649109434366,0.002526832454517275,52496.491094343655,252.68324545172607,0.635191222146257,0.003555221204989802,0.5160779715508454,0.00776069347430667,,,,,0.5160779705159442,0.007760692989797911,0.7183695471557489,0.005381012356940883,71836.95471557489,538.1012356940905,0.522326569775365,0.0028959800062953144,52232.65697753649,289.59800062953315,0.6006762056813633,0.006004963490555369,0.5502880096435547,0.026393992168183538,0.49277637600898744,0.004749100762705261,0.5251739978790283,0.018557710920773834,0.4785516381263733,0.0059725222185779,0.45718584656715394,0.012360388054003545,0.47057846188545227,0.007540103667887466,,,,,281.22110342299567,133.11006379682718
california_housing,regression,traditional_field,Traditional neuron + Lambda-Psi,8d6127bb084a,0,1,1,0.5,0.5,200,128,128,64,32,0.0001,0.0,0.001,5,5,5,1,0.4230590542619542,0.06054068499350401,,,,,0.4230590560667132,0.06054068466549453,0.6491833568073696,0.04500035154069043,64918.335680736964,4500.035154069042,0.4624301135742156,0.03679539901143565,46243.011357421565,3679.5399011435657,0.7016109843031012,0.04270012672676271,0.4690189860587896,0.04731858571303777,,,,,0.46901898615316046,0.047318586480890004,0.6841547481625435,0.034483088605270884,68415.47481625434,3448.308860527087,0.46412594449136024,0.03501844752478687,46412.59444913603,3501.8447524786866,0.6370888666863298,0.03661353240180552,0.5942530870437622,0.060092160090099586,0.45188294649124144,0.03848256456678888,0.6551590502262116,0.08974045082888289,0.43688502311706545,0.034973488644038535,0.4899914264678955,0.049342594530796896,0.45915507674217226,0.017267636391949334,,,,,308.1898493603803,147.90249753939938
california_housing,regression,traditional_field,Traditional neuron + Lambda-Psi,8d6127bb084a,0,1,1,0.5,0.5,200,128,128,64,32,0.0001,0.0,0.002,5,5,5,1,0.358748303134312,0.08950710169924574,,,,,0.3587483049785539,0.08950710344774972,0.5956809658258745,0.06993293154254306,59568.09658258746,6993.293154254306,0.41750824131909037,0.0573983169097558,41750.82413190904,5739.8316909755795,0.7469701875650167,0.06313051597090241,0.3686759111493133,0.09896182224028281,,,,,0.3686759141635401,0.0989618242382531,0.6033915616508196,0.07578371767838106,60339.156165081964,7578.371767838107,0.41765942479115586,0.057200329655014336,41765.94247911558,5720.032965501434,0.7147309644500153,0.07657333466105071,0.5735499143600464,0.05473416408704381,0.3552344352006912,0.10050165234589306,0.7870296359062194,0.15604193322247775,0.42451426982879636,0.06065515051970062,0.5899446368217468,0.09007517236762555,0.46596304774284364,0.024500671916222495,,,,,298.3241409005597,144.60371254434924
california_housing,regression,traditional_field,Traditional neuron + Lambda-Psi,8d6127bb084a,0,1,1,0.5,0.5,200,128,128,64,32,0.0001,0.0,0.003,5,5,5,1,0.2778190801309985,0.004578869492970837,,,,,0.2778190786773556,0.004578868074599175,0.5270711595285251,0.004340430654277711,52707.11595285251,434.04306542777306,0.3566677942554387,0.004238807438057764,35666.779425543864,423.880743805776,0.8040506160083641,0.0032295347852573674,0.2791067450545555,0.0062453943884754155,,,,,0.2791067450154622,0.00624539558961022,0.5282792802541403,0.005889298518250141,52827.92802541404,588.9298518250147,0.3534611536796356,0.005810638173070104,35346.11536796357,581.0638173070113,0.784036578178151,0.004832477273483961,0.5316939234733582,0.07822882801721544,0.13653847724199294,0.05188911669235005,0.9536794900894165,0.014020700404309685,0.38843445777893065,0.0597027493773036,0.7153644919395447,0.08706774155584672,0.47683862447738645,0.011586796615313207,,,,,357.82114007361236,18.29279631510865
california_housing,regression,traditional_field_relu,Traditional neuron + Lambda-Psi + ReLU,db7891f4d117,0,1,1,0.5,0.5,200,128,128,64,32,0.0001,0.0,0.0003,5,5,5,1,0.2929872732060824,0.006575630066505682,,,,,0.29298727411221565,0.006575630013444394,0.5412559920404331,0.006044128611954209,54125.59920404331,604.4128611954219,0.37114651162148443,0.0034541766450500986,37114.651162148446,345.4176645050089,0.7933522918836291,0.004637876767231396,0.3014739535575689,0.007164533248795481,,,,,0.3014739518286361,0.007164533407311477,0.5490357093686055,0.006494388611356729,54903.57093686054,649.438861135673,0.37339914028872123,0.004093603804828838,37339.914028872125,409.3603804828854,0.7667295850429532,0.005543675235488199,0.4342134118080139,0.010910355693443903,0.43014009594917296,0.007526574472222185,0.4457045018672943,0.004827977239193266,0.4608418166637421,0.005101789530634274,0.44966713190078733,0.0015120385297025722,0.44789087772369385,0.0012789100203300285,,,,,353.8849249023944,14.129573357089571
california_housing,regression,traditional_field_relu,Traditional neuron + Lambda-Psi + ReLU,db7891f4d117,0,1,1,0.5,0.5,200,128,128,64,32,0.0001,0.0,0.0005,5,5,5,1,0.2754130714392477,0.004350978899220106,,,,,0.2754130705129662,0.004350975620330439,0.5247851325094084,0.004128439482553608,52478.51325094084,412.84394825536157,0.35680723009818743,0.00157968975760671,35680.72300981874,157.96897576066954,0.8057476046382863,0.0030687992942216523,0.2836046728976937,0.002358861251794961,,,,,0.2836046716983483,0.0023588619466197846,0.5325417774692982,0.0022155552883961586,53254.177746929825,221.55552883961627,0.3585405072182879,0.002633160900635097,35854.05072182879,263.31609006350965,0.7805562336329624,0.0018252081208898585,0.4258770704269409,0.010500777274248451,0.4182687342166901,0.004842933842870968,0.4444830894470215,0.005066693673741501,0.4514961063861847,0.008205674124372554,0.4433766961097717,0.0019615842654128915,0.4384231209754944,0.001518237052507935,,,,,348.68098149690775,12.041225334863434
california_housing,regression,traditional_field_relu,Traditional neuron + Lambda-Psi + ReLU,db7891f4d117,0,1,1,0.5,0.5,200,128,128,64,32,0.0001,0.0,0.001,5,5,5,1,0.2681065092484156,0.005633196383604276,,,,,0.26810650958653315,0.0056331980405957115,0.5177672410591968,0.005430662077588431,51776.724105919675,543.0662077588443,0.34948439073943816,0.006906479921906626,34948.43907394381,690.6479921906617,0.8109010164178085,0.003973167326062404,0.2769199251666549,0.005703434483112498,,,,,0.2769199267936767,0.005703434748018319,0.5262095615686262,0.005411112112002708,52620.95615686262,541.1112112002688,0.35160563186013194,0.007689590891445022,35160.56318601319,768.9590891445031,0.7857286646451154,0.004413126183143387,0.4201720952987671,0.0073646291501944005,0.43659409284591677,0.013874452714482812,0.4556292831897736,0.007472952998155103,0.44307822585105894,0.008532631542764766,0.4521608531475067,0.005234600994459473,0.437961208820343,0.002548881696380716,,,,,286.4270471353084,55.50609842087742
california_housing,regression,traditional_field_relu,Traditional neuron + Lambda-Psi + ReLU,db7891f4d117,0,1,1,0.5,0.5,200,128,128,64,32,0.0001,0.0,0.002,5,5,5,1,0.253897543794425,0.003662832240246226,,,,,0.2538975451559543,0.0036628333199944826,0.5038720186847607,0.003628695099221912,50387.20186847607,362.8695099221931,0.33882560430802117,0.0020042210104485,33882.560430802114,200.42210104485008,0.8209227825275598,0.0025834436430137815,0.26334906225056615,0.004772665813710538,,,,,0.2633490611256536,0.004772666512209982,0.5131585230621737,0.004662528056496446,51315.85230621738,466.2528056496442,0.3403135584190834,0.0027564842004659685,34031.35584190834,275.6484200465955,0.796229344543011,0.003692928994368505,0.4034187436103821,0.020446294932701774,0.4764808535575867,0.008858185800440411,0.4730759859085083,0.01366396707455249,0.4264373779296875,0.010558887720597996,0.4761256456375122,0.007105673569490977,0.4419634699821472,0.0031181884906267346,,,,,272.8004358115606,6.782526591947302
california_housing,regression,traditional_field_relu,Traditional neuron + Lambda-Psi + ReLU,db7891f4d117,0,1,1,0.5,0.5,200,128,128,64,32,0.0001,0.0,0.003,5,5,5,1,0.25266980228498,0.005707616604031554,,,,,0.2526698017806514,0.005707616247127542,0.5026369940797488,0.005684844228960499,50263.69940797488,568.4844228960496,0.3345601368060177,0.0033412639363852867,33456.01368060177,334.1263936385272,0.8217887257854372,0.004025655448178029,0.25975925751434736,0.006100582284029862,,,,,0.2597592575120029,0.006100584232653157,0.5096376669054469,0.005990198575136418,50963.76669054469,599.0198575136413,0.3338460320953366,0.003663410629144975,33384.60320953366,366.341062914496,0.799007013968483,0.0047204271108646995,0.38770747780799864,0.03470325811066652,0.4940416932106018,0.014562481431447272,0.4938588201999664,0.030711522109444514,0.40695215463638307,0.015592450637947551,0.5035494685173034,0.007167028250809926,0.4440495610237122,0.006595377406108809,,,,,253.4403762809001,31.6791355937978
california_housing,regression,traditional_relu_field,Traditional neuron + ReLU + Lambda-Psi,8eab473db429,0,1,1,0.5,0.5,200,128,128,64,32,0.0001,0.0,0.0003,5,5,5,1,0.2953897863857506,0.0029614174027404413,,,,,0.29538978622491885,0.0029614170179631063,0.5434922865889246,0.002720441889904123,54349.22865889246,272.04418899041156,0.37806772753423035,0.0013506152012880365,37806.772753423036,135.06152012880466,0.7916577690641098,0.0020887256669875126,0.311037076813306,0.0019307092759730529,,,,,0.311037077673091,0.0019307072918762023,0.5577048348963001,0.0017301757070454127,55770.48348963,173.0175707045411,0.3820514067733126,0.0015811854432712597,38205.14067733126,158.11854432712596,0.759329959567879,0.0014939164342548594,0.4309868574142456,0.002210870365977214,0.38766579031944276,0.0034789815731753088,0.3179962277412415,0.004591932157518231,0.5072078227996826,0.005920908580281573,0.41702144145965575,0.004060591952906431,0.46427221298217775,0.005396127167293964,,,,,373.48497880967335,15.50509585712422
california_housing,regression,traditional_relu_field,Traditional neuron + ReLU + Lambda-Psi,8eab473db429,0,1,1,0.5,0.5,200,128,128,64,32,0.0001,0.0,0.0005,5,5,5,1,0.27805528492890585,0.0016592900951301964,,,,,0.27805528444559247,0.0016592914059272116,0.5273076020137197,0.001572141903992003,52730.76020137197,157.21419039919905,0.3646795175074376,0.0015657264444942022,36467.951750743756,156.57264444942007,0.8038840170296272,0.0011703196569579132,0.29587760498357374,0.0016789719483005013,,,,,0.2958776067035985,0.0016789731127919822,0.5439445772421563,0.001542559743684508,54394.45772421564,154.25597436845018,0.369645256466817,0.0017299477662603947,36964.52564668171,172.99477662604068,0.7710598488738476,0.0012991329842829183,0.41330952644348146,0.002426979427791703,0.37045449018478394,0.005871243514729223,0.2827016651630402,0.003180480803582555,0.5049301505088806,0.007917090131321457,0.4007558703422546,0.0044877177229637535,0.4611945152282715,0.003914032085962299,,,,,344.47405777890236,17.864633775090873
california_housing,regression,traditional_relu_field,Traditional neuron + ReLU + Lambda-Psi,8eab473db429,0,1,1,0.5,0.5,200,128,128,64,32,0.0001,0.0,0.001,5,5,5,1,0.26471031278140783,0.0009367639024550263,,,,,0.2647103134475449,0.0009367631351491555,0.5144994181500755,0.0009097875979183768,51449.94181500755,90.97875979183729,0.35006219484489554,0.0013850964306777625,35006.21948448956,138.50964306777692,0.8132963974136629,0.0006607111367312315,0.28108880810959397,0.002117299881800302,,,,,0.2810888092234178,0.0021173010666956428,0.5301750783727144,0.0019985919743592366,53017.507837271434,199.85919743592402,0.3556483759133275,0.0017517007124767338,35564.83759133275,175.17007124767235,0.7825029234877314,0.0016382964280039498,0.3783410847187042,0.0028027744712439562,0.34752060770988463,0.006751344755138085,0.2537884205579758,0.004556022145555135,0.5042129278182983,0.013804469409693826,0.39113801121711733,0.011799122115670682,0.4591014802455902,0.0072832067911384685,,,,,319.24839201960714,26.075864258709213
california_housing,regression,traditional_relu_field,Traditional neuron + ReLU + Lambda-Psi,8eab473db429,0,1,1,0.5,0.5,200,128,128,64,32,0.0001,0.0,0.002,5,5,5,1,0.25841087412464525,0.005761665507750563,,,,,0.2584108754943836,0.005761668760776608,0.508316295968609,0.0056367928754977314,50831.629596860905,563.6792875497733,0.3442746100932822,0.004828833236943513,34427.46100932822,482.883323694351,0.8177394723539878,0.004063779384097619,0.2734700865523759,0.005575464813526391,,,,,0.27347008709011894,0.005575464882368274,0.5229222148649176,0.005296731408118063,52292.22148649177,529.6731408118077,0.3494858209895649,0.004207996628911804,34948.58209895649,420.7996628911805,0.7883980346994863,0.004314107400654551,0.324337774515152,0.010441766615245051,0.3226200222969055,0.011998653663222026,0.2589547485113144,0.02102953056058154,0.5067781925201416,0.009945769001354663,0.41656838059425355,0.020819287864365425,0.4678501307964325,0.006542312474710261,,,,,261.9344002540223,68.87392294098483
california_housing,regression,traditional_relu_field,Traditional neuron + ReLU + Lambda-Psi,8eab473db429,0,1,1,0.5,0.5,200,128,128,64,32,0.0001,0.0,0.003,5,5,5,1,0.2545828047417855,0.00378089284073788,,,,,0.2545828061573542,0.003780889832099658,0.5045508427350669,0.00375054207548647,50455.08427350668,375.05420754864673,0.3418244231954332,0.0040780340694132056,34182.44231954332,407.8034069413207,0.820439459093701,0.002666710425602449,0.26723488486090374,0.004427419064257632,,,,,0.2672348847176045,0.004427418281714941,0.5169335290166508,0.004273654173533072,51693.35290166508,427.36541735330866,0.34501494791416465,0.00358800607413745,34501.494791416466,358.8006074137441,0.7932226248040549,0.0034257875133143142,0.27452138662338255,0.01709277860433648,0.30304924249649046,0.014575658373257638,0.28428871631622316,0.025197319463679042,0.5116973936557769,0.010625773984313905,0.4517880916595459,0.019760052887508952,0.4749819219112396,0.004020651781940305,,,,,213.6057869648561,43.876705759051504
cifar10,classification,aptx_field,APTx Neuron + Lambda-Psi,f29d0036035f,0,1,1,0.5,0.5,100,64,384,256,192,0.0002,0.05,0.0003,5,5,5,1,1.4169067447662353,0.0034423900244217914,55.164,0.34652561232901835,93.53999999999999,0.17944358444926353,,,,,,,,,,,,,1.4075764741897583,0.0057305523113969185,55.077999999999996,0.29456747953567525,93.962,0.1497330958739575,,,,,,,,,,,,,0.8587127566337586,0.001957462241341771,0.8403955459594726,0.0020833348368829046,0.8791953682899475,0.002078821681232036,0.8645237922668457,0.002196250687405942,0.8946239113807678,0.003614794264395689,0.88487708568573,0.006153887989032831,,,,,1043.4676778394264,39.65106340634805
cifar10,classification,aptx_field,APTx Neuron + Lambda-Psi,f29d0036035f,0,1,1,0.5,0.5,100,64,384,256,192,0.0002,0.05,0.0005,5,5,5,1,1.3473439390182496,0.01191021908741327,58.232000000000006,0.2166102490649973,94.62,0.30757112998459585,,,,,,,,,,,,,1.3402526526260377,0.003229583263646044,57.55799999999999,0.2967659010061628,94.982,0.13863621460498873,,,,,,,,,,,,,0.8698992371559143,0.0015969563473220466,0.8305921435356141,0.00301814448794159,0.8843951940536499,0.002780737420117954,0.8586519956588745,0.0016346779412765079,0.9051649093627929,0.002153449873230735,0.9010501861572265,0.0013887274076741071,,,,,1035.9942868043668,55.83381591164606
cifar10,classification,aptx_field,APTx Neuron + Lambda-Psi,f29d0036035f,0,1,1,0.5,0.5,100,64,384,256,192,0.0002,0.05,0.001,5,5,5,1,1.2792522527313233,0.007241311260355556,60.488,0.49590321636383683,95.112,0.16037456157383378,,,,,,,,,,,,,1.2727199395370483,0.0027012454000692773,61.004,0.33366150512158116,95.536,0.14976648490233177,,,,,,,,,,,,,0.9093722105026245,0.0014920167561699288,0.8059640645980835,0.002667139779088612,0.9003618359565735,0.0017657085277259937,0.8421012163162231,0.0016379595804277955,0.9203918933868408,0.003239317758229987,0.9086618900299073,0.004014138554700077,,,,,1047.950735804392,27.154126699834507
cifar10,classification,aptx_field,APTx Neuron + Lambda-Psi,f29d0036035f,0,1,1,0.5,0.5,100,64,384,256,192,0.0002,0.05,0.002,5,5,5,1,1.2465740662384035,0.007625227475932871,62.312,0.4199047511043386,95.532,0.13084341787036785,,,,,,,,,,,,,1.2446361085128783,0.007424021864661698,62.052,0.5303018008643757,95.84,0.025495097567963032,,,,,,,,,,,,,0.9533157467842102,0.0019446310850434175,0.7690476059913636,0.008303761798458188,0.9306451082229614,0.0033249059968607454,0.815422797203064,0.010452505072927698,0.9546695232391358,0.002190078261232331,0.8821722507476807,0.011971857475587072,,,,,965.7250105565414,59.5883817807679
cifar10,classification,aptx_field,APTx Neuron + Lambda-Psi,f29d0036035f,0,1,1,0.5,0.5,100,64,384,256,192,0.0002,0.05,0.003,5,5,5,1,1.2305396492385863,0.007562204347984333,62.564,0.5402591970526719,95.752,0.23815961034567054,,,,,,,,,,,,,1.235939871749878,0.008338591721808248,62.455999999999996,0.42852071128476427,95.924,0.05079370039679667,,,,,,,,,,,,,0.9690780878067017,0.0006686574278993678,0.7478199124336242,0.006764911529411228,0.9460164785385132,0.00269013395062743,0.794768750667572,0.00786876034859538,0.9718842744827271,0.0019876206409785917,0.8741725087165833,0.007768874439711192,,,,,989.7855246759485,54.41041695487107
cifar10,classification,aptx_field_relu,APTx Neuron + Lambda-Psi + ReLU,727ce2f1ecba,0,1,1,0.5,0.5,100,64,384,256,192,0.0002,0.05,0.0003,5,5,5,1,2.865071181564331,0.7037310852261554,9.856,0.2826305008310321,49.888,1.1377697482355564,,,,,,,,,,,,,2.8852105250549314,0.7963240423610614,9.996,0.03911521443121597,50.083999999999996,0.15646085772486124,,,,,,,,,,,,,0.5265441179275513,0.007015038496952633,0.5245015025138855,0.006863690633566057,0.5265359520912171,0.007233179594848177,0.5234325528144836,0.007240167250841258,0.5268585205078125,0.007079077875543859,0.543964970111847,0.008400351751468051,,,,,187.152052026568,17.577080786090228
cifar10,classification,aptx_field_relu,APTx Neuron + Lambda-Psi + ReLU,727ce2f1ecba,0,1,1,0.5,0.5,100,64,384,256,192,0.0002,0.05,0.0005,5,5,5,1,2.399607805404663,0.16478226310507998,10.016,0.07668115805072384,49.483999999999995,1.106652610352498,,,,,,,,,,,,,2.361808676300049,0.07717089357350665,9.99,0.0339116499156264,50.034,0.1128273016605457,,,,,,,,,,,,,0.5292025804519653,0.0096823725605195,0.5283191323280334,0.008156198891675388,0.5296921014785767,0.009592672081967428,0.5244272708892822,0.008517325206919182,0.5308817028999329,0.00858714720787284,0.5548014998435974,0.012389149140517617,,,,,253.9239150704816,75.00619428847185
cifar10,classification,aptx_field_relu,APTx Neuron + Lambda-Psi + ReLU,727ce2f1ecba,0,1,1,0.5,0.5,100,64,384,256,192,0.0002,0.05,0.001,5,5,5,1,2.312907684631347,0.014388536018425099,10.284,0.26359059163786525,49.772000000000006,0.7584985168080423,,,,,,,,,,,,,2.315571931991577,0.02459710346495752,10.014,0.026076809620810038,50.008,0.03492849839314532,,,,,,,,,,,,,0.5343495368957519,0.006950606371097642,0.5283751964569092,0.010123165706257964,0.5331369757652282,0.009320706379298452,0.5250457644462585,0.010598974810449417,0.5362197637557984,0.007081661986962518,0.5594392776489258,0.011453304032538338,,,,,267.10385309290143,103.42077595123068
cifar10,classification,aptx_field_relu,APTx Neuron + Lambda-Psi + ReLU,727ce2f1ecba,0,1,1,0.5,0.5,100,64,384,256,192,0.0002,0.05,0.002,5,5,5,1,2.314429970016479,0.017969275427224575,10.6,0.05656854249492385,50.324,0.4930314391598174,,,,,,,,,,,,,2.3114371339416504,0.014062272556302213,10.008,0.013038404810405019,50.016,0.020736441353326508,,,,,,,,,,,,,0.5412230730056763,0.008251310708981087,0.5389016151428223,0.007778429480244534,0.5412589073181152,0.008267704912483907,0.5397502422332764,0.020887147346387136,0.5300715029239654,0.021653087507714986,0.5826892137527466,0.047067988273014144,,,,,252.64545265333726,101.59908164622115
cifar10,classification,aptx_field_relu,APTx Neuron + Lambda-Psi + ReLU,727ce2f1ecba,0,1,1,0.5,0.5,100,64,384,256,192,0.0002,0.05,0.003,5,5,5,1,2.306068225784302,0.004895834460984758,10.6,0.05656854249492385,50.408,0.30515569796417136,,,,,,,,,,,,,2.3087684154510497,0.013401573623140598,10.0,0.0,49.998000000000005,0.00447213595499869,,,,,,,,,,,,,0.5450989961624145,0.007421209774316936,0.5420804023742676,0.014033363946971352,0.5458334684371948,0.008530720488030654,0.5424805879592896,0.019845361610461913,0.5333254337310791,0.02608983077588102,0.5874827027320861,0.05180746124983564,,,,,476.6737189813051,299.02521460524457
cifar10,classification,aptx_relu_field,APTx Neuron + ReLU + Lambda-Psi,676ec11cc646,0,1,1,0.5,0.5,100,64,384,256,192,0.0002,0.05,0.0003,5,5,5,1,1.5047652783584595,0.02036089212056482,50.992000000000004,0.9980581145404305,92.184,0.4792494131451821,,,,,,,,,,,,,1.4978278653335573,0.02234612431660833,50.998000000000005,0.8740537740894438,92.474,0.43327820162108016,,,,,,,,,,,,,0.8485285639762878,0.01515640143451786,0.7682080745697022,0.00883705021719575,0.8327507972717285,0.005474558525158548,0.6856847524642944,0.012009351775320642,0.8403714060783386,0.011023825329196947,0.6596088767051697,0.015804528847403528,,,,,3998.6837092344185,18.113911553123366
cifar10,classification,aptx_relu_field,APTx Neuron + ReLU + Lambda-Psi,676ec11cc646,0,1,1,0.5,0.5,100,64,384,256,192,0.0002,0.05,0.0005,5,5,5,1,1.4456807970809937,0.011808909062641797,53.376,0.6533605436510532,92.94800000000001,0.23349518196313712,,,,,,,,,,,,,1.4420826397705078,0.013235615888472255,53.221999999999994,0.6467379685776917,93.442,0.38290991107569766,,,,,,,,,,,,,0.8622865080833435,0.008323028491458297,0.7694514632225037,0.007310181641114643,0.8448599815368653,0.00883761409313304,0.6762164115905762,0.014205334269245879,0.8689433932304382,0.01253279701828875,0.6800051808357239,0.02349308707423806,,,,,3941.917481243843,143.80361687765432
cifar10,classification,aptx_relu_field,APTx Neuron + ReLU + Lambda-Psi,676ec11cc646,0,1,1,0.5,0.5,100,64,384,256,192,0.0002,0.05,0.001,5,5,5,1,1.3943348358154295,0.010155529017294693,55.42,0.6764613810115114,93.604,0.24306377763870976,,,,,,,,,,,,,1.3924786674499512,0.013382690595501071,55.114,0.6586956808724349,93.976,0.4032741003337578,,,,,,,,,,,,,0.885180938243866,0.010493004207551266,0.7123776316642761,0.013843587743930049,0.8370504260063172,0.01319732281576346,0.6313590288162232,0.025043916685875824,0.9137561321258545,0.007362863703780063,0.7358931303024292,0.028096260684003862,,,,,3878.685252038855,125.36287034234593
cifar10,classification,aptx_relu_field,APTx Neuron + ReLU + Lambda-Psi,676ec11cc646,0,1,1,0.5,0.5,100,64,384,256,192,0.0002,0.05,0.002,5,5,5,1,1.3858302204895019,0.007019878152430363,55.632000000000005,0.3871950412905595,94.04,0.2874021572640007,,,,,,,,,,,,,1.386352795944214,0.0017276509097552287,55.178,0.2914961406262511,94.03999999999999,0.10999999999999653,,,,,,,,,,,,,0.9089894652366638,0.00898436896865618,0.5852532863616944,0.10978082329251852,0.8273300170898438,0.04563048062981793,0.5859411597251892,0.04719132201519384,0.9484068036079407,0.007666838047333679,0.8086286544799804,0.008404111783350961,,,,,3709.190523534734,445.99229985305715
cifar10,classification,aptx_relu_field,APTx Neuron + ReLU + Lambda-Psi,676ec11cc646,0,1,1,0.5,0.5,100,64,384,256,192,0.0002,0.05,0.003,5,5,5,1,1.3825918528366088,0.013646808964494172,55.708000000000006,0.7392699101140271,93.904,0.35196590743991313,,,,,,,,,,,,,1.384801958389282,0.011329683547623379,55.258,0.46034769468305287,94.096,0.1289573572930221,,,,,,,,,,,,,0.9306457042694092,0.008652110296535578,0.4688844680786133,0.10954818385764972,0.8638767242431641,0.039719381906636125,0.550009834766388,0.03511854970307208,0.9565098881721497,0.008786120947858116,0.843051815032959,0.01033726285804463,,,,,3811.9372143578717,288.0723750748631
cifar10,classification,traditional_field,Traditional neuron + Lambda-Psi,355a35575255,0,1,1,0.5,0.5,100,64,384,256,192,0.0002,0.05,0.0003,5,5,5,1,1.518085244293213,0.019083030046926196,50.28,0.756306816047566,91.636,0.37984207244590534,,,,,,,,,,,,,1.5175684255599975,0.020391731620240713,49.788,0.6651090136210772,91.666,0.6289912559010629,,,,,,,,,,,,,0.816398024559021,0.0069333097119432556,0.38970528841018676,0.013562741816605415,0.9531483292579651,0.002460248410772394,0.2436491847038269,0.015258274483792675,0.5751984000205994,0.010169188903382857,0.2097687989473343,0.002540927551477302,,,,,768.3016621826216,33.51903949423903
cifar10,classification,traditional_field,Traditional neuron + Lambda-Psi,355a35575255,0,1,1,0.5,0.5,100,64,384,256,192,0.0002,0.05,0.0005,5,5,5,1,1.4314941547775268,0.010830359424963363,54.212,0.439681703053473,93.112,0.2100476136498582,,,,,,,,,,,,,1.4253765196609496,0.004267708062095824,53.446000000000005,0.3957650818351711,93.488,0.26621419947102826,,,,,,,,,,,,,0.9133370518684387,0.003401939462161015,0.4740704357624054,0.011549567404835022,0.9849303007125855,0.0021661081844526046,0.2482977479696274,0.023438304291980624,0.737631368637085,0.024145483080877654,0.18918341398239136,0.02151338435862346,,,,,716.3790014030412,41.83263397566807
cifar10,classification,traditional_field,Traditional neuron + Lambda-Psi,355a35575255,0,1,1,0.5,0.5,100,64,384,256,192,0.0002,0.05,0.001,5,5,5,1,1.4050425158691406,0.007031984633325308,55.164,0.4504220243282976,93.63199999999999,0.18633303518163347,,,,,,,,,,,,,1.4050058179473877,0.007332557086431368,54.66799999999999,0.40307567527698873,93.672,0.23721298446754457,,,,,,,,,,,,,0.9585960745811463,0.0029687852828776235,0.6853432536125184,0.010266142230429435,0.983295738697052,0.0011652370718429393,0.12655579745769502,0.0175822209459079,0.9559308886528015,0.005512096200446508,0.025397198088467122,0.008663540500421004,,,,,738.6844944908283,9.65083404690547
cifar10,classification,traditional_field,Traditional neuron + Lambda-Psi,355a35575255,0,1,1,0.5,0.5,100,64,384,256,192,0.0002,0.05,0.002,5,5,5,1,1.4106119784545899,0.007801625715703707,55.112,0.5262318880493645,93.412,0.33364651953826563,,,,,,,,,,,,,1.4129365220260621,0.00756330739809458,54.239999999999995,0.14352700094407328,93.59400000000001,0.15868207208125004,,,,,,,,,,,,,0.9822202920913696,0.0007005351498329443,0.8384116888046265,0.005724124483107079,0.9970553517341614,0.0010462737470980218,0.2100275218486786,0.0291490641431557,0.9930057406425477,0.0010842131442685167,0.03389129564166069,0.0068549322871730945,,,,,703.1868559678085,27.207987260986954
cifar10,classification,traditional_field,Traditional neuron + Lambda-Psi,355a35575255,0,1,1,0.5,0.5,100,64,384,256,192,0.0002,0.05,0.003,5,5,5,1,1.4164503938293458,0.008535795118232443,54.672000000000004,0.4822032766375604,93.468,0.1921457779916083,,,,,,,,,,,,,1.4166041835021972,0.007103790977525436,54.202,0.3596109008358882,93.626,0.19565275362232604,,,,,,,,,,,,,0.9888025164604187,0.0007651025250375576,0.8938572764396667,0.008557285999325915,0.9979910254478455,0.0013104103310728743,0.4004630446434021,0.04365939392185719,0.9979130148887634,0.00019420889767300423,0.14139434695243835,0.031105991270010385,,,,,723.6886485260911,25.371574683939205
cifar10,classification,traditional_field_relu,Traditional neuron + Lambda-Psi + ReLU,5d67b6f1b406,0,1,1,0.5,0.5,100,64,384,256,192,0.0002,0.05,0.0003,5,5,5,1,1.3552185986709595,0.009289797154554642,57.436,0.24141251003210676,94.13199999999999,0.37110645372992257,,,,,,,,,,,,,1.3654936377716065,0.004684439311093055,56.839999999999996,0.4301162633521287,94.062,0.21580083410404266,,,,,,,,,,,,,0.2844138205051422,0.014351740267413794,0.38828874826431276,0.007561355679961225,0.35205777883529665,0.01653838506793873,0.3524493932723999,0.009244208423154765,0.41085577607154844,0.010867013990158336,0.3226757347583771,0.011589252032355408,,,,,538.856264354987,68.16980811513442
cifar10,classification,traditional_field_relu,Traditional neuron + Lambda-Psi + ReLU,5d67b6f1b406,0,1,1,0.5,0.5,100,64,384,256,192,0.0002,0.05,0.0005,5,5,5,1,1.37307553358078,0.004873157630840808,57.519999999999996,0.16062378404209,93.764,0.27437201023428465,,,,,,,,,,,,,1.3795055115509034,0.005450648707434964,57.26800000000001,0.40616499110582727,93.872,0.31736414416250447,,,,,,,,,,,,,0.2951968193054199,0.017118399582859503,0.4333908796310425,0.006585362052149918,0.3869506359100342,0.013735834128187555,0.3974261462688446,0.004944466777115553,0.5420274019241333,0.012833669998321483,0.32893591523170473,0.010723542979782126,,,,,615.3902935670224,74.08395809607734
cifar10,classification,traditional_field_relu,Traditional neuron + Lambda-Psi + ReLU,5d67b6f1b406,0,1,1,0.5,0.5,100,64,384,256,192,0.0002,0.05,0.001,5,5,5,1,1.3858914445495607,0.018123163299165492,57.5,0.369864840178138,93.804,0.3758723187466705,,,,,,,,,,,,,1.3925403274917603,0.012048020428689651,57.034000000000006,0.4151264867483153,93.69800000000001,0.2543029689169973,,,,,,,,,,,,,0.4823214590549469,0.02258278203738013,0.5447385430335998,0.0051859735691600906,0.6132544755935669,0.016052321867795094,0.4934787452220917,0.008861037502007374,0.7939792513847351,0.014189392648314444,0.3478136956691742,0.03121392083703022,,,,,595.4304820806253,121.8584100656113
cifar10,classification,traditional_field_relu,Traditional neuron + Lambda-Psi + ReLU,5d67b6f1b406,0,1,1,0.5,0.5,100,64,384,256,192,0.0002,0.05,0.002,5,5,5,1,1.3669596214103699,0.010813147272789137,58.263999999999996,0.1818790807102363,93.924,0.3179308100829434,,,,,,,,,,,,,1.3837684719848633,0.008117867207946017,57.65599999999999,0.3370904923014018,93.88,0.20615528128087734,,,,,,,,,,,,,0.7593989372253418,0.0070183041362148245,0.6010387182235718,0.004111674051602602,0.8544388771057129,0.007650580164995742,0.486324805021286,0.021032809973305776,0.8929734945297241,0.03129337893547115,0.34974355101585386,0.013053051202770661,,,,,685.3319126316346,55.55976973103864
cifar10,classification,traditional_field_relu,Traditional neuron + Lambda-Psi + ReLU,5d67b6f1b406,0,1,1,0.5,0.5,100,64,384,256,192,0.0002,0.05,0.003,5,5,5,1,1.3605560000419616,0.004458619469623516,58.232000000000006,0.19524343778985234,94.05199999999999,0.16649324310613672,,,,,,,,,,,,,1.3674882007598876,0.0060164033256708185,57.862,0.3804208196195358,94.07000000000001,0.19685019685029725,,,,,,,,,,,,,0.8545181155204773,0.005795937525988048,0.5961673974990844,0.010553561051098719,0.92688889503479,0.00608322595192636,0.4520447254180908,0.015850138786032572,0.9037834644317627,0.026270314322236043,0.4474913775920868,0.021490771938762056,,,,,689.9009859476704,53.17806432393715
cifar10,classification,traditional_relu_field,Traditional neuron + ReLU + Lambda-Psi,ee8ae7416f90,0,1,1,0.5,0.5,100,64,384,256,192,0.0002,0.05,0.0003,5,5,5,1,1.3546544862556458,0.00812787130149804,57.112,0.2609980842841581,94.204,0.2479516081819181,,,,,,,,,,,,,1.3546812768936156,0.007680945682565017,57.052,0.624595869342728,94.346,0.07956129712366432,,,,,,,,,,,,,0.28697234988212583,0.010766616948349418,0.23605169951915742,0.004999530358534498,0.35651699304580686,0.006095569556300406,0.23360347151756286,0.006773087606237797,0.3650859594345093,0.007874701238643854,0.2932350993156433,0.009122475052296485,,,,,672.6933132008184,83.96977209523499
cifar10,classification,traditional_relu_field,Traditional neuron + ReLU + Lambda-Psi,ee8ae7416f90,0,1,1,0.5,0.5,100,64,384,256,192,0.0002,0.05,0.0005,5,5,5,1,1.358768579978943,0.00919733529764236,57.279999999999994,0.49254441424099205,94.056,0.16994116628998357,,,,,,,,,,,,,1.3544618728637696,0.010477042258419928,57.20400000000001,0.6233618531799957,94.22200000000001,0.2049878045152938,,,,,,,,,,,,,0.3366554379463196,0.013853971330110883,0.1794078379869461,0.01402046810684238,0.465396523475647,0.009006374093499124,0.21989466547966002,0.01456576370189001,0.4459983050823212,0.020365824665102887,0.3253695249557495,0.015528345569049378,,,,,643.938895537518,116.51586353575522
cifar10,classification,traditional_relu_field,Traditional neuron + ReLU + Lambda-Psi,ee8ae7416f90,0,1,1,0.5,0.5,100,64,384,256,192,0.0002,0.05,0.001,5,5,5,1,1.3372892853546143,0.007014349089420621,57.86800000000001,0.45157502145269485,94.53999999999999,0.34612136599754023,,,,,,,,,,,,,1.3421004384994508,0.010154794336049463,57.70799999999999,0.6031334843962817,94.548,0.23285188425262787,,,,,,,,,,,,,0.5015147686004638,0.009739425843770149,0.09182668030261994,0.0036890876958245414,0.7003228187561035,0.010776978355660471,0.16376928389072418,0.012276595111213205,0.6005486965179443,0.01984613114192784,0.46525338292121887,0.004925292821248435,,,,,684.4831260330509,48.87094214229048
cifar10,classification,traditional_relu_field,Traditional neuron + ReLU + Lambda-Psi,ee8ae7416f90,0,1,1,0.5,0.5,100,64,384,256,192,0.0002,0.05,0.002,5,5,5,1,1.339494221496582,0.005131554609971058,57.331999999999994,0.15401298646542802,94.452,0.29549957698785084,,,,,,,,,,,,,1.3384691346740722,0.005770055372597454,57.504,0.2212012658191632,94.692,0.12557866060760486,,,,,,,,,,,,,0.696272349357605,0.01754005479802181,0.03816922269761562,0.008602013488000089,0.8406764745712281,0.015493253873529778,0.14287818670272828,0.014917991306598986,0.7530694723129272,0.03364818154302686,0.6698580265045166,0.007602366371359286,,,,,738.0659974635579,27.69685449934045
cifar10,classification,traditional_relu_field,Traditional neuron + ReLU + Lambda-Psi,ee8ae7416f90,0,1,1,0.5,0.5,100,64,384,256,192,0.0002,0.05,0.003,5,5,5,1,1.3585993154907228,0.02407498410517575,56.924,0.7896074974314792,94.384,0.40997560903058455,,,,,,,,,,,,,1.363388853492737,0.025621922137376237,56.378,1.1370444142600573,94.354,0.2261194374661321,,,,,,,,,,,,,0.8183402776718139,0.022526620115002827,0.029691805317997932,0.02068594425391558,0.8887104511260986,0.02546630086401604,0.21348768323659897,0.07421955851198273,0.7224091053009033,0.0703557296134126,0.7151881575584411,0.010390215647539423,,,,,724.3476765864528,42.334854261932556
cifar100,classification,aptx_field,APTx Neuron + Lambda-Psi,83671377c1ae,0,1,1,0.5,0.5,100,64,384,256,192,0.0001,0.0,0.0003,5,5,5,1,3.036044571609497,0.016179285194061272,26.664000000000005,0.30509015061125855,54.70399999999999,0.5010788361126418,,,,,,,,,,,,,3.077099327850342,0.007953133814158558,26.496000000000002,0.33373642294481587,54.215999999999994,0.30899838187278794,,,,,,,,,,,,,0.8764279365539551,0.0013848857729786652,0.8587820529937744,0.0018429792516215734,0.8854010820388794,0.0012337905211943397,0.8760512351989747,0.002666212353557244,0.8659316897392273,0.0017752034927797393,0.8843788266181946,0.00224546277143873,,,,,3973.616143139638,54.99956107864682
cifar100,classification,aptx_field,APTx Neuron + Lambda-Psi,83671377c1ae,0,1,1,0.5,0.5,100,64,384,256,192,0.0001,0.0,0.0005,5,5,5,1,2.9353282695770266,0.008744414596013623,29.028000000000002,0.36210495716021496,57.65599999999999,0.18676188047886078,,,,,,,,,,,,,2.971470453491211,0.011156935230378976,28.962,0.5338258142877691,57.343999999999994,0.38978199034844796,,,,,,,,,,,,,0.8890668988227844,0.0019429075554303252,0.8502870202064514,0.0010253738455689727,0.8913634181022644,0.002397788524077503,0.8745190978050232,0.0021364542024594857,0.8691015005111694,0.001801126973837256,0.8838698506355286,0.001934694262654325,,,,,3903.573329383973,277.55935784793695
cifar100,classification,aptx_field,APTx Neuron + Lambda-Psi,83671377c1ae,0,1,1,0.5,0.5,100,64,384,256,192,0.0001,0.0,0.001,5,5,5,1,2.8705553088760376,0.015597541458769302,31.468,0.2674322344071507,60.352,0.31067668081141503,,,,,,,,,,,,,2.8913489586639405,0.018197756933249012,31.686,0.37964457061836065,60.18000000000001,0.40360872141221343,,,,,,,,,,,,,0.9220956683158874,0.002487339742697988,0.8317004323005677,0.0030843976885627233,0.9021620750427246,0.0012114824967306198,0.861646831035614,0.003216008781948063,0.8846618890762329,0.002701606160435183,0.8703473806381226,0.001529907490248968,,,,,4019.0322092377583,221.62944461520917
cifar100,classification,aptx_field,APTx Neuron + Lambda-Psi,83671377c1ae,0,1,1,0.5,0.5,100,64,384,256,192,0.0001,0.0,0.002,5,5,5,1,2.897520964889526,0.02035447010966724,32.704,0.1409964538561165,61.472,0.5084486208064705,,,,,,,,,,,,,2.910586915206909,0.022880974663980504,33.046,0.18514858897653108,61.470000000000006,0.3533411948810945,,,,,,,,,,,,,0.957919180393219,0.0015440135560746044,0.8057284951210022,0.007355632111332767,0.9175422430038452,0.001950434966117984,0.8381662726402282,0.004771875626689806,0.9222546696662903,0.0019898142954794616,0.8434988141059876,0.007541765222723613,,,,,3827.6896955475213,197.02242474248175
cifar100,classification,aptx_field,APTx Neuron + Lambda-Psi,83671377c1ae,0,1,1,0.5,0.5,100,64,384,256,192,0.0001,0.0,0.003,5,5,5,1,2.921968965187073,0.03288622070232612,32.86,0.15297058540778355,61.58,0.0860232526704265,,,,,,,,,,,,,2.9351311335754398,0.0344104173576649,33.164,0.3295906552073354,61.791999999999994,0.19485892332659488,,,,,,,,,,,,,0.973671555519104,0.0009211108580150874,0.7854965329170227,0.009000028277175524,0.9287634015083313,0.004134610587289057,0.824697744846344,0.0068771096407548955,0.9425857186317443,0.0021986962485322434,0.8373355031013489,0.011011746318910191,,,,,3914.283313937392,196.06224650719463
cifar100,classification,aptx_field_relu,APTx Neuron + Lambda-Psi + ReLU,b92a0ae73751,0,1,1,0.5,0.5,100,64,384,256,192,0.0001,0.0,0.0003,5,5,5,1,5.559150531463623,0.5417196139772722,0.944,0.1108151614175606,4.492,0.29312113536898027,,,,,,,,,,,,,5.606608351593017,0.5190078649019034,0.9940000000000001,0.01140175425099137,4.9959999999999996,0.03435112807463501,,,,,,,,,,,,,0.5162036418914795,0.005348870066296104,0.5139568686485291,0.004978048412989698,0.5161724209785461,0.005463974469658142,0.5123997330665588,0.004896385472823019,0.5163341641426087,0.005352561895664877,0.5273990988731384,0.006466979830897666,,,,,864.0831460503862,35.519393676255966
cifar100,classification,aptx_field_relu,APTx Neuron + Lambda-Psi + ReLU,b92a0ae73751,0,1,1,0.5,0.5,100,64,384,256,192,0.0001,0.0,0.0005,5,5,5,1,5.1731994351196295,0.10103886634771747,0.86,0.1385640646055102,4.531999999999999,0.2834078333426935,,,,,,,,,,,,,5.166944666137695,0.11286377904720497,0.998,0.014832396974191324,5.01,0.030822070014844802,,,,,,,,,,,,,0.5186391353607178,0.006261697514196805,0.5162484407424927,0.0058920062185737155,0.5186091899871826,0.006344636946238004,0.5147323727607727,0.005648670605417363,0.5187066674232483,0.006242979165011936,0.5300775527954101,0.007613910923104738,,,,,842.2425560587086,4.296764088963848
cifar100,classification,aptx_field_relu,APTx Neuron + Lambda-Psi + ReLU,b92a0ae73751,0,1,1,0.5,0.5,100,64,384,256,192,0.0001,0.0,0.001,5,5,5,1,4.717410318756103,0.11160250093256155,0.868,0.11009087155618308,4.228,0.44600448428238937,,,,,,,,,,,,,4.720120787200928,0.10189732378571811,0.998,0.004472135954999534,4.994,0.01140175425099141,,,,,,,,,,,,,0.522900664806366,0.006982411422275146,0.5182089924812316,0.005686470720875705,0.5229723691940308,0.007332462603261783,0.5227126121520996,0.017671206883921212,0.5111065089702607,0.024113035445096572,0.5474802851676941,0.0296466678395285,,,,,597.890354930982,542.741234529099
cifar100,classification,aptx_field_relu,APTx Neuron + Lambda-Psi + ReLU,b92a0ae73751,0,1,1,0.5,0.5,100,64,384,256,192,0.0001,0.0,0.002,5,5,5,1,4.625219316253662,0.01785913334597936,0.852,0.03898717737923582,4.08,0.24657656011875898,,,,,,,,,,,,,4.629295099945068,0.02295938118455495,1.0,0.0,4.998,0.004472135954999484,,,,,,,,,,,,,0.5281078100204468,0.006725116115706572,0.5217805147171021,0.003551850046829762,0.5281497716903687,0.0068053834532943135,0.527423620223999,0.023427826236691405,0.5140008449554443,0.025849144938394557,0.5488040804862976,0.023292971619872437,,,,,266.1824533241801,22.819800767057323
cifar100,classification,aptx_field_relu,APTx Neuron + Lambda-Psi + ReLU,b92a0ae73751,0,1,1,0.5,0.5,100,64,384,256,192,0.0001,0.0,0.003,5,5,5,1,4.618314058227539,0.024266096569267114,1.024,0.08173126696681021,4.396,0.2535350074447315,,,,,,,,,,,,,4.6142658389282225,0.010990658100449153,1.0,0.0,5.0,0.0,,,,,,,,,,,,,0.5412554383277893,0.014757127807908648,0.5230428099632263,0.01575953087044851,0.5419359803199768,0.014768215668132193,0.5340340733528137,0.03684477023979234,0.5070523500442505,0.03955747125284518,0.5769456028938293,0.03580385003248756,,,,,443.1383615382016,122.68964646309604
cifar100,classification,aptx_relu_field,APTx Neuron + ReLU + Lambda-Psi,8ec0308f83a1,0,1,1,0.5,0.5,100,64,384,256,192,0.0001,0.0,0.0003,5,5,5,1,5.0511586038208005,0.592593823987657,1.112,0.07563068160475611,5.0840000000000005,0.3915098977037492,,,,,,,,,,,,,5.0994471472167975,0.6478646455354488,1.008,0.013038404810405309,4.997999999999999,0.010954451150103454,,,,,,,,,,,,,0.5247656583786011,0.006765010073016842,0.5385047435760498,0.010549813916891622,0.524867594242096,0.00727952341599353,0.5415981888771058,0.010157433855365702,0.4817868947982788,0.04060512117014268,0.5730100154876709,0.04513514435369026,,,,,274.4895639137365,57.96590063723911
cifar100,classification,aptx_relu_field,APTx Neuron + ReLU + Lambda-Psi,8ec0308f83a1,0,1,1,0.5,0.5,100,64,384,256,192,0.0001,0.0,0.0005,5,5,5,1,4.685009029693603,0.07995028915414965,1.1280000000000001,0.0701427116670007,5.076,0.2699629604223509,,,,,,,,,,,,,4.730749642028808,0.10263240138900595,1.004,0.008944271909999166,4.99,0.04527692569068705,,,,,,,,,,,,,0.5306978106498719,0.014803974526422937,0.5477494716644287,0.02642849257241219,0.5199934363365173,0.010185072132690919,0.5506223201751709,0.024398331863885483,0.48569817543029786,0.030180832911127206,0.603769040107727,0.09589869329237379,,,,,263.9180385485291,45.427050090534244
cifar100,classification,aptx_relu_field,APTx Neuron + ReLU + Lambda-Psi,8ec0308f83a1,0,1,1,0.5,0.5,100,64,384,256,192,0.0001,0.0,0.001,5,5,5,1,4.672240875549316,0.08664643964866188,1.1119999999999999,0.04147288270665539,4.796,0.4116794869798591,,,,,,,,,,,,,4.681680522766113,0.07774629405030373,0.9960000000000001,0.011401754250991375,5.004,0.008944271909998969,,,,,,,,,,,,,0.5388672828674317,0.020554889244674503,0.5580386996269227,0.03686004511758027,0.5353639841079711,0.013207718880826176,0.5547684907913208,0.019637981489522616,0.40782508850097654,0.10605533084409438,0.671155309677124,0.1306186376777103,,,,,258.75142969079315,39.03645626436071
cifar100,classification,aptx_relu_field,APTx Neuron + ReLU + Lambda-Psi,8ec0308f83a1,0,1,1,0.5,0.5,100,64,384,256,192,0.0001,0.0,0.002,5,5,5,1,4.7740256889343256,0.27904386781763263,1.0719999999999998,0.046043457732885304,4.912,0.39283584357845963,,,,,,,,,,,,,4.759656356811524,0.23518143871538078,1.0,0.0,5.006,0.008944271909999316,,,,,,,,,,,,,0.5394744277000427,0.008201724602963858,0.5502846956253051,0.008832591787768362,0.5395824193954468,0.00873847335385216,0.5559945583343506,0.008420902290577731,0.39300225377082826,0.02805820561728273,0.6971366286277771,0.033041524834488085,,,,,237.0071668166667,7.726554155274483
cifar100,classification,aptx_relu_field,APTx Neuron + ReLU + Lambda-Psi,8ec0308f83a1,0,1,1,0.5,0.5,100,64,384,256,192,0.0001,0.0,0.003,5,5,5,1,4.660625838470459,0.06156969078466335,1.0719999999999998,0.05403702434442515,4.9479999999999995,0.3848636122056749,,,,,,,,,,,,,4.665107982025146,0.08822838042660905,0.99,0.017320508075688787,4.996,0.011401754250991448,,,,,,,,,,,,,0.5488201141357422,0.011618880337757624,0.5628867983818054,0.020052427717940295,0.5471826314926147,0.009784582157220072,0.5653455257415771,0.012338681959694899,0.31750102043151857,0.02556231576755386,0.7819815754890442,0.03096134375271679,,,,,241.22831141296774,13.47064419306149
cifar100,classification,traditional_field,Traditional neuron + Lambda-Psi,0bebecbb5633,0,1,1,0.5,0.5,100,64,384,256,192,0.0001,0.0,0.0003,5,5,5,1,3.4684197261810303,0.002381833558550194,19.456,0.15126136320951292,44.452,0.19214577799160829,,,,,,,,,,,,,3.4943198179626465,0.003504598027296631,19.076,0.11238327277669083,43.756,0.30549959083442374,,,,,,,,,,,,,0.7441755056381225,0.006233858256478767,0.45844495892524717,0.010268903861672786,0.81158367395401,0.008641615937186086,0.2941103637218475,0.010333322550956479,0.7682711958885193,0.01008117773183197,0.1466171085834503,0.010566284212638112,,,,,866.1569013978354,11.185231453540819
cifar100,classification,traditional_field,Traditional neuron + Lambda-Psi,0bebecbb5633,0,1,1,0.5,0.5,100,64,384,256,192,0.0001,0.0,0.0005,5,5,5,1,3.239567033538818,0.003928257952485506,22.580000000000002,0.17492855684535832,49.760000000000005,0.2792848008753786,,,,,,,,,,,,,3.250258720550537,0.007485512860867985,22.508000000000003,0.26864474683120093,49.382,0.1465264481245642,,,,,,,,,,,,,0.8087102770805359,0.009218599682461262,0.5272812724113465,0.013123747061002587,0.9256891727447509,0.004896353694978905,0.1766256183385849,0.01131447215863621,0.8874829769134521,0.010950653169356627,0.011862599477171897,0.0017971429650056108,,,,,863.077189403493,8.184373251763851
cifar100,classification,traditional_field,Traditional neuron + Lambda-Psi,0bebecbb5633,0,1,1,0.5,0.5,100,64,384,256,192,0.0001,0.0,0.001,5,5,5,1,3.0686390059661868,0.013165215573034864,25.631999999999998,0.47949973931171275,53.944,0.27618834153526073,,,,,,,,,,,,,3.0723392627716066,0.010392201574556649,25.762,0.2910670025956216,53.727999999999994,0.1398928161129078,,,,,,,,,,,,,0.913572371006012,0.006037319963060291,0.7412387609481812,0.012833510645486327,0.9665049195289612,0.0011615718271353486,0.056358945369720456,0.005233336425448426,0.9754546284675598,0.0028931973012907334,7.37269852834288e-05,2.0561129392979524e-05,,,,,854.1612303459085,13.979728527577764
cifar100,classification,traditional_field,Traditional neuron + Lambda-Psi,0bebecbb5633,0,1,1,0.5,0.5,100,64,384,256,192,0.0001,0.0,0.002,5,5,5,1,3.085477574615479,0.011153471988747478,25.924,0.20513410247932945,53.588,0.3838228758164369,,,,,,,,,,,,,3.0895042779541013,0.00847323936789315,26.038,0.1418449858119749,53.91799999999999,0.31602215112235366,,,,,,,,,,,,,0.9646145701408386,0.0016220867017165417,0.8867659568786621,0.004585546317367812,0.9844414830207825,0.001513888761344266,0.18440928310155869,0.05825278815330503,0.9966315627098083,0.0005646651331436035,0.00011779378291976172,0.00016829539202965245,,,,,792.5932234261185,75.92216475512542
cifar100,classification,traditional_field,Traditional neuron + Lambda-Psi,0bebecbb5633,0,1,1,0.5,0.5,100,64,384,256,192,0.0001,0.0,0.003,5,5,5,1,3.1128916274261473,0.014135462113705989,26.052,0.4511319097558938,53.152,0.6163765083129022,,,,,,,,,,,,,3.1282323239135743,0.006695674531430583,25.889999999999997,0.3616628264005012,53.622,0.2734410356914277,,,,,,,,,,,,,0.9819880127906799,0.0011269776570955157,0.9124363183975219,0.004691642727422743,0.9892314076423645,0.0011044539642061243,0.4512804627418518,0.03431380917382999,0.9982861042022705,0.00019923630482029063,0.019627505168318748,0.017676346283366208,,,,,807.5792293782346,74.80559363597311
cifar100,classification,traditional_field_relu,Traditional neuron + Lambda-Psi + ReLU,7181d8625268,0,1,1,0.5,0.5,100,64,384,256,192,0.0001,0.0,0.0003,5,5,5,1,3.2138817485809326,0.03235519526905769,25.548,0.16649324310613947,51.712,0.37910420730981265,,,,,,,,,,,,,3.2303305973815917,0.030240894533703936,25.25,0.2305428376679703,51.86800000000001,0.28960317677815395,,,,,,,,,,,,,0.22526841163635253,0.012773870486638476,0.2438651591539383,0.013804383194442141,0.2307364374399185,0.014225788502904518,0.24985791742801666,0.00836873568712315,0.23280640840530395,0.014915170314954367,0.24188531637191774,0.009978360648168682,,,,,669.6979695469141,80.10925298870343
cifar100,classification,traditional_field_relu,Traditional neuron + Lambda-Psi + ReLU,7181d8625268,0,1,1,0.5,0.5,100,64,384,256,192,0.0001,0.0,0.0005,5,5,5,1,3.3265098972702027,0.10127769256963388,25.18,0.2078460969082646,51.24400000000001,0.7677760090026263,,,,,,,,,,,,,3.345555756072998,0.08848505953683468,24.706,0.2663268668384768,51.168,0.35230668458034914,,,,,,,,,,,,,0.2879790782928467,0.01768721550384477,0.3246609687805176,0.013781414780152428,0.30071908235549927,0.01579933700721436,0.32976651191711426,0.009196453699246593,0.29574431777000426,0.019583943643182573,0.3305487334728241,0.006589174048388957,,,,,515.9220895826817,82.34865451559683
cifar100,classification,traditional_field_relu,Traditional neuron + Lambda-Psi + ReLU,7181d8625268,0,1,1,0.5,0.5,100,64,384,256,192,0.0001,0.0,0.001,5,5,5,1,3.3365891311645504,0.056516273523270204,25.16,0.16673332000533136,51.188,0.7619186308261517,,,,,,,,,,,,,3.3745534462738034,0.04238354800172832,24.584,0.29099828178186954,51.092,0.26185874054535707,,,,,,,,,,,,,0.4955364644527435,0.004007629658713628,0.49399800300598146,0.003761538159790449,0.5217954158782959,0.003950965405571555,0.45698878169059753,0.0032146003840933524,0.5151298522949219,0.004173101100205271,0.43353213667869567,0.0033203194732570798,,,,,460.7735910325311,30.080632610682
cifar100,classification,traditional_field_relu,Traditional neuron + Lambda-Psi + ReLU,7181d8625268,0,1,1,0.5,0.5,100,64,384,256,192,0.0001,0.0,0.002,5,5,5,1,3.3657555632781984,0.06039867414148964,25.808,0.3941065845681848,52.592000000000006,0.3871950412905618,,,,,,,,,,,,,3.4141439353179934,0.058075705541233834,25.566,0.46295788145359523,52.108000000000004,0.5983477249894072,,,,,,,,,,,,,0.7499580383300781,0.005349593651274964,0.5910888552665711,0.0036336023657736927,0.7971101760864258,0.008080410082846087,0.4534085810184479,0.012463924093970997,0.6906585454940796,0.01117923996152691,0.4283828973770142,0.014752543559186987,,,,,693.6165448838844,69.9338764109734
cifar100,classification,traditional_field_relu,Traditional neuron + Lambda-Psi + ReLU,7181d8625268,0,1,1,0.5,0.5,100,64,384,256,192,0.0001,0.0,0.003,5,5,5,1,3.204990956115723,0.0415179955900184,26.592000000000002,0.1063954886261648,53.872,0.5252808772456915,,,,,,,,,,,,,3.2414376889801026,0.04033910559315876,26.362000000000002,0.35336949500487475,53.414,0.337831318856023,,,,,,,,,,,,,0.8555106401443482,0.0010204582196587622,0.6033855557441712,0.003028828885439534,0.9095057964324951,0.007958348265064039,0.38806349635124204,0.010211877146147673,0.7568053245544434,0.012006207282337769,0.4134245336055756,0.004080438687197624,,,,,705.19800663637,30.937538580370926
cifar100,classification,traditional_relu_field,Traditional neuron + ReLU + Lambda-Psi,163c4235d84d,0,1,1,0.5,0.5,100,64,384,256,192,0.0001,0.0,0.0003,5,5,5,1,3.0867657166290283,0.009339712668577057,26.024,0.2487569094517781,53.227999999999994,0.786841788417467,,,,,,,,,,,,,3.1382564837646485,0.01403875986112806,25.241999999999997,0.2001749235044183,52.34400000000001,0.4054996917384762,,,,,,,,,,,,,0.24743895828723908,0.0074364687091075035,0.19160863757133484,0.013227443860548416,0.2597587913274765,0.007201217765707493,0.16070746183395385,0.0022526479925662514,0.25565076768398287,0.005272120392546498,0.1614802062511444,0.004206742908943537,,,,,674.5113346658648,39.194350798946154
cifar100,classification,traditional_relu_field,Traditional neuron + ReLU + Lambda-Psi,163c4235d84d,0,1,1,0.5,0.5,100,64,384,256,192,0.0001,0.0,0.0005,5,5,5,1,3.0904134378814696,0.016498065346390905,26.424,0.37320235797754653,53.364,0.4676323342113964,,,,,,,,,,,,,3.118670738296509,0.021993499693908958,25.898000000000003,0.7136315575981766,53.084,0.6273196952113006,,,,,,,,,,,,,0.3528968095779419,0.011207679137318124,0.17433735132217407,0.00776240198003383,0.3913666605949402,0.008326198055643828,0.1833285629749298,0.008225732368341628,0.33556399345397947,0.006085393488417783,0.1445092737674713,0.005912340163315773,,,,,679.9369187420234,50.629931754104206
cifar100,classification,traditional_relu_field,Traditional neuron + ReLU + Lambda-Psi,163c4235d84d,0,1,1,0.5,0.5,100,64,384,256,192,0.0001,0.0,0.001,5,5,5,1,3.031294460411072,0.022020182847078403,26.468,0.5332166539034584,54.676,0.46203895939628054,,,,,,,,,,,,,3.0650389358520505,0.012908135485811802,25.96,0.5184110338331921,54.358000000000004,0.6219083533769295,,,,,,,,,,,,,0.6394222736358642,0.009920069657586999,0.16841163039207457,0.003303372773642131,0.6972132802009583,0.009493786555118636,0.24984408617019654,0.015789081576344812,0.33809723854064944,0.010348521528349823,0.13857289850711824,0.005815884104162451,,,,,741.8637940976769,61.33049038454245
cifar100,classification,traditional_relu_field,Traditional neuron + ReLU + Lambda-Psi,163c4235d84d,0,1,1,0.5,0.5,100,64,384,256,192,0.0001,0.0,0.002,5,5,5,1,3.252529373855591,0.07598767030005997,21.892000000000003,1.8240942958081965,49.128,2.2656831199441836,,,,,,,,,,,,,3.308563617553711,0.0818069808019588,20.772,1.8220236002862311,47.936,2.2913598582501167,,,,,,,,,,,,,0.8226402401924133,0.029380006334482876,0.1716693937778473,0.021690874551006854,0.8338123559951782,0.02562220136586424,0.47720497846603394,0.041840165723755506,0.15357861816883087,0.008784980376036559,0.07168953493237495,0.0182690560086048,,,,,735.4521158297546,16.04461205488921
cifar100,classification,traditional_relu_field,Traditional neuron + ReLU + Lambda-Psi,163c4235d84d,0,1,1,0.5,0.5,100,64,384,256,192,0.0001,0.0,0.003,5,5,5,1,3.9877836399841313,0.6380320394272813,9.58,9.537242788143752,25.336000000000002,21.457769688390265,,,,,,,,,,,,,4.009936512298584,0.6151068840973306,9.258,9.191377481096072,24.964,20.562870179038722,,,,,,,,,,,,,0.7413455843925476,0.21429541616445438,0.3141201794147491,0.18789290523799027,0.7047937452793122,0.19774807297006558,0.5448791980743408,0.04810299437274898,0.14888374358415604,0.09244750694841979,0.3254596494138241,0.38336233736938174,,,,,488.1644677304663,305.83082423712966
fashion_mnist,classification,aptx_field,APTx Neuron + Lambda-Psi,e9043b469810,0,1,1,0.5,0.5,100,128,256,192,128,0.0001,0.0,0.0003,5,5,5,1,0.3738174576473236,0.016278290698806003,86.97999999999999,0.568682688324516,99.69200000000001,0.030331501776200167,,,,,,,,,,,,,0.3918832337141037,0.020345703251318882,85.846,0.8963983489498358,99.728,0.03193743884534762,,,,,,,,,,,,,0.803056514263153,0.002472664653424416,0.7910364151000977,0.0043154557973065395,0.8261184453964233,0.0031971550432779616,0.8168463230133056,0.004293157408126918,0.8468573331832886,0.002604937091978299,0.839637017250061,0.004518030908538522,,,,,319.41656489414163,103.49473567872288
fashion_mnist,classification,aptx_field,APTx Neuron + Lambda-Psi,e9043b469810,0,1,1,0.5,0.5,100,128,256,192,128,0.0001,0.0,0.0005,5,5,5,1,0.34052025609970094,0.014045181879841363,88.00399999999999,0.5634536360695557,99.788,0.043817804600410085,,,,,,,,,,,,,0.3537794610834122,0.01789401181919273,87.314,0.5528381318252209,99.75800000000001,0.03563705936241221,,,,,,,,,,,,,0.8024644613265991,0.0019127293541012253,0.7850202083587646,0.004855750934878192,0.8287388443946838,0.002447964374255742,0.8141677260398865,0.005676308609642292,0.858785092830658,0.0029512568215741275,0.8504051566123962,0.003492651700938527,,,,,368.08234026958235,119.08369628191856
fashion_mnist,classification,aptx_field,APTx Neuron + Lambda-Psi,e9043b469810,0,1,1,0.5,0.5,100,128,256,192,128,0.0001,0.0,0.001,5,5,5,1,0.31029768617630005,0.007000823870878319,89.228,0.3986477141537346,99.816,0.06228964600958899,,,,,,,,,,,,,0.3194228588247299,0.008351588783923213,88.596,0.41800717697187706,99.81800000000001,0.02588435821108854,,,,,,,,,,,,,0.8083394050598145,0.003934742649817882,0.7729146480560303,0.004808943649237317,0.8391024827957153,0.0029504833877659867,0.8092631936073303,0.004534380846023348,0.8790688276290893,0.004127826093136305,0.8646542310714722,0.0023940447691731064,,,,,378.41468510357663,96.96900060659223
fashion_mnist,classification,aptx_field,APTx Neuron + Lambda-Psi,e9043b469810,0,1,1,0.5,0.5,100,128,256,192,128,0.0001,0.0,0.002,5,5,5,1,0.2986067118167877,0.01610117393492228,89.796,0.48133148660772346,99.864,0.01673320053068328,,,,,,,,,,,,,0.30215559288740157,0.00864369454388441,89.144,0.34529697363284106,99.85,0.010000000000005116,,,,,,,,,,,,,0.8408316731452942,0.003163038791523148,0.75532546043396,0.0051847449018733735,0.8676077246665954,0.002186243363503416,0.7958138346672058,0.003337607894302993,0.9078708767890931,0.0028930966620655317,0.8708662152290344,0.004798654152325651,,,,,336.89626340637915,50.09914082970386
fashion_mnist,classification,aptx_field,APTx Neuron + Lambda-Psi,e9043b469810,0,1,1,0.5,0.5,100,128,256,192,128,0.0001,0.0,0.003,5,5,5,1,0.28453238215923304,0.005637035049097169,90.44000000000001,0.4144876355212529,99.872,0.04147288270665816,,,,,,,,,,,,,0.28737066304683684,0.00993632667972585,89.898,0.44245903765207373,99.876,0.0270185121722109,,,,,,,,,,,,,0.8661311864852905,0.001392983957118646,0.7355371713638306,0.01227387066146075,0.8853645563125611,0.00510896606403825,0.7725075125694275,0.006867778052018549,0.9307352781295777,0.0032709757461539526,0.8632179141044617,0.005195726556574591,,,,,456.23377824500204,78.89648362083477
fashion_mnist,classification,aptx_field_relu,APTx Neuron + Lambda-Psi + ReLU,961f650e1d0f,0,1,1,0.5,0.5,100,128,256,192,128,0.0001,0.0,0.0003,5,5,5,1,0.43161887166023255,0.026401329687038465,84.732,1.0444711580508121,99.624,0.03286335345031467,,,,,,,,,,,,,0.4477930282688141,0.03127617078758185,83.818,1.1368904960461264,99.586,0.0750333259292149,,,,,,,,,,,,,0.7039789199829102,0.00925192691160444,0.6252681136131286,0.012879030985203321,0.7133193731307983,0.007173742621535486,0.6393954515457153,0.018349327264377595,0.7196110844612121,0.007695521369030198,0.5650273323059082,0.0064682037461865636,,,,,476.4705986317713,46.58080878578636
fashion_mnist,classification,aptx_field_relu,APTx Neuron + Lambda-Psi + ReLU,961f650e1d0f,0,1,1,0.5,0.5,100,128,256,192,128,0.0001,0.0,0.0005,5,5,5,1,0.3761178758716583,0.017111349186713334,86.764,0.49947972931841816,99.732,0.0782304288624233,,,,,,,,,,,,,0.3921866959285736,0.015172987056495037,85.874,0.5926466063346703,99.712,0.04868264577855433,,,,,,,,,,,,,0.7287710666656494,0.01635887361159197,0.6396720051765442,0.010253140103370525,0.7315503716468811,0.021267171631524417,0.6431085944175721,0.013126506046872334,0.728042459487915,0.014611798894272639,0.5684615731239319,0.010330568203263026,,,,,443.124150731368,32.091482695735145
fashion_mnist,classification,aptx_field_relu,APTx Neuron + Lambda-Psi + ReLU,961f650e1d0f,0,1,1,0.5,0.5,100,128,256,192,128,0.0001,0.0,0.001,5,5,5,1,0.34351907496452333,0.012480396463179406,88.084,0.4885488716597373,99.748,0.0912140340079305,,,,,,,,,,,,,0.35504136514186857,0.01439668711749489,87.20599999999999,0.2820992733063997,99.72200000000001,0.09311283477588002,,,,,,,,,,,,,0.7343322396278381,0.0313306353330617,0.6280370116233825,0.006701784928155724,0.7222943902015686,0.021803912502599165,0.6355319619178772,0.019244400999625863,0.7138644695281983,0.019168240634899397,0.5705651879310608,0.009787905981422615,,,,,409.35291265905835,49.77327013317116
fashion_mnist,classification,aptx_field_relu,APTx Neuron + Lambda-Psi + ReLU,961f650e1d0f,0,1,1,0.5,0.5,100,128,256,192,128,0.0001,0.0,0.002,5,5,5,1,0.32160388451576233,0.009961500686466139,88.92,0.397240481320825,99.816,0.07127411872482002,,,,,,,,,,,,,0.3300422230482102,0.010933563855615206,88.074,0.5601160594019824,99.804,0.03911521443121374,,,,,,,,,,,,,0.8048571944236755,0.01330821166338215,0.6137255430221558,0.01149427668151087,0.7795845627784729,0.014621981633456007,0.6395112991333007,0.0190363223539149,0.7556967258453369,0.014412635554696348,0.5625865578651428,0.007069698663111256,,,,,387.5668895842042,79.43927665150662
fashion_mnist,classification,aptx_field_relu,APTx Neuron + Lambda-Psi + ReLU,961f650e1d0f,0,1,1,0.5,0.5,100,128,256,192,128,0.0001,0.0,0.003,5,5,5,1,0.3111561755371094,0.009285305957849066,89.34,0.27640549922170354,99.824,0.05727128425310568,,,,,,,,,,,,,0.3192444203090668,0.007396999600959035,88.654,0.36149688795341783,99.78999999999999,0.029154759474225578,,,,,,,,,,,,,0.8603629112243653,0.0065169062964767575,0.5807841658592224,0.005692312090490093,0.8195684075355529,0.014074506883105426,0.6283252716064454,0.014876832002935254,0.7821504712104798,0.014577520451107736,0.5394779920578003,0.018756814631574182,,,,,446.53948086504823,57.30205907824217
fashion_mnist,classification,aptx_relu_field,APTx Neuron + ReLU + Lambda-Psi,5232102548cf,0,1,1,0.5,0.5,100,128,256,192,128,0.0001,0.0,0.0003,5,5,5,1,0.39139638797760007,0.012869364519022652,86.08,0.45166359162545044,99.72,0.05099019513592467,,,,,,,,,,,,,0.41442719285249713,0.013049528543878922,84.97,0.5191338940966965,99.704,0.0512835256198335,,,,,,,,,,,,,0.76300448179245,0.015312217085051082,0.7218478083610534,0.01401591442224629,0.7845838904380799,0.014203576306112986,0.6960352063179016,0.021074175946635944,0.8053056120872497,0.013649143587406161,0.6693856716156006,0.02216703125483088,,,,,430.48286272194235,64.3149613657503
fashion_mnist,classification,aptx_relu_field,APTx Neuron + ReLU + Lambda-Psi,5232102548cf,0,1,1,0.5,0.5,100,128,256,192,128,0.0001,0.0,0.0005,5,5,5,1,0.36701441793441775,0.009709742234021535,87.00399999999999,0.3398234835911167,99.74,0.03741657386773767,,,,,,,,,,,,,0.38543417812824254,0.00801495601175278,86.00800000000001,0.4164972989108122,99.72999999999999,0.04527692569068514,,,,,,,,,,,,,0.7675881505012512,0.013627391474073776,0.6928047657012939,0.014555286631865757,0.7960911750793457,0.014060257198858568,0.6880261659622192,0.013247661336404443,0.826509690284729,0.012588623934713907,0.676626980304718,0.0193688834701467,,,,,362.56001738440244,53.74981680526901
fashion_mnist,classification,aptx_relu_field,APTx Neuron + ReLU + Lambda-Psi,5232102548cf,0,1,1,0.5,0.5,100,128,256,192,128,0.0001,0.0,0.001,5,5,5,1,0.3421705273914337,0.011239975139375741,87.988,0.541590251020089,99.784,0.026076809620805406,,,,,,,,,,,,,0.3513553881931305,0.014634611555206354,87.204,0.6381457513765983,99.784,0.021908902300202284,,,,,,,,,,,,,0.7852975130081177,0.010336509092598953,0.622046685218811,0.024569548635454328,0.8186383724212647,0.017392793313462995,0.6520776629447937,0.012193095165303433,0.8574157118797302,0.016947988941725195,0.6819958567619324,0.013850505316414087,,,,,422.00364798665976,149.31050634615906
fashion_mnist,classification,aptx_relu_field,APTx Neuron + ReLU + Lambda-Psi,5232102548cf,0,1,1,0.5,0.5,100,128,256,192,128,0.0001,0.0,0.002,5,5,5,1,0.31093552109718325,0.006555710620395782,88.94800000000001,0.12774975538137157,99.856,0.038470768123345746,,,,,,,,,,,,,0.31668969867229463,0.004815270959790201,88.492,0.3762578902827157,99.80799999999999,0.03271085446758596,,,,,,,,,,,,,0.8161693334579467,0.002715585750181166,0.4656486988067627,0.024374252261461133,0.8519648313522339,0.008403253691487441,0.5745280861854554,0.01260472667211374,0.9020175099372864,0.017760491014466997,0.6896149158477783,0.01630913687457718,,,,,537.7609483700246,140.68785676917514
fashion_mnist,classification,aptx_relu_field,APTx Neuron + ReLU + Lambda-Psi,5232102548cf,0,1,1,0.5,0.5,100,128,256,192,128,0.0001,0.0,0.003,5,5,5,1,0.31970772851943974,0.019763406101901387,88.776,0.9648212269638387,99.832,0.026832815729999553,,,,,,,,,,,,,0.332215270986557,0.0252201635255466,87.99199999999999,0.9839562998426274,99.804,0.028809720581770875,,,,,,,,,,,,,0.8187874317169189,0.009231253292837163,0.3871847987174988,0.08373418736744277,0.8724310159683227,0.017722105876331648,0.5281682252883911,0.0573261115617044,0.9231745600700378,0.024179407436178392,0.709514045715332,0.008099754686189585,,,,,355.5000418915879,162.8729312599484
fashion_mnist,classification,traditional_field,Traditional neuron + Lambda-Psi,cc397fda0293,0,1,1,0.5,0.5,100,128,256,192,128,0.0001,0.0,0.0003,5,5,5,1,0.40579966407775875,0.01847965390580348,85.796,0.6063662259723889,99.7,0.048989794855662516,,,,,,,,,,,,,0.41927419516563413,0.01990876691587496,85.05199999999999,0.7048900623501521,99.734,0.03361547262794795,,,,,,,,,,,,,0.8383414149284363,0.028132318178964093,0.2978687047958374,0.0163638424407517,0.5537748217582703,0.015907510098298286,0.30861857533454895,0.02032008792946028,0.4581790864467621,0.02232631488050916,0.28301613926887514,0.021438876900512,,,,,417.7203439128119,64.83304525340381
fashion_mnist,classification,traditional_field,Traditional neuron + Lambda-Psi,cc397fda0293,0,1,1,0.5,0.5,100,128,256,192,128,0.0001,0.0,0.0005,5,5,5,1,0.3431005641555786,0.0031605237991967675,88.02000000000001,0.2116601048851681,99.824,0.049799598391955864,,,,,,,,,,,,,0.3552365903806686,0.005529913748226836,87.22200000000001,0.268179044669789,99.74600000000001,0.030495901363960094,,,,,,,,,,,,,0.9546677231788635,0.0030550458493070094,0.2680087685585022,0.011141158469023029,0.626895809173584,0.016896051689131632,0.26188085675239564,0.01970595108501758,0.49652506709098815,0.00963067738123002,0.23797688484191895,0.018493942270002128,,,,,390.59198063379154,52.98086833547782
fashion_mnist,classification,traditional_field,Traditional neuron + Lambda-Psi,cc397fda0293,0,1,1,0.5,0.5,100,128,256,192,128,0.0001,0.0,0.001,5,5,5,1,0.31837714308738707,0.006976982695943752,88.96000000000001,0.19949937343259846,99.80799999999999,0.057619441163548904,,,,,,,,,,,,,0.32828001597404477,0.011905973454545315,88.1,0.48373546489791874,99.794,0.03646916505762459,,,,,,,,,,,,,0.9933300375938415,0.0012500433966242603,0.27306999564170836,0.02120394148748716,0.7737605452537537,0.027223765743363448,0.2764662951231003,0.027788102652214753,0.6941210985183716,0.019112176422525152,0.2833183765411377,0.02365142868393366,,,,,350.9128593965899,84.71415166948391
fashion_mnist,classification,traditional_field,Traditional neuron + Lambda-Psi,cc397fda0293,0,1,1,0.5,0.5,100,128,256,192,128,0.0001,0.0,0.002,5,5,5,1,0.30338632139205934,0.0028792645173106425,89.364,0.2006987792688366,99.892,0.048166378315175534,,,,,,,,,,,,,0.31087171103954314,0.005594261044357374,88.77000000000001,0.21644860821913586,99.84,0.023452078799120056,,,,,,,,,,,,,0.997293221950531,0.00048715865333609867,0.11322641670703888,0.02605837318199835,0.9600085973739624,0.014292900652837781,0.225923815369606,0.046142185615295386,0.9016852378845215,0.030532101104045563,0.32273553013801576,0.035379541208833194,,,,,387.4142127064988,36.86673587144687
fashion_mnist,classification,traditional_field,Traditional neuron + Lambda-Psi,cc397fda0293,0,1,1,0.5,0.5,100,128,256,192,128,0.0001,0.0,0.003,5,5,5,1,0.3270672356796265,0.025334471964357945,88.436,0.8142972430261552,99.828,0.06099180272791087,,,,,,,,,,,,,0.34021169576168064,0.02838262335345334,87.594,1.136169001513417,99.808,0.04549725266430603,,,,,,,,,,,,,0.9943421840667724,0.0005561206095337238,0.17766396403312684,0.04688622249813851,0.9833960413932801,0.012752673737755115,0.20090041905641556,0.0962907808432712,0.9580232262611389,0.015280457480993076,0.3584563434123993,0.04934817790823118,,,,,302.89345243759453,124.910166195765
fashion_mnist,classification,traditional_field_relu,Traditional neuron + Lambda-Psi + ReLU,f7ac98375620,0,1,1,0.5,0.5,100,128,256,192,128,0.0001,0.0,0.0003,5,5,5,1,0.31900206394195557,0.013229372422996091,88.872,0.3913055072446553,99.82,0.01999999999999602,,,,,,,,,,,,,0.33144637607097627,0.01662629489346827,88.218,0.583797910239492,99.79400000000001,0.02607680962080786,,,,,,,,,,,,,0.33479381799697877,0.020552676573099882,0.3017879486083984,0.020124369693704805,0.3405774593353271,0.016353754041159543,0.3465586185455322,0.026019416438842435,0.3282512903213501,0.01798411349556753,0.32645784616470336,0.02596235588568173,,,,,385.64217351372355,101.0404741302008
fashion_mnist,classification,traditional_field_relu,Traditional neuron + Lambda-Psi + ReLU,f7ac98375620,0,1,1,0.5,0.5,100,128,256,192,128,0.0001,0.0,0.0005,5,5,5,1,0.30483509346961973,0.01867821067042947,89.39200000000001,0.6165387254666154,99.864,0.03286335345031467,,,,,,,,,,,,,0.3164412379312515,0.020498828388143247,88.546,0.8773425784720585,99.844,0.03507135583349825,,,,,,,,,,,,,0.31230751276016233,0.034427500290173475,0.31869322061538696,0.017256927719306314,0.34817304611206057,0.021847370539701098,0.32533440589904783,0.026387194881766083,0.3370879054069519,0.023180366229150415,0.30353265404701235,0.026799342854531692,,,,,325.30312741324303,97.17685091221817
fashion_mnist,classification,traditional_field_relu,Traditional neuron + Lambda-Psi + ReLU,f7ac98375620,0,1,1,0.5,0.5,100,128,256,192,128,0.0001,0.0,0.001,5,5,5,1,0.30454659032821657,0.009543473684853728,89.90799999999999,0.20813457185196363,99.896,0.05176871642218476,,,,,,,,,,,,,0.3061701145482063,0.008105589251628525,89.248,0.546232551208733,99.85,0.029154759474226796,,,,,,,,,,,,,0.3083006203174591,0.03712459694474562,0.3932805597782135,0.010479840539433233,0.38202997446060183,0.0475483407743199,0.3565903306007385,0.01688239135998173,0.39069034457206725,0.030761923843602424,0.32676524519920347,0.02454193195059346,,,,,316.40213135131637,101.00353222609753
fashion_mnist,classification,traditional_field_relu,Traditional neuron + Lambda-Psi + ReLU,f7ac98375620,0,1,1,0.5,0.5,100,128,256,192,128,0.0001,0.0,0.002,5,5,5,1,0.31464138334274294,0.010946142500441212,89.928,0.8082821289624087,99.88,0.04242640687119781,,,,,,,,,,,,,0.3136800677394867,0.01282634342894063,89.228,0.7587950975065676,99.858,0.04658325879540728,,,,,,,,,,,,,0.424593049287796,0.044255686959804114,0.5005491077899933,0.009288898795262693,0.5158785283565521,0.04261681306076111,0.43479892015457156,0.011267058534683854,0.5528141856193542,0.023714084137152817,0.4026839017868042,0.017769525995694112,,,,,322.6655428477563,130.6359898495505
fashion_mnist,classification,traditional_field_relu,Traditional neuron + Lambda-Psi + ReLU,f7ac98375620,0,1,1,0.5,0.5,100,128,256,192,128,0.0001,0.0,0.003,5,5,5,1,0.30823077626228335,0.009153331937907313,89.936,0.26130442016927335,99.876,0.03577708764000342,,,,,,,,,,,,,0.30577651453495025,0.005814887945473637,89.378,0.5526934050628801,99.828,0.024899799195979073,,,,,,,,,,,,,0.5718210577964783,0.026674459094696585,0.5337955117225647,0.008597492411829956,0.660267996788025,0.01770105276997946,0.47379915714263915,0.008871124200804619,0.7253251552581788,0.009512747483788265,0.46314826011657717,0.01274355650036495,,,,,305.38907167902215,80.97040470679448
fashion_mnist,classification,traditional_relu_field,Traditional neuron + ReLU + Lambda-Psi,cdeb56b60c6d,0,1,1,0.5,0.5,100,128,256,192,128,0.0001,0.0,0.0003,5,5,5,1,0.3318559089946747,0.004075073587965962,88.272,0.30285309970346935,99.83599999999998,0.0260768096208114,,,,,,,,,,,,,0.3461768465089798,0.006020612752148676,87.672,0.34288482031143064,99.772,0.03492849839314837,,,,,,,,,,,,,0.29656265377998353,0.013310954289769347,0.32023451924324037,0.01245996105055792,0.2913129925727844,0.011546601886077378,0.3033561885356903,0.014595516787280915,0.2853557407855988,0.011046394222218491,0.2901518642902374,0.013737581027968999,,,,,388.4462301405612,31.09590116979651
fashion_mnist,classification,traditional_relu_field,Traditional neuron + ReLU + Lambda-Psi,cdeb56b60c6d,0,1,1,0.5,0.5,100,128,256,192,128,0.0001,0.0,0.0005,5,5,5,1,0.30623230764389037,0.008474205431699803,89.268,0.37029717795306,99.852,0.026832815729999553,,,,,,,,,,,,,0.3198165002751351,0.010915691317733265,88.52000000000001,0.4556862956025835,99.848,0.04086563348340549,,,,,,,,,,,,,0.27856507897377014,0.014193876880737992,0.2602107137441635,0.029187905259382595,0.29143235087394714,0.007413847890291184,0.2497597187757492,0.016699461838720127,0.2893944144248962,0.006710210938696875,0.2546662658452988,0.02331202879847339,,,,,373.088801504951,83.19837181921478
fashion_mnist,classification,traditional_relu_field,Traditional neuron + ReLU + Lambda-Psi,cdeb56b60c6d,0,1,1,0.5,0.5,100,128,256,192,128,0.0001,0.0,0.001,5,5,5,1,0.2956981764125824,0.008939942426658682,89.812,0.39002564018279395,99.86399999999999,0.0433589667773611,,,,,,,,,,,,,0.30826426453590394,0.00972294611734074,89.16,0.4987484335814988,99.85799999999999,0.021679483388681697,,,,,,,,,,,,,0.24451358020305633,0.029767403049087593,0.18346930742263795,0.027138346016125803,0.32943681478500364,0.01377703841636765,0.18198834359645844,0.02195311524343176,0.3540614664554596,0.005087469313939714,0.23538557589054107,0.02445059424936811,,,,,378.3149460145738,90.86535007358016
fashion_mnist,classification,traditional_relu_field,Traditional neuron + ReLU + Lambda-Psi,cdeb56b60c6d,0,1,1,0.5,0.5,100,128,256,192,128,0.0001,0.0,0.002,5,5,5,1,0.30616821698188784,0.007854880251866711,89.36,0.5081338406365009,99.864,0.03286335345031467,,,,,,,,,,,,,0.31617881137728693,0.009445732080409695,88.626,0.5207494599133073,99.836,0.040373258476371354,,,,,,,,,,,,,0.29976520538330076,0.020410832190310122,0.15959225296974183,0.022426471351949584,0.5354812622070313,0.020226124418287122,0.2169393092393875,0.022900016201221618,0.5542772889137269,0.034185346015027984,0.3400392770767212,0.007983582027749557,,,,,243.24295249762946,56.84127414772936
fashion_mnist,classification,traditional_relu_field,Traditional neuron + ReLU + Lambda-Psi,cdeb56b60c6d,0,1,1,0.5,0.5,100,128,256,192,128,0.0001,0.0,0.003,5,5,5,1,0.3055676713085175,0.0074721973263395325,89.44800000000001,0.5064780350617422,99.828,0.06723094525588807,,,,,,,,,,,,,0.3115461578464508,0.010157732162147909,88.846,0.5500727224649496,99.832,0.016431676725155175,,,,,,,,,,,,,0.30086216926574705,0.02876611742857255,0.10085945129394532,0.022851396424318507,0.6970107078552246,0.016685707957064064,0.19040034115314483,0.04230153739136594,0.704436457157135,0.04366645596725588,0.4598844051361084,0.020542097598735286,,,,,280.86041116639973,63.18900522484238
mnist,classification,aptx_field,APTx Neuron + Lambda-Psi,db271a5801f6,0,1,1,0.5,0.5,50,128,256,128,64,0.0001,0.0,0.0003,5,5,5,1,0.14247788633823394,0.006005403109812396,95.836,0.21881499034572874,99.892,0.036331804249170103,,,,,,,,,,,,,0.1201947144496441,0.005831053865874933,96.22999999999999,0.2979093821953238,99.938,0.022803508501987257,,,,,,,,,,,,,0.7879996418952941,0.0016135210910168025,0.7738923072814942,0.002320909068636472,0.8120899319648742,0.0011743463047644554,0.7948910355567932,0.0024855644122414697,0.8271345853805542,0.004436456491005723,0.8092279195785522,0.0015862070796516948,,,,,346.4164161240216,53.28518186693942
mnist,classification,aptx_field,APTx Neuron + Lambda-Psi,db271a5801f6,0,1,1,0.5,0.5,50,128,256,128,64,0.0001,0.0,0.0005,5,5,5,1,0.10188020872592926,0.00551536230555067,97.116,0.1981918262694012,99.94000000000001,0.03162277660168424,,,,,,,,,,,,,0.08301416649654507,0.0032077506645794814,97.362,0.13065221008463837,99.968,0.008366600265338241,,,,,,,,,,,,,0.7907268762588501,0.0008211316054269583,0.7692039608955383,0.0025599567489045876,0.818843686580658,0.0022970908278105093,0.793709909915924,0.002585984400809468,0.8335634231567383,0.0032308198764370724,0.8107594728469849,0.0018159015835498692,,,,,236.023535473831,28.9875927777018
mnist,classification,aptx_field,APTx Neuron + Lambda-Psi,db271a5801f6,0,1,1,0.5,0.5,50,128,256,128,64,0.0001,0.0,0.001,5,5,5,1,0.07610259040057658,0.005293122414823092,97.908,0.06723094525589146,99.96400000000001,0.00894427190999738,,,,,,,,,,,,,0.06474256245203316,0.005882941958618044,97.934,0.1681665840766263,99.974,0.005477225575054463,,,,,,,,,,,,,0.8023845791816712,0.0029247409529963107,0.768136990070343,0.005140663909542222,0.831528103351593,0.0032588597264826187,0.7907298326492309,0.0019966652005464023,0.846260380744934,0.0027347193140943764,0.8102433681488037,0.002022196472316636,,,,,212.79517123796978,55.35265536734544
mnist,classification,aptx_field,APTx Neuron + Lambda-Psi,db271a5801f6,0,1,1,0.5,0.5,50,128,256,128,64,0.0001,0.0,0.002,5,5,5,1,0.06458935718417168,0.006191988180550328,98.19200000000001,0.20813457185196563,99.98400000000001,0.00894427190999738,,,,,,,,,,,,,0.05416754156064242,0.006638541218207092,98.276,0.251654525093431,99.978,0.013038404810400524,,,,,,,,,,,,,0.8248345971107482,0.00408192446055933,0.7660794854164124,0.005940448969404563,0.8571378707885742,0.0028103194141684334,0.7864290475845337,0.009052416427846197,0.8692715764045715,0.00428040366433295,0.8112462520599365,0.008881018087619767,,,,,165.5976865613833,44.344038988818966
mnist,classification,aptx_field,APTx Neuron + Lambda-Psi,db271a5801f6,0,1,1,0.5,0.5,50,128,256,128,64,0.0001,0.0,0.003,5,5,5,1,0.05243847015321255,0.00534380314366063,98.548,0.18525657883055416,99.992,0.010954451150101142,,,,,,,,,,,,,0.04403187909935019,0.006112828782324531,98.564,0.18474306482247335,99.99,0.0070710678118640685,,,,,,,,,,,,,0.8484214425086976,0.0025722852841204213,0.7571645140647888,0.009520401835814339,0.8788480043411255,0.0009255373229513047,0.7681758165359497,0.012948413818524433,0.8909715175628662,0.0021036566140194453,0.80500727891922,0.009269610711525999,,,,,204.88390683820472,44.839782364887945
mnist,classification,aptx_field_relu,APTx Neuron + Lambda-Psi + ReLU,19616d62aa52,0,1,1,0.5,0.5,50,128,256,128,64,0.0001,0.0,0.0003,5,5,5,1,0.9629955757904053,0.8096934456021838,64.824,32.292449272237,89.35999999999999,21.063527719733933,,,,,,,,,,,,,0.9406138848400116,0.8227806153451181,65.30199999999999,32.72139926714626,89.636,20.96120893460108,,,,,,,,,,,,,0.663160502910614,0.08983629548419725,0.6391007542610169,0.07421186283859242,0.682530677318573,0.10127349410634533,0.6052066922187805,0.05668938014922455,0.6905218601226807,0.10442540609208288,0.5321945548057556,0.01173294003433847,,,,,219.4850713507738,104.39881444711797
mnist,classification,aptx_field_relu,APTx Neuron + Lambda-Psi + ReLU,19616d62aa52,0,1,1,0.5,0.5,50,128,256,128,64,0.0001,0.0,0.0005,5,5,5,1,0.29301627385139467,0.17631664391335733,92.33200000000001,3.8341257152054915,99.49199999999999,0.38796907093220334,,,,,,,,,,,,,0.26891637654423717,0.16303109461530052,92.79400000000001,3.4628283237838953,99.624,0.2645373319590273,,,,,,,,,,,,,0.6759991407394409,0.042816123384472785,0.6359570741653442,0.03214768983640468,0.6864739298820496,0.04799021033155596,0.6191664218902588,0.028276439516536273,0.6872752070426941,0.04633839575141265,0.5346460819244385,0.004165190111832278,,,,,265.54669008101337,6.3958477414720365
mnist,classification,aptx_field_relu,APTx Neuron + Lambda-Psi + ReLU,19616d62aa52,0,1,1,0.5,0.5,50,128,256,128,64,0.0001,0.0,0.001,5,5,5,1,0.5403996795201301,0.9843590726594186,80.024,38.30669758671452,90.272,21.573602388103843,,,,,,,,,,,,,0.5294593274783715,0.9903707254424602,80.182,38.47855597602384,90.366,21.368988745375855,,,,,,,,,,,,,0.6878246903419495,0.09937407918781166,0.6192701935768128,0.06259145366835416,0.6898241400718689,0.10122541779105752,0.6077669262886047,0.05822933267613896,0.6832510709762574,0.09799150924569101,0.5355074644088745,0.011085740087144852,,,,,195.74673658655956,93.38222109328927
mnist,classification,aptx_field_relu,APTx Neuron + Lambda-Psi + ReLU,19616d62aa52,0,1,1,0.5,0.5,50,128,256,128,64,0.0001,0.0,0.002,5,5,5,1,0.9707353174448012,1.214187306331076,63.172000000000004,47.14294560164861,80.66,26.418504878209895,,,,,,,,,,,,,0.964591116855815,1.219161890814278,63.257999999999996,47.34888351376408,80.848,26.156528248221324,,,,,,,,,,,,,0.6532312273979187,0.13096039347777216,0.5805372476577759,0.06417267158908176,0.6520498991012573,0.12966579414696913,0.5820360898971557,0.06306683568562474,0.6389281034469605,0.11939226414682172,0.5324400782585144,0.009746588392918979,,,,,138.15970063293352,90.19360803499163
mnist,classification,aptx_field_relu,APTx Neuron + Lambda-Psi + ReLU,19616d62aa52,0,1,1,0.5,0.5,50,128,256,128,64,0.0001,0.0,0.003,5,5,5,1,0.9611332419323922,1.223489972741399,63.488,47.459651494717065,80.488,26.65705760206854,,,,,,,,,,,,,0.95535338008916,1.228572151962667,63.510000000000005,47.61558095833758,80.652,26.397671677630967,,,,,,,,,,,,,0.6957378625869751,0.16425237485595864,0.5682257890701294,0.04894481417450573,0.6826156854629517,0.1537752055276254,0.5770979642868042,0.057823777977247005,0.6614177227020264,0.13385656774770865,0.5254059910774231,0.011201065471453388,,,,,143.7251664233394,102.61271789366306
mnist,classification,aptx_relu_field,APTx Neuron + ReLU + Lambda-Psi,d6060a004c0c,0,1,1,0.5,0.5,50,128,256,128,64,0.0001,0.0,0.0003,5,5,5,1,0.260535082731247,0.1364038400783491,92.556,3.80193108827606,99.476,0.4950555524383139,,,,,,,,,,,,,0.22980810050606726,0.13652449366726352,93.35,3.7229759601695003,99.534,0.47363488047228736,,,,,,,,,,,,,0.664187490940094,0.06501689435888472,0.6520067095756531,0.06647701696124617,0.6806312561035156,0.06863725181343493,0.6332895994186402,0.056152141418249715,0.694848895072937,0.06195648601008529,0.6149206042289734,0.04888827138040005,,,,,260.89615770438684,11.830616877248701
mnist,classification,aptx_relu_field,APTx Neuron + ReLU + Lambda-Psi,d6060a004c0c,0,1,1,0.5,0.5,50,128,256,128,64,0.0001,0.0,0.0005,5,5,5,1,0.17783975335121155,0.06087819143783296,95.104,1.6926547196637647,99.812,0.12457929201917799,,,,,,,,,,,,,0.15348948908507826,0.05709373894592102,95.464,1.4667071964096998,99.842,0.06648308055438358,,,,,,,,,,,,,0.6687515854835511,0.06947320481370536,0.6336798191070556,0.06259116195390073,0.6882662296295166,0.07241072049281082,0.6348537921905517,0.056412519804869166,0.7101521968841553,0.053025571254365536,0.618078863620758,0.05610499545262912,,,,,210.9133522944059,30.498230589704423
mnist,classification,aptx_relu_field,APTx Neuron + ReLU + Lambda-Psi,d6060a004c0c,0,1,1,0.5,0.5,50,128,256,128,64,0.0001,0.0,0.001,5,5,5,1,0.10087347584724426,0.024103325166953484,97.14,0.5482700064749102,99.904,0.06542170893518713,,,,,,,,,,,,,0.08388095995202662,0.022779492830439618,97.418,0.5407124929202201,99.934,0.05128352561983336,,,,,,,,,,,,,0.6897979617118836,0.06511769611397698,0.5909253358840942,0.04202392277464014,0.7092419505119324,0.07599209084983434,0.6203766226768493,0.026444177928844684,0.7227635383605957,0.06584092477130017,0.6070293307304382,0.05340845746812088,,,,,253.65197842414491,13.727332957645315
mnist,classification,aptx_relu_field,APTx Neuron + ReLU + Lambda-Psi,d6060a004c0c,0,1,1,0.5,0.5,50,128,256,128,64,0.0001,0.0,0.002,5,5,5,1,0.09339702662706376,0.04866622127333365,97.492,1.1078447544669832,99.896,0.147918896696806,,,,,,,,,,,,,0.0818602631793823,0.04493053230604733,97.578,0.9958764983671408,99.924,0.10406728592598441,,,,,,,,,,,,,0.7221669554710388,0.08161555364451033,0.49788352847099304,0.023952909352022878,0.7492713928222656,0.0982200958945068,0.5987332463264465,0.023708438637572195,0.769979739189148,0.08388204100002301,0.5307811439037323,0.05529774656610932,,,,,231.98702133563347,30.966857102550552
mnist,classification,aptx_relu_field,APTx Neuron + ReLU + Lambda-Psi,d6060a004c0c,0,1,1,0.5,0.5,50,128,256,128,64,0.0001,0.0,0.003,5,5,5,1,0.9607342225646972,1.2240847389020355,63.431999999999995,47.407587156487935,80.7,26.363766802185154,,,,,,,,,,,,,0.9563142681214586,1.2285967106313296,63.39,47.506850558629964,80.7,26.3683114741919,,,,,,,,,,,,,0.6945942878723145,0.1432616568140851,0.497611004114151,0.06225848684480326,0.7191838979721069,0.16572271833443622,0.5727240324020386,0.043917427958654394,0.7016664564609527,0.1960068641438069,0.573514461517334,0.04123734505390276,,,,,126.2327215922065,82.81129154518598
mnist,classification,traditional_field,Traditional neuron + Lambda-Psi,9d758a22d740,0,1,1,0.5,0.5,50,128,256,128,64,0.0001,0.0,0.0003,5,5,5,1,0.3343822329521179,0.16725806525378847,91.00800000000001,4.381200748653276,99.424,0.41914198071775194,,,,,,,,,,,,,0.3038683674120903,0.1587522545034389,91.75399999999999,4.22358615396916,99.522,0.304499589490692,,,,,,,,,,,,,0.6190251111984253,0.16861138700113873,0.37620187997817994,0.09535349854016165,0.4469028890132904,0.029307803880523224,0.37123921513557434,0.09943944544869748,0.4070140182971954,0.0730549695151018,0.3650076985359192,0.10512650926283969,,,,,129.55345890894532,99.0316087689562
mnist,classification,traditional_field,Traditional neuron + Lambda-Psi,9d758a22d740,0,1,1,0.5,0.5,50,128,256,128,64,0.0001,0.0,0.0005,5,5,5,1,0.07185258786678314,0.0024071489046394753,97.804,0.06542170893518322,99.964,0.02190890230021007,,,,,,,,,,,,,0.058914257127344605,0.0019248511295976592,98.066,0.06655824516917494,99.964,0.01673320053067776,,,,,,,,,,,,,0.9147836565971375,0.003168601702150692,0.2180519074201584,0.010012280417021121,0.42162725925445554,0.011981707741891851,0.2181168556213379,0.004384516296047622,0.2904314577579498,0.00592944721888004,0.19982140958309175,0.00696545782329749,,,,,220.59152964418755,13.334079418360597
mnist,classification,traditional_field,Traditional neuron + Lambda-Psi,9d758a22d740,0,1,1,0.5,0.5,50,128,256,128,64,0.0001,0.0,0.001,5,5,5,1,0.0514794136172533,0.005661246970150721,98.42,0.1928730152198609,99.992,0.010954451150101142,,,,,,,,,,,,,0.04433876247029751,0.006393779308043564,98.578,0.18912958520548823,99.974,0.02073644135332702,,,,,,,,,,,,,0.9821488380432128,0.0032461558515904667,0.23694218099117278,0.010264719146433872,0.4791164815425873,0.011133916035900953,0.23653516173362732,0.011742083330023911,0.34157451391220095,0.011838439721481533,0.2186848372220993,0.015329274221296048,,,,,192.56011813040823,41.69117988713382
mnist,classification,traditional_field,Traditional neuron + Lambda-Psi,9d758a22d740,0,1,1,0.5,0.5,50,128,256,128,64,0.0001,0.0,0.002,5,5,5,1,0.053055020232796665,0.008615508831211026,98.408,0.3517385392589223,99.98,0.01999999999999602,,,,,,,,,,,,,0.046056387517191474,0.00566378345581983,98.49,0.25913317039699824,99.99199999999999,0.00836660026533994,,,,,,,,,,,,,0.9963014245033264,0.0014849353645437924,0.3080071985721588,0.011734756468714778,0.603127372264862,0.020873424967552894,0.30545985102653506,0.011875783675847084,0.49417365193367,0.0145941567776784,0.2955629289150238,0.00952005730597569,,,,,178.86194348279386,53.01116807880435
mnist,classification,traditional_field,Traditional neuron + Lambda-Psi,9d758a22d740,0,1,1,0.5,0.5,50,128,256,128,64,0.0001,0.0,0.003,5,5,5,1,0.06805749433904887,0.01578193625895298,98.00399999999999,0.4815391988197866,99.964,0.043358966777356185,,,,,,,,,,,,,0.05870539276227356,0.01519562141966246,98.11999999999999,0.5713142742834267,99.976,0.008944271909998174,,,,,,,,,,,,,0.9976799726486206,0.0012073486497496348,0.3255757331848145,0.03155567733601095,0.7129195690155029,0.042354485371628794,0.34915771484375,0.015957499584062756,0.6081965327262878,0.044757383956809685,0.34523003101348876,0.0074959964003003,,,,,147.4100185989402,79.36418301834561
mnist,classification,traditional_field_relu,Traditional neuron + Lambda-Psi + ReLU,47aaea2c71d0,0,1,1,0.5,0.5,50,128,256,128,64,0.0001,0.0,0.0003,5,5,5,1,0.06781185843229294,0.004624814960097046,97.956,0.16272676485446064,99.98,0.014142135623728137,,,,,,,,,,,,,0.055240706247827044,0.004814734260591338,98.15599999999999,0.18229097618916837,99.982,0.004472135954995512,,,,,,,,,,,,,0.30293765664100647,0.008233941368746356,0.2971273839473724,0.010580489576564113,0.30955939292907714,0.0064686428312278966,0.3267885625362396,0.01255363444479806,0.30176568031311035,0.006239787715898484,0.3200629770755768,0.008728735144212697,,,,,187.51704705394803,34.24016053576981
mnist,classification,traditional_field_relu,Traditional neuron + Lambda-Psi + ReLU,47aaea2c71d0,0,1,1,0.5,0.5,50,128,256,128,64,0.0001,0.0,0.0005,5,5,5,1,0.055951003875732416,0.004706429139928736,98.384,0.16395121225535622,99.976,0.00894427190999738,,,,,,,,,,,,,0.048855850627901966,0.008618041800075266,98.394,0.317616120497689,99.97999999999999,0.0070710678118640685,,,,,,,,,,,,,0.28899513483047484,0.014284395357587177,0.2951041519641876,0.011204909882871254,0.3053898215293884,0.013035056551392582,0.3065865457057953,0.01622883829294936,0.2970318377017975,0.013349753358426406,0.30888158082962036,0.017099971207338825,,,,,170.10122092003002,49.98513265136083
mnist,classification,traditional_field_relu,Traditional neuron + Lambda-Psi + ReLU,47aaea2c71d0,0,1,1,0.5,0.5,50,128,256,128,64,0.0001,0.0,0.001,5,5,5,1,0.042956714573502544,0.0012127717721710307,98.836,0.10237187113655452,99.992,0.010954451150101142,,,,,,,,,,,,,0.037767318327244136,0.004503269169380258,98.836,0.14117365193264808,99.98400000000001,0.015165750888098678,,,,,,,,,,,,,0.2633678376674652,0.013651680621126193,0.3185952305793762,0.002972919106218979,0.30013749599456785,0.012714104431626655,0.2939020931720734,0.010055565344901703,0.29452752470970156,0.011336776979193636,0.28978559374809265,0.01260922104905427,,,,,202.70453801462426,37.07362460384221
mnist,classification,traditional_field_relu,Traditional neuron + Lambda-Psi + ReLU,47aaea2c71d0,0,1,1,0.5,0.5,50,128,256,128,64,0.0001,0.0,0.002,5,5,5,1,0.04119501712940633,0.002536502258908122,98.94,0.06324555320336624,99.99600000000001,0.00894427190999738,,,,,,,,,,,,,0.036088043947401456,0.002551219563474011,98.91600000000001,0.05412947441089454,99.994,0.005477225575054463,,,,,,,,,,,,,0.3520824909210205,0.006881936831021403,0.3923885107040405,0.004578460033334193,0.40063744187355044,0.010890458444028476,0.36994132995605467,0.006349773585195023,0.39687021970748904,0.007924248058422241,0.35361899733543395,0.005588918091348326,,,,,201.52899602619,16.080143606483553
mnist,classification,traditional_field_relu,Traditional neuron + Lambda-Psi + ReLU,47aaea2c71d0,0,1,1,0.5,0.5,50,128,256,128,64,0.0001,0.0,0.003,5,5,5,1,0.04776284398332238,0.009022313361951952,98.736,0.17966635745180645,99.988,0.01788854381999476,,,,,,,,,,,,,0.04362475900268648,0.006433731943293202,98.65,0.23611437906234992,99.986,0.015165750888098678,,,,,,,,,,,,,0.4786004424095154,0.008670442390309367,0.4477566123008728,0.005532382340893759,0.5344200968742371,0.002991824858906228,0.42826412320137025,0.0036143287856266956,0.5175771832466125,0.00382217587526726,0.4216656506061554,0.007949455162776913,,,,,179.12530215675943,41.98765318961801
mnist,classification,traditional_relu_field,Traditional neuron + ReLU + Lambda-Psi,2d38c17352ee,0,1,1,0.5,0.5,50,128,256,128,64,0.0001,0.0,0.0003,5,5,5,1,0.0757859497833252,0.0034690182086110685,97.712,0.12537942414925698,99.96400000000001,0.01673320053068328,,,,,,,,,,,,,0.06457266421291977,0.002920584253524256,97.872,0.12949903474544125,99.988,0.004472135954995512,,,,,,,,,,,,,0.27356204986572263,0.0036373221696277204,0.33296186327934263,0.010486535924014847,0.2697851896286011,0.003752738148059926,0.28889102339744566,0.009007522351903111,0.26893306970596315,0.004310391473474406,0.28902746438980104,0.011690321297502231,,,,,215.66100123249925,25.9195787411703
mnist,classification,traditional_relu_field,Traditional neuron + ReLU + Lambda-Psi,2d38c17352ee,0,1,1,0.5,0.5,50,128,256,128,64,0.0001,0.0,0.0005,5,5,5,1,0.05996193233251572,0.0065441185563164545,98.22,0.2687005768508917,99.98,0.014142135623728137,,,,,,,,,,,,,0.05076238560993225,0.0050248765557045815,98.422,0.21135278564523216,99.976,0.01341640786499395,,,,,,,,,,,,,0.25596638917922976,0.008612973264858196,0.30706913471221925,0.012869976168556733,0.259117591381073,0.009426102322850944,0.251565220952034,0.01061619603108048,0.25749658048152924,0.010012436343115176,0.26523099541664125,0.013464018609973719,,,,,199.1678271697834,42.57043721116576
mnist,classification,traditional_relu_field,Traditional neuron + ReLU + Lambda-Psi,2d38c17352ee,0,1,1,0.5,0.5,50,128,256,128,64,0.0001,0.0,0.001,5,5,5,1,0.04664824263930321,0.004245109058258654,98.696,0.13069047402163522,99.97999999999999,0.028284271247461298,,,,,,,,,,,,,0.04147096127081546,0.0026006171370573455,98.7,0.08306623862918133,99.986,0.01673320053067776,,,,,,,,,,,,,0.22980465590953827,0.007854186019763792,0.26074439883232114,0.010731782992905078,0.27653292417526243,0.009917666141392834,0.20925025641918182,0.011576141190353413,0.2757765769958496,0.007836658021679026,0.23422241508960723,0.00799756846593695,,,,,236.09704373483547,67.76637060007292
mnist,classification,traditional_relu_field,Traditional neuron + ReLU + Lambda-Psi,2d38c17352ee,0,1,1,0.5,0.5,50,128,256,128,64,0.0001,0.0,0.002,5,5,5,1,0.05211557758450508,0.007209480018010809,98.616,0.2290851370124165,99.96400000000001,0.01673320053068328,,,,,,,,,,,,,0.044416071485993455,0.006753579458167783,98.604,0.18242806801586653,99.98400000000001,0.015165750888098678,,,,,,,,,,,,,0.2387121707201004,0.018458827930528585,0.20861027538776397,0.028914308730410655,0.41676159501075744,0.01273891088546765,0.20741920173168182,0.015980124651650718,0.42570546865463255,0.024142572431628973,0.24949390292167664,0.015487574358718814,,,,,189.25757121583447,45.78259448773706
mnist,classification,traditional_relu_field,Traditional neuron + ReLU + Lambda-Psi,2d38c17352ee,0,1,1,0.5,0.5,50,128,256,128,64,0.0001,0.0,0.003,5,5,5,1,0.0519691392660141,0.005379887129097936,98.5,0.21725560982400297,99.98,0.01999999999999602,,,,,,,,,,,,,0.04458991919253021,0.00642982176667096,98.58000000000001,0.213775583264319,99.982,0.013038404810404884,,,,,,,,,,,,,0.2643505036830902,0.023556265946829677,0.16962808668613433,0.025209151011442686,0.5499926447868347,0.026241337423661935,0.19825204312801362,0.01851951722965483,0.5756579399108886,0.04167940233116832,0.2713296920061111,0.015389160206338355,,,,,178.41513884458692,42.37813616164764
